# t, y1_x, y1_y, y1_z, y2_x, y2_y, y2_z, w_x, w_y, w_z, q_true_1, q_true_2, q_true_3, q_true_4   | dt=0.05  r1=[1,0,0]  r2=[0,1,0]  true bias=[0.005,-0.003,0.002]  meas_noise=0.01  sigma_v=0.01
0.00000000,1.00304717,-0.01039984,0.00750451,0.00940565,0.98048965,-0.01302180,0.21071720,-0.01714280,0.00124863,0.00000000,0.00000000,0.00000000,1.00000000
0.05000000,0.99146956,0.00879398,0.00777792,0.00066031,1.01122241,-0.00532474,0.16657127,0.01349104,-0.04088253,0.00499998,0.00000000,0.00000000,0.99998750
0.10000000,1.00878450,-0.00049926,-0.00184862,-0.00680930,1.01202542,-0.02154396,0.18584460,-0.01874789,0.02580559,0.00999983,0.00000000,0.00000000,0.99995000
0.15000000,1.00365444,0.00412733,0.00430821,0.02141648,0.99548588,-0.03511792,0.16860698,0.02454744,0.05248918,0.01499944,0.00000000,0.00000000,0.99988750
0.20000000,0.99886053,-0.00840156,-0.00824481,0.00650593,1.00663265,-0.03455779,0.17523750,0.00738257,0.00721835,0.01999867,0.00000000,0.00000000,0.99980001
0.25000000,1.00218689,0.00871429,0.00223596,0.00678914,0.99942605,-0.04708797,0.23323207,-0.06816599,-0.01229613,0.02499739,0.00000000,0.00000000,0.99968752
0.30000000,0.99529627,-0.00638878,-0.00275142,0.01494941,0.98954223,-0.05028122,0.12973978,-0.01797651,0.00927854,0.02999550,0.00000000,0.00000000,0.99955003
0.35000000,1.00586222,0.00711227,0.00793347,-0.00348725,0.99292748,-0.06136308,0.19644461,-0.06005043,-0.04868214,0.03499285,0.00000000,0.00000000,0.99938756
0.40000000,0.99080548,0.00497161,0.00142426,0.00690485,0.99252918,-0.07832929,0.23297725,-0.01683440,0.02242761,0.03998933,0.00000000,0.00000000,0.99920011
0.45000000,0.99338074,-0.00363054,-0.00381738,-0.01195840,1.00082246,-0.09457257,0.20555875,0.01849964,0.02196948,0.04498481,0.00000000,0.00000000,0.99898767
0.50000000,1.00665385,-0.00098485,-0.00423298,-0.00079718,0.97813082,-0.11430453,0.14584708,-0.04759823,0.01987845,0.04997917,0.00000000,0.00000000,0.99875026
0.55000000,0.99094521,-0.00378163,0.01299228,-0.00356264,1.00133125,-0.11911447,0.19581255,-0.04548628,-0.01316202,0.05497227,0.00000000,0.00000000,0.99848788
0.60000000,1.00840308,-0.01727320,0.00434424,0.00237736,0.98686714,-0.13417278,0.20822573,-0.02667963,0.01240560,0.05996400,0.00000000,0.00000000,0.99820054
0.65000000,1.00021852,0.01601779,-0.00239356,-0.01023497,0.99335465,-0.12743417,0.26578472,0.03434731,0.01795976,0.06495423,0.00000000,0.00000000,0.99788824
0.70000000,1.01463303,-0.01188763,-0.00639752,-0.00926576,0.98631790,-0.15330996,0.23340481,-0.01293810,-0.06377646,0.06994284,0.00000000,0.00000000,0.99755100
0.75000000,0.98984421,0.00313514,0.00838127,0.01996731,1.01790970,-0.14529403,0.16074651,-0.09834801,0.01397242,0.07492970,0.00000000,0.00000000,0.99718882
0.80000000,0.99187059,-0.00415357,-0.00612097,-0.00140791,0.99788709,-0.15774771,0.19790563,-0.04931584,-0.07289410,0.07991469,0.00000000,0.00000000,0.99680171
0.85000000,0.99513692,-0.00053783,0.01767930,0.00130275,0.99541216,-0.17417529,0.15200770,-0.04616133,-0.03043310,0.08489768,0.00000000,0.00000000,0.99638968
0.90000000,1.02128470,-0.00821387,0.00838489,-0.00902927,0.99315943,-0.17518005,0.19799494,-0.00482296,-0.02728300,0.08987854,0.00000000,0.00000000,0.99595273
0.95000000,1.00446072,-0.00454983,-0.01225606,-0.01277938,0.98373012,-0.17306797,0.21215504,-0.00830567,0.01478253,0.09485716,0.00000000,0.00000000,0.99549089
1.00000000,1.01306002,0.00219383,-0.00410927,0.01106289,0.98435415,-0.18331175,0.21319449,-0.05775992,-0.05918594,0.09983341,0.00000000,0.00000000,0.99500417
1.05000000,1.01650928,0.01723666,-0.00179519,-0.00383187,0.99264536,-0.21953034,0.16498659,0.02577045,-0.01564728,0.10480716,0.00000000,0.00000000,0.99449256
1.10000000,0.99994878,-0.00163443,0.00337575,0.01407482,0.97680330,-0.21179022,0.11331352,-0.00517875,-0.03571040,0.10977829,0.00000000,0.00000000,0.99395610
1.15000000,0.98781187,-0.00878152,-0.00334123,0.00915903,0.96040247,-0.22767119,0.18334728,-0.01765399,0.04684469,0.11474668,0.00000000,0.00000000,0.99339479
1.20000000,1.00538115,0.01337398,-0.00154506,-0.00695943,0.96909939,-0.23527764,0.21289660,-0.05149531,0.00604683,0.11971220,0.00000000,0.00000000,0.99280864
1.25000000,1.00228228,0.02517474,0.01876845,-0.00853243,0.96603859,-0.26203836,0.17858278,0.01111428,0.05592741,0.12467472,0.00000000,0.00000000,0.99219767
1.30000000,0.99270916,-0.00654146,-0.02147289,-0.00162666,0.95576584,-0.26237493,0.16578559,-0.00721555,-0.07660800,0.12963413,0.00000000,0.00000000,0.99156190
1.35000000,0.98532955,0.02129247,-0.01287423,-0.01096786,0.98214004,-0.23768074,0.15260595,-0.01946859,0.01727483,0.13459030,0.00000000,0.00000000,0.99090133
1.40000000,1.01728698,-0.00986857,-0.00245278,0.00777338,0.96540311,-0.28011719,0.19901526,-0.06448721,-0.00865145,0.13954310,0.00000000,0.00000000,0.99021600
1.45000000,0.99733613,0.00232170,-0.00555327,0.00471539,0.96837104,-0.28439791,0.22073102,-0.00062282,0.00200377,0.14449242,0.00000000,0.00000000,0.98950591
1.50000000,0.99278442,0.00316494,-0.00097287,0.02093168,0.97107005,-0.29166172,0.17087504,-0.05274855,0.05526953,0.14943812,0.00000000,0.00000000,0.98877108
1.55000000,1.00262749,0.00480143,-0.01744586,0.00927438,0.95687778,-0.31616292,0.18391277,0.00879379,0.00434639,0.15438009,0.00000000,0.00000000,0.98801153
1.60000000,0.99707829,-0.00103488,-0.00251977,0.00152563,0.96395035,-0.34023312,0.19440773,0.00489388,0.01523725,0.15931819,0.00000000,0.00000000,0.98722729
1.65000000,0.99628085,-0.01756722,0.00327995,0.01727350,0.93070374,-0.31540472,0.19030791,-0.00574251,-0.04508705,0.16425232,0.00000000,0.00000000,0.98641836
1.70000000,0.99665544,0.01300045,0.00582655,0.01732312,0.95452879,-0.32909620,0.28299112,0.01663237,0.03902876,0.16918234,0.00000000,0.00000000,0.98558477
1.75000000,0.99703429,0.00066546,-0.00697424,0.00989584,0.92758969,-0.33507428,0.19647383,0.04937976,0.03557988,0.17410812,0.00000000,0.00000000,0.98472654
1.80000000,1.01820646,0.00730775,-0.01572040,-0.00066953,0.92417676,-0.35745700,0.27258419,0.02551138,-0.02925712,0.17902956,0.00000000,0.00000000,0.98384370
1.85000000,0.98986283,0.00032782,-0.01216560,-0.00671140,0.93544745,-0.35006228,0.23222464,-0.10546958,0.01561169,0.18394652,0.00000000,0.00000000,0.98293625
1.90000000,1.00072034,0.00413890,0.01616210,-0.02063238,0.92275361,-0.36501138,0.13426895,0.06300645,0.01847341,0.18885888,0.00000000,0.00000000,0.98200424
1.95000000,1.00846584,-0.00570944,0.00813764,0.01068472,0.92723785,-0.37784438,0.21709012,-0.04160997,-0.00459768,0.19376652,0.00000000,0.00000000,0.98104767
2.00000000,0.99847477,0.00383394,0.00999824,-0.01058536,0.91981092,-0.37460376,0.17174572,-0.03977214,0.01104741,0.19866931,0.00000000,0.00000000,0.98006658
2.05000000,1.00844385,0.00011426,0.01328961,0.00856794,0.92553904,-0.39306813,0.30909581,-0.01217511,-0.08760024,0.20356714,0.00000000,0.00000000,0.97906099
2.10000000,1.01604254,-0.00457699,0.00107880,0.01309551,0.89706636,-0.42027689,0.13338867,-0.03851485,0.02166115,0.20845988,0.00000000,0.00000000,0.97803092
2.15000000,1.00524188,0.00276274,-0.01412766,-0.02310103,0.90950930,-0.42158853,0.22554436,0.02839232,0.00818234,0.21334741,0.00000000,0.00000000,0.97697640
2.20000000,1.00760133,0.00229211,0.00530065,-0.00704673,0.90295556,-0.42397167,0.24169515,-0.02060864,0.02530731,0.21822961,0.00000000,0.00000000,0.97589745
2.25000000,0.99734161,-0.00117542,0.00829519,-0.01993060,0.88748240,-0.44978735,0.10063751,-0.03333291,0.03551570,0.22310634,0.00000000,0.00000000,0.97479411
2.30000000,0.99715116,0.00197790,0.01089217,0.01327686,0.89536114,-0.43041221,0.20912003,-0.04044959,-0.02458239,0.22797750,0.00000000,0.00000000,0.97366640
2.35000000,0.98519463,-0.00888134,-0.00358017,0.00803585,0.90877600,-0.46670807,0.22256778,-0.04953454,0.02322910,0.23284297,0.00000000,0.00000000,0.97251435
2.40000000,0.99868913,-0.01830906,0.00928297,-0.00605001,0.88165594,-0.47247666,0.17573956,0.01613584,-0.00646326,0.23770261,0.00000000,0.00000000,0.97133798
2.45000000,1.00328662,0.00361922,0.01320662,-0.00342786,0.86756430,-0.45995363,0.19017540,0.04684609,0.01914515,0.24255630,0.00000000,0.00000000,0.97013733
2.50000000,0.99868862,0.00348776,0.01951013,0.02076981,0.87827639,-0.47782360,0.25313092,-0.04081911,0.01689536,0.24740394,0.00000000,0.00000000,0.96891243
2.55000000,0.99974137,0.00313908,-0.00833369,-0.01589567,0.85201469,-0.49935105,0.18448742,-0.01611193,0.08863561,0.25224539,0.00000000,0.00000000,0.96766330
2.60000000,1.01105993,-0.00962091,0.00347708,-0.00407078,0.86497556,-0.49502684,0.23269017,-0.01817210,0.04957689,0.25708053,0.00000000,0.00000000,0.96638998
2.65000000,0.98858062,0.00006339,0.02597674,0.00223080,0.87713924,-0.50461810,0.23097314,-0.00553942,-0.00562086,0.26190925,0.00000000,0.00000000,0.96509251
2.70000000,0.99220518,0.00430301,-0.00851537,0.00665585,0.86856157,-0.51047064,0.19219857,0.01730196,-0.01180428,0.26673142,0.00000000,0.00000000,0.96377090
2.75000000,1.00935547,-0.01831406,-0.00335607,-0.01990812,0.83757394,-0.50904857,0.24503389,-0.03517613,-0.06519400,0.27154691,0.00000000,0.00000000,0.96242520
2.80000000,0.97035471,-0.00543496,0.02420415,0.00434884,0.84165941,-0.52653536,0.13519182,-0.01629671,0.00644877,0.27635563,0.00000000,0.00000000,0.96105544
2.85000000,0.99913899,0.00790806,0.00344645,0.00668326,0.83501728,-0.53065385,0.27784827,-0.04638641,-0.03769896,0.28115743,0.00000000,0.00000000,0.95966166
2.90000000,1.01335784,-0.00191344,0.01403821,-0.00442536,0.85101313,-0.54670904,0.21654834,0.06697632,-0.01417887,0.28595220,0.00000000,0.00000000,0.95824388
2.95000000,0.99058878,-0.00448564,0.00452334,-0.01565759,0.83731542,-0.56174870,0.25633174,-0.11007458,-0.03317629,0.29073983,0.00000000,0.00000000,0.95680215
3.00000000,0.98313532,-0.00826229,0.00247666,-0.00179227,0.82280187,-0.56623428,0.21409580,-0.04810310,0.03361128,0.29552018,0.00000000,0.00000000,0.95533650
3.05000000,1.00662666,0.00385038,0.00556533,0.00296418,0.83999878,-0.57373836,0.19126682,-0.03669878,-0.04416419,0.30029315,0.00000000,0.00000000,0.95384696
3.10000000,0.98755528,-0.00888797,-0.00070680,0.00334295,0.81438991,-0.58869047,0.24525748,0.03006754,-0.00513969,0.30505861,0.00000000,0.00000000,0.95233358
3.15000000,0.99347084,0.00548428,0.00187974,-0.01448127,0.80734774,-0.58652436,0.16476443,0.00549005,-0.06306164,0.30981645,0.00000000,0.00000000,0.95079639
3.20000000,1.01336186,0.01247950,-0.00252517,0.00363454,0.77799657,-0.60875888,0.19186181,-0.05094725,0.03394878,0.31456654,0.00000000,0.00000000,0.94923543
3.25000000,1.01997297,-0.01176615,-0.00837463,0.00235448,0.81219499,-0.61741011,0.21613723,0.07845096,-0.07186891,0.31930876,0.00000000,0.00000000,0.94765074
3.30000000,0.98718931,-0.00423607,-0.00520588,0.00812601,0.79240886,-0.63086643,0.22804985,-0.02882832,0.05899501,0.32404300,0.00000000,0.00000000,0.94604235
3.35000000,0.99372412,-0.00636615,0.00541132,0.00762926,0.78830269,-0.63784192,0.22906163,-0.04925566,0.01252187,0.32876914,0.00000000,0.00000000,0.94441032
3.40000000,0.98576266,0.00446322,-0.00806599,-0.01282635,0.78471096,-0.62637653,0.17754212,0.06189869,-0.01770658,0.33348707,0.00000000,0.00000000,0.94275467
3.45000000,1.00032108,0.00268913,-0.00619666,0.00471136,0.76591153,-0.64065352,0.26593923,-0.04953642,-0.10590282,0.33819665,0.00000000,0.00000000,0.94107546
3.50000000,1.01610937,0.02549328,-0.00405269,-0.01936838,0.76173739,-0.64707987,0.19650635,-0.05279223,0.02791876,0.34289778,0.00000000,0.00000000,0.93937272
3.55000000,1.00524507,-0.01494406,0.00699197,0.02052685,0.76008152,-0.65520698,0.19864942,0.02451512,-0.07539799,0.34759034,0.00000000,0.00000000,0.93764650
3.60000000,1.00164391,-0.00390464,0.01847825,-0.00174173,0.76848464,-0.67042203,0.23126303,0.01128401,-0.03686497,0.35227421,0.00000000,0.00000000,0.93589683
3.65000000,1.00177396,0.01212519,-0.00323792,-0.01691963,0.74499881,-0.67589382,0.18969005,-0.00664872,-0.07427909,0.35694927,0.00000000,0.00000000,0.93412377
3.70000000,0.98384342,0.00482067,-0.00522719,-0.02564744,0.74631704,-0.67156417,0.17307455,-0.06189044,0.03937847,0.36161540,0.00000000,0.00000000,0.93232736
3.75000000,1.00349351,0.02382602,0.00420189,0.00387703,0.73001963,-0.67347096,0.23295466,0.05297884,-0.02131427,0.36627250,0.00000000,0.00000000,0.93050763
3.80000000,0.99564593,-0.00479103,0.00790802,0.01498374,0.72024765,-0.69316914,0.21904596,-0.01399079,0.04457713,0.37092044,0.00000000,0.00000000,0.92866465
3.85000000,0.97748223,-0.00826705,-0.00782416,-0.02320356,0.70827433,-0.70528675,0.19600633,0.04677335,-0.00895945,0.37555911,0.00000000,0.00000000,0.92679844
3.90000000,0.98969186,-0.00056955,0.01049174,-0.00975959,0.70180783,-0.69769388,0.19509260,0.02595640,0.00138970,0.38018839,0.00000000,0.00000000,0.92490907
3.95000000,1.00701664,-0.01035078,-0.00012085,-0.00210690,0.69168645,-0.72598801,0.23566763,-0.01869507,-0.04371776,0.38480816,0.00000000,0.00000000,0.92299658
4.00000000,0.99903821,0.01128019,-0.02280738,-0.01496639,0.68747789,-0.70274426,0.21763767,0.03131547,-0.04898955,0.38941831,0.00000000,0.00000000,0.92106101
4.05000000,0.98880464,0.00447814,0.00058274,0.00548739,0.68762177,-0.72150569,0.21207130,0.03178282,0.03809051,0.39401873,0.00000000,0.00000000,0.91910241
4.10000000,0.98380128,-0.02247269,0.01001745,0.01187725,0.67201503,-0.74974414,0.20942897,0.03862835,0.08239087,0.39860930,0.00000000,0.00000000,0.91712084
4.15000000,1.00516298,-0.00371717,-0.00893131,0.00011451,0.67188316,-0.74808200,0.29662314,0.07683516,0.05280564,0.40318990,0.00000000,0.00000000,0.91511633
4.20000000,0.99079150,0.00855019,0.00639626,0.00442546,0.67995953,-0.73828936,0.23809444,0.02548331,0.01724066,0.40776042,0.00000000,0.00000000,0.91308895
4.25000000,0.98216389,0.00083621,-0.00556192,-0.01279841,0.67680137,-0.73399040,0.26578619,0.00841349,0.06240179,0.41232075,0.00000000,0.00000000,0.91103875
4.30000000,1.00012053,0.00202797,-0.01093471,0.00396991,0.65304138,-0.77086904,0.20271040,-0.00656561,0.08238938,0.41687077,0.00000000,0.00000000,0.90896576
4.35000000,1.00894213,0.00011445,0.00248787,0.00044212,0.64279746,-0.77515316,0.19824475,-0.03636653,-0.05391581,0.42141037,0.00000000,0.00000000,0.90687006
4.40000000,1.00511222,0.00391265,-0.01786708,-0.00122685,0.64710821,-0.76014659,0.25087682,-0.00125975,-0.03579158,0.42593943,0.00000000,0.00000000,0.90475168
4.45000000,0.98916301,0.00344605,0.00379280,0.01287331,0.64041188,-0.77839399,0.14935742,-0.01727088,0.01171487,0.43045785,0.00000000,0.00000000,0.90261068
4.50000000,0.99797917,-0.00577894,0.00252885,-0.00503958,0.61532937,-0.78021233,0.18702235,0.00791668,0.01421806,0.43496550,0.00000000,0.00000000,0.90044712
4.55000000,0.98860571,-0.00481241,0.01437777,-0.01162080,0.59257926,-0.80812214,0.20630184,-0.00161734,-0.00325972,0.43946228,0.00000000,0.00000000,0.89826104
4.60000000,1.01214190,-0.02672834,0.00395934,0.01561438,0.59454241,-0.79939964,0.17132965,-0.04299637,-0.01259088,0.44394807,0.00000000,0.00000000,0.89605251
4.65000000,1.01427485,0.01837387,-0.00335939,0.01905060,0.59818981,-0.78408298,0.20082756,0.00286108,0.01834452,0.44842277,0.00000000,0.00000000,0.89382158
4.70000000,1.03178854,0.00851286,-0.00707265,0.00968998,0.58616976,-0.81245556,0.24563389,-0.00160981,0.01445829,0.45288625,0.00000000,0.00000000,0.89156831
4.75000000,1.00013985,0.00336583,0.00424966,-0.01936967,0.58834888,-0.82323565,0.14049842,-0.00561223,0.00575574,0.45733841,0.00000000,0.00000000,0.88929274
4.80000000,0.99306494,0.00831032,-0.01342175,-0.00406944,0.56767131,-0.81965740,0.21747119,-0.04807434,0.03439091,0.46177914,0.00000000,0.00000000,0.88699494
4.85000000,1.00063002,-0.01891946,-0.01958591,-0.00012319,0.56308992,-0.82591987,0.20374859,0.00708734,0.04438018,0.46620832,0.00000000,0.00000000,0.88467497
4.90000000,0.98888895,-0.01171972,-0.01093324,0.00288917,0.56947209,-0.83481072,0.09312058,-0.07920488,-0.03525453,0.47062585,0.00000000,0.00000000,0.88233288
4.95000000,0.99442271,-0.00408389,0.00038581,-0.00311746,0.55918333,-0.84278611,0.16643597,0.01841597,-0.06667600,0.47503161,0.00000000,0.00000000,0.87996873
5.00000000,1.00389692,0.00102553,-0.00147442,0.01588276,0.53408030,-0.82086796,0.19491840,-0.06010991,0.00512690,0.47942550,0.00000000,0.00000000,0.87758258
5.05000000,0.98923755,-0.00751756,0.00397033,0.00555582,0.52563912,-0.83695775,0.25676532,0.06123337,0.02567609,0.48380740,0.00000000,0.00000000,0.87517449
5.10000000,1.01363429,-0.01880798,-0.00317907,-0.00867005,0.52455828,-0.85782247,0.19756920,0.08117342,-0.00559010,0.48817721,0.00000000,0.00000000,0.87274453
5.15000000,1.00413792,-0.00232269,0.00075713,0.00006017,0.51930216,-0.84564587,0.27867370,0.01084663,0.02836534,0.49253481,0.00000000,0.00000000,0.87029274
5.20000000,0.98849135,-0.00087877,0.00940289,0.00865969,0.50833643,-0.85354024,0.22694775,0.05067933,0.01494053,0.49688010,0.00000000,0.00000000,0.86781920
5.25000000,0.99644302,0.00335841,-0.02930594,0.00382886,0.46108700,-0.88465782,0.22520371,0.01835576,-0.04998540,0.50121297,0.00000000,0.00000000,0.86532396
5.30000000,0.99287898,0.01370541,-0.00484030,0.02242920,0.48885296,-0.86827508,0.27730882,0.00285971,-0.04282619,0.50553330,0.00000000,0.00000000,0.86280709
5.35000000,0.99890273,-0.00035611,-0.01364742,-0.00255832,0.47270239,-0.86795688,0.20654789,-0.01564701,-0.00274860,0.50984100,0.00000000,0.00000000,0.86026865
5.40000000,1.00223122,0.00616814,-0.00999712,-0.01041588,0.48237524,-0.88608113,0.14163690,0.01684791,0.02272253,0.51413595,0.00000000,0.00000000,0.85770870
5.45000000,0.98469285,0.00229482,0.00735583,0.00374386,0.46880526,-0.90066956,0.21980457,-0.01653357,-0.01959103,0.51841805,0.00000000,0.00000000,0.85512731
5.50000000,1.00870556,0.01479275,0.01794370,0.01314808,0.45249886,-0.88768012,0.23929336,0.00241924,0.00784795,0.52268719,0.00000000,0.00000000,0.85252455
5.55000000,1.00823753,-0.00059283,-0.00729287,-0.00414473,0.45100070,-0.89566871,0.22021465,0.02696685,-0.01476342,0.52694326,0.00000000,0.00000000,0.84990046
5.60000000,1.00756248,0.00378843,-0.01234813,0.01442305,0.43067508,-0.91665135,0.15826422,-0.04866253,0.00433326,0.53118616,0.00000000,0.00000000,0.84725514
5.65000000,0.99726149,-0.00336832,0.00619702,0.00339875,0.42982037,-0.90031386,0.23255438,-0.09727054,-0.01429817,0.53541578,0.00000000,0.00000000,0.84458863
5.70000000,0.97819790,0.00036060,-0.00004633,0.01045532,0.42947093,-0.90660571,0.18262317,0.01869706,-0.02160919,0.53963201,0.00000000,0.00000000,0.84190100
5.75000000,0.99998607,0.00986136,-0.00557771,0.00805679,0.41526154,-0.92231182,0.24855387,0.02824084,0.00655826,0.54383475,0.00000000,0.00000000,0.83919233
5.80000000,0.99237677,-0.00859206,-0.00537663,0.00542594,0.38978337,-0.91242795,0.14946700,-0.01212622,0.00690360,0.54802390,0.00000000,0.00000000,0.83646268
5.85000000,1.02445130,-0.01377316,0.01472015,0.00149842,0.39426349,-0.91956708,0.22488879,-0.00987301,0.06702710,0.55219934,0.00000000,0.00000000,0.83371211
5.90000000,0.99543529,0.01132235,-0.00644367,-0.00060252,0.37020529,-0.92005574,0.26962800,-0.00645947,-0.00680500,0.55636098,0.00000000,0.00000000,0.83094071
5.95000000,0.98885383,-0.00229293,-0.01592794,-0.00912878,0.37392782,-0.91517880,0.33063173,-0.02923288,0.06618857,0.56050871,0.00000000,0.00000000,0.82814853
6.00000000,1.00243752,-0.00151248,0.00432594,0.00061916,0.36346180,-0.93612238,0.14247464,-0.07203302,0.03121400,0.56464243,0.00000000,0.00000000,0.82533564
6.05000000,0.99723300,-0.00596089,0.00008506,0.00794932,0.35482313,-0.94217652,0.25984149,0.06762332,0.02411725,0.56876203,0.00000000,0.00000000,0.82250213
6.10000000,1.00973664,0.01241960,0.01130099,0.00614099,0.34962931,-0.93390272,0.15592557,0.02833729,-0.05863384,0.57286742,0.00000000,0.00000000,0.81964805
6.15000000,0.99205401,0.01303565,0.00840220,0.01487398,0.33152108,-0.95401126,0.19424732,0.00156298,0.00553248,0.57695848,0.00000000,0.00000000,0.81677348
6.20000000,1.01133680,-0.00361270,0.00352034,-0.00988627,0.32929955,-0.94575288,0.17146733,-0.01354661,-0.00623659,0.58103512,0.00000000,0.00000000,0.81387849
6.25000000,0.99729845,0.01771341,-0.00098446,-0.00243896,0.29434795,-0.95792666,0.19323500,-0.03367226,0.06379184,0.58509723,0.00000000,0.00000000,0.81096315
6.30000000,0.99835062,0.01288444,0.00061705,0.00037228,0.30492904,-0.95205235,0.28186685,-0.10673615,-0.08751185,0.58914472,0.00000000,0.00000000,0.80802754
6.35000000,0.99456829,0.00014528,0.00690104,0.00473087,0.29243851,-0.94491039,0.25107174,0.00523132,0.04505136,0.59317747,0.00000000,0.00000000,0.80507173
6.40000000,1.00272645,-0.00561483,0.00697817,0.00110613,0.28672871,-0.94328629,0.09539367,-0.06640076,-0.05108740,0.59719540,0.00000000,0.00000000,0.80209579
6.45000000,0.99636739,-0.00254608,-0.01507326,-0.00985158,0.26851256,-0.93626079,0.28557635,-0.02141399,-0.01425994,0.60119840,0.00000000,0.00000000,0.79909980
6.50000000,0.98850796,-0.01908130,-0.00116880,-0.00997852,0.26665043,-0.97956021,0.17092347,0.00364681,0.01837739,0.60518636,0.00000000,0.00000000,0.79608383
6.55000000,1.00417472,-0.01320489,0.00854686,-0.00800212,0.26417872,-0.96629131,0.14344608,-0.01714079,0.01833956,0.60915920,0.00000000,0.00000000,0.79304796
6.60000000,1.00612965,-0.00140988,0.01531779,0.01007511,0.24560902,-0.96121385,0.29148187,0.08467554,-0.05291782,0.61311681,0.00000000,0.00000000,0.78999227
6.65000000,0.99073467,0.01484919,-0.01058281,-0.01322541,0.23361422,-0.96694608,0.20042068,-0.03209409,-0.02815170,0.61705909,0.00000000,0.00000000,0.78691682
6.70000000,0.99287663,-0.00879510,0.02281633,0.00297511,0.23762051,-0.97837529,0.19668376,-0.03491110,-0.11658800,0.62098594,0.00000000,0.00000000,0.78382170
6.75000000,0.98621991,-0.01810619,-0.02249784,-0.01195359,0.23225635,-0.97616769,0.26271577,0.01537970,0.03699709,0.62489727,0.00000000,0.00000000,0.78070699
6.80000000,0.99099103,0.00523951,0.00728714,-0.00576647,0.21483418,-0.97220270,0.18042326,-0.05321173,-0.05095583,0.62879298,0.00000000,0.00000000,0.77757275
6.85000000,1.00086506,0.00327010,-0.00792526,0.00026585,0.20515520,-0.97372613,0.27440219,0.05410832,-0.04277911,0.63267297,0.00000000,0.00000000,0.77441908
6.90000000,1.01683586,-0.00530977,0.01044873,0.00067987,0.18551945,-0.99993048,0.19732740,-0.07273774,0.04525894,0.63653714,0.00000000,0.00000000,0.77124605
6.95000000,1.01516793,-0.00796911,0.00301971,-0.00725392,0.17352824,-0.97595585,0.20327652,0.07479943,-0.01956609,0.64038540,0.00000000,0.00000000,0.76805374
7.00000000,1.00999336,0.00097413,0.00795778,-0.00447158,0.16947167,-0.98660470,0.16761039,0.02660919,0.03108002,0.64421764,0.00000000,0.00000000,0.76484222
7.05000000,1.00593555,0.01536966,0.01449345,-0.00374945,0.16383495,-0.99333609,0.20604448,-0.02982161,0.07445175,0.64803378,0.00000000,0.00000000,0.76161159
7.10000000,1.00363698,-0.00218029,0.01193619,-0.02170615,0.13008456,-0.98069336,0.20770423,0.00820030,-0.05731824,0.65183373,0.00000000,0.00000000,0.75836191
7.15000000,0.99976766,0.02003509,0.00824200,0.00169707,0.13594118,-0.99405027,0.10977938,0.00852203,0.03981115,0.65561737,0.00000000,0.00000000,0.75509328
7.20000000,0.98424381,-0.00661417,-0.01157465,-0.00965351,0.13095864,-1.01230235,0.23247101,0.03071342,-0.00922965,0.65938463,0.00000000,0.00000000,0.75180577
7.25000000,0.97519291,-0.00996419,0.01232902,-0.02777994,0.11702766,-1.00451298,0.24098148,-0.03319201,0.02006537,0.66313540,0.00000000,0.00000000,0.74849946
7.30000000,1.00565460,0.01836226,-0.00202942,0.00376044,0.09571935,-0.98196421,0.17098901,-0.02807769,0.00100505,0.66686959,0.00000000,0.00000000,0.74517444
7.35000000,0.98437116,0.00228770,0.00967466,0.00292934,0.08473688,-0.99616243,0.23818454,-0.08698621,-0.04606500,0.67058711,0.00000000,0.00000000,0.74183079
7.40000000,1.00876544,0.00270095,0.00411972,0.01859495,0.09535728,-0.98930195,0.32622823,-0.01256163,-0.03368240,0.67428787,0.00000000,0.00000000,0.73846860
7.45000000,1.00427796,0.00438991,-0.00526715,-0.01032397,0.10380702,-0.99346931,0.17225120,0.03796165,-0.00288112,0.67797176,0.00000000,0.00000000,0.73508794
7.50000000,0.99747119,0.00562273,-0.01291882,0.00352627,0.08986687,-0.99283320,0.18817528,-0.02567844,-0.01635096,0.68163871,0.00000000,0.00000000,0.73168891
7.55000000,0.99746037,-0.00377807,0.00916311,-0.01733209,0.06937901,-1.00194933,0.22185762,-0.05340043,0.06141819,0.68528862,0.00000000,0.00000000,0.72827159
7.60000000,1.01245635,0.00959591,-0.01514755,0.00829121,0.05482316,-1.01476285,0.20391339,0.01330248,0.02686844,0.68892140,0.00000000,0.00000000,0.72483605
7.65000000,1.00177261,0.00291231,0.01473611,0.01226034,0.01211459,-1.00234233,0.19763658,-0.08135623,0.00621199,0.69253695,0.00000000,0.00000000,0.72138240
7.70000000,1.01248758,-0.01086568,0.00336401,-0.00915823,0.02407247,-0.98475189,0.18073608,0.01767077,-0.08168342,0.69613519,0.00000000,0.00000000,0.71791071
7.75000000,1.01862318,0.00602652,-0.00182500,0.00575547,0.00669676,-0.98795845,0.19051096,-0.01212627,-0.01998751,0.69971603,0.00000000,0.00000000,0.71442108
7.80000000,0.99419349,0.00694671,0.00255907,0.00651748,0.01070830,-0.99480972,0.18626851,0.09671664,-0.06811998,0.70327937,0.00000000,0.00000000,0.71091358
7.85000000,1.01260937,0.01367907,-0.00852159,0.02229274,0.01075136,-0.99028829,0.20625319,-0.01271465,-0.00736505,0.70682513,0.00000000,0.00000000,0.70738832
7.90000000,1.00390531,0.01401186,0.00181314,-0.00911444,-0.00095914,-0.99074614,0.23427726,0.03033972,-0.01011627,0.71035323,0.00000000,0.00000000,0.70384536
7.95000000,0.99071011,-0.00868193,-0.01635463,0.00236949,-0.02003685,-1.00421549,0.07282071,-0.05878173,0.05212552,0.71386356,0.00000000,0.00000000,0.70028481
8.00000000,0.99335374,0.00360592,-0.01390685,0.01438705,-0.03063967,-0.99667320,0.30901203,0.06481726,-0.01171003,0.71735604,0.00000000,0.00000000,0.69670676
8.05000000,0.99406780,-0.00325545,0.00509898,-0.00105224,-0.04314594,-0.98455983,0.19989238,0.09984075,0.00605813,0.72083060,0.00000000,0.00000000,0.69311128
8.10000000,1.01785318,0.00357319,0.00962961,-0.00724611,-0.05772128,-0.99419269,0.24920944,-0.00119967,-0.05552926,0.72428713,0.00000000,0.00000000,0.68949848
8.15000000,0.98639742,-0.01427136,-0.01767622,0.00109485,-0.04791852,-0.99838214,0.10391118,-0.01153107,-0.00528059,0.72772555,0.00000000,0.00000000,0.68586844
8.20000000,1.02095999,-0.01457138,-0.00390678,0.01705853,-0.06464853,-0.99197326,0.21012437,0.01175552,0.03677576,0.73114578,0.00000000,0.00000000,0.68222126
8.25000000,0.99190514,0.00878059,-0.01373003,0.00328368,-0.07733334,-1.00302797,0.20398548,-0.03084084,-0.04592794,0.73454774,0.00000000,0.00000000,0.67855702
8.30000000,0.99646385,-0.01103989,0.00322797,-0.01150085,-0.08196551,-1.00783879,0.17967452,-0.03093311,0.06126236,0.73793132,0.00000000,0.00000000,0.67487581
8.35000000,1.00330290,-0.00211734,0.00498719,-0.02107192,-0.09947223,-0.97510822,0.21091872,0.00003717,0.02651305,0.74129647,0.00000000,0.00000000,0.67117773
8.40000000,1.00895605,-0.01997467,-0.01682326,0.00210291,-0.11613538,-0.98092296,0.19090497,-0.08951484,-0.05470731,0.74464307,0.00000000,0.00000000,0.66746288
8.45000000,0.97250324,-0.00234126,-0.00188384,-0.00424463,-0.10813264,-0.98091847,0.19738000,-0.09846640,0.02960567,0.74797107,0.00000000,0.00000000,0.66373134
8.50000000,1.00555360,0.00309392,0.00981480,-0.01164828,-0.10875680,-1.00125911,0.23850627,-0.07846048,-0.03960270,0.75128036,0.00000000,0.00000000,0.65998320
8.55000000,1.01516369,-0.00260900,0.00839923,0.00236955,-0.13980398,-0.97668832,0.19441630,-0.08263703,-0.03392199,0.75457087,0.00000000,0.00000000,0.65621856
8.60000000,1.00551192,0.00395509,-0.01567058,-0.00724343,-0.15446777,-0.99254448,0.14346727,-0.03110161,-0.03058445,0.75784252,0.00000000,0.00000000,0.65243752
8.65000000,1.00771533,0.00809121,-0.00145810,-0.00392040,-0.15713262,-0.99551961,0.15371211,-0.04504797,-0.02638971,0.76109522,0.00000000,0.00000000,0.64864017
8.70000000,0.98836526,0.00162060,0.00729716,-0.01587098,-0.16814602,-0.98791856,0.22027273,-0.00357864,-0.06300694,0.76432889,0.00000000,0.00000000,0.64482660
8.75000000,0.98737611,0.00029424,0.01028781,-0.02214187,-0.17478865,-0.97208975,0.19815647,0.02160580,-0.02944221,0.76754346,0.00000000,0.00000000,0.64099691
8.80000000,0.99880634,-0.01620914,-0.02344343,0.00942766,-0.19792664,-0.98670962,0.14299642,-0.06605576,-0.00577426,0.77073883,0.00000000,0.00000000,0.63715120
8.85000000,0.99270423,0.00377971,0.00452538,0.00320850,-0.19550266,-0.96444682,0.15725576,-0.00545676,0.05265543,0.77391494,0.00000000,0.00000000,0.63328956
8.90000000,1.01264540,-0.01421764,-0.00312355,0.01358121,-0.20260007,-0.97624401,0.19526484,-0.02016410,0.01488955,0.77707170,0.00000000,0.00000000,0.62941208
8.95000000,0.99747626,-0.00042579,0.00078599,-0.00678072,-0.21213098,-0.94692851,0.12553074,0.01149028,-0.03199673,0.78020903,0.00000000,0.00000000,0.62551887
9.00000000,1.00577403,0.00046557,0.00761855,0.01175507,-0.22527774,-0.96252714,0.10015981,0.06812719,0.01877329,0.78332686,0.00000000,0.00000000,0.62161003
9.05000000,1.01077843,-0.01219876,-0.00830770,0.00145938,-0.23709928,-0.96869631,0.25350099,-0.08194305,0.04555051,0.78642511,0.00000000,0.00000000,0.61768564
9.10000000,1.00008282,-0.00203782,-0.01471115,0.00503049,-0.27077324,-0.96262523,0.13827100,-0.00060929,-0.00332939,0.78950369,0.00000000,0.00000000,0.61374581
9.15000000,1.01169538,-0.00178655,-0.00694139,-0.00506603,-0.24358193,-0.96123146,0.18775410,-0.01357421,-0.06808629,0.79256254,0.00000000,0.00000000,0.60979064
9.20000000,1.00388474,-0.01759816,0.00751796,0.00128622,-0.24209421,-0.97498439,0.20040881,0.07742187,0.05528056,0.79560157,0.00000000,0.00000000,0.60582022
9.25000000,0.99303788,0.00223967,0.00001999,0.00281956,-0.28257690,-0.96216845,0.13353293,0.00304290,0.02212554,0.79862072,0.00000000,0.00000000,0.60183465
9.30000000,0.99772581,-0.01615051,0.00988532,0.00364525,-0.29244906,-0.96127733,0.13788802,-0.04885774,-0.02205165,0.80161989,0.00000000,0.00000000,0.59783404
9.35000000,1.01228421,-0.00639503,0.00640214,-0.00538316,-0.29227973,-0.95698552,0.24404428,-0.02691749,-0.06832560,0.80459903,0.00000000,0.00000000,0.59381849
9.40000000,0.98618051,-0.00531877,-0.01249060,0.00410212,-0.30895770,-0.92883018,0.12728704,0.00610675,-0.04844359,0.80755805,0.00000000,0.00000000,0.58978809
9.45000000,0.99506599,0.00141419,-0.02325371,0.00236826,-0.29478134,-0.95402005,0.21661896,0.04283589,-0.00533222,0.81049689,0.00000000,0.00000000,0.58574294
9.50000000,0.99419040,-0.02275736,0.00640991,-0.00113168,-0.33341626,-0.94503417,0.17889702,-0.02663194,0.02911416,0.81341546,0.00000000,0.00000000,0.58168315
9.55000000,0.98661618,0.01047315,-0.01397686,-0.00662701,-0.31350663,-0.93174644,0.20936498,-0.04506179,-0.02166978,0.81631369,0.00000000,0.00000000,0.57760882
9.60000000,1.00073275,0.00037523,-0.00090871,-0.00030833,-0.34429325,-0.95406532,0.18190094,0.03790323,-0.05919377,0.81919152,0.00000000,0.00000000,0.57352005
9.65000000,0.99810444,-0.00819754,0.00111350,-0.00388633,-0.33675475,-0.93111128,0.14633438,0.02701823,-0.03264348,0.82204887,0.00000000,0.00000000,0.56941694
9.70000000,0.99423004,0.00313819,-0.00491747,0.00892856,-0.36861783,-0.93880454,0.17564620,-0.02829613,0.05115734,0.82488567,0.00000000,0.00000000,0.56529960
9.75000000,1.00628796,0.01709944,0.02267644,-0.01030717,-0.36947649,-0.94072178,0.17022441,-0.03117815,-0.04527740,0.82770184,0.00000000,0.00000000,0.56116812
9.80000000,0.98948113,-0.00144284,-0.01216718,0.00842127,-0.38862915,-0.89711589,0.18481347,0.00022073,-0.05592942,0.83049733,0.00000000,0.00000000,0.55702261
9.85000000,1.01706092,0.01119501,0.00296916,-0.01346803,-0.38657793,-0.93258518,0.27039852,0.03318829,0.00626816,0.83327205,0.00000000,0.00000000,0.55286318
9.90000000,0.97563624,-0.00983416,0.00687761,0.01212884,-0.38678702,-0.93335815,0.21848583,0.04241522,-0.07216302,0.83602593,0.00000000,0.00000000,0.54868993
9.95000000,0.99992095,0.00273842,-0.00300765,-0.01852162,-0.41029004,-0.91668648,0.19837800,-0.02819921,-0.01781211,0.83875892,0.00000000,0.00000000,0.54450296
10.00000000,0.99960294,0.00442455,-0.00304427,-0.00409649,-0.41522314,-0.92850666,0.22633366,-0.00302518,0.00377515,0.84147094,0.00000000,0.00000000,0.54030238
10.05000000,1.00960734,-0.01952816,-0.01973834,0.00273804,-0.42528987,-0.90338887,0.18433305,0.02671080,0.04370888,0.84416192,0.00000000,0.00000000,0.53608829
10.10000000,1.00483982,-0.00260828,-0.02107689,0.00769236,-0.42203091,-0.89434768,0.16566119,0.02713300,0.04048406,0.84683180,0.00000000,0.00000000,0.53186079
10.15000000,1.01558816,-0.00876110,-0.00226455,0.00747272,-0.44266016,-0.90757909,0.22354220,0.02287853,0.00593382,0.84948051,0.00000000,0.00000000,0.52762000
10.20000000,1.00219585,-0.00258706,0.01478279,-0.00900692,-0.45804922,-0.89181887,0.24430802,-0.06996456,-0.05659825,0.85210798,0.00000000,0.00000000,0.52336602
10.25000000,0.97962271,0.00032695,-0.01118306,-0.00384550,-0.45445876,-0.89377787,0.21534325,-0.01638680,0.03205787,0.85471415,0.00000000,0.00000000,0.51909896
10.30000000,1.00475128,-0.00691934,-0.00168652,0.01043743,-0.46598919,-0.89667705,0.23432013,-0.05150526,0.06516950,0.85729894,0.00000000,0.00000000,0.51481892
10.35000000,1.01024099,0.00289885,0.00157233,-0.00209032,-0.47194115,-0.88167193,0.21553500,0.03599409,-0.02312475,0.85986231,0.00000000,0.00000000,0.51052601
10.40000000,0.99383807,-0.01194365,-0.01064473,-0.01828395,-0.48018366,-0.85504392,0.26874265,-0.07572071,0.03441649,0.86240418,0.00000000,0.00000000,0.50622033
10.45000000,1.01422106,-0.00456810,0.00101447,-0.02007893,-0.49352140,-0.87885027,0.21392795,-0.07281912,0.02627736,0.86492449,0.00000000,0.00000000,0.50190200
10.50000000,1.01024513,-0.00783180,-0.01136923,-0.02156023,-0.50751009,-0.86902539,0.13563630,0.01725961,-0.01812329,0.86742318,0.00000000,0.00000000,0.49757112
10.55000000,0.98924264,-0.00554572,0.01071305,0.00602937,-0.51475292,-0.85192687,0.15308244,-0.00155237,0.00858845,0.86990018,0.00000000,0.00000000,0.49322781
10.60000000,0.99530163,0.00435458,-0.00780433,0.00509821,-0.51648944,-0.88211217,0.25823209,-0.13929427,-0.02555055,0.87235544,0.00000000,0.00000000,0.48887216
10.65000000,1.01025348,-0.00317287,-0.01466186,-0.01093737,-0.52024213,-0.86689298,0.25549002,-0.00546424,-0.05132554,0.87478889,0.00000000,0.00000000,0.48450429
10.70000000,0.99416885,-0.01017224,0.00866225,0.00732428,-0.55615291,-0.84636645,0.16639716,0.05484752,-0.05837827,0.87720046,0.00000000,0.00000000,0.48012431
10.75000000,1.01604229,-0.00033295,-0.01161934,-0.00677274,-0.55537370,-0.84964507,0.20924079,-0.05791405,-0.09550894,0.87959011,0.00000000,0.00000000,0.47573232
10.80000000,0.99620324,-0.01802856,-0.00752161,-0.00909103,-0.56441116,-0.81137393,0.20752280,0.00797333,-0.07744295,0.88195776,0.00000000,0.00000000,0.47132844
10.85000000,0.99346037,0.00215303,-0.01024529,0.00908063,-0.57601187,-0.82864876,0.17879097,0.00434864,-0.02664359,0.88430337,0.00000000,0.00000000,0.46691278
10.90000000,0.99729106,-0.00236130,-0.00734388,0.00485094,-0.56983054,-0.82099019,0.18574932,0.03262253,-0.00854683,0.88662687,0.00000000,0.00000000,0.46248545
10.95000000,0.99693303,0.00104690,0.01696587,-0.01340356,-0.57268815,-0.83327271,0.21471675,0.06743985,0.02385392,0.88892821,0.00000000,0.00000000,0.45804655
11.00000000,1.00170625,-0.00560449,0.00031047,-0.00252063,-0.59636074,-0.81139527,0.21387188,-0.03731099,-0.03405802,0.89120732,0.00000000,0.00000000,0.45359620
11.05000000,0.98639757,0.00390725,0.00545323,0.00231660,-0.58690467,-0.80169250,0.22253126,0.01058802,-0.00209379,0.89346415,0.00000000,0.00000000,0.44913452
11.10000000,0.99469178,0.02214153,-0.00451951,-0.00665878,-0.60021203,-0.79404704,0.14217581,0.04720770,-0.00221251,0.89569864,0.00000000,0.00000000,0.44466160
11.15000000,0.98889069,0.01188784,0.00625676,-0.01264542,-0.59471559,-0.78389236,0.20454402,0.06811675,0.00912401,0.89791075,0.00000000,0.00000000,0.44017757
11.20000000,0.99971917,-0.00660300,0.00581850,0.00476603,-0.62021466,-0.79221590,0.21081064,-0.00612150,-0.05763478,0.90010040,0.00000000,0.00000000,0.43568253
11.25000000,0.98528188,0.00565153,-0.02601888,0.00205411,-0.63295431,-0.76499085,0.18293143,0.02649303,-0.01575053,0.90226755,0.00000000,0.00000000,0.43117660
11.30000000,1.00113748,0.00736837,-0.00462556,0.00996555,-0.64585965,-0.76880685,0.24626170,0.02651777,0.08770602,0.90441215,0.00000000,0.00000000,0.42665989
11.35000000,0.99236561,-0.01379149,-0.00994335,0.00660443,-0.63862904,-0.76433251,0.15477983,0.03129535,-0.05277046,0.90653413,0.00000000,0.00000000,0.42213252
11.40000000,1.01158950,0.02857438,0.00366451,0.00583108,-0.65615811,-0.77698297,0.17804557,-0.05187576,-0.06271201,0.90863346,0.00000000,0.00000000,0.41759459
11.45000000,1.01722360,0.00272863,0.00379688,-0.00309022,-0.66051435,-0.74268520,0.20355384,0.02073335,-0.00676558,0.91071006,0.00000000,0.00000000,0.41304622
11.50000000,0.99657847,-0.01406914,-0.01977749,-0.00261562,-0.66571091,-0.75856664,0.20345824,-0.00059611,-0.09441961,0.91276390,0.00000000,0.00000000,0.40848753
11.55000000,0.99084875,0.00407264,0.00387059,-0.01153675,-0.67211501,-0.72878134,0.23975176,-0.00726131,-0.01892854,0.91479492,0.00000000,0.00000000,0.40391862
11.60000000,0.99370656,0.00467820,0.00195104,0.00629404,-0.67973700,-0.72404394,0.20923031,0.03209235,0.04094438,0.91680307,0.00000000,0.00000000,0.39933962
11.65000000,0.99195473,-0.01808144,0.01543493,0.00256659,-0.70548874,-0.73252272,0.23951927,-0.01550753,-0.02090008,0.91878830,0.00000000,0.00000000,0.39475063
11.70000000,1.01400882,-0.01047287,-0.00798153,0.00211386,-0.69165864,-0.71350150,0.24575180,0.00588071,0.02388592,0.92075056,0.00000000,0.00000000,0.39015177
11.75000000,0.99740791,0.00062698,0.00107534,0.00215098,-0.69498754,-0.70592203,0.20697744,-0.03918521,0.00502635,0.92268980,0.00000000,0.00000000,0.38554316
11.80000000,0.99971982,0.00193182,0.02206525,-0.00523773,-0.70556953,-0.69372628,0.20938278,0.10155161,-0.01490643,0.92460597,0.00000000,0.00000000,0.38092492
11.85000000,1.00324089,-0.00798806,-0.00351525,0.00248934,-0.70833788,-0.69408693,0.26130933,-0.00724698,-0.01285503,0.92649903,0.00000000,0.00000000,0.37629714
11.90000000,1.02703985,0.00394238,-0.00719482,-0.00694264,-0.73316454,-0.68070943,0.18870455,0.00269582,-0.00084019,0.92836893,0.00000000,0.00000000,0.37165996
11.95000000,1.00731492,-0.00846744,-0.01075572,0.00224297,-0.72459260,-0.67947804,0.16880013,0.02729804,-0.03126647,0.93021562,0.00000000,0.00000000,0.36701349
12.00000000,0.99478461,-0.00943954,0.01301158,0.00633422,-0.73134365,-0.66299121,0.33078550,-0.07943892,-0.03102120,0.93203905,0.00000000,0.00000000,0.36235785
12.05000000,0.99383825,-0.00850820,-0.01077583,-0.00299653,-0.75627727,-0.66470532,0.20731202,0.01851226,0.02470631,0.93383918,0.00000000,0.00000000,0.35769314
12.10000000,1.00603007,-0.00373409,0.02121143,0.00234431,-0.76937932,-0.67060511,0.12716234,-0.00222477,-0.00344730,0.93561597,0.00000000,0.00000000,0.35301950
12.15000000,0.99531574,0.02010926,0.00548983,0.00726098,-0.76663337,-0.66303235,0.20664599,0.00473711,-0.08101678,0.93736936,0.00000000,0.00000000,0.34833702
12.20000000,0.99819693,0.00014072,-0.00215149,-0.00813390,-0.76921042,-0.64720375,0.20906070,0.02404710,0.05033736,0.93909932,0.00000000,0.00000000,0.34364584
12.25000000,0.99705652,-0.00456156,0.00437656,0.00610845,-0.77457313,-0.62986092,0.24880839,0.05476597,0.08152893,0.94080580,0.00000000,0.00000000,0.33894607
12.30000000,0.99133584,0.00013898,0.00011278,-0.00098074,-0.78306278,-0.64488641,0.20914475,-0.03736191,0.00584575,0.94248877,0.00000000,0.00000000,0.33423782
12.35000000,0.99205956,-0.01099658,0.00234298,0.00150922,-0.77703871,-0.60037508,0.21740076,0.01869352,-0.04619001,0.94414817,0.00000000,0.00000000,0.32952122
12.40000000,0.98713093,0.01582829,-0.00923480,-0.01043944,-0.78940561,-0.61527635,0.16463868,-0.01663882,0.05697935,0.94578397,0.00000000,0.00000000,0.32479638
12.45000000,0.99194006,-0.01393672,0.00942594,0.00492297,-0.80132400,-0.62227536,0.17169943,-0.00544646,0.05413044,0.94739612,0.00000000,0.00000000,0.32006342
12.50000000,0.98963418,-0.00084520,0.00675145,-0.02381267,-0.79080563,-0.61029682,0.21984729,0.00803201,0.05050418,0.94898459,0.00000000,0.00000000,0.31532246
12.55000000,1.00550924,-0.02377290,-0.00784779,0.00138205,-0.80903786,-0.58565498,0.24030155,0.02421079,-0.00758267,0.95054933,0.00000000,0.00000000,0.31057362
12.60000000,0.98153663,-0.00455481,0.00416368,-0.01090447,-0.80663917,-0.57324689,0.21067366,-0.14001640,-0.05515785,0.95209031,0.00000000,0.00000000,0.30581701
12.65000000,1.01886189,-0.00546538,-0.01984143,0.01235247,-0.81860092,-0.56312292,0.21738597,0.01750739,0.01823427,0.95360749,0.00000000,0.00000000,0.30105275
12.70000000,1.00697488,0.02277430,0.00971006,-0.01580339,-0.81996855,-0.55454160,0.25878642,-0.02207835,0.05409790,0.95510082,0.00000000,0.00000000,0.29628097
12.75000000,1.00927742,0.02572517,-0.00750002,-0.00507401,-0.83311461,-0.56258612,0.16519706,-0.12655060,-0.01744035,0.95657028,0.00000000,0.00000000,0.29150179
12.80000000,1.00369358,-0.00493222,0.01935381,0.00013376,-0.82267837,-0.54674141,0.24195806,0.00948806,0.06321391,0.95801583,0.00000000,0.00000000,0.28671531
12.85000000,1.00055939,0.00496121,0.00366333,-0.00288285,-0.83699052,-0.51862854,0.19290748,0.01575904,0.05824958,0.95943743,0.00000000,0.00000000,0.28192167
12.90000000,1.01140253,0.00011716,-0.02383389,0.00516703,-0.86860267,-0.51783572,0.21257910,0.04170678,-0.03834364,0.96083503,0.00000000,0.00000000,0.27712098
12.95000000,0.98447493,0.00260754,-0.00033603,-0.00491541,-0.85084426,-0.49637017,0.24232112,0.04393500,0.03974201,0.96220862,0.00000000,0.00000000,0.27231336
13.00000000,1.01479462,-0.00190072,-0.02054761,-0.00188586,-0.84877128,-0.52519956,0.19711267,-0.03393688,0.06917279,0.96355816,0.00000000,0.00000000,0.26749893
13.05000000,1.00749457,0.00651541,0.00621601,-0.00037249,-0.86002516,-0.51875889,0.10721934,0.00371183,0.01648928,0.96488360,0.00000000,0.00000000,0.26267782
13.10000000,1.01209265,0.01571336,0.01569998,-0.00998024,-0.87054926,-0.49345849,0.31823022,0.06319205,0.05206096,0.96618492,0.00000000,0.00000000,0.25785014
13.15000000,0.99612212,-0.00883200,0.00788908,-0.01100661,-0.87435016,-0.49071458,0.27623719,-0.01886255,-0.10708656,0.96746209,0.00000000,0.00000000,0.25301601
13.20000000,1.00504445,-0.00699022,0.00042631,-0.00086705,-0.87955482,-0.47291940,0.13644820,-0.02612158,0.03259111,0.96871507,0.00000000,0.00000000,0.24817556
13.25000000,0.99385915,-0.01608807,0.00668555,0.01123095,-0.88203204,-0.49163919,0.23657193,-0.07723244,0.01580992,0.96994384,0.00000000,0.00000000,0.24332890
13.30000000,0.99112536,-0.01159839,-0.00441910,-0.00183298,-0.89270032,-0.45730443,0.18505117,0.04083547,0.01457445,0.97114835,0.00000000,0.00000000,0.23847616
13.35000000,0.99302443,-0.00865940,-0.01647496,0.00290733,-0.89439164,-0.47802782,0.18104210,-0.04329547,0.07246644,0.97232859,0.00000000,0.00000000,0.23361746
13.40000000,0.98297221,-0.01441351,0.01109970,0.01356763,-0.90279404,-0.45169570,0.23255888,-0.10707107,-0.08123511,0.97348452,0.00000000,0.00000000,0.22875292
13.45000000,0.99719267,0.01549891,-0.00435730,0.00100937,-0.88841522,-0.41533044,0.17920255,-0.00375296,0.08348479,0.97461611,0.00000000,0.00000000,0.22388266
13.50000000,0.98477801,0.01027581,-0.01018316,0.00102472,-0.90649824,-0.43696020,0.16103435,0.00936163,0.04652187,0.97572333,0.00000000,0.00000000,0.21900680
13.55000000,0.99870264,0.00070113,0.00571174,-0.00971619,-0.90090365,-0.41012471,0.32143771,-0.01981989,-0.01848604,0.97680617,0.00000000,0.00000000,0.21412546
13.60000000,1.00768966,0.00819104,-0.00535087,-0.00403163,-0.90702696,-0.41749022,0.18664036,0.00100671,0.04653973,0.97786458,0.00000000,0.00000000,0.20923878
13.65000000,0.99395401,-0.01842384,-0.01916597,-0.01259413,-0.92961640,-0.40161579,0.15183166,-0.03442816,-0.03261817,0.97889854,0.00000000,0.00000000,0.20434686
13.70000000,0.99559492,0.01322504,0.00661948,0.00016129,-0.92504979,-0.39521732,0.21965727,0.02312484,-0.03858989,0.97990804,0.00000000,0.00000000,0.19944983
13.75000000,1.00036481,-0.02031620,0.00211714,0.00762149,-0.92710298,-0.36349593,0.16558982,0.00672423,0.00039787,0.98089303,0.00000000,0.00000000,0.19454782
13.80000000,0.99899702,-0.00114322,0.00107105,0.00847959,-0.91429526,-0.37242176,0.24146204,-0.03438397,0.03625457,0.98185351,0.00000000,0.00000000,0.18964094
13.85000000,0.99238008,0.01090660,0.02210641,-0.00122084,-0.95367559,-0.36858079,0.26009113,0.02173435,0.01313175,0.98278944,0.00000000,0.00000000,0.18472933
13.90000000,1.01008668,0.00484453,0.01217725,0.00919424,-0.92011750,-0.35017660,0.24548443,-0.01673514,-0.02489815,0.98370079,0.00000000,0.00000000,0.17981309
13.95000000,1.01706768,0.00216205,0.00804881,0.00123740,-0.94469048,-0.34428386,0.26921960,0.02183109,-0.07453941,0.98458756,0.00000000,0.00000000,0.17489236
14.00000000,0.99784756,0.01782294,-0.00213797,-0.01800479,-0.92329177,-0.32816444,0.20186893,-0.01961031,0.05040425,0.98544971,0.00000000,0.00000000,0.16996726
14.05000000,0.99458017,0.01148256,0.00542195,0.00244682,-0.94406983,-0.32729924,0.25176245,-0.04169931,-0.07053470,0.98628722,0.00000000,0.00000000,0.16503791
14.10000000,1.00614440,0.00631238,0.00480241,0.00407728,-0.95193855,-0.30820336,0.20296258,-0.02478438,-0.01194820,0.98710008,0.00000000,0.00000000,0.16010443
14.15000000,1.02020640,-0.01734976,0.00499788,-0.01679110,-0.95292877,-0.31091149,0.11175470,0.01439829,-0.01499582,0.98788826,0.00000000,0.00000000,0.15516695
14.20000000,0.97900794,0.00839568,0.01435006,0.01490124,-0.95127498,-0.29658100,0.26439697,0.07223848,0.05269473,0.98865175,0.00000000,0.00000000,0.15022559
14.25000000,0.99058462,0.00201345,0.00439516,-0.01809617,-0.95309356,-0.26474832,0.23361882,0.06289304,0.01018020,0.98939051,0.00000000,0.00000000,0.14528047
14.30000000,0.99926782,0.00381271,-0.00815827,-0.00963775,-0.94795097,-0.26416273,0.16067638,0.04029022,-0.00188897,0.99010454,0.00000000,0.00000000,0.14033172
14.35000000,1.00339809,0.00460219,0.00994350,0.00082718,-0.94924318,-0.26517215,0.23291437,-0.04026464,0.09853817,0.99079382,0.00000000,0.00000000,0.13537947
14.40000000,1.00469825,0.00712997,-0.01608186,-0.00822702,-0.95360041,-0.25575067,0.11941317,0.04343374,-0.02231871,0.99145833,0.00000000,0.00000000,0.13042383
14.45000000,1.01411317,-0.00087836,0.00204707,0.01178955,-0.97749203,-0.25887549,0.19621232,0.03399229,-0.05751864,0.99209806,0.00000000,0.00000000,0.12546493
14.50000000,0.98331965,0.00823721,-0.00602978,-0.00392226,-0.98952621,-0.24603936,0.20466158,0.03860776,-0.03249046,0.99271298,0.00000000,0.00000000,0.12050289
14.55000000,1.01657376,-0.00684556,-0.00683092,0.01537358,-0.97118741,-0.23504843,0.19806224,0.05751129,0.06757058,0.99330308,0.00000000,0.00000000,0.11553784
14.60000000,0.99183207,-0.00042434,0.00090157,-0.00986240,-0.97610544,-0.21973062,0.25599172,0.05099769,-0.01272269,0.99386835,0.00000000,0.00000000,0.11056990
14.65000000,0.99786047,0.00664292,-0.00585188,0.00588640,-0.97857668,-0.21971152,0.16220896,0.06171443,-0.00499538,0.99440877,0.00000000,0.00000000,0.10559920
14.70000000,1.01640354,-0.00513636,0.00291205,0.02392677,-0.99032274,-0.21920837,0.26253806,-0.03997603,0.00107398,0.99492434,0.00000000,0.00000000,0.10062586
14.75000000,0.99414082,0.00268163,-0.00950536,-0.00179940,-0.97720400,-0.20050598,0.17369129,-0.01853543,-0.06189857,0.99541503,0.00000000,0.00000000,0.09565000
14.80000000,0.99577439,0.00118797,-0.00399549,-0.00271376,-0.98375629,-0.18715395,0.23590526,0.06121889,-0.01876772,0.99588083,0.00000000,0.00000000,0.09067175
14.85000000,1.00485198,-0.00239617,0.00365487,0.01565780,-0.98022743,-0.18848622,0.22530330,0.05213534,-0.00791008,0.99632174,0.00000000,0.00000000,0.08569123
14.90000000,1.00995635,-0.00690116,-0.01485539,0.00141169,-1.00453702,-0.16328827,0.26254934,-0.08840719,-0.05522084,0.99673774,0.00000000,0.00000000,0.08070857
14.95000000,0.98967968,-0.00063320,-0.00365717,0.01399136,-0.97898830,-0.14606023,0.21151279,0.01458577,-0.03654902,0.99712882,0.00000000,0.00000000,0.07572390
15.00000000,1.00857210,-0.01112044,0.00835377,0.01186143,-0.98788382,-0.14288239,0.22290240,-0.13097099,0.01551740,0.99749498,0.00000000,0.00000000,0.07073733
15.05000000,0.99886646,-0.00050628,0.00706533,-0.00074769,-1.00275621,-0.13262747,0.20802117,0.00214000,0.00924125,0.99783619,0.00000000,0.00000000,0.06574899
15.10000000,1.01039369,-0.01086035,0.00175700,0.01289930,-1.00996280,-0.11949704,0.17882108,-0.01957867,-0.03846422,0.99815246,0.00000000,0.00000000,0.06075901
15.15000000,0.99830449,0.01841256,-0.01264430,-0.01169610,-1.00679932,-0.09408726,0.18432354,-0.00414661,-0.01601300,0.99844378,0.00000000,0.00000000,0.05576751
15.20000000,0.99055577,-0.00235151,0.02458244,0.01392071,-1.00337326,-0.09494250,0.16781317,-0.08244158,0.04759391,0.99871014,0.00000000,0.00000000,0.05077461
15.25000000,1.01160093,0.01046052,-0.00469865,-0.00166776,-0.98831065,-0.08754993,0.18739600,-0.07540709,0.00709265,0.99895153,0.00000000,0.00000000,0.04578045
15.30000000,1.01079010,-0.01197588,0.00638759,0.00331542,-0.98917166,-0.07278265,0.17394257,-0.07531262,-0.02185972,0.99916794,0.00000000,0.00000000,0.04078514
15.35000000,1.00889127,-0.00542004,-0.00694043,-0.01821350,-0.97991185,-0.06327463,0.23943079,0.04027799,0.02779118,0.99935938,0.00000000,0.00000000,0.03578881
15.40000000,0.99755671,-0.00163764,-0.00427564,0.02634741,-0.99254464,-0.06619198,0.22581765,-0.04820743,0.06928359,0.99952583,0.00000000,0.00000000,0.03079159
15.45000000,0.99338931,0.00501085,0.01065978,0.00384769,-0.99772468,-0.05146200,0.20247588,-0.02879074,-0.01810151,0.99966729,0.00000000,0.00000000,0.02579359
15.50000000,1.01479590,-0.00108537,-0.00785796,-0.00516298,-0.98813143,-0.03482485,0.23005868,-0.01451670,0.02764155,0.99978376,0.00000000,0.00000000,0.02079496
15.55000000,0.99356439,-0.00259614,0.00969804,0.00874278,-1.00932008,-0.04014292,0.20986131,0.07419499,-0.08366668,0.99987524,0.00000000,0.00000000,0.01579580
15.60000000,1.00278333,-0.01376043,-0.00634331,-0.00364428,-1.00397197,-0.02692920,0.20532231,-0.02693736,-0.06340308,0.99994172,0.00000000,0.00000000,0.01079625
15.65000000,1.00779870,0.00752872,0.00843174,-0.01540734,-0.99694362,-0.00483287,0.15888324,-0.00258976,-0.00319960,0.99998320,0.00000000,0.00000000,0.00579642
15.70000000,1.01842151,0.01924496,-0.01664356,0.02493927,-1.00915099,0.00821382,0.24840199,-0.04752862,0.02405961,0.99999968,0.00000000,0.00000000,0.00079646
15.75000000,0.99892466,0.00554330,0.00230672,0.01196339,-0.99921067,0.00672824,0.25401748,0.02295610,0.03472769,0.99999117,0.00000000,0.00000000,-0.00420353
15.80000000,0.99335413,-0.01045263,-0.00567722,-0.00620821,-0.99196860,0.02816588,0.19806236,0.06099264,0.06319981,0.99995765,0.00000000,0.00000000,-0.00920341
15.85000000,1.00243399,-0.00821892,0.01575377,-0.00061017,-0.99833489,0.02500721,0.16520737,-0.06867955,0.03030273,0.99989913,0.00000000,0.00000000,-0.01420306
15.90000000,0.99216599,0.03059531,-0.01086074,-0.01257382,-0.99416115,0.05369077,0.20788854,0.02259146,-0.08044595,0.99981562,0.00000000,0.00000000,-0.01920236
15.95000000,0.99322488,-0.01073616,-0.01895046,0.00116980,-1.02125688,0.03516622,0.18097596,-0.04017623,0.01972793,0.99970711,0.00000000,0.00000000,-0.02420118
16.00000000,1.00305580,0.00893799,0.00752384,0.01140813,-0.99831398,0.06140855,0.22787559,0.00333508,-0.01576307,0.99957361,0.00000000,0.00000000,-0.02919939
16.05000000,0.99667557,-0.00817558,0.00421617,-0.00094015,-1.00429289,0.06173129,0.15086932,0.04077512,0.00551589,0.99941512,0.00000000,0.00000000,-0.03419687
16.10000000,0.99137200,0.00808548,-0.00560449,-0.01406501,-0.98671552,0.07295580,0.18671348,-0.00115837,0.05309814,0.99923164,0.00000000,0.00000000,-0.03919350
16.15000000,1.00020037,-0.01199117,0.00543877,-0.00484990,-0.97721540,0.08828076,0.10504617,0.01298185,0.08896506,0.99902318,0.00000000,0.00000000,-0.04418914
16.20000000,1.01575920,0.01830954,-0.01019760,0.00912152,-1.00238188,0.10049122,0.14807184,-0.03182094,-0.02824267,0.99878975,0.00000000,0.00000000,-0.04918369
16.25000000,1.00898555,0.00800719,0.00276820,-0.01350421,-0.99724610,0.10073370,0.24389308,0.04969003,0.04924300,0.99853135,0.00000000,0.00000000,-0.05417700
16.30000000,0.99244781,-0.02739533,-0.01766962,0.01421627,-0.99701062,0.11062334,0.27846200,0.05357967,0.00309338,0.99824798,0.00000000,0.00000000,-0.05916896
16.35000000,0.99706597,-0.00132101,0.00227163,0.01600047,-0.98754246,0.13531478,0.25729135,-0.05530950,0.03575845,0.99793966,0.00000000,0.00000000,-0.06415944
16.40000000,0.99705431,-0.02516095,-0.02128170,-0.01018118,-0.98512479,0.13910359,0.21324513,0.08424884,-0.05475541,0.99760639,0.00000000,0.00000000,-0.06914831
16.45000000,0.99972567,0.00304436,-0.00736273,0.00028327,-1.00500736,0.16196196,0.17451727,0.08784698,0.00054770,0.99724818,0.00000000,0.00000000,-0.07413546
16.50000000,1.01028054,-0.00053303,-0.00030744,-0.00584029,-0.98628857,0.16092541,0.16992689,-0.00859216,-0.02528445,0.99686504,0.00000000,0.00000000,-0.07912075
16.55000000,1.02299664,-0.00089731,0.01545232,-0.00195622,-0.98326014,0.15439853,0.18500631,0.00641540,0.07292825,0.99645698,0.00000000,0.00000000,-0.08410407
16.60000000,1.00221983,0.01383720,0.00640729,0.01627401,-0.98471805,0.20136438,0.18329242,-0.03727722,-0.05211521,0.99602400,0.00000000,0.00000000,-0.08908528
16.65000000,1.02331025,0.00819448,-0.00334121,0.01249023,-0.97542691,0.20695567,0.13577881,-0.01486726,-0.01868459,0.99556613,0.00000000,0.00000000,-0.09406426
16.70000000,0.98026317,0.01060327,-0.00270397,0.00739631,-0.95678408,0.19357546,0.18616547,0.00230682,0.04615104,0.99508336,0.00000000,0.00000000,-0.09904090
16.75000000,0.99433287,-0.00630962,0.01057189,0.00378639,-0.99880902,0.19464778,0.27213731,0.01497478,-0.03208644,0.99457572,0.00000000,0.00000000,-0.10401506
16.80000000,0.99829590,0.00013237,0.00735733,-0.01358263,-0.98465333,0.21940436,0.20053526,0.02257432,-0.05298524,0.99404322,0.00000000,0.00000000,-0.10898661
16.85000000,1.00357129,0.01091584,0.00486819,0.00139112,-0.97498715,0.21807774,0.20178013,0.05333576,-0.00332312,0.99348586,0.00000000,0.00000000,-0.11395545
16.90000000,0.99110196,-0.00492247,0.00200850,-0.00373514,-0.96686235,0.24138348,0.24475654,0.06066351,0.04653616,0.99290367,0.00000000,0.00000000,-0.11892143
16.95000000,0.99065761,-0.00903534,-0.00075771,-0.00451175,-0.98068856,0.24144331,0.18377914,-0.03304594,-0.01212254,0.99229665,0.00000000,0.00000000,-0.12388444
17.00000000,1.01178451,0.00199238,0.02471809,0.00170508,-0.96969892,0.25558216,0.21647067,0.01646515,0.09487335,0.99166483,0.00000000,0.00000000,-0.12884435
17.05000000,0.99154680,0.00859046,0.00207751,-0.01571098,-0.95648757,0.27787211,0.16666591,-0.00339953,-0.07516019,0.99100821,0.00000000,0.00000000,-0.13380105
17.10000000,0.98741194,0.01048030,-0.00466417,-0.01108803,-0.95919983,0.26960027,0.18394422,0.03006367,-0.04995430,0.99032682,0.00000000,0.00000000,-0.13875439
17.15000000,0.99094635,0.00154080,0.00969410,0.01238160,-0.96534878,0.29379921,0.16993209,0.07867056,-0.04870378,0.98962068,0.00000000,0.00000000,-0.14370427
17.20000000,1.01328479,-0.00656486,0.02013246,0.00591321,-0.96596619,0.28877565,0.23993549,0.04407569,-0.00116250,0.98888979,0.00000000,0.00000000,-0.14865056
17.25000000,1.00044658,0.00758353,0.00131798,-0.01293505,-0.96094804,0.30589244,0.25935803,0.06926893,0.03686162,0.98813418,0.00000000,0.00000000,-0.15359313
17.30000000,1.00287291,0.00748814,-0.00666751,-0.00153231,-0.95797661,0.30056666,0.21991677,0.00529641,0.03275275,0.98735386,0.00000000,0.00000000,-0.15853186
17.35000000,1.00546112,0.00242644,0.00556617,-0.00042683,-0.94242841,0.31527418,0.22153375,0.02689255,-0.02794906,0.98654886,0.00000000,0.00000000,-0.16346662
17.40000000,1.00051832,-0.00623603,-0.00526507,-0.01124929,-0.93062695,0.34264177,0.22903477,0.08519928,-0.00646332,0.98571920,0.00000000,0.00000000,-0.16839731
17.45000000,1.03031762,-0.00227529,0.00255193,-0.00397778,-0.93619448,0.34975715,0.19990550,0.07645733,0.01269508,0.98486490,0.00000000,0.00000000,-0.17332378
17.50000000,1.00270485,-0.00908998,0.00418499,-0.00134027,-0.94253919,0.34301821,0.32448489,-0.01478306,-0.06315837,0.98398597,0.00000000,0.00000000,-0.17824591
17.55000000,0.99301779,-0.00051568,0.00546667,0.00554797,-0.92613605,0.35368122,0.22022496,-0.04217857,-0.02571128,0.98308245,0.00000000,0.00000000,-0.18316359
17.60000000,0.99082291,-0.01188389,0.01064209,0.00688612,-0.91948766,0.36983382,0.23973990,-0.08176726,0.04059845,0.98215434,0.00000000,0.00000000,-0.18807669
17.65000000,1.00177120,0.00627110,0.00380023,-0.00987055,-0.94049390,0.37159406,0.23026387,0.02786183,-0.05917624,0.98120169,0.00000000,0.00000000,-0.19298509
17.70000000,0.99018901,-0.00723236,-0.00357305,-0.01362051,-0.93590067,0.37973229,0.20885739,-0.05579778,-0.00317889,0.98022450,0.00000000,0.00000000,-0.19788867
17.75000000,1.01058553,-0.01301780,-0.00206446,0.01024757,-0.92193731,0.39141120,0.25703311,-0.01669377,0.05139452,0.97922281,0.00000000,0.00000000,-0.20278730
17.80000000,1.00428965,-0.00342845,0.00479691,0.00320450,-0.90352850,0.40082198,0.20684279,-0.00575106,0.03349046,0.97819664,0.00000000,0.00000000,-0.20768086
17.85000000,0.98974821,0.01016977,0.00466329,-0.01316925,-0.89754602,0.43776327,0.24980338,0.06081670,0.00581792,0.97714601,0.00000000,0.00000000,-0.21256922
17.90000000,0.98338495,-0.01844120,0.00255082,-0.00591979,-0.91457478,0.42387023,0.23252981,-0.06796929,-0.01807442,0.97607095,0.00000000,0.00000000,-0.21745228
17.95000000,1.01509871,-0.01075288,0.00869761,-0.00484731,-0.89568090,0.44450389,0.23815113,0.03765885,-0.04950083,0.97497150,0.00000000,0.00000000,-0.22232989
18.00000000,1.01113660,-0.00852693,0.00259542,0.00258246,-0.89190732,0.44588974,0.16726367,-0.06336791,0.04101262,0.97384766,0.00000000,0.00000000,-0.22720195
18.05000000,1.00185835,0.01149377,-0.00044733,-0.01405164,-0.88262729,0.44776178,0.22029486,-0.03195527,0.07553541,0.97269949,0.00000000,0.00000000,-0.23206833
18.10000000,0.99123435,-0.00337430,0.00107449,-0.01092182,-0.88442420,0.47648475,0.18306587,0.01467132,-0.12095849,0.97152699,0.00000000,0.00000000,-0.23692890
18.15000000,0.99961071,-0.00313042,-0.00818498,0.01081450,-0.88634386,0.46744500,0.18813142,-0.08872261,-0.04862397,0.97033021,0.00000000,0.00000000,-0.24178355
18.20000000,1.00961093,-0.02109951,-0.00766315,-0.00399720,-0.86090893,0.48571302,0.18008258,0.05533963,-0.03111687,0.96910917,0.00000000,0.00000000,-0.24663216
18.25000000,1.01009100,-0.01358877,0.01073258,-0.00406134,-0.88380609,0.48461495,0.21740321,-0.02512582,0.02677355,0.96786390,0.00000000,0.00000000,-0.25147461
18.30000000,0.99417006,0.00620372,0.00442222,-0.00060923,-0.87302341,0.49701252,0.22960810,0.08920646,0.04401216,0.96659443,0.00000000,0.00000000,-0.25631076
18.35000000,1.00975990,0.03088512,0.00515958,0.00484644,-0.85657112,0.49406862,0.18514812,-0.02563658,0.03096218,0.96530080,0.00000000,0.00000000,-0.26114051
18.40000000,0.99825825,0.00138223,0.01087455,0.00863151,-0.86014380,0.50606909,0.25577103,0.03160947,-0.06983399,0.96398304,0.00000000,0.00000000,-0.26596373
18.45000000,0.99686846,0.00165515,0.00778830,0.00910101,-0.85051700,0.52718100,0.20786828,-0.03313556,-0.00968410,0.96264117,0.00000000,0.00000000,-0.27078030
18.50000000,1.00018991,-0.00034679,-0.01885573,-0.00397483,-0.84753814,0.52702218,0.19396170,0.01882364,-0.04625243,0.96127525,0.00000000,0.00000000,-0.27559010
18.55000000,0.98371958,-0.00348170,0.00764114,0.01687553,-0.83493824,0.52360761,0.19460822,0.00847704,0.00994212,0.95988528,0.00000000,0.00000000,-0.28039301
18.60000000,1.00539305,-0.00917049,0.00064943,0.00420323,-0.82907786,0.53863361,0.18956412,-0.12391840,-0.02579262,0.95847133,0.00000000,0.00000000,-0.28518891
18.65000000,0.99475585,-0.01019585,0.00165612,-0.00055945,-0.85441803,0.55719174,0.16348408,0.01872067,-0.05532613,0.95703341,0.00000000,0.00000000,-0.28997768
18.70000000,1.00030007,-0.00283163,0.00303102,0.00124697,-0.82878566,0.54796430,0.13893725,-0.02911222,0.00162971,0.95557156,0.00000000,0.00000000,-0.29475920
18.75000000,0.99391752,0.00625212,-0.00279221,-0.00965013,-0.82334050,0.57381966,0.21952929,0.08100367,-0.02791454,0.95408583,0.00000000,0.00000000,-0.29953336
18.80000000,0.99926521,0.00426124,-0.00023423,-0.00500618,-0.83029557,0.57462960,0.15698257,-0.08021620,-0.03358384,0.95257624,0.00000000,0.00000000,-0.30430002
18.85000000,0.98952908,0.00583787,0.00601092,-0.00903879,-0.81156726,0.56927442,0.18289245,0.01484301,0.03889234,0.95104284,0.00000000,0.00000000,-0.30905908
18.90000000,0.99286953,0.01051855,-0.01515692,-0.01247628,-0.79594943,0.61262818,0.22706695,-0.00480417,-0.09617160,0.94948566,0.00000000,0.00000000,-0.31381041
18.95000000,0.97977553,0.00129410,-0.00358063,-0.01105835,-0.79639151,0.60506881,0.24723556,0.00310904,0.05693547,0.94790475,0.00000000,0.00000000,-0.31855390
19.00000000,1.00007994,-0.00115335,0.01064312,-0.00978441,-0.76282343,0.61561022,0.22203120,0.02048301,0.08594810,0.94630014,0.00000000,0.00000000,-0.32328942
19.05000000,1.00792507,-0.01605056,0.01403470,-0.00340897,-0.78373833,0.60694405,0.22853247,-0.03213034,0.00647972,0.94467187,0.00000000,0.00000000,-0.32801686
19.10000000,0.99715901,0.01925013,0.01982260,0.00046513,-0.77793360,0.62381915,0.25446211,-0.01770974,-0.01684278,0.94301998,0.00000000,0.00000000,-0.33273610
19.15000000,1.00978593,-0.00538299,-0.00037755,-0.01581311,-0.76521712,0.65471647,0.23725418,0.06237365,-0.03583884,0.94134452,0.00000000,0.00000000,-0.33744702
19.20000000,1.00236324,-0.00943160,-0.00227766,0.00772211,-0.76484923,0.62887209,0.14619011,-0.06476753,0.02397843,0.93964553,0.00000000,0.00000000,-0.34214950
19.25000000,1.02063895,0.01362458,-0.01895985,0.01421076,-0.75003526,0.63517189,0.19144041,0.04599325,0.02661613,0.93792304,0.00000000,0.00000000,-0.34684343
19.30000000,0.98690905,0.00610742,-0.02137501,-0.00222822,-0.74147559,0.65837017,0.18268683,0.03677277,0.04559223,0.93617711,0.00000000,0.00000000,-0.35152869
19.35000000,1.01310040,0.00874342,0.01081375,0.00732909,-0.74358048,0.66657683,0.19438942,-0.05721876,-0.04072283,0.93440777,0.00000000,0.00000000,-0.35620516
19.40000000,0.99717986,0.00241452,0.01440813,-0.00041797,-0.72950698,0.68390385,0.19464938,0.02359535,-0.00889091,0.93261507,0.00000000,0.00000000,-0.36087273
19.45000000,1.01322136,0.00635843,-0.01190484,0.00161525,-0.71629265,0.67866002,0.22502242,0.02141244,-0.04435919,0.93079906,0.00000000,0.00000000,-0.36553127
19.50000000,1.00510708,-0.01393835,-0.00625624,0.01075723,-0.72236496,0.68472115,0.22496634,-0.00568741,0.00256253,0.92895978,0.00000000,0.00000000,-0.37018068
19.55000000,1.00656819,-0.00727368,0.00040336,-0.00312268,-0.73487472,0.68578618,0.27513232,0.01420535,-0.05719267,0.92709727,0.00000000,0.00000000,-0.37482083
19.60000000,0.98459646,-0.00112164,0.01561187,-0.00186758,-0.69896295,0.70566536,0.22607496,-0.06273524,0.04392730,0.92521158,0.00000000,0.00000000,-0.37945161
19.65000000,0.99665068,0.00863092,-0.00814170,0.00177049,-0.70145597,0.70769083,0.22309181,-0.01491364,-0.02702683,0.92330277,0.00000000,0.00000000,-0.38407291
19.70000000,1.01605483,0.01048953,-0.00760865,0.00568444,-0.70527535,0.70439849,0.25123336,-0.07920965,0.04345026,0.92137087,0.00000000,0.00000000,-0.38868460
19.75000000,0.99747278,-0.00211547,0.00409751,0.00581199,-0.69891477,0.73036515,0.21007008,-0.05917248,-0.00559702,0.91941594,0.00000000,0.00000000,-0.39328658
19.80000000,1.01381279,0.01676595,0.00717348,-0.01190343,-0.67847898,0.73856674,0.23745465,0.03210422,0.01824562,0.91743802,0.00000000,0.00000000,-0.39787872
19.85000000,0.99927588,-0.00608367,-0.01897936,0.00339642,-0.67418989,0.74243113,0.14518323,0.02584602,0.09388205,0.91543717,0.00000000,0.00000000,-0.40246092
19.90000000,1.00078450,-0.00061665,0.00309002,0.02032337,-0.67888466,0.74561099,0.16923823,-0.02746279,-0.00021775,0.91341343,0.00000000,0.00000000,-0.40703306
19.95000000,1.01347323,0.01800991,0.00448142,-0.00376595,-0.63625170,0.74595256,0.17945803,-0.08237787,0.06443511,0.91136685,0.00000000,0.00000000,-0.41159502
20.00000000,1.00968246,0.02417806,-0.01389523,0.01458171,-0.65294252,0.76486328,0.13130917,0.06265462,0.03717410,0.90929750,0.00000000,0.00000000,-0.41614668
20.05000000,0.99961090,0.00645113,-0.00765495,-0.00579440,-0.65067774,0.74477349,0.24353901,0.05028969,-0.02936506,0.90720541,0.00000000,0.00000000,-0.42068795
20.10000000,1.00348203,-0.00265540,0.00328274,-0.00627577,-0.64721237,0.78024368,0.20214362,0.08743146,0.00407104,0.90509063,0.00000000,0.00000000,-0.42521870
20.15000000,0.99073922,0.01226941,0.00630800,0.00726873,-0.61874309,0.76954015,0.19930906,-0.01066747,-0.05572394,0.90295324,0.00000000,0.00000000,-0.42973882
20.20000000,0.99736410,0.01336379,0.00237338,-0.01346061,-0.63841541,0.79898346,0.20096081,-0.03195306,-0.01025328,0.90079326,0.00000000,0.00000000,-0.43424819
20.25000000,0.98522692,0.01423095,-0.00393053,0.01367402,-0.61448613,0.80282037,0.21647973,0.03515772,0.03415882,0.89861077,0.00000000,0.00000000,-0.43874671
20.30000000,1.00623291,0.00347934,-0.00232851,0.01915435,-0.61615614,0.79467862,0.20566572,0.01499770,-0.01720660,0.89640582,0.00000000,0.00000000,-0.44323426
20.35000000,1.00314746,-0.00168843,-0.01581953,0.00009552,-0.61011585,0.78332272,0.21112116,0.01881881,0.02555465,0.89417845,0.00000000,0.00000000,-0.44771073
20.40000000,1.00567171,-0.01932589,-0.01361017,0.01973521,-0.60154580,0.81272596,0.17427922,0.00056307,-0.02631999,0.89192873,0.00000000,0.00000000,-0.45217601
20.45000000,1.00561541,0.00136774,-0.00448290,-0.01050172,-0.58030038,0.80036067,0.22411753,0.11445998,0.06238144,0.88965671,0.00000000,0.00000000,-0.45662998
20.50000000,1.00718348,-0.00085607,-0.01938753,-0.01322286,-0.56199630,0.81037935,0.17372850,-0.01040811,-0.04549615,0.88736245,0.00000000,0.00000000,-0.46107254
20.55000000,0.98773231,-0.00050474,-0.00891529,-0.00741019,-0.57442476,0.82920775,0.19461902,-0.01098598,0.02869623,0.88504600,0.00000000,0.00000000,-0.46550357
20.60000000,0.99857960,-0.00278254,0.00470450,0.00668198,-0.55981555,0.83041506,0.17003728,-0.04149092,0.03639732,0.88270743,0.00000000,0.00000000,-0.46992296
20.65000000,1.00444942,0.00455298,0.00280854,0.00046203,-0.54305683,0.84450194,0.24575136,-0.00750693,0.06402820,0.88034679,0.00000000,0.00000000,-0.47433061
20.70000000,1.00228461,0.00632376,0.00282088,0.00247007,-0.54899960,0.84762273,0.33224543,-0.01976135,0.00517498,0.87796415,0.00000000,0.00000000,-0.47872639
20.75000000,0.99553795,-0.00488020,0.01544449,-0.00672971,-0.53794985,0.83010859,0.17111857,-0.07940197,0.03025517,0.87555955,0.00000000,0.00000000,-0.48311021
20.80000000,1.02799697,-0.00366679,-0.01666758,0.00900000,-0.53199194,0.86426669,0.19238728,-0.03125566,-0.00595850,0.87313306,0.00000000,0.00000000,-0.48748195
20.85000000,1.00757777,-0.00227421,-0.00496725,-0.00198832,-0.52890242,0.86044811,0.12509516,-0.02286172,0.03596074,0.87068475,0.00000000,0.00000000,-0.49184150
20.90000000,1.00303048,0.00590321,-0.00065046,0.01169746,-0.49834643,0.86605813,0.24648111,0.03055996,-0.01765341,0.86821467,0.00000000,0.00000000,-0.49618876
20.95000000,0.98656101,0.00420362,0.00546089,0.01090472,-0.50831544,0.85756518,0.22556737,-0.00618268,-0.08233382,0.86572288,0.00000000,0.00000000,-0.50052361
21.00000000,1.00375108,-0.01852423,-0.00945257,0.01351681,-0.47201234,0.85941904,0.19026916,-0.00109386,0.08165889,0.86320945,0.00000000,0.00000000,-0.50484595
21.05000000,0.99507131,-0.00476884,0.01548726,-0.00374789,-0.47429899,0.86166312,0.19734224,-0.07721943,-0.04520043,0.86067445,0.00000000,0.00000000,-0.50915567
21.10000000,1.00839201,-0.00049905,-0.00319106,-0.00748750,-0.47493929,0.88421699,0.24895735,-0.12040013,-0.03519749,0.85811792,0.00000000,0.00000000,-0.51345266
21.15000000,1.00159096,-0.00098863,0.00403376,0.00267540,-0.46694586,0.88062052,0.19402084,0.04837332,-0.03073639,0.85553994,0.00000000,0.00000000,-0.51773681
21.20000000,0.99937193,0.00183342,0.01560351,-0.00300308,-0.44542718,0.90280344,0.20214882,-0.01242364,-0.01271573,0.85294057,0.00000000,0.00000000,-0.52200802
21.25000000,0.99744177,0.00854240,0.00231010,0.00235290,-0.45734004,0.88531430,0.30085786,-0.01095261,-0.03264886,0.85031988,0.00000000,0.00000000,-0.52626618
21.30000000,1.01431099,0.00281809,0.00578155,-0.00138047,-0.44030249,0.89770939,0.14316207,-0.00693223,0.01523900,0.84767793,0.00000000,0.00000000,-0.53051119
21.35000000,1.01850463,0.00085999,-0.02334177,-0.00093985,-0.40070496,0.91239503,0.16873594,0.02343509,-0.03118385,0.84501479,0.00000000,0.00000000,-0.53474293
21.40000000,0.98646192,-0.00348369,0.00091526,-0.01872156,-0.43053303,0.90807047,0.18674594,0.01465650,-0.05232162,0.84233053,0.00000000,0.00000000,-0.53896130
21.45000000,1.00714114,-0.01183759,0.01642734,-0.01715758,-0.42086651,0.91628577,0.27942677,0.01108915,0.02717177,0.83962520,0.00000000,0.00000000,-0.54316620
21.50000000,1.00017537,-0.01026398,-0.00490138,-0.01211910,-0.41358660,0.92018328,0.15476995,0.01129089,-0.05621928,0.83689889,0.00000000,0.00000000,-0.54735752
21.55000000,1.00296383,-0.00488683,0.01406616,0.00323719,-0.37926013,0.91257145,0.20751081,-0.04687555,-0.01649699,0.83415165,0.00000000,0.00000000,-0.55153515
21.60000000,0.99737896,-0.00725858,-0.01215503,-0.01413517,-0.40579473,0.91343456,0.23306238,-0.07448703,-0.05918431,0.83138356,0.00000000,0.00000000,-0.55569900
21.65000000,1.01790899,-0.00636496,0.00321046,0.00642317,-0.36651304,0.91255259,0.19466670,-0.07536932,0.11140266,0.82859469,0.00000000,0.00000000,-0.55984895
21.70000000,0.98405125,-0.01047840,-0.01040601,-0.01496660,-0.35031611,0.95568514,0.18372385,-0.06205112,-0.09803835,0.82578510,0.00000000,0.00000000,-0.56398491
21.75000000,0.99755891,-0.00316365,-0.00651296,0.00221375,-0.35055767,0.93828328,0.19086247,-0.05226603,0.03177696,0.82295486,0.00000000,0.00000000,-0.56810677
21.80000000,1.00012514,0.00888358,0.00790076,-0.01421762,-0.35948353,0.93099532,0.15776237,0.03077589,0.01771105,0.82010405,0.00000000,0.00000000,-0.57221442
21.85000000,1.01099184,0.00396487,0.00208650,0.01199730,-0.33104143,0.94263617,0.27120787,0.00215105,-0.01161053,0.81723274,0.00000000,0.00000000,-0.57630777
21.90000000,0.99162177,0.00703025,0.01237051,-0.00050587,-0.31322337,0.92556524,0.20252005,-0.00479310,-0.03051218,0.81434100,0.00000000,0.00000000,-0.58038671
21.95000000,1.02383861,-0.00066193,-0.00407731,0.00025962,-0.33686185,0.94088242,0.24897183,-0.03112729,-0.03506842,0.81142890,0.00000000,0.00000000,-0.58445115
22.00000000,1.01309526,0.01340254,0.00516990,-0.00455117,-0.30972793,0.94356046,0.16051239,-0.04970773,-0.02564023,0.80849651,0.00000000,0.00000000,-0.58850097
22.05000000,0.98965279,-0.01563705,0.00219403,0.00234596,-0.28079406,0.94794428,0.21824202,0.01098493,-0.00935196,0.80554391,0.00000000,0.00000000,-0.59253608
22.10000000,1.00744334,0.00775229,0.00327411,-0.00255640,-0.29181629,0.94388036,0.16895826,-0.03081702,-0.04826555,0.80257118,0.00000000,0.00000000,-0.59655637
22.15000000,1.00439924,0.01196628,-0.00908062,0.00283441,-0.28899227,0.95734316,0.17412752,0.02391759,-0.02835633,0.79957837,0.00000000,0.00000000,-0.60056176
22.20000000,1.01011660,-0.00245721,-0.00649604,-0.01253305,-0.26650141,0.97208302,0.21722330,0.09712360,0.06594204,0.79656558,0.00000000,0.00000000,-0.60455212
22.25000000,0.99692472,-0.00318027,0.00469697,-0.00838019,-0.24772598,0.96938897,0.21646919,0.02772150,0.07904729,0.79353288,0.00000000,0.00000000,-0.60852738
22.30000000,1.00170955,-0.00113040,0.01508720,0.00967550,-0.25292812,0.96837039,0.21373770,0.01318077,-0.05866899,0.79048034,0.00000000,0.00000000,-0.61248742
22.35000000,0.98457515,-0.00887390,-0.00964738,-0.00643824,-0.23367571,0.96907796,0.21378303,-0.05775251,-0.01864527,0.78740803,0.00000000,0.00000000,-0.61643215
22.40000000,1.00587258,0.00594952,-0.00724574,0.00161662,-0.20831483,0.97294292,0.17399974,-0.01077089,0.00612229,0.78431604,0.00000000,0.00000000,-0.62036147
22.45000000,0.99848832,-0.00031355,-0.01443447,-0.00962630,-0.22205412,0.97372056,0.17967925,-0.01091629,0.00472867,0.78120444,0.00000000,0.00000000,-0.62427527
22.50000000,1.00889413,-0.00099212,0.00399103,-0.00541600,-0.20507521,0.98128734,0.24372051,0.02890692,0.02832906,0.77807331,0.00000000,0.00000000,-0.62817348
22.55000000,0.99901583,0.00244939,0.01063509,-0.00652075,-0.20729457,0.98140340,0.22357187,-0.03985516,-0.00134348,0.77492273,0.00000000,0.00000000,-0.63205597
22.60000000,0.99906001,-0.02215280,-0.00219594,-0.00157318,-0.19280764,0.99570932,0.15062785,-0.03987824,-0.11482095,0.77175278,0.00000000,0.00000000,-0.63592267
22.65000000,0.99519083,-0.00395644,-0.00509977,0.01107677,-0.17277364,0.98419169,0.18842568,0.04289260,0.00111640,0.76856354,0.00000000,0.00000000,-0.63977347
22.70000000,0.99181730,-0.01716249,-0.00441314,0.00754644,-0.14877139,0.98579382,0.17077226,-0.05599326,0.02668417,0.76535507,0.00000000,0.00000000,-0.64360827
22.75000000,0.98235384,0.00550345,0.00817712,0.00436279,-0.16387321,0.99249320,0.21264460,-0.03779876,0.08475295,0.76212748,0.00000000,0.00000000,-0.64742699
22.80000000,0.99648321,0.00775752,-0.02418614,0.01276471,-0.13711260,0.98870953,0.22998900,0.02197756,-0.02674616,0.75888083,0.00000000,0.00000000,-0.65122952
22.85000000,1.00547122,-0.00808630,-0.00608757,0.01126943,-0.13216212,0.98281600,0.17219347,-0.03187196,0.03476464,0.75561521,0.00000000,0.00000000,-0.65501576
22.90000000,0.99000015,0.00356713,0.00746847,-0.00088245,-0.12190233,0.98820622,0.19543609,-0.04670378,0.04748955,0.75233070,0.00000000,0.00000000,-0.65878564
22.95000000,0.99233480,0.00349772,-0.00071316,-0.01052783,-0.12817507,1.00634849,0.21401840,-0.04813058,0.01565470,0.74902738,0.00000000,0.00000000,-0.66253904
23.00000000,0.99853886,0.03454046,0.00285124,-0.00380625,-0.09795263,0.97528060,0.20921813,0.08619355,-0.00319659,0.74570534,0.00000000,0.00000000,-0.66627588
23.05000000,0.98266699,-0.00395918,0.01454518,0.00376070,-0.11059912,0.98791036,0.17996944,0.01315326,0.06184595,0.74236465,0.00000000,0.00000000,-0.66999606
23.10000000,1.01052423,0.00456012,-0.01331645,-0.01327933,-0.08692547,0.98228043,0.19491234,0.01060202,-0.04887475,0.73900541,0.00000000,0.00000000,-0.67369949
23.15000000,0.98975738,-0.00094121,0.00503650,0.01061519,-0.07622565,0.99734448,0.17162916,-0.05089242,-0.02084712,0.73562769,0.00000000,0.00000000,-0.67738608
23.20000000,1.00409936,0.00336624,-0.02099902,-0.00785677,-0.06028109,0.99817318,0.14162943,0.10235553,0.00070569,0.73223158,0.00000000,0.00000000,-0.68105574
23.25000000,1.00384334,0.00399525,-0.00367595,-0.00727574,-0.04113215,1.00808647,0.24175815,0.02277244,-0.04286972,0.72881716,0.00000000,0.00000000,-0.68470837
23.30000000,1.01277530,-0.00843133,0.00283287,-0.01639390,-0.07277400,1.00181090,0.16881598,-0.09195828,0.02617679,0.72538452,0.00000000,0.00000000,-0.68834388
23.35000000,1.02120081,0.01389560,-0.00257318,0.00008845,-0.03349961,1.01032299,0.18963662,-0.00147153,0.01544390,0.72193375,0.00000000,0.00000000,-0.69196218
23.40000000,1.00553876,-0.00133076,-0.00120085,0.01379832,-0.02028850,1.00424962,0.28188089,-0.02028238,0.07458158,0.71846493,0.00000000,0.00000000,-0.69556319
23.45000000,1.00542515,0.03271026,-0.01192482,-0.00689345,-0.01819952,1.00372171,0.29221287,-0.03289062,0.04246919,0.71497815,0.00000000,0.00000000,-0.69914680
23.50000000,1.01162463,0.00704648,-0.00960996,0.01407759,-0.00009581,1.00591910,0.21413871,0.00711186,-0.00152117,0.71147349,0.00000000,0.00000000,-0.70271294
23.55000000,1.00640785,0.00031135,-0.00848525,-0.01048592,-0.00990973,1.00221847,0.20379450,0.00663047,0.02439704,0.70795105,0.00000000,0.00000000,-0.70626151
23.60000000,0.99372679,0.01465660,-0.00267711,-0.00433427,0.01243442,0.98160594,0.16964622,0.04087491,-0.07569987,0.70441091,0.00000000,0.00000000,-0.70979242
23.65000000,1.01117574,0.01511137,-0.00369455,0.00291813,0.02880059,0.99517705,0.24380810,-0.03301469,-0.01935902,0.70085315,0.00000000,0.00000000,-0.71330559
23.70000000,0.99200664,0.00342647,0.01157969,-0.00184113,0.01489463,0.98879178,0.22264702,0.07947139,0.01960792,0.69727788,0.00000000,0.00000000,-0.71680092
23.75000000,0.99613103,0.00766184,-0.00239499,-0.00378285,0.02801717,1.01337729,0.09144317,0.03268135,-0.01873930,0.69368517,0.00000000,0.00000000,-0.72027833
23.80000000,0.99589659,0.01692315,-0.00714131,-0.00680069,0.04628870,1.00300530,0.18523961,-0.07338511,-0.03671520,0.69007513,0.00000000,0.00000000,-0.72373774
23.85000000,1.01281334,0.00074777,0.00451087,-0.00261421,0.05098378,1.01511666,0.19658380,-0.02282810,0.05102098,0.68644783,0.00000000,0.00000000,-0.72717906
23.90000000,0.99277640,-0.00594727,0.00010247,0.00000270,0.07015524,1.01863196,0.22003748,-0.10934981,0.01659253,0.68280337,0.00000000,0.00000000,-0.73060219
23.95000000,1.00037880,0.00043450,0.00245947,-0.00028678,0.07700661,1.00312025,0.18075741,-0.04538182,0.13722762,0.67914184,0.00000000,0.00000000,-0.73400706
24.00000000,0.99284143,0.00100143,-0.01495660,0.00116468,0.07816633,0.99173991,0.25173671,0.01810891,0.02742005,0.67546333,0.00000000,0.00000000,-0.73739358
24.05000000,0.98228795,0.01836895,-0.01191881,0.01528561,0.10767113,1.00101319,0.16676392,0.00377930,-0.01906025,0.67176793,0.00000000,0.00000000,-0.74076167
24.10000000,1.00029040,-0.00249872,-0.02038611,0.01121784,0.10659198,0.98936756,0.17994140,0.01303080,-0.03797000,0.66805574,0.00000000,0.00000000,-0.74411123
24.15000000,0.97744824,0.00407130,0.00519103,-0.00199632,0.10586064,0.99398120,0.13950412,-0.04893915,-0.03157223,0.66432685,0.00000000,0.00000000,-0.74744219
24.20000000,1.00843939,-0.00362611,-0.00447866,0.01954693,0.13078918,0.99525875,0.18846648,-0.02967055,-0.09577907,0.66058135,0.00000000,0.00000000,-0.75075447
24.25000000,1.00968741,0.00448310,-0.00179166,-0.00137227,0.14453815,0.97499949,0.17861970,-0.05381701,0.08122430,0.65681934,0.00000000,0.00000000,-0.75404798
24.30000000,1.00875656,-0.02202693,-0.01513762,-0.00132346,0.14235075,0.97588150,0.29197241,0.01097721,0.02323443,0.65304090,0.00000000,0.00000000,-0.75732264
24.35000000,0.99307985,0.00722274,-0.00380433,-0.00283343,0.16306891,0.97131516,0.27642126,0.00515669,0.05928557,0.64924614,0.00000000,0.00000000,-0.76057836
24.40000000,0.98924580,-0.00923165,-0.01161900,0.00250298,0.16748676,0.98134208,0.15964945,-0.05964391,-0.00016827,0.64543515,0.00000000,0.00000000,-0.76381507
24.45000000,0.99534413,-0.00685607,0.01547089,-0.00082326,0.18937871,0.97893613,0.21594673,-0.00548096,-0.07391998,0.64160803,0.00000000,0.00000000,-0.76703269
24.50000000,1.01428338,-0.00135154,0.00746418,-0.00752029,0.18486352,0.97378417,0.26027553,0.01092665,0.01841513,0.63776486,0.00000000,0.00000000,-0.77023112
24.55000000,1.01358184,0.01156341,0.00765343,-0.01421727,0.18937021,0.97049960,0.23753630,0.00463179,-0.06018561,0.63390575,0.00000000,0.00000000,-0.77341031
24.60000000,0.99811256,-0.01494112,-0.00053156,-0.01655373,0.21141068,0.98230584,0.29032605,0.03491805,-0.01691330,0.63003079,0.00000000,0.00000000,-0.77657015
24.65000000,1.00818070,-0.01397664,-0.00962473,0.00333143,0.19431470,0.97604449,0.15937244,0.00153059,-0.04619784,0.62614008,0.00000000,0.00000000,-0.77971059
24.70000000,1.00424248,0.00019327,0.01400366,0.00006735,0.21796398,0.97173948,0.14488392,0.01516301,0.02837890,0.62223372,0.00000000,0.00000000,-0.78283153
24.75000000,1.02469196,-0.00621836,-0.00267795,-0.00575759,0.23750218,0.97572007,0.20261300,0.04558197,-0.02559216,0.61831180,0.00000000,0.00000000,-0.78593290
24.80000000,1.00986174,0.00538498,-0.00012030,-0.00314937,0.26935482,0.96133071,0.21832398,-0.03655082,0.08185539,0.61437442,0.00000000,0.00000000,-0.78901462
24.85000000,1.00886826,-0.00678350,0.00512595,0.00257696,0.24960449,0.97458313,0.22241027,0.00664634,0.00012529,0.61042168,0.00000000,0.00000000,-0.79207662
24.90000000,1.00431054,0.00229388,0.00059093,-0.00641016,0.28136551,0.95390127,0.22412447,-0.01732160,0.08068935,0.60645369,0.00000000,0.00000000,-0.79511881
24.95000000,0.99096517,-0.00735263,-0.00969818,0.00323465,0.26032801,0.95692773,0.10874327,0.00775197,-0.02037029,0.60247053,0.00000000,0.00000000,-0.79814113
25.00000000,0.98511943,0.01085609,-0.01307667,0.00796944,0.27665138,0.97494011,0.23852092,-0.04808127,-0.03901318,0.59847231,0.00000000,0.00000000,-0.80114349
25.05000000,1.00605525,-0.00262378,-0.00169343,0.01272239,0.28574980,0.95695281,0.24769225,0.03318483,-0.00513810,0.59445913,0.00000000,0.00000000,-0.80412583
25.10000000,0.99711094,-0.01738815,-0.01056245,0.00318359,0.30140344,0.95380903,0.25147683,-0.05609870,-0.00856230,0.59043109,0.00000000,0.00000000,-0.80708806
25.15000000,1.00188711,-0.00704160,0.01431477,0.00908587,0.31519890,0.96792665,0.13796737,-0.00334553,0.01838309,0.58638828,0.00000000,0.00000000,-0.81003011
25.20000000,0.99085445,0.00300715,-0.01106582,0.00690557,0.33235998,0.94953724,0.12214036,-0.04623632,0.02725460,0.58233082,0.00000000,0.00000000,-0.81295191
25.25000000,1.00021199,-0.02694003,0.01242830,0.00136657,0.32304278,0.95349836,0.17469949,-0.03378851,0.01802602,0.57825880,0.00000000,0.00000000,-0.81585339
25.30000000,1.01781038,0.01623587,0.00359711,0.00462386,0.34856728,0.92761951,0.23380719,-0.03582876,0.01624277,0.57417232,0.00000000,0.00000000,-0.81873448
25.35000000,0.99772532,0.00501208,0.00118103,-0.03073030,0.35182591,0.94315741,0.22494252,-0.00758778,0.07543970,0.57007149,0.00000000,0.00000000,-0.82159509
25.40000000,1.00311373,0.00437673,0.01044492,0.00362593,0.35040652,0.90880535,0.18366250,0.03103052,-0.01379095,0.56595640,0.00000000,0.00000000,-0.82443517
25.45000000,1.00801178,0.00148728,0.01288066,-0.00295217,0.37337661,0.93460711,0.27215368,-0.07932314,-0.01850064,0.56182717,0.00000000,0.00000000,-0.82725463
25.50000000,1.00848516,0.01545896,0.00240072,-0.00292704,0.38554853,0.93450187,0.18891544,0.01177179,0.05479478,0.55768389,0.00000000,0.00000000,-0.83005342
25.55000000,1.01890459,0.00742605,0.00044139,-0.00054075,0.39279041,0.92083211,0.21348098,-0.05030966,0.06000616,0.55352667,0.00000000,0.00000000,-0.83283145
25.60000000,0.98859815,-0.00432112,0.00097593,0.01990987,0.39218999,0.91141049,0.18036672,0.07118814,-0.12377198,0.54935561,0.00000000,0.00000000,-0.83558866
25.65000000,0.98997262,0.02731289,0.00590882,-0.01105985,0.40515837,0.91473518,0.24283987,0.07926503,0.01937656,0.54517082,0.00000000,0.00000000,-0.83832498
25.70000000,0.99460212,0.00787084,-0.00698253,-0.01033337,0.39709864,0.89430794,0.16490975,-0.05567236,0.01600836,0.54097240,0.00000000,0.00000000,-0.84104034
25.75000000,0.98800598,-0.03143666,-0.01043912,-0.00471860,0.41772193,0.92096207,0.17756154,0.03639609,0.00115107,0.53676045,0.00000000,0.00000000,-0.84373468
25.80000000,0.99957695,-0.00835380,-0.00058783,-0.00765096,0.43451300,0.89912135,0.16275495,0.04135886,0.02108889,0.53253509,0.00000000,0.00000000,-0.84640793
25.85000000,0.99551937,0.00145493,-0.00083823,-0.00867591,0.44251077,0.89090060,0.16274127,-0.07557236,-0.01403741,0.52829641,0.00000000,0.00000000,-0.84906001
25.90000000,1.00566971,-0.00694659,0.02520709,0.00885686,0.46379797,0.90060030,0.28786264,-0.03819580,-0.11251966,0.52404453,0.00000000,0.00000000,-0.85169087
25.95000000,0.99553874,0.00558219,0.00151517,0.00275473,0.47286756,0.89191635,0.24072847,-0.04501852,-0.04698750,0.51977954,0.00000000,0.00000000,-0.85430043
26.00000000,1.01614114,0.00100902,-0.00623229,-0.00621394,0.46202506,0.87636527,0.14761589,-0.07010084,-0.00672086,0.51550156,0.00000000,0.00000000,-0.85688864
26.05000000,0.99407074,0.01107159,0.00293077,0.00265318,0.46989606,0.87751532,0.22114446,0.02902925,-0.00219897,0.51121069,0.00000000,0.00000000,-0.85945543
26.10000000,1.01079124,0.00007989,0.00792847,-0.00489852,0.46796462,0.87659206,0.23743748,0.02273031,0.02088076,0.50690704,0.00000000,0.00000000,-0.86200073
26.15000000,0.99651413,-0.00806746,0.00551728,0.00426447,0.48919615,0.88009820,0.16551705,-0.02909596,0.07518316,0.50259072,0.00000000,0.00000000,-0.86452448
26.20000000,1.00868582,-0.00358009,0.00287381,0.00154792,0.47601416,0.85494780,0.20272607,-0.01894815,0.01305076,0.49826183,0.00000000,0.00000000,-0.86702661
26.25000000,1.01129482,-0.00321536,-0.01057655,0.00324852,0.50881887,0.85737408,0.19195148,0.09725803,-0.09820734,0.49392049,0.00000000,0.00000000,-0.86950707
26.30000000,0.99611666,-0.00003689,-0.00781142,0.00899826,0.52878128,0.85329346,0.19289510,-0.00800686,-0.00268620,0.48956680,0.00000000,0.00000000,-0.87196580
26.35000000,0.99921627,-0.00187999,0.00252449,0.00753212,0.51685763,0.83801528,0.12680390,0.03574647,0.01319480,0.48520087,0.00000000,0.00000000,-0.87440272
26.40000000,1.00505268,-0.01429498,0.01784948,-0.00608851,0.53930091,0.85173183,0.16086092,-0.02743237,0.01001281,0.48082281,0.00000000,0.00000000,-0.87681778
26.45000000,1.02857473,0.00301125,0.01606361,0.01205673,0.54970381,0.82787776,0.25239362,-0.06999753,0.07359331,0.47643273,0.00000000,0.00000000,-0.87921093
26.50000000,1.00200005,-0.02650224,-0.00340506,0.00653948,0.55200373,0.83941775,0.16698576,-0.06140531,-0.00119514,0.47203074,0.00000000,0.00000000,-0.88158209
26.55000000,1.00031566,-0.00348384,0.01227291,-0.00850207,0.56580044,0.82736213,0.13538155,-0.06198882,0.00253268,0.46761694,0.00000000,0.00000000,-0.88393122
26.60000000,1.01981200,0.00579270,-0.01725635,-0.03110488,0.57823788,0.82005236,0.25603897,-0.04238690,0.01766198,0.46319146,0.00000000,0.00000000,-0.88625824
26.65000000,1.00846173,-0.00447464,-0.00426086,0.00025263,0.58451557,0.81512113,0.24855844,-0.02365837,-0.05740764,0.45875440,0.00000000,0.00000000,-0.88856311
26.70000000,1.01976975,-0.00604634,-0.00568442,-0.00065803,0.58788417,0.80556608,0.20422033,-0.00477822,0.00981816,0.45430587,0.00000000,0.00000000,-0.89084577
26.75000000,0.97642513,0.01880876,-0.00147288,0.00580623,0.58149618,0.79881042,0.17493312,0.06272804,-0.02419838,0.44984598,0.00000000,0.00000000,-0.89310615
26.80000000,1.00758080,-0.00650420,-0.00452619,-0.00245550,0.61612095,0.77862905,0.14616174,-0.09008613,-0.04663457,0.44537484,0.00000000,0.00000000,-0.89534421
26.85000000,0.99188400,-0.01614481,-0.00734148,-0.02014714,0.60104759,0.80345918,0.22304901,0.00538381,-0.04284562,0.44089258,0.00000000,0.00000000,-0.89755988
26.90000000,0.98463915,-0.01139156,-0.00043210,0.00868177,0.62813500,0.79160935,0.17201545,-0.00190210,-0.01237087,0.43639928,0.00000000,0.00000000,-0.89975311
26.95000000,0.99798810,0.02037128,-0.01762000,-0.00234677,0.63905076,0.76441404,0.17621074,-0.02665932,-0.00798582,0.43189508,0.00000000,0.00000000,-0.90192385
27.00000000,0.98404043,0.00595286,0.00666287,0.00508375,0.62598879,0.77362988,0.16477581,-0.01787417,0.09830601,0.42738008,0.00000000,0.00000000,-0.90407205
27.05000000,1.00095695,-0.01187527,0.00180335,-0.01351796,0.63039821,0.75596808,0.18512988,0.03890253,0.02786675,0.42285440,0.00000000,0.00000000,-0.90619764
27.10000000,1.00522995,-0.01098925,-0.00541314,0.00272001,0.64373666,0.75713356,0.22473816,-0.01859759,0.01210969,0.41831815,0.00000000,0.00000000,-0.90830057
27.15000000,1.01592728,-0.00171859,0.01179338,0.00559370,0.64291398,0.74235777,0.16772046,-0.04122938,-0.00203788,0.41377143,0.00000000,0.00000000,-0.91038080
27.20000000,1.00614644,0.01255158,0.00308175,-0.00445680,0.64426478,0.74747161,0.20615248,0.00518082,0.09619393,0.40921438,0.00000000,0.00000000,-0.91243827
27.25000000,1.01240597,0.00785061,-0.00962077,-0.00512995,0.67157302,0.73232354,0.22738145,0.01296145,-0.04667060,0.40464709,0.00000000,0.00000000,-0.91447293
27.30000000,1.01196817,0.00102310,-0.01729071,-0.00051343,0.68270056,0.74304343,0.18990760,0.03402652,0.01036924,0.40006969,0.00000000,0.00000000,-0.91648472
27.35000000,0.98684945,-0.01415167,0.01122560,0.01195984,0.69041662,0.74143714,0.25225303,0.02757281,-0.03875509,0.39548228,0.00000000,0.00000000,-0.91847361
27.40000000,1.01731429,0.00536301,-0.00385839,-0.00668270,0.69698569,0.70286140,0.23629034,-0.04564498,0.01857410,0.39088499,0.00000000,0.00000000,-0.92043953
27.45000000,0.99478380,-0.00264419,-0.00756910,-0.00161229,0.72047252,0.72644255,0.22085278,-0.00413119,0.03975382,0.38627792,0.00000000,0.00000000,-0.92238244
27.50000000,1.01129970,-0.00829818,-0.00077439,-0.01821958,0.71990047,0.72619089,0.20858140,-0.09803334,0.02923041,0.38166120,0.00000000,0.00000000,-0.92430229
27.55000000,0.99095911,-0.00663349,0.00626576,0.00254554,0.71080822,0.69192274,0.21062756,-0.02131186,-0.04760659,0.37703494,0.00000000,0.00000000,-0.92619904
27.60000000,0.99667437,0.00339593,-0.00178103,-0.01413509,0.73252824,0.66383899,0.18503794,-0.03073612,0.00862676,0.37239925,0.00000000,0.00000000,-0.92807262
27.65000000,1.00561662,0.01126765,-0.00712405,0.00586582,0.73147180,0.66685089,0.28999474,-0.06734398,0.02076049,0.36775425,0.00000000,0.00000000,-0.92992301
27.70000000,1.00389960,0.00275637,-0.00494577,0.00827253,0.72071301,0.67597879,0.17978276,-0.03328968,0.02117418,0.36310006,0.00000000,0.00000000,-0.93175015
27.75000000,1.01077479,-0.00343256,0.00780681,0.00049741,0.73411881,0.66666068,0.19160658,-0.03415558,0.02116234,0.35843679,0.00000000,0.00000000,-0.93355400
27.80000000,1.00234646,-0.01590650,-0.01651526,0.00424684,0.74154841,0.66479681,0.23992432,-0.05983874,-0.06112587,0.35376456,0.00000000,0.00000000,-0.93533450
27.85000000,1.01674432,0.00351571,-0.00419241,-0.00933940,0.75117703,0.64234070,0.24450739,-0.03773737,0.05090435,0.34908349,0.00000000,0.00000000,-0.93709163
27.90000000,0.99599371,-0.01043350,-0.00426302,-0.02624167,0.76157829,0.64494984,0.24188362,-0.08735812,0.05396024,0.34439369,0.00000000,0.00000000,-0.93882532
27.95000000,1.00820599,0.01252044,-0.00052721,0.01013897,0.75450180,0.64612144,0.17051255,-0.07685294,-0.04827309,0.33969527,0.00000000,0.00000000,-0.94053555
28.00000000,1.00005531,-0.00824299,0.00376074,-0.01808238,0.75429461,0.64499087,0.24541917,-0.04992598,0.00186585,0.33498837,0.00000000,0.00000000,-0.94222226
28.05000000,1.01019507,0.00419201,0.00148223,0.01095154,0.77453225,0.62379170,0.20420178,-0.01519829,-0.01543263,0.33027309,0.00000000,0.00000000,-0.94388542
28.10000000,1.00072868,0.00034407,-0.01048428,0.00801796,0.77827112,0.61344814,0.19179466,0.01301488,-0.09276921,0.32554956,0.00000000,0.00000000,-0.94552498
28.15000000,1.00890910,-0.00676990,0.01219963,-0.00478165,0.79366334,0.62685734,0.19259706,0.05240305,0.00374615,0.32081788,0.00000000,0.00000000,-0.94714090
28.20000000,1.00415419,0.00069959,0.00847852,-0.00685532,0.79034867,0.59336194,0.20945918,-0.01287532,0.03376446,0.31607819,0.00000000,0.00000000,-0.94873314
28.25000000,1.01304732,-0.00975838,-0.00733949,-0.01436239,0.82645026,0.59476266,0.22645741,-0.06293594,0.00194768,0.31133059,0.00000000,0.00000000,-0.95030167
28.30000000,1.00509248,-0.00252758,0.01075706,0.02311831,0.80255265,0.57340417,0.16574556,0.06883141,0.04861555,0.30657521,0.00000000,0.00000000,-0.95184644
28.35000000,0.99864472,0.00036560,-0.00816544,0.00890027,0.81401981,0.57287500,0.23222591,-0.01140739,-0.00850800,0.30181217,0.00000000,0.00000000,-0.95336741
28.40000000,1.00010575,0.00795355,0.01646493,0.00585486,0.83156574,0.56527040,0.17334632,0.02624715,0.00965812,0.29704158,0.00000000,0.00000000,-0.95486455
28.45000000,0.98577371,-0.00328070,-0.00082897,-0.00510458,0.84398138,0.56380378,0.26641025,0.00878074,0.00563977,0.29226356,0.00000000,0.00000000,-0.95633781
28.50000000,0.99063402,0.00011930,0.00013054,-0.01367114,0.82931725,0.54745311,0.22349137,0.01763220,-0.02399735,0.28747824,0.00000000,0.00000000,-0.95778717
28.55000000,1.00468870,-0.00182079,-0.02869620,-0.00484702,0.85096744,0.52549336,0.21003970,0.06789504,-0.03201565,0.28268573,0.00000000,0.00000000,-0.95921258
28.60000000,1.00002149,-0.01304016,0.01627231,-0.00083333,0.84602484,0.54742567,0.23458221,-0.04215931,-0.02694715,0.27788615,0.00000000,0.00000000,-0.96061401
28.65000000,1.00494931,-0.00624121,-0.02117243,-0.00053241,0.83605290,0.54156335,0.21290618,-0.04348066,-0.02924379,0.27307963,0.00000000,0.00000000,-0.96199143
28.70000000,0.98110602,-0.01099462,0.01016323,0.02231786,0.86333037,0.51594543,0.18568219,-0.04577579,0.09411553,0.26826628,0.00000000,0.00000000,-0.96334480
28.75000000,0.99811251,0.02115630,0.01393520,-0.01740796,0.85453265,0.50158904,0.20142916,-0.00569734,0.13599589,0.26344622,0.00000000,0.00000000,-0.96467408
28.80000000,0.98922772,0.00228970,0.00616508,-0.00001572,0.86733363,0.48919421,0.20976221,0.01987046,0.01665074,0.25861958,0.00000000,0.00000000,-0.96597925
28.85000000,1.00570201,0.01412608,0.00936967,0.00071295,0.85946727,0.48495509,0.19517780,0.00828525,-0.01939169,0.25378647,0.00000000,0.00000000,-0.96726027
28.90000000,0.99064267,-0.01188199,-0.01651178,-0.00234951,0.86135411,0.47221364,0.18738417,-0.06274404,0.01898303,0.24894702,0.00000000,0.00000000,-0.96851710
28.95000000,1.00740223,-0.00549427,-0.00437027,0.00537430,0.87368912,0.46560708,0.25850904,0.03654208,0.02890213,0.24410134,0.00000000,0.00000000,-0.96974973
29.00000000,1.00925645,-0.01977279,0.01353836,0.00392062,0.89562711,0.46847423,0.20718798,-0.01531220,0.01841920,0.23924956,0.00000000,0.00000000,-0.97095811
29.05000000,0.99688252,0.00867876,-0.01586457,-0.00541576,0.91056920,0.44946353,0.19432574,-0.04247022,0.01701948,0.23439180,0.00000000,0.00000000,-0.97214221
29.10000000,0.99263735,-0.00185611,0.00848867,-0.00698763,0.90251974,0.45502278,0.25217907,0.00328518,0.14695351,0.22952818,0.00000000,0.00000000,-0.97330202
29.15000000,1.01054534,0.00324878,-0.00875924,-0.00097059,0.91332009,0.45492731,0.27111289,0.03211487,-0.05415483,0.22465882,0.00000000,0.00000000,-0.97443749
29.20000000,1.00487162,-0.01241402,-0.01487471,0.00239159,0.90862211,0.43785342,0.22723261,0.02077325,-0.04203500,0.21978385,0.00000000,0.00000000,-0.97554859
29.25000000,0.99895023,-0.01507117,-0.02003369,0.00740643,0.90010183,0.42848945,0.25456681,-0.03069671,0.02839951,0.21490338,0.00000000,0.00000000,-0.97663531
29.30000000,0.99338843,-0.01845879,0.00123309,-0.00470874,0.90738438,0.43042072,0.13676160,0.01412252,-0.04248913,0.21001754,0.00000000,0.00000000,-0.97769762
29.35000000,1.00908261,0.00298431,0.00379344,-0.00944890,0.90819040,0.41080157,0.28419248,0.01848002,-0.03813387,0.20512645,0.00000000,0.00000000,-0.97873548
29.40000000,1.00338939,0.02427472,0.00102423,0.01461841,0.91241242,0.39192981,0.23270780,0.01476906,-0.03227394,0.20023022,0.00000000,0.00000000,-0.97974887
29.45000000,0.99190483,0.00988284,0.01191551,0.01512144,0.94173247,0.38447925,0.19108275,0.05741815,0.03388943,0.19532900,0.00000000,0.00000000,-0.98073777
29.50000000,0.99017545,-0.01033636,0.00491930,-0.00177275,0.92721395,0.38460245,0.23894517,0.05647374,-0.08438092,0.19042289,0.00000000,0.00000000,-0.98170216
29.55000000,1.00253398,0.00694689,-0.01526586,-0.00654896,0.92276573,0.36480078,0.27779984,0.08745295,-0.03441605,0.18551202,0.00000000,0.00000000,-0.98264200
29.60000000,1.00526557,0.00558798,0.00387626,0.00398980,0.93780723,0.37212972,0.25430380,-0.05041152,0.03758573,0.18059651,0.00000000,0.00000000,-0.98355727
29.65000000,1.00892373,0.00314967,0.01131424,0.00188074,0.94028022,0.34710112,0.11474138,-0.00659553,-0.02788507,0.17567649,0.00000000,0.00000000,-0.98444795
29.70000000,0.98813552,0.01434018,0.00504208,-0.00029831,0.93603943,0.33945052,0.24933837,-0.03998304,0.00178407,0.17075207,0.00000000,0.00000000,-0.98531403
29.75000000,1.00868066,-0.01936001,-0.00057570,-0.00429291,0.94366691,0.32203900,0.21115476,0.08302722,-0.01248625,0.16582339,0.00000000,0.00000000,-0.98615547
29.80000000,1.00291711,0.01994746,-0.00550016,0.01814675,0.94828169,0.33540800,0.23855001,0.01073430,-0.00093509,0.16089056,0.00000000,0.00000000,-0.98697225
29.85000000,0.99375959,0.00075792,0.00897361,-0.00013111,0.94819065,0.30558321,0.24938490,0.05179089,-0.02783588,0.15595371,0.00000000,0.00000000,-0.98776436
29.90000000,0.99331412,0.00379359,0.01527532,0.01145990,0.94187165,0.29592146,0.16338214,-0.01496352,0.07375140,0.15101296,0.00000000,0.00000000,-0.98853178
29.95000000,0.98577399,-0.01618865,-0.00828554,0.00287311,0.96353557,0.29337803,0.25757825,-0.08184758,0.05514403,0.14606843,0.00000000,0.00000000,-0.98927449
30.00000000,0.99687905,0.00731494,-0.01323425,0.00004957,0.96253285,0.29097349,0.13410526,-0.00162470,-0.04653320,0.14112026,0.00000000,0.00000000,-0.98999246
30.05000000,1.00505496,0.00777217,0.01287170,-0.00535029,0.97218852,0.28340948,0.13151176,0.02438490,0.04486593,0.13616855,0.00000000,0.00000000,-0.99068568
30.10000000,0.99741274,-0.01210774,0.00942956,-0.01199509,0.96378255,0.25975674,0.23699983,-0.03102382,-0.02861551,0.13121344,0.00000000,0.00000000,-0.99135414
30.15000000,1.00098915,0.01006390,0.02287450,-0.01507481,0.97127274,0.23962412,0.25056262,-0.04497299,-0.02817119,0.12625505,0.00000000,0.00000000,-0.99199781
30.20000000,0.99410729,-0.00076199,0.00323198,0.00483701,0.97051810,0.22749700,0.23754759,-0.00536838,0.05395436,0.12129350,0.00000000,0.00000000,-0.99261669
30.25000000,0.99292261,-0.01602275,-0.00034026,0.01295953,0.97454458,0.22908158,0.16607690,0.07560971,-0.04404523,0.11632893,0.00000000,0.00000000,-0.99321074
30.30000000,0.99274606,0.00570034,-0.01856021,0.01274591,0.98143919,0.23032985,0.22995975,-0.01020566,-0.04554546,0.11136144,0.00000000,0.00000000,-0.99377997
30.35000000,0.99859925,-0.00975236,0.00486155,0.00806780,0.99212992,0.21529234,0.24634827,-0.01628872,-0.01938920,0.10639117,0.00000000,0.00000000,-0.99432435
30.40000000,1.00473672,-0.00386473,0.00269186,-0.01061192,0.97061241,0.20814472,0.24465399,-0.04707988,0.03199078,0.10141824,0.00000000,0.00000000,-0.99484388
30.45000000,0.99467264,0.00016505,0.01416944,0.00807487,0.98935630,0.21107432,0.17352156,-0.04708967,-0.03029429,0.09644277,0.00000000,0.00000000,-0.99533853
30.50000000,0.99745499,-0.02354551,-0.00207428,-0.00544571,0.99110594,0.18568720,0.17813603,0.02338385,0.03434531,0.09146490,0.00000000,0.00000000,-0.99580830
30.55000000,0.99231454,-0.00493024,-0.02225363,-0.01090660,0.97761609,0.17306304,0.16272120,-0.02596227,-0.05279845,0.08648473,0.00000000,0.00000000,-0.99625318
30.60000000,1.00171114,0.00425715,0.00402365,0.00012361,0.97130399,0.15626298,0.18678469,-0.02103591,0.00535326,0.08150241,0.00000000,0.00000000,-0.99667314
30.65000000,1.01425541,0.00812096,-0.00987518,0.00678403,0.99469300,0.14452674,0.24296244,-0.01017226,-0.06105504,0.07651804,0.00000000,0.00000000,-0.99706820
30.70000000,1.00455203,0.00216962,-0.00227678,-0.00037453,0.98257556,0.14879835,0.20305683,0.00444382,0.01797187,0.07153177,0.00000000,0.00000000,-0.99743832
30.75000000,0.98845414,-0.00894283,-0.02209944,0.00564742,0.97902177,0.13411811,0.22159110,0.02393804,-0.05184527,0.06654370,0.00000000,0.00000000,-0.99778351
30.80000000,0.99934838,0.01670280,0.01714315,0.00987323,0.99579715,0.11282344,0.23713774,-0.01006692,0.02706759,0.06155397,0.00000000,0.00000000,-0.99810376
30.85000000,0.99367157,-0.00172933,0.00164147,0.00246278,0.99853855,0.10715236,0.14492649,0.06966260,0.11332283,0.05656271,0.00000000,0.00000000,-0.99839905
30.90000000,1.00447421,-0.01323992,-0.00773195,0.00509118,1.00809222,0.09087390,0.19943967,0.00576235,0.04066512,0.05157003,0.00000000,0.00000000,-0.99866938
30.95000000,0.99656399,-0.01563815,0.00621198,0.01124796,0.99483543,0.09710342,0.18378011,-0.04082411,0.04790315,0.04657606,0.00000000,0.00000000,-0.99891475
31.00000000,1.00387496,0.00490369,0.01502115,-0.01054842,0.99102179,0.08466925,0.17976314,0.03202293,-0.00638075,0.04158092,0.00000000,0.00000000,-0.99913514
31.05000000,0.99007467,0.00065772,0.00170339,0.00934682,1.00125452,0.07773197,0.21932388,-0.01141757,-0.03003029,0.03658475,0.00000000,0.00000000,-0.99933055
31.10000000,1.00288838,-0.00333125,0.01689823,0.01342182,1.00433283,0.06692846,0.20106635,-0.05939917,-0.00766752,0.03158766,0.00000000,0.00000000,-0.99950099
31.15000000,1.00101400,0.00229456,0.00469536,0.00921330,0.99166443,0.04633000,0.26988428,0.03147934,-0.01547581,0.02658978,0.00000000,0.00000000,-0.99964643
31.20000000,0.99892789,-0.00102714,0.00031574,0.00472683,1.02441756,0.04506997,0.23463229,-0.07842153,-0.01968539,0.02159124,0.00000000,0.00000000,-0.99976688
31.25000000,1.01228815,0.00402315,-0.04389115,0.00674023,1.01863104,0.01322066,0.27294908,-0.12696562,0.04394859,0.01659215,0.00000000,0.00000000,-0.99986234
31.30000000,0.99991351,-0.02349971,0.00446138,0.01150840,1.00337009,0.02903203,0.18658928,-0.08624388,0.03294110,0.01159265,0.00000000,0.00000000,-0.99993280
31.35000000,1.01749754,0.01129581,-0.01987876,-0.01514894,0.99145339,-0.00274431,0.20697623,0.01459409,-0.06196287,0.00659287,0.00000000,0.00000000,-0.99997827
31.40000000,1.00777128,0.00601104,-0.00548159,-0.00172522,0.98049691,-0.00013680,0.20533027,0.00454662,0.01894389,0.00159291,0.00000000,0.00000000,-0.99999873
31.45000000,1.00244242,-0.00264344,0.00286195,0.01002032,0.99902180,-0.00363817,0.19667418,-0.03192394,0.02538389,-0.00340708,0.00000000,0.00000000,-0.99999420
31.50000000,0.99444774,0.00386147,0.00028255,-0.00303935,0.99657722,-0.02189459,0.13139753,0.01412359,0.01235509,-0.00840698,0.00000000,0.00000000,-0.99996466
31.55000000,1.00849670,-0.00531457,0.01895384,-0.00379736,0.99088943,-0.03674780,0.12745663,0.06554120,0.06331600,-0.01340668,0.00000000,0.00000000,-0.99991013
31.60000000,1.00600745,-0.00896089,0.01811268,-0.00351719,0.99663218,-0.02243326,0.23446738,0.09543632,0.01312320,-0.01840604,0.00000000,0.00000000,-0.99983059
31.65000000,0.99602969,-0.00611805,-0.01846996,-0.00278596,1.01035035,-0.04080873,0.20590820,-0.04749482,0.01214607,-0.02340495,0.00000000,0.00000000,-0.99972607
31.70000000,1.01012814,0.00430719,0.00166735,-0.00796958,1.00705833,-0.08810265,0.22212138,0.11194829,-0.06545651,-0.02840326,0.00000000,0.00000000,-0.99959655
31.75000000,0.99758631,-0.00007911,-0.00462583,0.01036374,1.00249327,-0.06524146,0.24065511,-0.00225089,0.14420786,-0.03340087,0.00000000,0.00000000,-0.99944204
31.80000000,1.00151347,0.00195282,-0.01710468,-0.00543450,1.00852502,-0.09009321,0.10851111,-0.00155481,0.06330156,-0.03839764,0.00000000,0.00000000,-0.99926254
31.85000000,1.00042381,-0.00336125,-0.01858488,0.00452254,1.00284677,-0.10452248,0.25573783,0.03124294,0.05263871,-0.04339345,0.00000000,0.00000000,-0.99905806
31.90000000,1.00583525,0.00653683,0.00520721,0.00868472,0.97712959,-0.11167359,0.17208473,-0.00880573,0.01935801,-0.04838818,0.00000000,0.00000000,-0.99882861
31.95000000,1.00324682,0.01117106,0.01148495,-0.00872385,0.99668655,-0.11508948,0.19658134,0.01139095,-0.15044224,-0.05338169,0.00000000,0.00000000,-0.99857418
32.00000000,1.02411244,0.00566409,-0.00595703,0.01927370,0.98971067,-0.11522348,0.18321552,0.07087932,-0.00269506,-0.05837388,0.00000000,0.00000000,-0.99829479
32.05000000,1.00149484,0.01203782,0.00585139,-0.00054348,1.00307376,-0.10108970,0.21919503,0.00222167,0.00963068,-0.06336460,0.00000000,0.00000000,-0.99799044
32.10000000,1.01310430,-0.00599198,-0.00278318,-0.01537443,0.97881685,-0.14156574,0.20249842,0.07611581,0.02597033,-0.06835374,0.00000000,0.00000000,-0.99766115
32.15000000,0.99087921,-0.00727980,0.01374749,0.01126610,0.98952364,-0.15071257,0.25530853,-0.04742294,0.01953213,-0.07334117,0.00000000,0.00000000,-0.99730691
32.20000000,1.02272659,0.00205356,-0.00775609,0.00410369,0.98302975,-0.17011341,0.23635128,0.04699107,-0.01190417,-0.07832677,0.00000000,0.00000000,-0.99692774
32.25000000,0.99622764,-0.00961565,-0.00149936,-0.00562368,0.97600843,-0.14711989,0.22586219,0.02259829,0.04150683,-0.08331040,0.00000000,0.00000000,-0.99652365
32.30000000,1.00771036,-0.00413110,0.00272553,-0.00269030,0.98879370,-0.17247739,0.18788691,-0.06244805,0.00853992,-0.08829196,0.00000000,0.00000000,-0.99609464
32.35000000,0.99795731,-0.01890372,0.00507662,0.00965342,1.00788449,-0.18964140,0.18090807,-0.05261482,0.01133075,-0.09327131,0.00000000,0.00000000,-0.99564073
32.40000000,1.00202318,-0.00811296,-0.00174930,-0.01978666,0.98995830,-0.20325278,0.20345012,-0.06680367,-0.02404364,-0.09824833,0.00000000,0.00000000,-0.99516193
32.45000000,0.99720409,-0.00011291,0.00479733,0.01439075,0.98601718,-0.19572134,0.26967174,0.02247811,0.00035840,-0.10322289,0.00000000,0.00000000,-0.99465825
32.50000000,1.01009112,0.01073009,0.00648566,-0.01454628,0.96817314,-0.21786800,0.23986571,-0.00395464,0.05284231,-0.10819487,0.00000000,0.00000000,-0.99412971
32.55000000,1.01315237,0.01199170,0.01205541,-0.01036994,0.97921411,-0.23094971,0.13125151,-0.01585610,0.06124404,-0.11316414,0.00000000,0.00000000,-0.99357631
32.60000000,1.00460742,0.02017809,0.00177230,0.02447803,0.97386554,-0.23438208,0.14778394,0.04666588,-0.02045572,-0.11813059,0.00000000,0.00000000,-0.99299807
32.65000000,0.99352952,0.01281231,0.01158223,0.01132051,0.96607378,-0.24482566,0.20232323,0.03199528,0.07147752,-0.12309408,0.00000000,0.00000000,-0.99239501
32.70000000,1.00368147,0.01974891,0.00897194,-0.00234799,0.97549121,-0.23694107,0.29436620,0.05007939,0.00314820,-0.12805449,0.00000000,0.00000000,-0.99176713
32.75000000,0.99783307,0.00576070,0.01673974,0.00433769,0.96916109,-0.26314568,0.19033627,-0.01025088,0.00805643,-0.13301171,0.00000000,0.00000000,-0.99111447
32.80000000,1.01718100,-0.00239714,0.00052612,-0.00865378,0.96909730,-0.25962568,0.27764975,0.00609474,0.02768590,-0.13796560,0.00000000,0.00000000,-0.99043702
32.85000000,0.99846450,0.00528019,0.00313965,0.00058264,0.96052755,-0.27837873,0.19184510,-0.01384479,0.07835555,-0.14291604,0.00000000,0.00000000,-0.98973482
32.90000000,1.02710547,-0.01204367,-0.01259471,-0.00957153,0.95524024,-0.28351734,0.23144164,0.00469347,0.02565472,-0.14786290,0.00000000,0.00000000,-0.98900787
32.95000000,0.99307914,-0.00244123,-0.00020095,-0.01584216,0.94168751,-0.31323876,0.23917196,0.00797261,0.02932749,-0.15280607,0.00000000,0.00000000,-0.98825619
33.00000000,0.98160345,-0.01483567,0.00663215,-0.02778670,0.96247906,-0.32977401,0.24271553,-0.04273871,0.04890840,-0.15774542,0.00000000,0.00000000,-0.98747981
33.05000000,1.03208161,-0.02273178,0.00695377,-0.01808163,0.95133759,-0.32309515,0.21080404,-0.04377185,0.03690686,-0.16268083,0.00000000,0.00000000,-0.98667875
33.10000000,0.98551642,0.01241637,-0.00409250,-0.01402691,0.95976169,-0.33115535,0.29031207,0.05162071,-0.03369416,-0.16761217,0.00000000,0.00000000,-0.98585301
33.15000000,0.99915010,0.00121038,0.01526303,0.00437518,0.94222329,-0.34190216,0.20273902,0.05534313,0.00216571,-0.17253932,0.00000000,0.00000000,-0.98500263
33.20000000,0.99605003,-0.00564507,-0.00553765,-0.01402096,0.92951062,-0.33430661,0.19576060,0.02850225,-0.10885336,-0.17746215,0.00000000,0.00000000,-0.98412763
33.25000000,1.00568311,-0.00161353,-0.00481440,0.00180960,0.92851642,-0.37988209,0.24624418,0.00786808,-0.01203993,-0.18238055,0.00000000,0.00000000,-0.98322802
33.30000000,0.99033815,-0.01469858,0.00223893,0.01613441,0.93187329,-0.38178761,0.21506753,-0.00538557,0.04064121,-0.18729439,0.00000000,0.00000000,-0.98230383
33.35000000,1.00606733,-0.02985823,0.00545242,-0.01003479,0.91189830,-0.37912459,0.22337919,-0.07637588,0.03350962,-0.19220355,0.00000000,0.00000000,-0.98135508
33.40000000,1.00763339,0.00046976,-0.00867624,-0.00979378,0.93255627,-0.40159422,0.25260457,-0.01038793,-0.00228585,-0.19710790,0.00000000,0.00000000,-0.98038180
33.45000000,0.98291912,-0.00146717,0.00613586,-0.01336410,0.92337244,-0.39479536,0.17621037,0.03522214,-0.09648792,-0.20200732,0.00000000,0.00000000,-0.97938401
33.50000000,1.00346681,0.01619435,0.01439943,0.00389807,0.91136657,-0.41120744,0.19145275,0.02131980,-0.03410104,-0.20690170,0.00000000,0.00000000,-0.97836174
33.55000000,1.00757424,0.02133161,-0.00061883,-0.01344395,0.89684178,-0.40620719,0.20232807,0.03621307,-0.02186485,-0.21179090,0.00000000,0.00000000,-0.97731500
33.60000000,1.00830624,-0.00158299,-0.00732504,-0.00400998,0.89413351,-0.40316129,0.20068967,0.02582355,-0.02200952,-0.21667481,0.00000000,0.00000000,-0.97624384
33.65000000,0.98948072,-0.00233881,0.01101193,-0.00520732,0.89312295,-0.43053998,0.22731697,0.07047040,0.01782020,-0.22155330,0.00000000,0.00000000,-0.97514826
33.70000000,1.00643993,0.00719275,-0.01153015,-0.00963332,0.88662335,-0.45441261,0.24057405,0.00997143,0.00555517,-0.22642625,0.00000000,0.00000000,-0.97402831
33.75000000,0.97407283,0.02055477,-0.00894272,0.02051813,0.87851418,-0.45816758,0.10648558,0.01319472,-0.04724970,-0.23129354,0.00000000,0.00000000,-0.97288401
33.80000000,0.98927000,-0.01372514,0.00777355,0.00711464,0.90658193,-0.46580805,0.21478590,-0.06066082,-0.01298340,-0.23615505,0.00000000,0.00000000,-0.97171539
33.85000000,0.99481155,0.00464450,0.01017022,0.00991067,0.87539961,-0.45782783,0.20302845,-0.01751641,-0.02968560,-0.24101065,0.00000000,0.00000000,-0.97052247
33.90000000,0.99440064,0.01742314,0.00307411,0.00174612,0.87648303,-0.45216746,0.26336184,-0.03524688,-0.01023644,-0.24586023,0.00000000,0.00000000,-0.96930529
33.95000000,0.99785755,0.00145872,-0.00701226,0.00438817,0.88881623,-0.49853060,0.15454774,-0.02460751,-0.01753409,-0.25070366,0.00000000,0.00000000,-0.96806388
34.00000000,1.01998466,0.01001709,0.00944322,-0.00264366,0.86653464,-0.50862991,0.23996049,0.01896063,0.05951155,-0.25554083,0.00000000,0.00000000,-0.96679826
34.05000000,0.99789170,-0.00141779,0.00170046,0.00891898,0.84971110,-0.49542142,0.20408341,-0.05034370,-0.09122640,-0.26037160,0.00000000,0.00000000,-0.96550848
34.10000000,0.99863526,0.01447713,0.01674685,0.00355376,0.87896236,-0.51183024,0.24763303,-0.02317966,-0.02101356,-0.26519587,0.00000000,0.00000000,-0.96419456
34.15000000,0.99322491,-0.02060529,0.01287092,-0.00641632,0.84617102,-0.53176826,0.19586077,0.07586577,0.09563664,-0.27001351,0.00000000,0.00000000,-0.96285653
34.20000000,0.98339133,-0.00354448,-0.01034358,0.00988338,0.85180904,-0.53484995,0.20824557,-0.02435081,0.07419128,-0.27482440,0.00000000,0.00000000,-0.96149444
34.25000000,1.00546960,0.00669823,-0.02666917,-0.00066789,0.86444801,-0.52368583,0.12239564,-0.01701683,-0.05173358,-0.27962841,0.00000000,0.00000000,-0.96010830
34.30000000,1.01711102,0.00244278,-0.00767796,0.00034158,0.81213068,-0.55620590,0.20662981,0.03481975,-0.08481821,-0.28442544,0.00000000,0.00000000,-0.95869816
34.35000000,0.99618845,0.01009686,-0.01451453,0.00229183,0.83336870,-0.53656712,0.19470800,-0.01067421,0.04023496,-0.28921535,0.00000000,0.00000000,-0.95726406
34.40000000,0.98673651,-0.00220883,-0.00455725,-0.00138912,0.83561437,-0.55646858,0.17151791,0.00311337,0.06865458,-0.29399804,0.00000000,0.00000000,-0.95580602
34.45000000,0.99168634,0.00145167,-0.00193161,-0.00063005,0.80516237,-0.55614563,0.17036993,0.04288733,-0.02578881,-0.29877337,0.00000000,0.00000000,-0.95432409
34.50000000,0.99374495,0.01213123,0.00993885,0.00208666,0.82333694,-0.58132482,0.20462579,-0.03258874,0.04243101,-0.30354124,0.00000000,0.00000000,-0.95281830
34.55000000,0.99306587,0.01485156,-0.00315834,0.00020509,0.81748763,-0.58632885,0.19167714,-0.00434269,0.04197277,-0.30830152,0.00000000,0.00000000,-0.95128869
34.60000000,0.99337148,-0.00126237,0.00010287,0.00864585,0.80299583,-0.57655404,0.19799938,-0.01362954,-0.00564879,-0.31305409,0.00000000,0.00000000,-0.94973530
34.65000000,0.98683359,-0.01036727,-0.00530667,0.01135830,0.79767655,-0.60749355,0.25985230,0.06637075,0.05814241,-0.31779883,0.00000000,0.00000000,-0.94815816
34.70000000,0.99146910,-0.00495249,0.01813736,0.00241140,0.78926527,-0.60341344,0.25004778,-0.02855600,0.01181365,-0.32253563,0.00000000,0.00000000,-0.94655733
34.75000000,1.00926560,-0.01160287,0.00012345,-0.01114390,0.77596027,-0.62411667,0.22633743,-0.01740129,-0.02699814,-0.32726436,0.00000000,0.00000000,-0.94493282
34.80000000,1.00051555,-0.01146963,0.00428803,0.01131387,0.77877999,-0.62833907,0.22170076,-0.09371591,0.02600721,-0.33198491,0.00000000,0.00000000,-0.94328470
34.85000000,1.03101886,-0.00122676,-0.00119125,0.00743607,0.78972336,-0.62432717,0.10859833,0.02219596,0.11702021,-0.33669717,0.00000000,0.00000000,-0.94161299
34.90000000,1.00622441,-0.01154602,0.00281830,-0.01280687,0.77921875,-0.65133655,0.20832028,-0.04136109,-0.02243790,-0.34140100,0.00000000,0.00000000,-0.93991774
34.95000000,1.01486151,0.00103457,-0.00559202,-0.01145228,0.74171768,-0.66192722,0.21000697,0.04083739,-0.02305968,-0.34609631,0.00000000,0.00000000,-0.93819899
35.00000000,1.01570544,-0.00717500,-0.00238012,-0.01079577,0.76381025,-0.63601105,0.12620915,-0.01848084,0.05856267,-0.35078295,0.00000000,0.00000000,-0.93645679
35.05000000,0.98553054,0.00566684,0.01221472,0.00078229,0.75279782,-0.64688319,0.29213628,-0.00577126,-0.02180866,-0.35546083,0.00000000,0.00000000,-0.93469118
35.10000000,0.99080020,0.00976964,-0.01371776,-0.00252574,0.74163991,-0.67696184,0.21751394,0.11168852,-0.00343805,-0.36012983,0.00000000,0.00000000,-0.93290220
35.15000000,0.99564594,0.01015332,0.00239584,0.01439336,0.73550366,-0.68178845,0.12522940,-0.07543674,-0.08009494,-0.36478982,0.00000000,0.00000000,-0.93108989
35.20000000,1.00379339,-0.01362249,0.01255577,0.00030247,0.72458529,-0.69504725,0.23282826,-0.03897824,-0.04206744,-0.36944069,0.00000000,0.00000000,-0.92925431
35.25000000,1.01188350,0.00354621,-0.00234929,0.00641433,0.72021415,-0.69001439,0.16846945,0.08959104,-0.02392139,-0.37408232,0.00000000,0.00000000,-0.92739550
35.30000000,1.01556016,-0.00188869,0.00807097,0.00734223,0.72461902,-0.70941719,0.25310388,0.07957530,-0.00956910,-0.37871460,0.00000000,0.00000000,-0.92551351
35.35000000,1.00034706,-0.00523447,-0.00346436,0.01711423,0.69606251,-0.71752848,0.27704168,0.02493065,0.09682584,-0.38333742,0.00000000,0.00000000,-0.92360837
35.40000000,0.99549561,0.00126281,-0.00660677,0.00143301,0.68124763,-0.70828327,0.21946620,-0.00557392,-0.01545762,-0.38795065,0.00000000,0.00000000,-0.92168015
35.45000000,0.99105246,0.00727713,-0.01171090,0.00511896,0.71254695,-0.70723162,0.13768863,-0.02700366,0.02084785,-0.39255418,0.00000000,0.00000000,-0.91972888
35.50000000,0.99929718,-0.01399406,0.00385316,-0.00010017,0.70369035,-0.73150092,0.25723470,-0.05966592,-0.04397397,-0.39714790,0.00000000,0.00000000,-0.91775462
35.55000000,1.00721662,0.01083731,-0.00957393,0.00024077,0.66340751,-0.73758974,0.24242832,-0.02245194,-0.00913717,-0.40173169,0.00000000,0.00000000,-0.91575742
35.60000000,0.98870205,-0.00648358,0.01758111,0.00072925,0.65980872,-0.74566059,0.13356086,-0.04835460,0.06283624,-0.40630543,0.00000000,0.00000000,-0.91373732
35.65000000,0.99857518,0.01890730,-0.00095348,-0.00035979,0.66878224,-0.77589983,0.21416517,-0.00519074,0.06845768,-0.41086902,0.00000000,0.00000000,-0.91169438
35.70000000,1.00964679,-0.01133692,0.01242139,-0.00262315,0.64580403,-0.75378909,0.19593188,0.06580226,0.01723308,-0.41542234,0.00000000,0.00000000,-0.90962865
35.75000000,1.00205659,0.00900647,0.01092872,0.00783605,0.66145298,-0.75618388,0.21249760,0.05241746,-0.00206500,-0.41996527,0.00000000,0.00000000,-0.90754018
35.80000000,1.00033247,0.01721577,0.01621924,-0.00008176,0.63506789,-0.75407333,0.24079580,0.01111322,-0.01239459,-0.42449770,0.00000000,0.00000000,-0.90542902
35.85000000,1.00331697,-0.00021708,-0.00664338,0.00129042,0.63453875,-0.77881651,0.24542031,0.05463834,0.04537514,-0.42901952,0.00000000,0.00000000,-0.90329522
35.90000000,0.99723752,0.00755822,0.00077961,-0.01235746,0.63082971,-0.77988123,0.32098699,0.06217113,0.03380360,-0.43353061,0.00000000,0.00000000,-0.90113884
35.95000000,1.00249171,0.00163722,-0.01003689,-0.01738987,0.60753232,-0.78802157,0.11083742,-0.02734281,-0.00907359,-0.43803087,0.00000000,0.00000000,-0.89895993
36.00000000,0.99784573,-0.00661724,-0.00341514,0.01723894,0.61497324,-0.79927051,0.20194339,-0.00426621,-0.03234401,-0.44252017,0.00000000,0.00000000,-0.89675855
36.05000000,0.99230870,0.01010524,-0.00419784,-0.01094696,0.59995343,-0.79853113,0.11677799,-0.00482223,0.04081724,-0.44699842,0.00000000,0.00000000,-0.89453475
36.10000000,1.00451229,0.02229795,0.01251109,0.01448934,0.62035869,-0.79809343,0.21229272,0.04054699,-0.02300981,-0.45146548,0.00000000,0.00000000,-0.89228858
36.15000000,1.00107686,-0.00647728,0.00397985,-0.00651909,0.57740232,-0.80742346,0.19884136,-0.08920137,-0.06309448,-0.45592126,0.00000000,0.00000000,-0.89002011
36.20000000,0.98852734,-0.00882972,0.00414423,0.00218939,0.58677974,-0.80983221,0.25293696,0.02420830,0.01137714,-0.46036565,0.00000000,0.00000000,-0.88772939
36.25000000,1.01099352,0.00919413,0.00376095,0.01271072,0.54446679,-0.82598517,0.19132463,0.04854955,0.07227492,-0.46479852,0.00000000,0.00000000,-0.88541648
36.30000000,0.98549821,0.01411167,-0.01171445,-0.01141215,0.55732275,-0.83190060,0.13530546,0.02606343,0.03238380,-0.46921977,0.00000000,0.00000000,-0.88308143
36.35000000,1.01054042,-0.00433455,-0.00039583,-0.00030427,0.56823053,-0.86261611,0.16220415,-0.00275221,-0.04654818,-0.47362930,0.00000000,0.00000000,-0.88072430
36.40000000,0.99741680,-0.00126076,-0.00657686,0.00064469,0.54926191,-0.84210803,0.18473252,-0.01041323,0.00166744,-0.47802698,0.00000000,0.00000000,-0.87834515
36.45000000,0.98259680,0.00461554,-0.00451001,0.01261535,0.54046649,-0.83343242,0.15978654,-0.01960892,-0.05356443,-0.48241271,0.00000000,0.00000000,-0.87594405
36.50000000,0.99294809,0.01252105,0.01487491,-0.01148133,0.52149526,-0.85119826,0.23118908,-0.08170111,-0.06968834,-0.48678638,0.00000000,0.00000000,-0.87352105
36.55000000,1.00489626,-0.01949039,-0.00446797,0.00162092,0.52170417,-0.85707165,0.18864286,0.03477036,0.01475480,-0.49114788,0.00000000,0.00000000,-0.87107621
36.60000000,0.99352983,0.00037723,0.00383169,0.01718237,0.51682847,-0.84864151,0.17769281,-0.02644217,-0.00852651,-0.49549711,0.00000000,0.00000000,-0.86860959
36.65000000,0.99856427,-0.01008025,0.01265934,0.00883352,0.49727528,-0.85941650,0.21496835,0.02919169,-0.05811924,-0.49983394,0.00000000,0.00000000,-0.86612126
36.70000000,0.99854339,-0.00058039,0.00623642,-0.00628438,0.46664954,-0.88161055,0.20226985,-0.00014301,0.07729951,-0.50415828,0.00000000,0.00000000,-0.86361127
36.75000000,1.00582746,0.00081530,-0.00032391,0.01104183,0.47701537,-0.87706926,0.15628690,0.06045541,0.01955309,-0.50847002,0.00000000,0.00000000,-0.86107969
36.80000000,0.99292477,-0.00114455,0.00509651,-0.00250719,0.46879111,-0.88699446,0.22015884,-0.01901267,-0.01829266,-0.51276904,0.00000000,0.00000000,-0.85852659
36.85000000,0.98663938,0.00077641,-0.00181223,-0.00321648,0.46729545,-0.87766895,0.23637496,0.02171877,-0.00876310,-0.51705525,0.00000000,0.00000000,-0.85595203
36.90000000,0.99433002,-0.01043916,-0.00593157,0.00019650,0.44857027,-0.88879715,0.16182346,-0.07728182,0.03864496,-0.52132853,0.00000000,0.00000000,-0.85335606
36.95000000,0.99525585,-0.00837034,-0.01093847,0.00423036,0.46126196,-0.89830822,0.19535971,0.04492483,-0.07896559,-0.52558877,0.00000000,0.00000000,-0.85073876
37.00000000,1.01966869,0.02444100,-0.02706338,-0.00097503,0.43135841,-0.90135554,0.18628925,0.03330297,-0.00303428,-0.52983588,0.00000000,0.00000000,-0.84810020
37.05000000,0.99089093,-0.00172185,0.00514784,-0.01183721,0.41307669,-0.88312087,0.17626981,-0.00914261,-0.01578995,-0.53406974,0.00000000,0.00000000,-0.84544043
37.10000000,1.00548088,0.01772790,0.00579934,-0.01518365,0.40664598,-0.91128811,0.19300425,-0.08000800,0.03864204,-0.53829025,0.00000000,0.00000000,-0.84275952
37.15000000,0.98913679,0.01493302,0.01820633,-0.00248254,0.41578309,-0.92377737,0.23289165,-0.02527984,-0.04662264,-0.54249730,0.00000000,0.00000000,-0.84005755
37.20000000,0.99710665,-0.00465748,-0.00325159,0.00949680,0.39440529,-0.89817596,0.14574153,0.06924424,-0.04345974,-0.54669079,0.00000000,0.00000000,-0.83733457
37.25000000,0.99998987,-0.00490196,-0.00343729,0.00801357,0.40808141,-0.90759768,0.18689427,0.00524014,-0.03297559,-0.55087061,0.00000000,0.00000000,-0.83459066
37.30000000,0.99008450,-0.01146301,-0.00437573,0.00249606,0.36475046,-0.92385126,0.27279870,0.04717339,-0.02417023,-0.55503666,0.00000000,0.00000000,-0.83182589
37.35000000,0.98603127,0.00459830,-0.02317428,0.01110154,0.37247982,-0.90886717,0.12776776,0.03806075,-0.00249489,-0.55918883,0.00000000,0.00000000,-0.82904032
37.40000000,0.99668949,-0.01369843,0.00595748,0.00676137,0.38317660,-0.92079941,0.17844019,-0.04789410,-0.05920080,-0.56332703,0.00000000,0.00000000,-0.82623402
37.45000000,1.01473224,-0.00778174,0.01480230,0.00525072,0.35929744,-0.93755524,0.23454619,-0.00369187,-0.01451172,-0.56745114,0.00000000,0.00000000,-0.82340707
37.50000000,1.00696005,-0.00143972,-0.00798335,0.00599827,0.34599605,-0.93311066,0.18470277,-0.05707355,0.07959487,-0.57156106,0.00000000,0.00000000,-0.82055954
37.55000000,1.01546611,0.00883785,-0.00387811,-0.00300318,0.35106201,-0.94495746,0.17671123,0.08072888,-0.00013221,-0.57565670,0.00000000,0.00000000,-0.81769149
37.60000000,1.01768425,-0.01398392,0.00518185,0.02071083,0.32810534,-0.94738447,0.15277655,0.04540385,-0.03244117,-0.57973794,0.00000000,0.00000000,-0.81480299
37.65000000,0.99905191,-0.01234502,0.01556895,0.01154885,0.31802831,-0.95951670,0.27368785,-0.01936496,-0.04742626,-0.58380469,0.00000000,0.00000000,-0.81189413
37.70000000,0.98237882,-0.00645965,-0.01454638,-0.00622821,0.31629274,-0.95486520,0.22090709,-0.03534851,0.00491445,-0.58785685,0.00000000,0.00000000,-0.80896497
37.75000000,1.01920901,-0.00348486,0.00384429,-0.01565527,0.31452332,-0.95892414,0.25198129,-0.00850879,0.02935066,-0.59189431,0.00000000,0.00000000,-0.80601559
37.80000000,1.00671012,-0.00452440,0.01091906,-0.00758985,0.29754527,-0.96099960,0.22063271,-0.02366096,0.00423499,-0.59591697,0.00000000,0.00000000,-0.80304605
37.85000000,0.98925306,0.00247557,0.00044188,-0.00540154,0.27963034,-0.95860725,0.17743567,-0.00875826,-0.04296965,-0.59992474,0.00000000,0.00000000,-0.80005644
37.90000000,1.02345733,0.01059119,0.00273094,0.01172113,0.25077478,-0.98827786,0.18714316,-0.06465126,-0.00858132,-0.60391750,0.00000000,0.00000000,-0.79704683
37.95000000,1.00205657,0.00920414,-0.01138264,0.00399631,0.26107082,-0.96188346,0.18175509,0.05885568,-0.00262905,-0.60789517,0.00000000,0.00000000,-0.79401729
38.00000000,1.01774182,-0.00790389,0.00742827,-0.00059668,0.24798303,-0.96159636,0.19162056,-0.12204671,-0.13497563,-0.61185764,0.00000000,0.00000000,-0.79096791
38.05000000,1.01272422,0.01230258,0.01887341,-0.00017528,0.22864251,-0.97457952,0.20551092,-0.04803612,0.07572650,-0.61580481,0.00000000,0.00000000,-0.78789874
38.10000000,1.02239503,0.00478281,-0.00010864,-0.01294967,0.24731745,-0.97198774,0.19206817,0.01851876,-0.02419382,-0.61973659,0.00000000,0.00000000,-0.78480988
38.15000000,1.00146875,-0.01442467,0.01087087,-0.00104411,0.23370218,-0.97703203,0.19890896,-0.05721648,0.03597736,-0.62365288,0.00000000,0.00000000,-0.78170140
38.20000000,0.99124160,-0.00486422,0.00001047,0.00121224,0.19529205,-0.97950108,0.24056378,-0.01991979,-0.00805031,-0.62755358,0.00000000,0.00000000,-0.77857338
38.25000000,1.00162406,-0.00125960,-0.01030516,-0.00036346,0.21251137,-0.98977941,0.18825266,-0.06478843,0.04409988,-0.63143858,0.00000000,0.00000000,-0.77542589
38.30000000,0.99907642,-0.00850200,0.00092266,-0.01203600,0.18243304,-0.99584570,0.15729218,0.05770198,-0.03078605,-0.63530780,0.00000000,0.00000000,-0.77225902
38.35000000,1.00466225,-0.00836301,0.00759534,-0.01026082,0.18333836,-0.98259444,0.30910262,0.02519348,-0.02451547,-0.63916114,0.00000000,0.00000000,-0.76907284
38.40000000,1.00685049,0.02138174,-0.01629636,-0.00842482,0.17073689,-0.98907411,0.19011867,-0.06132704,0.06478682,-0.64299850,0.00000000,0.00000000,-0.76586744
38.45000000,0.98577391,-0.00200213,0.01045831,-0.00030185,0.15345440,-1.00007176,0.19471412,-0.03685539,0.01117821,-0.64681978,0.00000000,0.00000000,-0.76264289
38.50000000,0.98598549,0.00813036,0.00115550,0.00189836,0.16778526,-0.99254609,0.17254049,-0.02749673,-0.00661005,-0.65062489,0.00000000,0.00000000,-0.75939927
38.55000000,0.99909035,-0.00830698,-0.02023085,-0.00560929,0.14708357,-0.98828986,0.25864571,0.08445202,0.03595844,-0.65441374,0.00000000,0.00000000,-0.75613666
38.60000000,1.01382521,0.00766774,0.01709899,0.01850854,0.14309343,-0.98397399,0.19582174,-0.00484866,-0.01310854,-0.65818623,0.00000000,0.00000000,-0.75285516
38.65000000,1.00621252,-0.00720348,-0.00191106,-0.02355170,0.14089579,-0.99452878,0.22537418,0.06219420,0.01542953,-0.66194226,0.00000000,0.00000000,-0.74955483
38.70000000,1.01444344,-0.01241738,0.02397377,0.01087110,0.11582766,-0.97926026,0.15273706,-0.01590725,0.06658884,-0.66568174,0.00000000,0.00000000,-0.74623576
38.75000000,0.98132940,0.00560458,0.00532176,0.01969226,0.08796545,-0.97850240,0.17997971,-0.02299087,-0.05264970,-0.66940459,0.00000000,0.00000000,-0.74289804
38.80000000,0.98912148,0.00403522,-0.01112332,0.00740284,0.08721433,-1.00771725,0.18139566,0.01205800,-0.01040361,-0.67311069,0.00000000,0.00000000,-0.73954175
38.85000000,1.00034210,0.00696207,0.01082421,-0.00310095,0.07344137,-0.99571462,0.22604809,-0.06832562,-0.03782921,-0.67679997,0.00000000,0.00000000,-0.73616696
38.90000000,0.99280813,-0.00207822,-0.00761034,0.00707041,0.05786348,-1.01306175,0.19006804,-0.01085543,-0.06305365,-0.68047233,0.00000000,0.00000000,-0.73277378
38.95000000,0.99393251,-0.00401044,-0.00393298,0.00151881,0.05732285,-0.98317547,0.22683318,-0.03909521,0.00622668,-0.68412768,0.00000000,0.00000000,-0.72936227
39.00000000,1.00124015,0.01214721,-0.00600382,0.00767339,0.05437461,-0.98362765,0.26273042,0.00580918,-0.00972964,-0.68776592,0.00000000,0.00000000,-0.72593253
39.05000000,1.00506606,-0.00180450,0.01680307,0.00078470,0.03991168,-1.00362909,0.15075140,0.02189008,-0.03467202,-0.69138697,0.00000000,0.00000000,-0.72248464
39.10000000,1.01098148,-0.01292935,0.00127241,0.01150224,0.01245327,-0.97924000,0.18598067,0.00330998,0.02755599,-0.69499074,0.00000000,0.00000000,-0.71901869
39.15000000,1.00726129,0.00273884,0.00997385,0.00519071,0.04158880,-0.99448916,0.29286117,0.03729747,-0.07875560,-0.69857713,0.00000000,0.00000000,-0.71553476
39.20000000,1.02611103,-0.00574344,0.01495544,0.00026793,0.02459273,-1.00678704,0.23298415,-0.01432303,0.07261517,-0.70214606,0.00000000,0.00000000,-0.71203295
39.25000000,1.00438668,0.00935943,-0.02164077,-0.00085573,0.00808779,-0.99775592,0.24798426,-0.01936374,0.00418183,-0.70569743,0.00000000,0.00000000,-0.70851333
39.30000000,1.01181227,-0.02278689,0.00589351,-0.00333885,-0.01514086,-0.99661645,0.25989329,0.04347192,-0.00404244,-0.70923116,0.00000000,0.00000000,-0.70497600
39.35000000,1.00875741,0.00868068,-0.00087371,-0.00693081,-0.02236937,-0.99149319,0.20311514,-0.04978669,-0.07334936,-0.71274716,0.00000000,0.00000000,-0.70142105
39.40000000,1.00831831,-0.00546778,0.00330388,0.01239707,-0.03910402,-1.00011293,0.19736633,0.01398262,0.05741692,-0.71624534,0.00000000,0.00000000,-0.69784856
39.45000000,0.98670548,0.00569798,0.01031524,-0.00186377,-0.03738439,-0.99516694,0.22042069,0.02304360,0.02710123,-0.71972561,0.00000000,0.00000000,-0.69425863
39.50000000,0.99018028,0.00990266,0.01166783,0.00186083,-0.06094302,-1.00008883,0.21369410,-0.05418808,-0.01410586,-0.72318790,0.00000000,0.00000000,-0.69065133
39.55000000,0.98590631,0.00607292,0.00165955,-0.01645783,-0.05247377,-0.99899651,0.22809475,-0.02050986,-0.03384325,-0.72663210,0.00000000,0.00000000,-0.68702678
39.60000000,0.99229155,-0.00538170,0.00018825,0.00147958,-0.06787696,-1.00205482,0.18928477,0.10914886,-0.03246788,-0.73005814,0.00000000,0.00000000,-0.68338504
39.65000000,0.99442028,0.03293854,0.00421013,-0.01379981,-0.06751764,-1.00621243,0.24565447,-0.01243452,-0.01766827,-0.73346592,0.00000000,0.00000000,-0.67972623
39.70000000,1.01609165,0.00566401,0.00972989,0.00434920,-0.09035611,-0.99018921,0.25907776,0.00302567,0.08257191,-0.73685537,0.00000000,0.00000000,-0.67605042
39.75000000,1.00850487,0.00211983,0.00251487,0.00137237,-0.10838262,-0.99629456,0.21489176,-0.02160789,0.01710138,-0.74022640,0.00000000,0.00000000,-0.67235770
39.80000000,1.00021307,0.00773692,0.00663112,0.00167153,-0.11949134,-0.97647816,0.19865444,-0.00661735,-0.01331800,-0.74357892,0.00000000,0.00000000,-0.66864818
39.85000000,0.99511588,0.01544058,0.01386044,0.00444393,-0.11683261,-0.98708631,0.20830030,-0.01150703,0.01712056,-0.74691285,0.00000000,0.00000000,-0.66492195
39.90000000,0.99558842,0.00252264,0.00204221,0.00602936,-0.13187580,-0.98496891,0.16446852,-0.02860596,-0.02165425,-0.75022811,0.00000000,0.00000000,-0.66117909
39.95000000,0.98927948,0.01015662,-0.00969052,-0.00698916,-0.12304460,-0.99646967,0.19658600,-0.04825931,0.03925071,-0.75352461,0.00000000,0.00000000,-0.65741970
40.00000000,1.00846736,0.00738946,0.00537530,0.00073589,-0.15074314,-0.99750804,0.26268633,0.03120309,-0.02900551,-0.75680228,0.00000000,0.00000000,-0.65364387
40.05000000,1.00039832,-0.00300115,-0.01128211,0.00177651,-0.15954044,-0.99737927,0.13885118,-0.07293542,-0.01461068,-0.76006102,0.00000000,0.00000000,-0.64985171
40.10000000,0.99914905,-0.00875301,0.00650739,-0.00065547,-0.15948727,-0.98807979,0.16979903,0.00210349,-0.05446852,-0.76330077,0.00000000,0.00000000,-0.64604330
40.15000000,1.00539439,-0.00937149,0.00918233,-0.00338456,-0.16448487,-0.99577507,0.17468922,0.01403593,0.05434622,-0.76652143,0.00000000,0.00000000,-0.64221873
40.20000000,1.01666609,0.00041366,0.01837746,-0.00289665,-0.17395909,-0.99217035,0.22379194,-0.10772370,-0.04815907,-0.76972293,0.00000000,0.00000000,-0.63837811
40.25000000,1.00466677,-0.01312439,0.00426950,0.00906458,-0.19977804,-0.99053950,0.18379373,-0.04619244,-0.00252641,-0.77290518,0.00000000,0.00000000,-0.63452154
40.30000000,1.00102091,-0.00306010,0.01674359,-0.00719404,-0.19064911,-0.98926570,0.20825471,0.04991008,0.05259583,-0.77606812,0.00000000,0.00000000,-0.63064909
40.35000000,0.99579742,0.00555070,0.00421179,-0.00539939,-0.20818208,-0.95813384,0.22609510,0.02232823,0.03205968,-0.77921165,0.00000000,0.00000000,-0.62676089
40.40000000,0.98539023,0.00460225,-0.01016760,-0.00589887,-0.20247887,-0.97709916,0.17189841,0.04854506,-0.04038140,-0.78233570,0.00000000,0.00000000,-0.62285701
40.45000000,0.99552581,0.01249052,0.00042768,-0.01561597,-0.22839269,-0.97624153,0.27386425,-0.03010950,0.04901225,-0.78544019,0.00000000,0.00000000,-0.61893756
40.50000000,1.01775698,-0.00850943,-0.00193213,0.00388625,-0.25211696,-0.96718703,0.19494126,-0.01395975,0.00418859,-0.78852505,0.00000000,0.00000000,-0.61500264
40.55000000,1.00071265,0.00163881,-0.00598826,-0.00555172,-0.25441594,-0.96785366,0.18537406,0.01148702,-0.07915861,-0.79159019,0.00000000,0.00000000,-0.61105235
40.60000000,0.99269534,-0.00279928,-0.00856115,0.01629198,-0.26270268,-0.96305776,0.18338927,-0.00370565,-0.05234779,-0.79463554,0.00000000,0.00000000,-0.60708677
40.65000000,0.99830183,-0.00937008,-0.00277404,-0.02559917,-0.28380628,-0.94750909,0.24213652,0.05598923,0.06406078,-0.79766103,0.00000000,0.00000000,-0.60310602
40.70000000,1.00672987,-0.00452869,-0.01037251,0.01146745,-0.28148826,-0.93443480,0.18867232,0.08523058,-0.00501194,-0.80066658,0.00000000,0.00000000,-0.59911020
40.75000000,1.01336049,0.01696692,-0.01022950,-0.00484998,-0.30204322,-0.96880521,0.23483214,-0.01179349,0.00434189,-0.80365211,0.00000000,0.00000000,-0.59509939
40.80000000,1.00556239,-0.01857387,0.01286766,-0.00349094,-0.29593972,-0.94733373,0.26630389,-0.00768936,-0.09297195,-0.80661755,0.00000000,0.00000000,-0.59107371
40.85000000,1.00057128,0.00200707,-0.01034261,0.00147491,-0.31439411,-0.96390813,0.23502972,-0.02821056,-0.01617383,-0.80956282,0.00000000,0.00000000,-0.58703325
40.90000000,0.99537421,0.01235479,-0.00040916,0.00079100,-0.32467939,-0.94269661,0.26534334,0.02597322,0.03271762,-0.81248786,0.00000000,0.00000000,-0.58297812
40.95000000,1.00606230,-0.01380243,-0.00876119,-0.00204987,-0.33698875,-0.95472061,0.12127376,-0.06321862,-0.00947217,-0.81539258,0.00000000,0.00000000,-0.57890841
41.00000000,0.99930574,-0.00793054,0.00078925,-0.00433834,-0.32824848,-0.94234705,0.23614086,0.00608800,-0.06070252,-0.81827691,0.00000000,0.00000000,-0.57482423
41.05000000,0.99909342,-0.01235624,-0.00108121,-0.00745131,-0.34472478,-0.95071581,0.20565749,0.02259920,0.04258891,-0.82114080,0.00000000,0.00000000,-0.57072567
41.10000000,0.99235832,0.00017751,0.00184147,0.01547126,-0.37271305,-0.94287104,0.33041938,-0.01521328,-0.08256781,-0.82398415,0.00000000,0.00000000,-0.56661285
41.15000000,0.99417450,-0.02768873,0.00240921,0.00809785,-0.37633592,-0.93484163,0.24630707,-0.08127202,-0.05710246,-0.82680690,0.00000000,0.00000000,-0.56248587
41.20000000,0.99771885,-0.00752335,-0.00293867,-0.01263750,-0.37435899,-0.92790808,0.22956055,0.00596214,0.01124346,-0.82960898,0.00000000,0.00000000,-0.55834482
41.25000000,0.98553693,0.00492592,-0.00330866,-0.00166598,-0.37526466,-0.92979883,0.26542680,0.06159890,0.03566554,-0.83239032,0.00000000,0.00000000,-0.55418981
41.30000000,0.99019379,-0.02186293,0.01078835,0.00111385,-0.40240588,-0.90696531,0.16646992,-0.02196880,0.02547381,-0.83515086,0.00000000,0.00000000,-0.55002095
41.35000000,0.98886397,-0.00109481,0.01089137,0.00211111,-0.39164675,-0.90336951,0.20534607,-0.10750225,-0.04745164,-0.83789051,0.00000000,0.00000000,-0.54583834
41.40000000,1.00763334,-0.01550251,-0.00326693,0.00338481,-0.39855200,-0.91636885,0.17622235,-0.00534545,0.01769331,-0.84060922,0.00000000,0.00000000,-0.54164208
41.45000000,0.99845753,0.01049268,-0.00799144,0.00120161,-0.41788096,-0.91044304,0.24255297,0.00366163,0.03727825,-0.84330691,0.00000000,0.00000000,-0.53743228
41.50000000,1.00194104,0.00376405,-0.00632392,-0.00630772,-0.41913226,-0.89581703,0.15925161,0.00508846,-0.10415849,-0.84598352,0.00000000,0.00000000,-0.53320905
41.55000000,0.99426060,0.00961028,-0.00125146,0.00117913,-0.47054004,-0.90173587,0.22012799,0.01780840,0.04503786,-0.84863898,0.00000000,0.00000000,-0.52897248
41.60000000,0.99789742,-0.00165656,-0.01332117,-0.00204522,-0.46194794,-0.91184346,0.15646930,0.06447044,-0.01009986,-0.85127322,0.00000000,0.00000000,-0.52472269
41.65000000,1.00219877,-0.00513496,-0.01790551,0.00936113,-0.47996520,-0.89437477,0.20255755,0.00730781,-0.03048871,-0.85388618,0.00000000,0.00000000,-0.52045979
41.70000000,0.98162039,-0.00801093,-0.00748758,-0.00773093,-0.45740784,-0.89633607,0.21846020,0.00407926,0.04495286,-0.85647779,0.00000000,0.00000000,-0.51618387
41.75000000,0.99866868,0.00791131,-0.00172220,0.00434393,-0.49095633,-0.90586761,0.22188441,0.01628310,0.02326511,-0.85904800,0.00000000,0.00000000,-0.51189505
41.80000000,0.99475067,0.01489722,-0.00459878,0.00420879,-0.47875147,-0.85749426,0.19082200,-0.03221167,-0.06499910,-0.86159672,0.00000000,0.00000000,-0.50759343
41.85000000,1.01552367,0.00421411,0.00453061,0.03116704,-0.49016982,-0.88281425,0.19623893,-0.04659359,-0.01570377,-0.86412391,0.00000000,0.00000000,-0.50327912
41.90000000,0.99597410,-0.00587024,-0.01393283,0.01592502,-0.49910488,-0.86706815,0.23888259,0.01806677,0.01432926,-0.86662949,0.00000000,0.00000000,-0.49895222
41.95000000,1.00684998,0.00133935,0.00670221,0.00753112,-0.50908905,-0.86195328,0.27344147,-0.02437241,0.01950008,-0.86911341,0.00000000,0.00000000,-0.49461286
42.00000000,1.00413908,-0.00609558,-0.00807822,-0.00353852,-0.52421022,-0.86918058,0.17586425,0.00890585,0.05861472,-0.87157560,0.00000000,0.00000000,-0.49026113
42.05000000,1.00554391,-0.02599534,0.00641304,-0.00558152,-0.52327714,-0.84950510,0.19638275,-0.00757212,0.00099715,-0.87401600,0.00000000,0.00000000,-0.48589714
42.10000000,1.01344405,-0.00019660,0.01085536,0.00939906,-0.52960459,-0.86190948,0.25493733,-0.02347797,0.03400830,-0.87643455,0.00000000,0.00000000,-0.48152100
42.15000000,0.99027467,-0.01185074,0.01976389,-0.00956983,-0.53322746,-0.83745422,0.18621166,-0.00500481,-0.05618671,-0.87883119,0.00000000,0.00000000,-0.47713283
42.20000000,0.99986246,-0.01082740,-0.00395444,0.00925300,-0.55050563,-0.84797141,0.24307971,-0.00331751,-0.02224726,-0.88120586,0.00000000,0.00000000,-0.47273273
42.25000000,1.00746676,-0.00167207,-0.01165661,0.01847810,-0.56152411,-0.82839151,0.18688315,0.04976967,-0.02147328,-0.88355850,0.00000000,0.00000000,-0.46832081
42.30000000,0.98455020,-0.00678678,0.01326775,0.00832132,-0.57214897,-0.80819031,0.23844899,-0.01492224,-0.00541971,-0.88588905,0.00000000,0.00000000,-0.46389718
42.35000000,1.00329318,-0.00831887,0.00004505,0.00308513,-0.59465908,-0.81807908,0.19144692,0.04297660,-0.08048841,-0.88819745,0.00000000,0.00000000,-0.45946196
42.40000000,0.99618494,-0.00481755,0.00960071,-0.00043547,-0.56796131,-0.80374514,0.18665427,0.00771786,-0.01383444,-0.89048365,0.00000000,0.00000000,-0.45501524
42.45000000,1.00859396,-0.01332198,-0.00823696,0.00455690,-0.58173893,-0.82648731,0.26646822,-0.00926703,-0.08224945,-0.89274758,0.00000000,0.00000000,-0.45055716
42.50000000,0.96998272,-0.01529386,-0.00019705,-0.00065898,-0.59567933,-0.80398241,0.15544692,-0.02147378,0.00350310,-0.89498920,0.00000000,0.00000000,-0.44608781
42.55000000,1.00230773,-0.00789165,0.00901447,-0.00621397,-0.61866315,-0.79785152,0.25306831,-0.00893884,-0.02905959,-0.89720844,0.00000000,0.00000000,-0.44160730
42.60000000,1.00926108,0.02142749,0.00209683,0.01233842,-0.60749884,-0.79234482,0.20619112,-0.06035714,-0.00716530,-0.89940525,0.00000000,0.00000000,-0.43711576
42.65000000,0.99373810,-0.00402886,-0.00749895,-0.00287097,-0.62036916,-0.78126554,0.12162270,-0.03636753,-0.06594960,-0.90157958,0.00000000,0.00000000,-0.43261329
42.70000000,1.00244060,0.00503317,0.00256548,-0.00787404,-0.63099224,-0.77847595,0.15409701,0.03018011,0.03858331,-0.90373137,0.00000000,0.00000000,-0.42810000
42.75000000,1.00948895,-0.00608349,0.01179362,-0.00493582,-0.63463171,-0.77251074,0.19498321,-0.11127837,-0.01150197,-0.90586056,0.00000000,0.00000000,-0.42357601
42.80000000,1.00091090,-0.00410050,0.01756188,-0.01162466,-0.65444436,-0.77000041,0.17978713,0.04312619,0.06809959,-0.90796711,0.00000000,0.00000000,-0.41904144
42.85000000,0.99299207,-0.00723008,-0.01157129,0.01306285,-0.64517546,-0.75548548,0.14256455,-0.06143573,0.00963078,-0.91005096,0.00000000,0.00000000,-0.41449638
42.90000000,1.00549338,-0.02066145,-0.00321310,0.01618296,-0.66607190,-0.73292781,0.23402623,-0.05149046,-0.01108866,-0.91211206,0.00000000,0.00000000,-0.40994097
42.95000000,0.99871306,-0.00952512,-0.00969868,0.01506769,-0.68111534,-0.73036359,0.18547982,-0.00414663,0.02712645,-0.91415035,0.00000000,0.00000000,-0.40537530
43.00000000,0.99401441,0.00567904,-0.02046430,0.00439707,-0.70340482,-0.73666605,0.24320291,0.02482989,-0.05606668,-0.91616579,0.00000000,0.00000000,-0.40079950
43.05000000,0.98830336,-0.00688672,0.00186216,-0.02031933,-0.68616167,-0.72445949,0.19234219,0.02049307,0.01200525,-0.91815833,0.00000000,0.00000000,-0.39621368
43.10000000,0.99458346,-0.01936189,0.00133413,-0.00953075,-0.69905418,-0.71588598,0.26838508,-0.00470210,0.02677853,-0.92012791,0.00000000,0.00000000,-0.39161796
43.15000000,0.98555521,0.00245524,-0.00059906,0.01229228,-0.70584733,-0.71612498,0.25235162,-0.00711588,-0.04758889,-0.92207449,0.00000000,0.00000000,-0.38701244
43.20000000,1.02551633,-0.01078593,-0.00064700,0.00346688,-0.70486851,-0.70856604,0.19673727,-0.01350647,-0.04790608,-0.92399802,0.00000000,0.00000000,-0.38239725
43.25000000,1.02150219,-0.00219991,0.00596931,-0.00334653,-0.71812351,-0.70411238,0.13568879,-0.01018320,-0.01620194,-0.92589845,0.00000000,0.00000000,-0.37777250
43.30000000,1.01171525,-0.01196700,-0.00577147,-0.00898440,-0.70711031,-0.70107141,0.23014681,0.04038694,-0.00453482,-0.92777573,0.00000000,0.00000000,-0.37313831
43.35000000,0.98623189,-0.01364154,0.00859764,-0.01260594,-0.72450293,-0.68398398,0.22186588,0.01808991,-0.03975503,-0.92962982,0.00000000,0.00000000,-0.36849478
43.40000000,0.99024472,0.00714927,-0.00629345,-0.02750148,-0.72875038,-0.68817172,0.22589095,0.05928889,0.00274964,-0.93146066,0.00000000,0.00000000,-0.36384205
43.45000000,1.00995766,0.00153798,0.01587429,-0.01062107,-0.74206130,-0.66369134,0.19648453,0.04852880,-0.01732140,-0.93326822,0.00000000,0.00000000,-0.35918022
43.50000000,1.02069371,0.02122198,0.00282072,0.00552601,-0.73672945,-0.67484175,0.14632558,0.05318876,0.01425314,-0.93505245,0.00000000,0.00000000,-0.35450940
43.55000000,0.99773495,0.00011123,-0.02386041,-0.00190562,-0.76276879,-0.64626957,0.24949913,0.02278992,0.01968545,-0.93681330,0.00000000,0.00000000,-0.34982973
43.60000000,0.98502653,0.00590643,0.00629398,0.01245193,-0.74057285,-0.66479087,0.18762679,-0.03619517,0.00971476,-0.93855073,0.00000000,0.00000000,-0.34514131
43.65000000,1.00013402,-0.00234082,0.01027604,-0.01101414,-0.77860662,-0.65045770,0.18888566,-0.05794422,-0.00017218,-0.94026470,0.00000000,0.00000000,-0.34044426
43.70000000,0.99834510,-0.00786515,0.00873766,-0.00059501,-0.76393257,-0.63445211,0.20391797,-0.02816839,0.00168487,-0.94195516,0.00000000,0.00000000,-0.33573870
43.75000000,1.00712231,-0.00411334,0.00518412,-0.00812747,-0.77325472,-0.63052358,0.24308828,-0.00027305,0.07001912,-0.94362207,0.00000000,0.00000000,-0.33102475
43.80000000,0.98845932,-0.01476177,-0.00616217,-0.01384611,-0.80088068,-0.61066946,0.20481312,-0.02445199,-0.01530549,-0.94526539,0.00000000,0.00000000,-0.32630252
43.85000000,0.99402762,0.01650369,-0.00735506,-0.01322134,-0.78522221,-0.61114128,0.29617673,-0.02653263,0.03983356,-0.94688508,0.00000000,0.00000000,-0.32157214
43.90000000,1.01082197,-0.00521336,-0.00742921,0.00741367,-0.79348388,-0.61512768,0.15453482,-0.11643260,0.02862651,-0.94848110,0.00000000,0.00000000,-0.31683371
43.95000000,0.99738173,-0.00162150,-0.01691444,-0.01098102,-0.80998254,-0.59972259,0.21026979,0.02309349,0.10350016,-0.95005341,0.00000000,0.00000000,-0.31208737
44.00000000,0.99979983,0.01115403,-0.00829973,-0.01674946,-0.81461560,-0.60089500,0.20565620,-0.03790297,-0.08539767,-0.95160196,0.00000000,0.00000000,-0.30733322
44.05000000,1.01736025,-0.00537562,-0.01637619,0.00898172,-0.82418725,-0.56587609,0.17220161,-0.02718968,0.01742134,-0.95312673,0.00000000,0.00000000,-0.30257139
44.10000000,1.00593219,0.00768484,-0.00089741,0.00528617,-0.81517166,-0.56657435,0.19862014,-0.06763556,0.02879588,-0.95462766,0.00000000,0.00000000,-0.29780199
44.15000000,1.00042174,-0.00413616,0.01277766,-0.01427834,-0.81183216,-0.56054820,0.21919984,-0.02066691,-0.07255377,-0.95610473,0.00000000,0.00000000,-0.29302515
44.20000000,0.99860390,0.00334745,0.00676225,-0.00198033,-0.85575967,-0.56743148,0.29676911,-0.05185969,0.06581959,-0.95755790,0.00000000,0.00000000,-0.28824099
44.25000000,0.99065913,-0.00182456,0.00625208,-0.00820194,-0.82339048,-0.54289178,0.22560988,-0.01496775,0.03145887,-0.95898713,0.00000000,0.00000000,-0.28344961
44.30000000,1.01578793,-0.00131286,0.01729713,-0.00611596,-0.83706611,-0.53033775,0.15721156,0.00656186,0.00232941,-0.96039239,0.00000000,0.00000000,-0.27865115
44.35000000,0.99146808,0.00358002,0.00146290,-0.00072587,-0.85070281,-0.52765531,0.18855597,0.00325357,-0.02679672,-0.96177363,0.00000000,0.00000000,-0.27384573
44.40000000,1.02656809,-0.01409333,-0.00584736,-0.00505742,-0.83483706,-0.53143019,0.22404782,0.00810852,0.01691915,-0.96313083,0.00000000,0.00000000,-0.26903346
44.45000000,1.01236343,0.01215829,-0.00450957,0.00194017,-0.87902246,-0.50865972,0.16949171,-0.01133528,-0.07337212,-0.96446395,0.00000000,0.00000000,-0.26421446
44.50000000,1.00404872,-0.01696569,0.00148285,-0.01226506,-0.87393125,-0.48947418,0.23129249,0.04839393,0.07175312,-0.96577296,0.00000000,0.00000000,-0.25938886
44.55000000,0.99227161,0.01498972,-0.01465506,0.00746100,-0.87533507,-0.50164525,0.23247993,0.03925952,0.04293205,-0.96705783,0.00000000,0.00000000,-0.25455677
44.60000000,1.00214860,0.00131957,0.00526867,0.00303764,-0.86986796,-0.48157376,0.24269044,-0.07577095,-0.00387073,-0.96831852,0.00000000,0.00000000,-0.24971832
44.65000000,0.98616154,0.00276702,0.01641930,-0.00474085,-0.87880129,-0.46727204,0.11252862,-0.02634949,0.01830164,-0.96955500,0.00000000,0.00000000,-0.24487363
44.70000000,0.97103005,-0.00976808,0.01100858,0.01002997,-0.88103491,-0.45719060,0.21461975,0.02183802,-0.01211646,-0.97076725,0.00000000,0.00000000,-0.24002281
44.75000000,1.00115813,-0.00632370,0.01263483,0.01521559,-0.87559478,-0.46122273,0.16234593,0.05410800,0.02632427,-0.97195522,0.00000000,0.00000000,-0.23516600
44.80000000,1.00328584,-0.00633632,0.00425664,-0.01085278,-0.88758015,-0.43443613,0.27794257,0.02868616,-0.05980588,-0.97311890,0.00000000,0.00000000,-0.23030330
44.85000000,1.00197330,0.02139682,-0.00868612,-0.00059182,-0.88422301,-0.43309219,0.31591596,-0.03577492,-0.04226322,-0.97425824,0.00000000,0.00000000,-0.22543485
44.90000000,1.01224125,-0.01195879,-0.00196768,-0.00065647,-0.89234600,-0.42411545,0.22544056,-0.02099726,0.05633663,-0.97537324,0.00000000,0.00000000,-0.22056076
44.95000000,1.04025824,0.00691282,0.00099672,-0.01297863,-0.91333809,-0.42334681,0.18109195,-0.00371902,0.08151530,-0.97646384,0.00000000,0.00000000,-0.21568116
45.00000000,1.01247167,-0.00158833,-0.01208280,0.01337368,-0.91162050,-0.42938417,0.23686084,0.04287010,-0.10648992,-0.97753004,0.00000000,0.00000000,-0.21079617
45.05000000,0.99175445,-0.00110454,0.00734511,-0.00515747,-0.92352694,-0.39571572,0.18405599,0.02124142,-0.04770849,-0.97857180,0.00000000,0.00000000,-0.20590590
45.10000000,0.98647667,0.00755269,0.00252520,0.00922456,-0.92451550,-0.40176642,0.26585320,-0.07110879,0.05796702,-0.97958909,0.00000000,0.00000000,-0.20101049
45.15000000,1.01320505,0.00860090,-0.00687808,-0.00816524,-0.92518225,-0.39755433,0.16199174,0.02583339,0.03103978,-0.98058189,0.00000000,0.00000000,-0.19611005
45.20000000,0.98950425,0.00676122,0.00454303,0.01509886,-0.92119015,-0.36476823,0.22633556,0.04082376,-0.05556163,-0.98155018,0.00000000,0.00000000,-0.19120471
45.25000000,0.99878256,-0.00038983,-0.00243750,0.00443887,-0.92424485,-0.36214404,0.19708683,-0.03590285,0.05106765,-0.98249393,0.00000000,0.00000000,-0.18629459
45.30000000,1.00349733,-0.01018614,-0.00193688,-0.01743300,-0.93384902,-0.35872638,0.17930906,0.06786547,-0.04970478,-0.98341312,0.00000000,0.00000000,-0.18137981
45.35000000,1.00706393,0.02186708,0.01077268,-0.00031539,-0.94906407,-0.36100349,0.18659485,-0.03372361,-0.03017912,-0.98430772,0.00000000,0.00000000,-0.17646050
45.40000000,0.99673687,-0.00102247,0.00485212,-0.01237796,-0.94797270,-0.33958515,0.19625764,0.07912736,0.01238638,-0.98517772,0.00000000,0.00000000,-0.17153678
45.45000000,0.98386410,0.00418181,0.00545664,-0.00125128,-0.95661700,-0.31097963,0.15715334,0.02655063,0.01094653,-0.98602308,0.00000000,0.00000000,-0.16660877
45.50000000,1.00600811,0.01706858,0.00561639,-0.00558664,-0.93666144,-0.32541008,0.21231454,-0.06082846,-0.04420974,-0.98684380,0.00000000,0.00000000,-0.16167659
45.55000000,1.00051387,0.00368087,-0.01702391,0.00497287,-0.95905920,-0.29680919,0.18925967,-0.05324992,0.00539008,-0.98763984,0.00000000,0.00000000,-0.15674037
45.60000000,0.99083765,0.01268945,0.00000530,-0.00151677,-0.94799537,-0.31013158,0.14734730,0.01526204,-0.04717877,-0.98841119,0.00000000,0.00000000,-0.15180023
45.65000000,0.98899990,0.00836756,0.00525064,-0.01253830,-0.96305781,-0.29956544,0.28443941,0.03751802,-0.01682075,-0.98915784,0.00000000,0.00000000,-0.14685630
45.70000000,1.00576195,-0.01356186,-0.00672646,0.00104863,-0.95520154,-0.28191968,0.21609150,0.00050331,-0.00531540,-0.98987975,0.00000000,0.00000000,-0.14190870
45.75000000,0.99703854,-0.00426265,0.00231938,0.00410816,-0.96050167,-0.28311994,0.16032659,0.01483854,0.06781523,-0.99057692,0.00000000,0.00000000,-0.13695755
45.80000000,1.00152415,-0.00411668,0.00224340,-0.01136821,-0.95206100,-0.25982977,0.17506096,-0.01045932,-0.02156978,-0.99124932,0.00000000,0.00000000,-0.13200297
45.85000000,1.01311670,-0.00202240,0.00155366,0.00573726,-0.97512675,-0.25009419,0.21727313,-0.07250052,0.01330093,-0.99189694,0.00000000,0.00000000,-0.12704510
45.90000000,0.99954238,0.00129966,0.00035630,0.00259170,-0.95681754,-0.25413673,0.18969848,0.02681209,0.02350766,-0.99251977,0.00000000,0.00000000,-0.12208404
45.95000000,1.00459406,0.02753577,0.00614136,0.01130938,-0.97563656,-0.24255691,0.19094330,0.02883983,0.02019389,-0.99311778,0.00000000,0.00000000,-0.11711994
46.00000000,1.00403251,-0.00214344,-0.00373803,-0.00179857,-0.96759870,-0.21448339,0.15999951,0.03109300,-0.02710114,-0.99369096,0.00000000,0.00000000,-0.11215291
46.05000000,1.00468922,-0.00191966,0.01565789,-0.00418075,-0.97523746,-0.20706531,0.16591537,-0.00625827,-0.00992204,-0.99423930,0.00000000,0.00000000,-0.10718307
46.10000000,0.99486187,-0.00439723,0.01112015,-0.00598551,-0.97344193,-0.20020457,0.14252515,0.02021796,-0.06121423,-0.99476279,0.00000000,0.00000000,-0.10221056
46.15000000,1.00628092,-0.00507192,0.00008367,-0.01294280,-0.97986670,-0.18427995,0.16891141,-0.03015334,0.02233127,-0.99526140,0.00000000,0.00000000,-0.09723549
46.20000000,1.00479618,-0.02434179,0.02015406,0.00528553,-0.97600774,-0.18516444,0.12202607,0.02717449,-0.02327598,-0.99573514,0.00000000,0.00000000,-0.09225799
46.25000000,1.00543932,-0.00218801,0.00238039,-0.00774996,-0.97612115,-0.18577403,0.30542492,0.09708411,0.07501655,-0.99618398,0.00000000,0.00000000,-0.08727818
46.30000000,1.01275479,-0.00084548,0.01166547,-0.00096176,-1.00198985,-0.14900205,0.25548256,-0.00440153,-0.05279191,-0.99660792,0.00000000,0.00000000,-0.08229619
46.35000000,0.99413799,-0.01821146,0.00945081,-0.01603309,-0.98517736,-0.16259841,0.14119588,0.00765956,-0.01292796,-0.99700694,0.00000000,0.00000000,-0.07731214
46.40000000,1.00838189,-0.01267605,-0.00757315,-0.02387642,-1.01138132,-0.12629156,0.29818135,0.00114684,-0.03484274,-0.99738103,0.00000000,0.00000000,-0.07232616
46.45000000,0.99701551,0.00873574,-0.00514389,0.00237634,-0.99105865,-0.14005918,0.18146795,0.01011771,-0.04168777,-0.99773020,0.00000000,0.00000000,-0.06733837
46.50000000,1.00451729,-0.00471579,0.00127367,0.01383963,-0.99390715,-0.11525715,0.12485785,-0.02403527,0.00323827,-0.99805441,0.00000000,0.00000000,-0.06234890
46.55000000,1.01923331,-0.01959952,-0.00096210,0.01456689,-1.00127035,-0.11665527,0.21983582,0.00525147,0.07202338,-0.99835368,0.00000000,0.00000000,-0.05735787
46.60000000,1.00448474,0.01327773,-0.00360008,-0.00740525,-0.99677296,-0.11617815,0.22662330,-0.02025699,-0.02804331,-0.99862799,0.00000000,0.00000000,-0.05236541
46.65000000,1.00498658,-0.01143716,0.00770502,-0.00478337,-0.98392089,-0.09856428,0.23325986,0.00503027,0.03526830,-0.99887733,0.00000000,0.00000000,-0.04737163
46.70000000,1.00109947,-0.01663397,0.01008794,-0.00087683,-0.98851327,-0.07777475,0.17041713,-0.04391089,0.03130837,-0.99910171,0.00000000,0.00000000,-0.04237668
46.75000000,0.99696751,0.00936429,-0.00178201,0.01023410,-0.99297233,-0.07182932,0.18827371,0.00739448,0.05534600,-0.99930110,0.00000000,0.00000000,-0.03738066
46.80000000,0.99945785,0.00531174,0.00046360,0.00124604,-0.98066848,-0.05271614,0.20855105,0.00659068,-0.02938860,-0.99947551,0.00000000,0.00000000,-0.03238371
46.85000000,0.99827028,0.00309398,0.00850614,0.00749221,-1.00959261,-0.04498152,0.20102992,-0.04713960,0.06176494,-0.99962493,0.00000000,0.00000000,-0.02738595
46.90000000,1.01463279,0.00263747,0.00708794,0.00767449,-0.98503988,-0.03748309,0.14562398,0.08688133,0.04965762,-0.99974937,0.00000000,0.00000000,-0.02238750
46.95000000,0.99490476,-0.01029625,0.00504813,-0.00278260,-0.99609533,-0.02733766,0.17966795,-0.05291387,0.01925433,-0.99984881,0.00000000,0.00000000,-0.01738850
47.00000000,0.99466612,0.00146096,-0.01343326,-0.00252183,-0.99254350,-0.01871688,0.16974356,-0.05524637,0.00270497,-0.99992325,0.00000000,0.00000000,-0.01238906
47.05000000,1.00561033,0.00405175,-0.00512160,0.00297824,-0.98486724,-0.01272676,0.13196340,0.00608740,0.09340853,-0.99997270,0.00000000,0.00000000,-0.00738931
47.10000000,0.98712609,0.00029725,-0.00226335,0.00095883,-0.99804606,0.00662099,0.20879162,0.05412078,-0.00326172,-0.99999715,0.00000000,0.00000000,-0.00238937
47.15000000,0.99649863,-0.00669183,-0.01817087,0.00275781,-0.97944637,0.00980358,0.23571228,-0.02147132,-0.00892692,-0.99999659,0.00000000,0.00000000,0.00261062
47.20000000,1.00984641,0.02008694,0.01487948,0.00805245,-0.99953265,0.01731785,0.17130213,-0.06776402,-0.04839195,-0.99997104,0.00000000,0.00000000,0.00761055
47.25000000,1.00049800,-0.00291992,-0.01469442,-0.00037323,-1.00286626,0.01349009,0.18844509,-0.01735345,-0.02557685,-0.99992049,0.00000000,0.00000000,0.01261029
47.30000000,1.00926670,-0.01902902,-0.01985799,0.00003286,-0.99841852,0.03925612,0.18089637,-0.04405080,0.00167281,-0.99984494,0.00000000,0.00000000,0.01760972
47.35000000,0.99558422,0.01551071,-0.00324227,-0.00053185,-0.97422351,0.04325824,0.22987209,0.02590384,0.03470928,-0.99974439,0.00000000,0.00000000,0.02260870
47.40000000,1.00289487,0.00193841,0.00100334,-0.00575994,-0.99522051,0.07547965,0.25914334,0.01059163,0.04027387,-0.99961885,0.00000000,0.00000000,0.02760712
47.45000000,0.99130824,-0.00260512,0.00947850,0.01487167,-1.00558251,0.06033914,0.30255409,0.00130493,0.08354323,-0.99946832,0.00000000,0.00000000,0.03260484
47.50000000,1.00206857,0.00246180,-0.00305491,0.00942555,-0.98359444,0.06480031,0.18923793,0.03792356,-0.00379359,-0.99929280,0.00000000,0.00000000,0.03760176
47.55000000,0.99506615,0.01009542,0.01103453,-0.00449642,-0.99424720,0.07303338,0.16495288,0.00255284,0.00340455,-0.99909230,0.00000000,0.00000000,0.04259773
47.60000000,0.99033124,-0.00715974,-0.01065044,0.00455060,-1.01514627,0.08496164,0.12168672,0.01573917,-0.07862070,-0.99886683,0.00000000,0.00000000,0.04759264
47.65000000,1.00031729,0.01639524,0.01673434,-0.01805908,-0.99148525,0.09513748,0.15164133,-0.00807453,0.05693085,-0.99861638,0.00000000,0.00000000,0.05258636
47.70000000,1.00599659,-0.00715141,0.00705034,-0.02243708,-1.00089883,0.10672755,0.20850261,-0.01207074,-0.00432678,-0.99834097,0.00000000,0.00000000,0.05757876
47.75000000,0.99825280,0.00022407,0.00540131,0.00149331,-0.99501358,0.12891173,0.24194537,-0.02786623,-0.00065657,-0.99804060,0.00000000,0.00000000,0.06256972
47.80000000,1.01161907,-0.01102761,0.01804702,-0.01339155,-0.99432518,0.12530764,0.30284707,-0.02551050,-0.02039830,-0.99771527,0.00000000,0.00000000,0.06755912
47.85000000,0.99629251,0.00095603,-0.00328442,-0.00132887,-1.02476601,0.14528294,0.20579634,0.04344621,0.06054299,-0.99736501,0.00000000,0.00000000,0.07254683
47.90000000,0.99812292,0.00816229,-0.01101569,0.00767342,-0.99370211,0.14275171,0.19670022,0.05963103,0.01009481,-0.99698981,0.00000000,0.00000000,0.07753273
47.95000000,1.01496488,-0.00748733,0.01047851,-0.00652160,-0.98412871,0.16663739,0.23458281,0.00821346,-0.03105734,-0.99658968,0.00000000,0.00000000,0.08251669
48.00000000,1.00880307,0.01731657,-0.00583803,-0.01835232,-0.97969480,0.17101419,0.19913690,0.02187303,-0.01841049,-0.99616464,0.00000000,0.00000000,0.08749858
48.05000000,0.99731148,-0.00100120,0.01469754,0.00030070,-0.99525227,0.17220521,0.21122655,-0.05350956,-0.06786834,-0.99571470,0.00000000,0.00000000,0.09247829
48.10000000,1.00635536,0.00684498,-0.00368137,0.00293659,-0.97912356,0.20000777,0.23204524,-0.11953441,-0.00875544,-0.99523986,0.00000000,0.00000000,0.09745569
48.15000000,1.00517904,-0.00410457,0.00036203,0.00750700,-0.97820667,0.21886295,0.25540036,-0.00830235,-0.00685689,-0.99474015,0.00000000,0.00000000,0.10243065
48.20000000,0.97149676,-0.00326502,-0.01353269,0.00221230,-0.97540046,0.22052212,0.26746100,-0.00417480,0.10398332,-0.99421556,0.00000000,0.00000000,0.10740305
48.25000000,1.00232451,-0.01310216,-0.00562072,-0.00372747,-0.96882345,0.21384952,0.19167411,-0.01020194,-0.01804057,-0.99366612,0.00000000,0.00000000,0.11237276
48.30000000,1.00811415,0.00641321,0.01166567,-0.00331025,-0.96043753,0.21941816,0.14290957,-0.05728286,0.00241196,-0.99309184,0.00000000,0.00000000,0.11733967
48.35000000,1.01202378,-0.00602142,-0.00476693,-0.00216018,-0.96435536,0.23799469,0.18114487,-0.06316791,-0.02356815,-0.99249273,0.00000000,0.00000000,0.12230364
48.40000000,1.01177462,0.00090926,-0.00739855,0.01236144,-0.97345960,0.26665904,0.26777121,-0.00049508,-0.06501717,-0.99186881,0.00000000,0.00000000,0.12726455
48.45000000,1.02289501,0.00387276,-0.00323887,0.00956128,-0.95801151,0.27523215,0.17537891,0.01124256,-0.05103373,-0.99122009,0.00000000,0.00000000,0.13222229
48.50000000,1.00666334,-0.00022945,0.00281009,-0.00146350,-0.96487499,0.26307754,0.24034911,0.06362159,-0.02289497,-0.99054659,0.00000000,0.00000000,0.13717671
48.55000000,1.00553541,0.00432184,0.00008098,-0.01526596,-0.97261540,0.27355993,0.10934080,0.05996905,0.01844419,-0.98984833,0.00000000,0.00000000,0.14212771
48.60000000,0.99970039,-0.02190236,-0.01823871,-0.00002341,-0.93703290,0.28396507,0.24363022,-0.02446189,0.00447037,-0.98912532,0.00000000,0.00000000,0.14707515
48.65000000,1.01214684,-0.00345952,-0.00690105,0.01418071,-0.95332492,0.31141624,0.17435474,0.05990838,0.01423698,-0.98837758,0.00000000,0.00000000,0.15201892
48.70000000,1.00434788,0.00131629,-0.00505475,-0.00001683,-0.95515372,0.31962227,0.19591901,-0.06992584,-0.07310611,-0.98760514,0.00000000,0.00000000,0.15695889
48.75000000,0.98273282,0.00617971,-0.01151504,0.00300086,-0.94621432,0.31887134,0.22460608,0.00407955,-0.11918280,-0.98680800,0.00000000,0.00000000,0.16189493
48.80000000,0.99676375,0.00425103,0.01640283,0.01686458,-0.95796906,0.32548084,0.13496122,0.06497133,0.04729631,-0.98598620,0.00000000,0.00000000,0.16682692
48.85000000,1.00350588,0.00166095,0.01380631,0.01211325,-0.92942017,0.34297166,0.18938204,0.03130687,0.03849450,-0.98513974,0.00000000,0.00000000,0.17175475
48.90000000,0.99809363,-0.00351249,0.01133313,0.01664116,-0.94506353,0.34516402,0.22069420,0.01876137,-0.02136093,-0.98426866,0.00000000,0.00000000,0.17667828
48.95000000,1.01883521,0.00422095,0.00531383,0.01758884,-0.93853539,0.35627162,0.14894973,-0.01070775,-0.06458686,-0.98337296,0.00000000,0.00000000,0.18159739
49.00000000,1.00747849,0.00419997,-0.00277069,-0.00100424,-0.92281191,0.35512041,0.21413066,0.02828303,-0.07770572,-0.98245269,0.00000000,0.00000000,0.18651197
49.05000000,1.00684938,-0.01674062,-0.00117594,-0.01163391,-0.91240286,0.36419294,0.13120126,0.00296369,-0.01650136,-0.98150785,0.00000000,0.00000000,0.19142188
49.10000000,0.98495395,0.00525815,-0.01991499,-0.01036241,-0.92866360,0.39303459,0.26293511,0.04631792,-0.00485461,-0.98053848,0.00000000,0.00000000,0.19632701
49.15000000,0.97572692,0.00390853,0.01470574,0.01233790,-0.91438572,0.38232705,0.18150756,0.08348281,-0.06135807,-0.97954459,0.00000000,0.00000000,0.20122722
49.20000000,0.98852159,0.00942552,-0.00431159,-0.01181755,-0.89974739,0.40800292,0.18792533,-0.05424061,0.09356281,-0.97852621,0.00000000,0.00000000,0.20612241
49.25000000,0.99975548,0.01397328,0.00893634,-0.00520902,-0.91607691,0.42698546,0.27040576,-0.08693823,0.02658692,-0.97748338,0.00000000,0.00000000,0.21101244
49.30000000,0.99878785,-0.01033323,0.00261746,-0.01349597,-0.91144135,0.41362627,0.18264866,-0.00619662,-0.04341752,-0.97641610,0.00000000,0.00000000,0.21589720
49.35000000,1.01573179,0.00493283,0.01794563,-0.00160080,-0.90800332,0.44824170,0.17914838,-0.01097346,0.03420150,-0.97532441,0.00000000,0.00000000,0.22077656
49.40000000,0.98762274,0.00711295,0.00583347,0.01269325,-0.88926335,0.45266080,0.20006178,-0.04157979,0.09636142,-0.97420834,0.00000000,0.00000000,0.22565040
49.45000000,0.98473304,-0.01426513,0.00565128,0.01624986,-0.89182684,0.45861355,0.11574499,-0.02534033,-0.08180549,-0.97306792,0.00000000,0.00000000,0.23051860
49.50000000,1.00780411,-0.01547231,-0.01277819,0.00514025,-0.87857329,0.45594548,0.23049889,0.02105062,-0.00763418,-0.97190317,0.00000000,0.00000000,0.23538104
49.55000000,0.98905295,0.00564891,0.00613096,0.00894024,-0.88145113,0.45471905,0.23587295,-0.00306176,-0.01958867,-0.97071412,0.00000000,0.00000000,0.24023759
49.60000000,0.99705364,-0.00690257,0.00888844,-0.01418115,-0.88979846,0.47193857,0.27716913,0.04414886,-0.07138063,-0.96950080,0.00000000,0.00000000,0.24508814
49.65000000,1.01351347,0.01349420,-0.01174008,-0.02521458,-0.87578965,0.49522527,0.27616340,-0.04194458,0.08035089,-0.96826325,0.00000000,0.00000000,0.24993256
49.70000000,0.97772068,-0.00368051,-0.00417211,0.01152337,-0.85720072,0.50226959,0.14460157,0.03557750,0.02476505,-0.96700149,0.00000000,0.00000000,0.25477073
49.75000000,0.98328766,-0.02067014,0.01037989,-0.00180099,-0.87806487,0.49932269,0.22128041,-0.00670522,-0.06740693,-0.96571555,0.00000000,0.00000000,0.25960254
49.80000000,1.01885557,0.01004218,-0.00335377,-0.00295095,-0.85656095,0.49873511,0.21943053,-0.06251216,-0.00115439,-0.96440547,0.00000000,0.00000000,0.26442785
49.85000000,0.98831429,-0.01118084,0.01645723,0.00059226,-0.85293853,0.49849344,0.17830127,0.01762603,0.01068204,-0.96307128,0.00000000,0.00000000,0.26924655
49.90000000,0.97845970,0.00207138,0.00366559,0.01283762,-0.85633617,0.50471060,0.16042306,-0.05206224,0.03494662,-0.96171302,0.00000000,0.00000000,0.27405852
49.95000000,0.97283263,-0.00448356,0.01425795,0.00007212,-0.83550697,0.51918465,0.13335685,0.06127544,0.00652649,-0.96033071,0.00000000,0.00000000,0.27886364
50.00000000,1.00103274,-0.01118153,0.00100782,-0.01145938,-0.82720328,0.57129872,0.22664250,-0.03139567,-0.11130865,-0.95892439,0.00000000,0.00000000,0.28366179
50.05000000,0.98315536,0.01554862,-0.01029192,-0.00370835,-0.82703666,0.56720669,0.19607420,-0.02109725,0.00520299,-0.95749410,0.00000000,0.00000000,0.28845284
50.10000000,0.99372362,-0.00573819,0.00411880,0.00185292,-0.80670844,0.56508042,0.25648079,-0.05090933,0.02548575,-0.95603988,0.00000000,0.00000000,0.29323669
50.15000000,0.99277019,0.00395453,0.00688515,0.00049869,-0.79830301,0.58322380,0.25764801,0.03117992,0.08085989,-0.95456175,0.00000000,0.00000000,0.29801320
50.20000000,0.98563031,0.01370283,-0.00991244,-0.00564339,-0.81103188,0.58947138,0.15341048,-0.02592170,0.00636177,-0.95305976,0.00000000,0.00000000,0.30278226
50.25000000,0.99813634,0.00854032,0.03435928,0.00419321,-0.81818564,0.57231156,0.19045420,-0.04504925,0.02290946,-0.95153394,0.00000000,0.00000000,0.30754376
50.30000000,1.00452022,-0.00463168,0.01984955,-0.00735447,-0.80613478,0.59974721,0.24489391,0.05413496,0.02116295,-0.94998433,0.00000000,0.00000000,0.31229756
50.35000000,1.01050913,-0.00665108,0.00918082,0.00904729,-0.78383790,0.58469082,0.16442954,0.03381198,-0.11657262,-0.94841098,0.00000000,0.00000000,0.31704356
50.40000000,1.00492006,0.01059804,-0.00576375,-0.00430190,-0.80365454,0.60411918,0.18297167,-0.03353759,-0.03098997,-0.94681391,0.00000000,0.00000000,0.32178163
50.45000000,0.99728995,-0.00283104,0.01874132,-0.00394185,-0.78333877,0.61146435,0.17863248,-0.07922177,-0.06827363,-0.94519317,0.00000000,0.00000000,0.32651166
50.50000000,0.98793002,0.00183697,0.01076174,-0.01786665,-0.78605947,0.61140108,0.19318117,0.04510987,-0.01798519,-0.94354881,0.00000000,0.00000000,0.33123352
50.55000000,0.99952483,0.01455228,0.00457901,-0.00760092,-0.77268993,0.62456880,0.22380453,0.02004671,-0.05914124,-0.94188085,0.00000000,0.00000000,0.33594711
50.60000000,1.00175149,-0.00117573,0.00544677,0.00831347,-0.76313754,0.63752338,0.24673979,-0.04204455,-0.05705554,-0.94018935,0.00000000,0.00000000,0.34065229
50.65000000,0.96804713,-0.00070141,-0.00821546,0.00397754,-0.78118047,0.64173049,0.22603111,-0.04905567,0.02030252,-0.93847434,0.00000000,0.00000000,0.34534896
50.70000000,0.99442977,-0.00032808,0.00595158,0.00952797,-0.75402328,0.64764432,0.18451588,0.02548551,-0.04367185,-0.93673588,0.00000000,0.00000000,0.35003700
50.75000000,0.99821933,-0.00385884,-0.00103362,-0.01009283,-0.76687217,0.66850842,0.24811727,-0.08314850,0.01849888,-0.93497399,0.00000000,0.00000000,0.35471628
50.80000000,1.01083183,0.00595911,-0.00416670,-0.00943496,-0.74087263,0.67322908,0.20928464,-0.01105587,-0.04641766,-0.93318873,0.00000000,0.00000000,0.35938670
50.85000000,1.00422688,0.00470854,0.00200822,0.00110994,-0.71814543,0.67189060,0.26230752,-0.03582657,0.05159378,-0.93138014,0.00000000,0.00000000,0.36404813
50.90000000,1.01233368,-0.00293051,0.01660963,0.00469036,-0.73689267,0.68170817,0.25565867,0.03828071,-0.04531701,-0.92954826,0.00000000,0.00000000,0.36870046
50.95000000,0.99860743,0.00203523,-0.00507605,0.02357800,-0.71889252,0.69207842,0.25825648,-0.01933285,0.04705353,-0.92769315,0.00000000,0.00000000,0.37334357
51.00000000,0.98332268,-0.00453654,0.01049070,0.01570198,-0.72199920,0.69097586,0.23037698,-0.03086292,-0.01001117,-0.92581484,0.00000000,0.00000000,0.37797735
51.05000000,1.00876405,-0.00544102,-0.01965426,-0.01301084,-0.70713235,0.68834740,0.19171058,-0.06525645,0.07534030,-0.92391339,0.00000000,0.00000000,0.38260168
51.10000000,1.02165143,-0.01058197,0.00256759,-0.00960404,-0.70322001,0.73205318,0.18412905,-0.01579198,-0.04015119,-0.92198884,0.00000000,0.00000000,0.38721644
51.15000000,1.01146189,-0.03263267,-0.00442797,-0.00045886,-0.69956255,0.72961939,0.25875629,-0.06614833,0.09562357,-0.92004124,0.00000000,0.00000000,0.39182153
51.20000000,0.98576741,0.01288631,0.00149828,-0.00503701,-0.68980108,0.72754216,0.21432073,-0.04415055,-0.00846211,-0.91807064,0.00000000,0.00000000,0.39641682
51.25000000,0.99229327,-0.01215050,-0.00817312,-0.01149975,-0.68259603,0.73902260,0.21039833,0.08529538,-0.09685446,-0.91607709,0.00000000,0.00000000,0.40100220
51.30000000,1.00469341,0.00006420,0.00815670,0.00716465,-0.67266362,0.74317146,0.17172421,0.02444460,-0.08202589,-0.91406064,0.00000000,0.00000000,0.40557755
51.35000000,1.00776826,-0.00023173,-0.00487062,-0.00232533,-0.66515779,0.76109094,0.34960623,0.05155428,-0.02328214,-0.91202133,0.00000000,0.00000000,0.41014276
51.40000000,1.00629782,0.00673329,-0.00925161,-0.01260799,-0.65668441,0.76279312,0.13291774,-0.03523953,0.02760976,-0.90995923,0.00000000,0.00000000,0.41469772
51.45000000,1.00041724,0.01416274,-0.01411367,0.02352165,-0.66385168,0.74094708,0.20236534,-0.05373455,0.00026679,-0.90787437,0.00000000,0.00000000,0.41924232
51.50000000,0.99926273,-0.00195774,-0.00842411,0.00432656,-0.64400045,0.77872191,0.19693351,-0.04614034,-0.07347671,-0.90576682,0.00000000,0.00000000,0.42377643
51.55000000,0.99827891,-0.01269205,-0.01349962,0.00527457,-0.65089501,0.78817697,0.21214273,-0.00496070,-0.04427614,-0.90363663,0.00000000,0.00000000,0.42829995
51.60000000,1.00764372,-0.00002905,-0.00686097,0.00199825,-0.64217409,0.76399414,0.15490376,0.01263133,0.00185428,-0.90148384,0.00000000,0.00000000,0.43281276
51.65000000,1.01048979,-0.00919990,0.00574668,-0.00113871,-0.62694208,0.79041483,0.20204786,-0.03113507,0.00387826,-0.89930852,0.00000000,0.00000000,0.43731475
51.70000000,0.99870470,-0.00153688,-0.00412593,-0.01304949,-0.60886761,0.78467030,0.15936951,-0.01376442,0.03482667,-0.89711071,0.00000000,0.00000000,0.44180580
51.75000000,1.00185614,-0.00531142,-0.00571346,0.00635813,-0.62562530,0.80672751,0.12119147,-0.06629897,-0.02099867,-0.89489048,0.00000000,0.00000000,0.44628582
51.80000000,1.02170124,0.01677419,0.00706488,0.00356542,-0.61226322,0.80629798,0.18043807,-0.03952256,0.00892300,-0.89264787,0.00000000,0.00000000,0.45075467
51.85000000,0.99528890,0.00869300,-0.01935955,0.00075011,-0.59435458,0.80653011,0.21862331,-0.05296753,0.00934468,-0.89038295,0.00000000,0.00000000,0.45521226
51.90000000,0.99787662,-0.00660587,-0.00470572,-0.00154552,-0.58510656,0.81651242,0.19255956,-0.03033739,0.07309991,-0.88809577,0.00000000,0.00000000,0.45965846
51.95000000,1.00415240,-0.00382712,0.00145860,-0.01026820,-0.57360276,0.81897406,0.14924168,0.01432300,-0.02061169,-0.88578639,0.00000000,0.00000000,0.46409318
52.00000000,0.99644533,-0.00568720,0.02959091,-0.00662615,-0.58167174,0.81182666,0.23895705,0.05676798,-0.02849090,-0.88345486,0.00000000,0.00000000,0.46851629
52.05000000,1.01278950,0.00741590,-0.00189480,-0.00260446,-0.55087010,0.84216891,0.22276755,-0.03326779,-0.00579078,-0.88110124,0.00000000,0.00000000,0.47292769
52.10000000,1.01981263,0.00251214,0.00869325,0.00539885,-0.54158379,0.83996636,0.24513253,0.02913866,0.01380168,-0.87872560,0.00000000,0.00000000,0.47732726
52.15000000,0.99306237,0.00385559,-0.00067008,-0.00308256,-0.50911374,0.82889000,0.24786600,-0.04157982,0.00786724,-0.87632799,0.00000000,0.00000000,0.48171491
52.20000000,1.02568588,-0.00962369,-0.00723873,-0.00017514,-0.53590421,0.85843779,0.18109512,0.02624820,-0.05744315,-0.87390847,0.00000000,0.00000000,0.48609051
52.25000000,0.98193168,-0.00228985,-0.01568508,0.01518269,-0.53420787,0.84445211,0.22349764,-0.02922299,-0.06590437,-0.87146711,0.00000000,0.00000000,0.49045395
52.30000000,1.02039964,-0.01001634,-0.00196258,-0.00209193,-0.50323265,0.86459877,0.16802433,-0.01757144,-0.00814828,-0.86900395,0.00000000,0.00000000,0.49480514
52.35000000,1.00748959,-0.01168322,0.02018111,-0.00759183,-0.50179812,0.85343563,0.14694456,-0.04210563,-0.04140312,-0.86651908,0.00000000,0.00000000,0.49914396
52.40000000,0.99585743,-0.00978965,0.00695552,-0.00782984,-0.50197348,0.86607960,0.24940110,0.00660955,-0.00245825,-0.86401254,0.00000000,0.00000000,0.50347029
52.45000000,0.98566955,-0.01142708,-0.01278410,0.01306851,-0.47900510,0.86627986,0.17976053,-0.03990810,-0.03761692,-0.86148440,0.00000000,0.00000000,0.50778405
52.50000000,1.00460301,-0.00287536,0.02081168,0.01250360,-0.46244289,0.88640891,0.18609811,0.02373402,-0.01360027,-0.85893472,0.00000000,0.00000000,0.51208510
52.55000000,1.01630276,0.00404279,0.00262360,0.00127073,-0.44931445,0.87006915,0.28721073,-0.01132505,-0.06088489,-0.85636357,0.00000000,0.00000000,0.51637336
52.60000000,0.99247790,-0.01650807,0.00653657,-0.01038293,-0.45616318,0.90037170,0.17494649,-0.01498996,-0.05628833,-0.85377101,0.00000000,0.00000000,0.52064870
52.65000000,0.99611643,0.02574024,0.00777933,-0.00264730,-0.45505370,0.89313717,0.21081605,-0.02174137,0.02570497,-0.85115710,0.00000000,0.00000000,0.52491103
52.70000000,0.99046553,-0.00958388,0.00370195,-0.01168642,-0.43268872,0.89786531,0.12325341,0.00189695,-0.07336205,-0.84852192,0.00000000,0.00000000,0.52916024
52.75000000,1.00693362,-0.00248714,0.01851084,0.01071313,-0.44158389,0.88215553,0.17123085,-0.05761635,0.08364949,-0.84586552,0.00000000,0.00000000,0.53339621
52.80000000,0.99989685,0.00933419,-0.00285031,-0.00179667,-0.42225820,0.91769290,0.21893628,-0.05028541,0.07456104,-0.84318798,0.00000000,0.00000000,0.53761885
52.85000000,0.99707185,-0.00455520,-0.02829505,0.00634400,-0.41183459,0.91180068,0.18698513,-0.02872452,-0.01452814,-0.84048936,0.00000000,0.00000000,0.54182806
52.90000000,1.00463161,0.00639118,-0.00231032,0.00948937,-0.40450595,0.90984200,0.21387341,-0.06379361,0.01240748,-0.83776972,0.00000000,0.00000000,0.54602371
52.95000000,0.98457818,-0.01027727,-0.02018691,-0.00175117,-0.37845100,0.91770485,0.23378201,0.10219868,0.02006993,-0.83502914,0.00000000,0.00000000,0.55020572
53.00000000,0.99234788,-0.00627569,0.00000658,-0.00632895,-0.39091988,0.93262762,0.25089110,-0.07665127,-0.03458965,-0.83226769,0.00000000,0.00000000,0.55437397
53.05000000,0.99535996,0.00599089,0.01143076,0.02701968,-0.38074888,0.92242498,0.23132165,-0.03350966,-0.00430401,-0.82948543,0.00000000,0.00000000,0.55852836
53.10000000,0.99584962,-0.02621654,0.00123233,-0.00182361,-0.35409536,0.93035170,0.14888599,-0.01454253,-0.09151607,-0.82668243,0.00000000,0.00000000,0.56266879
53.15000000,0.98789082,0.00635506,-0.00247340,0.00922508,-0.37715544,0.93149368,0.18373443,0.03974685,0.03208687,-0.82385876,0.00000000,0.00000000,0.56679515
53.20000000,1.00642252,0.01541410,-0.00368087,0.01335081,-0.35857168,0.92663763,0.23866385,-0.07029405,0.02761486,-0.82101450,0.00000000,0.00000000,0.57090734
53.25000000,1.00101313,0.01071853,-0.00059444,0.00056049,-0.33364525,0.93425428,0.17341749,0.01821713,0.00069021,-0.81814971,0.00000000,0.00000000,0.57500526
53.30000000,0.99592686,-0.00082784,0.01594560,-0.00443018,-0.33403251,0.92714661,0.20310592,0.02637672,0.03939592,-0.81526447,0.00000000,0.00000000,0.57908880
53.35000000,1.00108218,0.00955834,0.00731230,0.01112950,-0.31001077,0.96316669,0.19741109,-0.06234784,0.03168240,-0.81235885,0.00000000,0.00000000,0.58315787
53.40000000,1.00780553,0.01569995,0.01281290,0.01945472,-0.30416476,0.95290613,0.14306167,0.01077850,-0.02270870,-0.80943292,0.00000000,0.00000000,0.58721236
53.45000000,1.00211510,0.00054513,0.00471734,-0.00097331,-0.29149156,0.92644253,0.21349677,0.05077698,0.08563111,-0.80648675,0.00000000,0.00000000,0.59125216
53.50000000,1.00731961,0.01684883,0.00168936,0.00002863,-0.28599598,0.95660281,0.17001191,-0.02604224,-0.04773699,-0.80352042,0.00000000,0.00000000,0.59527719
53.55000000,1.00528377,0.00011392,-0.00360286,-0.00566684,-0.27665882,0.96730426,0.15444188,-0.06058701,0.04468698,-0.80053400,0.00000000,0.00000000,0.59928733
53.60000000,0.98624867,0.00547487,0.01616909,0.01619235,-0.26472173,0.96935694,0.30570836,-0.10739735,-0.01876572,-0.79752757,0.00000000,0.00000000,0.60328250
53.65000000,1.00848492,-0.00337287,0.01239778,-0.00039354,-0.26114689,0.96219495,0.18163260,-0.02746750,0.01412693,-0.79450120,0.00000000,0.00000000,0.60726258
53.70000000,0.99225435,0.00953205,0.00653226,0.01099416,-0.26409119,0.95052328,0.20481281,0.12663830,0.05862658,-0.79145497,0.00000000,0.00000000,0.61122747
53.75000000,0.99445554,0.00424512,0.00727587,-0.01368388,-0.22941803,0.96832341,0.20094463,-0.00193632,0.05318539,-0.78838896,0.00000000,0.00000000,0.61517709
53.80000000,0.99244818,-0.01706970,0.00322955,-0.02043658,-0.23641336,0.98424900,0.23089787,0.04361558,0.02974296,-0.78530323,0.00000000,0.00000000,0.61911133
53.85000000,1.02410334,-0.00588240,0.00398132,-0.00438120,-0.21409900,0.97404987,0.28186908,-0.02673881,0.06492861,-0.78219787,0.00000000,0.00000000,0.62303009
53.90000000,1.00593140,-0.00032461,0.00542442,0.00261264,-0.21034979,0.97478481,0.17362401,-0.01798484,-0.07327253,-0.77907295,0.00000000,0.00000000,0.62693328
53.95000000,1.00841948,-0.01235164,-0.00217647,0.00648045,-0.19573630,0.96119721,0.20089243,0.01756041,0.00432623,-0.77592856,0.00000000,0.00000000,0.63082079
54.00000000,1.01344075,-0.00821807,-0.02049041,0.00810326,-0.19970165,0.96335065,0.19791111,0.05203223,-0.05449437,-0.77276477,0.00000000,0.00000000,0.63469253
54.05000000,1.02335996,-0.00837882,0.00087011,-0.01219132,-0.18409577,0.98149281,0.13838781,0.12337482,-0.02015215,-0.76958166,0.00000000,0.00000000,0.63854840
54.10000000,0.99505537,0.00969036,0.01814255,0.01126437,-0.18668631,0.98676532,0.12086246,0.03732548,-0.07112784,-0.76637932,0.00000000,0.00000000,0.64238831
54.15000000,0.99196799,-0.00003202,0.00445007,-0.00260935,-0.14962885,0.99355611,0.23383297,-0.05798048,0.07799804,-0.76315781,0.00000000,0.00000000,0.64621216
54.20000000,0.99196935,0.01737542,0.02022195,0.00512657,-0.14462824,0.95709337,0.19627923,0.04629035,0.04334536,-0.75991722,0.00000000,0.00000000,0.65001986
54.25000000,0.98780277,-0.00293722,-0.02536366,0.00412993,-0.16389485,1.00072741,0.25789306,-0.02421433,0.02531217,-0.75665764,0.00000000,0.00000000,0.65381130
54.30000000,0.99782901,0.00241908,-0.01147259,0.00622493,-0.15157210,0.97252445,0.19954720,-0.01244709,0.01417770,-0.75337914,0.00000000,0.00000000,0.65758640
54.35000000,0.99350493,0.01885692,0.00160605,0.00232882,-0.12327308,1.00215489,0.23076028,0.01676764,0.03491421,-0.75008180,0.00000000,0.00000000,0.66134506
54.40000000,0.98175385,-0.01786848,-0.00076059,-0.00197674,-0.10951997,0.99352879,0.23102179,-0.05870471,0.00151949,-0.74676571,0.00000000,0.00000000,0.66508719
54.45000000,0.98658943,0.00386858,-0.01878285,0.00348310,-0.12006917,0.99059684,0.24502238,0.00716874,-0.07159616,-0.74343096,0.00000000,0.00000000,0.66881269
54.50000000,0.99327606,-0.01501379,-0.01694758,0.00117663,-0.08982677,0.99984223,0.23195029,-0.00353267,-0.01022638,-0.74007762,0.00000000,0.00000000,0.67252147
54.55000000,0.98926931,-0.00440080,-0.01321348,-0.00845166,-0.08458152,0.99516262,0.34205880,-0.06318581,-0.00359458,-0.73670577,0.00000000,0.00000000,0.67621343
54.60000000,0.98576268,-0.00387786,-0.00347093,0.00844880,-0.07999994,0.99523236,0.18575560,-0.06565694,-0.02716290,-0.73331551,0.00000000,0.00000000,0.67988849
54.65000000,0.99618063,0.00073826,0.00558947,-0.00234597,-0.06804997,0.98064259,0.22913766,-0.03412150,0.03541237,-0.72990692,0.00000000,0.00000000,0.68354656
54.70000000,1.01316440,-0.00187915,-0.01023311,-0.00016699,-0.05205958,0.99530090,0.17977544,0.02220193,0.02425238,-0.72648007,0.00000000,0.00000000,0.68718753
54.75000000,0.99653710,-0.01654066,0.00456378,-0.00767327,-0.04341601,1.00047320,0.12052370,0.00062608,0.02501059,-0.72303507,0.00000000,0.00000000,0.69081133
54.80000000,1.00637152,0.00117366,-0.01977186,0.01277081,-0.03145747,0.98733408,0.16977017,0.00734066,0.03240087,-0.71957199,0.00000000,0.00000000,0.69441785
54.85000000,0.99512037,0.00825525,-0.01792767,-0.01042459,-0.04621605,0.99069892,0.27244326,0.08902771,0.01249120,-0.71609092,0.00000000,0.00000000,0.69800702
54.90000000,0.99361571,-0.00221640,0.00473340,-0.01562981,-0.02129956,1.01422764,0.15823442,-0.03649741,0.00259004,-0.71259195,0.00000000,0.00000000,0.70157873
54.95000000,1.00283142,-0.00625004,0.00076964,0.00607940,0.01403934,0.99872201,0.20315313,0.06530975,-0.02255944,-0.70907516,0.00000000,0.00000000,0.70513290
55.00000000,0.98675647,0.00250249,0.01076175,0.00361047,0.00345462,0.98550628,0.20238965,0.05214836,-0.05319139,-0.70554065,0.00000000,0.00000000,0.70866945
55.05000000,0.99755253,-0.00387485,-0.00697705,0.00247923,0.01885735,1.00422423,0.16131574,-0.07661063,0.01373437,-0.70198850,0.00000000,0.00000000,0.71218828
55.10000000,0.99494081,0.01838312,0.01884510,0.01990690,0.01502126,1.00539542,0.24395018,0.03091463,-0.01384916,-0.69841880,0.00000000,0.00000000,0.71568931
55.15000000,1.01279165,0.00000475,0.00128106,-0.01537833,0.04086564,0.99680341,0.22578554,0.00751460,0.01009173,-0.69483164,0.00000000,0.00000000,0.71917244
55.20000000,0.99954286,0.00786600,-0.00198893,-0.01455197,0.05009974,0.99092333,0.14577721,-0.04871611,0.01467101,-0.69122710,0.00000000,0.00000000,0.72263759
55.25000000,0.99903481,-0.02132683,-0.00383656,0.01169231,0.04988497,0.99686457,0.25164400,0.03257536,0.04769410,-0.68760529,0.00000000,0.00000000,0.72608468
55.30000000,0.97227446,0.01733523,0.00636400,0.02461476,0.05655697,0.98029093,0.20532282,-0.01531502,0.03123274,-0.68396629,0.00000000,0.00000000,0.72951362
55.35000000,1.01074928,-0.00087294,-0.00240708,0.00522720,0.07179282,0.99383193,0.25138208,0.05333898,0.05047644,-0.68031019,0.00000000,0.00000000,0.73292431
55.40000000,0.99831770,-0.02139789,-0.00148206,-0.00757980,0.08302728,0.98972743,0.20407249,-0.04947782,-0.05527542,-0.67663708,0.00000000,0.00000000,0.73631669
55.45000000,1.01222691,-0.00969658,0.00000332,0.00954515,0.10342758,1.00349377,0.21854460,0.02937841,0.06340637,-0.67294705,0.00000000,0.00000000,0.73969066
55.50000000,1.00425023,-0.01837202,-0.00528533,0.00696370,0.09796415,1.01075375,0.20217451,0.00081244,0.05230009,-0.66924020,0.00000000,0.00000000,0.74304613
55.55000000,0.99817150,0.00176277,0.00899123,-0.01472271,0.11132227,1.00175216,0.20793373,0.06262116,-0.06847744,-0.66551662,0.00000000,0.00000000,0.74638303
55.60000000,0.98309998,0.00769687,0.00865807,-0.00193250,0.12810793,0.99972129,0.16860293,-0.03461122,0.01048481,-0.66177640,0.00000000,0.00000000,0.74970127
55.65000000,1.00904089,-0.01165957,-0.00197948,-0.00244237,0.13819990,0.99089160,0.18058734,0.05283756,-0.02211633,-0.65801964,0.00000000,0.00000000,0.75300077
55.70000000,0.99707904,-0.01591498,-0.00713626,0.00516076,0.14712925,0.99558403,0.22964068,0.09036541,-0.03144526,-0.65424643,0.00000000,0.00000000,0.75628144
55.75000000,0.98380576,-0.01050553,-0.00703652,-0.00974327,0.15474836,1.00062672,0.27385565,0.01955336,0.09776060,-0.65045686,0.00000000,0.00000000,0.75954320
55.80000000,0.99643627,-0.01632519,0.01053178,-0.01838594,0.15613487,0.99171380,0.20042136,-0.01153967,-0.05080654,-0.64665103,0.00000000,0.00000000,0.76278598
55.85000000,0.99989198,0.01003662,0.00019968,-0.00830226,0.16106629,0.97673058,0.22254570,0.01236636,-0.03379977,-0.64282903,0.00000000,0.00000000,0.76600969
55.90000000,0.97789241,0.00420013,-0.00897707,0.00689062,0.17582000,0.97316289,0.21185006,0.10243951,0.03549764,-0.63899096,0.00000000,0.00000000,0.76921424
55.95000000,1.00136219,0.00358852,-0.01751116,-0.01122340,0.16809290,0.99845770,0.27330678,0.01456738,0.00804253,-0.63513692,0.00000000,0.00000000,0.77239957
56.00000000,0.98448410,-0.00219300,0.01792392,0.00131416,0.19735749,0.96159721,0.26672915,-0.00613424,-0.07656353,-0.63126700,0.00000000,0.00000000,0.77556558
56.05000000,0.99075734,-0.01277538,-0.00131744,0.00207339,0.20775324,0.98486942,0.20852414,0.04450805,-0.01397420,-0.62738130,0.00000000,0.00000000,0.77871221
56.10000000,1.03045326,-0.00564489,-0.00903330,-0.01026301,0.22043619,0.95772692,0.21817325,-0.08820777,0.00923014,-0.62347991,0.00000000,0.00000000,0.78183937
56.15000000,0.98648748,-0.00381293,0.00604540,0.02304038,0.22150353,0.97114494,0.17263253,-0.04190178,-0.02997458,-0.61956294,0.00000000,0.00000000,0.78494698
56.20000000,1.00824066,-0.00488056,0.02249313,0.00415979,0.23189813,0.96660964,0.16914031,0.03278016,-0.07128845,-0.61563047,0.00000000,0.00000000,0.78803497
56.25000000,0.98659049,-0.00591546,0.00682947,0.01233060,0.26549416,0.97310625,0.20129307,0.03253675,-0.04918362,-0.61168262,0.00000000,0.00000000,0.79110326
56.30000000,0.98155343,0.00436638,-0.01005678,-0.00065307,0.26255035,0.96772419,0.24693931,0.03421153,0.01072067,-0.60771948,0.00000000,0.00000000,0.79415177
56.35000000,0.99557985,0.00107762,-0.00596210,-0.00196429,0.29717501,0.96440314,0.22513557,-0.03455005,0.04761907,-0.60374114,0.00000000,0.00000000,0.79718043
56.40000000,1.00760272,0.00767353,0.00214891,0.01034190,0.29332223,0.96265421,0.19987438,0.03700643,-0.03843371,-0.59974770,0.00000000,0.00000000,0.80018916
56.45000000,0.99282040,-0.00053300,-0.01741357,0.00827595,0.28056028,0.95225432,0.19546185,-0.00124304,-0.01336864,-0.59573928,0.00000000,0.00000000,0.80317788
56.50000000,0.99932629,-0.00059628,-0.00447031,-0.00773194,0.31055918,0.93297548,0.19580014,-0.02396982,0.02072892,-0.59171596,0.00000000,0.00000000,0.80614653
56.55000000,0.98545707,-0.00499785,-0.00102360,0.01070074,0.31259134,0.93913956,0.18319938,0.03662542,-0.05170028,-0.58767785,0.00000000,0.00000000,0.80909502
56.60000000,0.99921356,-0.00009120,-0.00385783,0.02695752,0.31463630,0.95233190,0.17072997,0.02060161,0.04094281,-0.58362504,0.00000000,0.00000000,0.81202328
56.65000000,0.99412036,-0.00054702,-0.00895280,-0.01144404,0.33859382,0.93905926,0.09705998,0.07594913,-0.03387079,-0.57955765,0.00000000,0.00000000,0.81493124
56.70000000,0.99753627,0.01640907,-0.00141742,-0.00163337,0.32537355,0.92492150,0.19755898,0.01322535,0.01566351,-0.57547577,0.00000000,0.00000000,0.81781883
56.75000000,0.99518739,0.00020258,-0.01837210,0.00460167,0.34866500,0.95758289,0.20533450,-0.04515746,-0.00026841,-0.57137950,0.00000000,0.00000000,0.82068598
56.80000000,0.99672200,0.00434708,0.00026892,-0.01259947,0.34005446,0.93695802,0.26685476,0.00054855,0.03837176,-0.56726894,0.00000000,0.00000000,0.82353260
56.85000000,1.01012809,0.00266792,-0.00814491,0.00195308,0.37780794,0.93601707,0.23846255,-0.02368570,-0.00704954,-0.56314421,0.00000000,0.00000000,0.82635864
56.90000000,0.99881273,-0.00051338,0.01167958,-0.02347174,0.37533133,0.92621935,0.14366460,0.02704234,-0.03040063,-0.55900539,0.00000000,0.00000000,0.82916402
56.95000000,0.99642967,0.01848782,0.01009974,0.00574487,0.38808495,0.92157097,0.29441487,0.03287403,-0.03152089,-0.55485260,0.00000000,0.00000000,0.83194867
57.00000000,0.98599898,0.00566838,-0.00055869,-0.01428938,0.39777585,0.91663863,0.22873206,0.01675522,-0.02520239,-0.55068594,0.00000000,0.00000000,0.83471252
57.05000000,1.00632845,-0.00497905,-0.00432882,-0.00532271,0.41397320,0.91254238,0.26637752,0.07675987,-0.03103652,-0.54650551,0.00000000,0.00000000,0.83745551
57.10000000,0.97079005,0.01044510,-0.00341972,-0.00866186,0.40590947,0.90712763,0.26301224,0.00415145,0.05940428,-0.54231142,0.00000000,0.00000000,0.84017756
57.15000000,1.00494220,-0.00309231,-0.00390357,0.00561609,0.42909292,0.91708023,0.19330364,0.00483544,0.02811908,-0.53810377,0.00000000,0.00000000,0.84287860
57.20000000,0.99616035,-0.01134940,-0.00806271,-0.00241035,0.43656066,0.91544791,0.14435573,-0.02971408,-0.01400410,-0.53388267,0.00000000,0.00000000,0.84555857
57.25000000,1.00794717,-0.00528111,-0.00429732,-0.01411993,0.44377960,0.89689969,0.17575022,-0.01460578,0.05240077,-0.52964822,0.00000000,0.00000000,0.84821740
57.30000000,0.98995113,-0.00841660,0.01252252,0.00075775,0.45460610,0.89809689,0.20341979,-0.01857641,0.03918841,-0.52540053,0.00000000,0.00000000,0.85085503
57.35000000,1.01162337,0.01084188,-0.01185472,0.01304911,0.45324746,0.88200536,0.19742744,0.03416919,0.02617029,-0.52113971,0.00000000,0.00000000,0.85347139
57.40000000,0.99744614,0.00837666,0.00139861,-0.00572971,0.45861903,0.88904533,0.20130969,-0.06451446,0.03988621,-0.51686585,0.00000000,0.00000000,0.85606640
57.45000000,0.99519725,0.01592120,-0.01402990,-0.00180709,0.46752560,0.87048760,0.18323006,0.07618219,0.00841171,-0.51257908,0.00000000,0.00000000,0.85864002
57.50000000,0.99208292,-0.01828628,-0.01721363,-0.00536463,0.47696704,0.87321213,0.10338485,-0.00710013,0.04796147,-0.50827949,0.00000000,0.00000000,0.86119217
57.55000000,1.01622841,-0.01894446,-0.00801393,-0.00854234,0.49349135,0.85837818,0.28023310,-0.00105362,-0.00350727,-0.50396719,0.00000000,0.00000000,0.86372280
57.60000000,1.01592714,-0.00016048,0.00400303,-0.00750798,0.48701013,0.85950850,0.30280453,0.02530956,0.01427757,-0.49964230,0.00000000,0.00000000,0.86623182
57.65000000,0.99023627,0.00911251,-0.01357693,-0.01567056,0.50375722,0.88010668,0.28987641,-0.02317993,-0.02815110,-0.49530491,0.00000000,0.00000000,0.86871920
57.70000000,0.98359638,0.00078031,0.00162013,0.00789556,0.52703317,0.85345115,0.22986632,-0.03433352,0.02601727,-0.49095514,0.00000000,0.00000000,0.87118485
57.75000000,0.99492768,0.00459459,0.00378501,0.00068804,0.53439970,0.83449943,0.15737550,-0.01507744,-0.06254470,-0.48659310,0.00000000,0.00000000,0.87362873
57.80000000,0.99593135,-0.00374630,0.01309684,0.00142534,0.54522417,0.84791321,0.18104423,0.00298000,0.03462094,-0.48221889,0.00000000,0.00000000,0.87605076
57.85000000,1.01193401,-0.00132310,-0.01647511,-0.01717802,0.54008783,0.81612599,0.28527951,0.02369567,-0.02642789,-0.47783263,0.00000000,0.00000000,0.87845090
57.90000000,0.98890352,0.01028119,-0.01113637,-0.01018227,0.54406024,0.83517048,0.23276291,0.05033792,0.04873254,-0.47343442,0.00000000,0.00000000,0.88082907
57.95000000,1.00000774,0.01020522,-0.00671000,-0.01820866,0.55332096,0.82040819,0.17673668,-0.04590454,-0.01862145,-0.46902438,0.00000000,0.00000000,0.88318522
58.00000000,1.00620017,0.01715257,-0.01725346,-0.01287735,0.56037437,0.83048656,0.19583447,-0.03538315,0.03405327,-0.46460261,0.00000000,0.00000000,0.88551929
58.05000000,1.00956390,-0.00018760,-0.00816219,0.00270280,0.57415589,0.81469508,0.18208477,0.03836651,0.01317498,-0.46016922,0.00000000,0.00000000,0.88783123
58.10000000,1.01035701,0.01336326,0.00458981,-0.00506477,0.59503393,0.81595621,0.32142615,0.01086822,0.03320156,-0.45572433,0.00000000,0.00000000,0.89012097
58.15000000,1.00290424,-0.00099099,-0.00258792,0.00294244,0.59792605,0.81695667,0.21881222,-0.02370103,-0.01261736,-0.45126805,0.00000000,0.00000000,0.89238845
58.20000000,0.98677063,0.01661214,-0.00541174,0.00967440,0.60350416,0.80248280,0.19974757,-0.03823144,-0.04131422,-0.44680049,0.00000000,0.00000000,0.89463363
58.25000000,1.01728465,0.00113961,0.01125268,0.01384907,0.60459447,0.79763328,0.20701294,-0.05475217,-0.00629492,-0.44232175,0.00000000,0.00000000,0.89685644
58.30000000,1.00587507,-0.00499029,-0.00324843,-0.00173367,0.63772164,0.76893113,0.22743417,-0.01432967,-0.02665096,-0.43783196,0.00000000,0.00000000,0.89905683
58.35000000,0.99722124,0.00667376,0.00724524,0.00186017,0.63537552,0.79375463,0.24150944,-0.02742647,0.02411210,-0.43333122,0.00000000,0.00000000,0.90123474
58.40000000,1.00499201,-0.00815631,-0.01569439,-0.02022776,0.63292597,0.77776327,0.15214912,0.04377999,0.00880740,-0.42881965,0.00000000,0.00000000,0.90339012
58.45000000,1.01349453,0.00370536,-0.01066334,0.00458281,0.64664461,0.76294573,0.14050764,0.00148538,-0.04275913,-0.42429736,0.00000000,0.00000000,0.90552292
58.50000000,1.01120888,-0.00407177,0.01724601,-0.02124159,0.64894355,0.77627814,0.16518438,-0.01011968,-0.01602431,-0.41976446,0.00000000,0.00000000,0.90763307
58.55000000,0.99316232,0.00244623,-0.01295422,-0.00110969,0.66034287,0.75331933,0.16026951,0.04307129,0.03465808,-0.41522107,0.00000000,0.00000000,0.90972054
58.60000000,0.98958813,-0.01294108,-0.00951924,0.00545273,0.66546048,0.75678160,0.19041412,-0.04435537,0.04309206,-0.41066729,0.00000000,0.00000000,0.91178527
58.65000000,0.99446551,0.00186548,-0.01549925,-0.00569810,0.68025426,0.73505365,0.24142572,-0.10724637,-0.02301676,-0.40610325,0.00000000,0.00000000,0.91382720
58.70000000,0.99828645,0.01742540,-0.01169063,0.00670993,0.68811815,0.72826290,0.18829550,0.00333383,-0.06425402,-0.40152906,0.00000000,0.00000000,0.91584628
58.75000000,0.99544897,0.01276112,0.00522655,-0.00156751,0.68600033,0.73447470,0.23954323,-0.02788360,0.07063481,-0.39694483,0.00000000,0.00000000,0.91784247
58.80000000,1.01316348,0.00677258,-0.00842960,-0.01020224,0.68885586,0.72238828,0.12591064,0.01912335,0.05957706,-0.39235067,0.00000000,0.00000000,0.91981571
58.85000000,1.00576474,-0.00676053,-0.00794403,0.00299852,0.69777194,0.71925385,0.23190980,0.04583083,-0.04863010,-0.38774671,0.00000000,0.00000000,0.92176596
58.90000000,1.00221619,-0.00363475,-0.00098635,0.00864409,0.71614938,0.72177920,0.22403297,-0.00792010,-0.00930907,-0.38313305,0.00000000,0.00000000,0.92369316
58.95000000,0.98265245,0.01339735,-0.00321898,0.00505897,0.72025060,0.68824216,0.16370669,0.06618483,0.01498867,-0.37850982,0.00000000,0.00000000,0.92559728
59.00000000,0.99419414,-0.00126347,0.01086237,0.00934314,0.70577098,0.70986863,0.24820745,-0.00981890,-0.05129545,-0.37387712,0.00000000,0.00000000,0.92747825
59.05000000,1.01054009,0.00476428,-0.01457798,-0.00232078,0.75859265,0.68645194,0.17181807,-0.04810134,0.08125068,-0.36923508,0.00000000,0.00000000,0.92933603
59.10000000,1.00847759,0.01407439,0.00248185,0.01254019,0.72567410,0.68060533,0.21783742,0.05882491,0.01625909,-0.36458380,0.00000000,0.00000000,0.93117058
59.15000000,0.99374488,0.00064074,-0.01676413,-0.02320969,0.74922369,0.66785658,0.19330906,0.03416107,0.06447620,-0.35992341,0.00000000,0.00000000,0.93298185
59.20000000,1.00534488,0.01928073,0.00502689,0.00302213,0.74999305,0.65130651,0.24775356,-0.11236457,-0.02421802,-0.35525402,0.00000000,0.00000000,0.93476980
59.25000000,1.00022930,-0.00789762,-0.00451756,0.01839376,0.76523352,0.64979421,0.18400035,-0.06010935,0.03352828,-0.35057575,0.00000000,0.00000000,0.93653438
59.30000000,0.99750258,-0.01966466,0.00100784,0.00438979,0.77035340,0.64834430,0.18833364,0.08582846,0.00229454,-0.34588872,0.00000000,0.00000000,0.93827554
59.35000000,1.00719562,-0.00539540,0.00689910,-0.01455629,0.76255395,0.62935556,0.17794477,0.05292272,-0.02538405,-0.34119304,0.00000000,0.00000000,0.93999325
59.40000000,1.00718256,0.01517265,-0.00027577,0.00993767,0.77886140,0.63489898,0.23855513,0.07928453,-0.02649953,-0.33648882,0.00000000,0.00000000,0.94168746
59.45000000,0.99040799,-0.01017915,0.00994428,0.01129368,0.77447874,0.60460741,0.17482396,0.02150078,-0.00098395,-0.33177620,0.00000000,0.00000000,0.94335813
59.50000000,1.00180348,-0.00523344,0.01014089,0.00343192,0.79193432,0.61972855,0.22845046,0.01750795,-0.03950476,-0.32705528,0.00000000,0.00000000,0.94500521
59.55000000,1.00373063,0.00791508,0.01155141,0.00416107,0.78255915,0.60213325,0.18553959,0.00547308,-0.00346656,-0.32232619,0.00000000,0.00000000,0.94662866
59.60000000,0.98876268,-0.01129720,-0.02098522,-0.03119475,0.79695659,0.62549623,0.28535442,-0.04674784,0.00870388,-0.31758904,0.00000000,0.00000000,0.94822846
59.65000000,0.98535420,-0.01312110,-0.01197473,-0.00225499,0.80243274,0.59680822,0.23465994,-0.01806577,0.00361900,-0.31284395,0.00000000,0.00000000,0.94980454
59.70000000,0.98906187,-0.01344497,-0.01498972,0.00649248,0.80678075,0.56749784,0.20217858,-0.05884899,0.07625440,-0.30809103,0.00000000,0.00000000,0.95135688
59.75000000,0.99421178,0.00681506,0.01088963,-0.00954928,0.81674179,0.58361295,0.21016738,0.01314892,-0.05746283,-0.30333042,0.00000000,0.00000000,0.95288544
59.80000000,1.00554036,-0.00486164,0.00349451,0.00919989,0.82840929,0.57337689,0.23371685,0.02778668,0.06888085,-0.29856222,0.00000000,0.00000000,0.95439017
59.85000000,0.99965949,0.00163957,0.00932067,-0.00490388,0.81402624,0.56657643,0.19578634,-0.05700227,0.02438492,-0.29378656,0.00000000,0.00000000,0.95587105
59.90000000,1.01431133,-0.01629743,0.01022325,-0.02537068,0.82895103,0.57174755,0.19031690,0.00102217,0.03611641,-0.28900355,0.00000000,0.00000000,0.95732803
59.95000000,0.98283526,0.00072095,0.00064213,0.01862321,0.82608817,0.54116993,0.16348267,-0.04926030,0.05241898,-0.28421332,0.00000000,0.00000000,0.95876107
60.00000000,1.00026652,-0.00555567,-0.00517846,-0.00563227,0.83911539,0.52392931,0.19342926,-0.01906421,-0.03188970,-0.27941598,0.00000000,0.00000000,0.96017015
60.05000000,1.00155046,0.00239889,-0.00556647,-0.00144134,0.87076311,0.54931287,0.15785965,-0.04389534,-0.04537795,-0.27461166,0.00000000,0.00000000,0.96155522
60.10000000,1.01057054,-0.00398529,0.00239674,0.01996967,0.85431077,0.52665300,0.22827392,-0.02930588,0.04936715,-0.26980047,0.00000000,0.00000000,0.96291625
60.15000000,0.99150299,0.01339880,-0.00587451,-0.00477968,0.84868364,0.50177792,0.18591452,-0.11173321,-0.00843494,-0.26498253,0.00000000,0.00000000,0.96425321
60.20000000,0.99492026,0.00790011,0.00422981,-0.00707637,0.86005015,0.50005325,0.27145400,-0.03977458,-0.03018868,-0.26015798,0.00000000,0.00000000,0.96556607
60.25000000,0.98871416,-0.01482039,0.00307004,0.00202903,0.88244395,0.50414219,0.31220232,-0.00630369,-0.00965124,-0.25532691,0.00000000,0.00000000,0.96685478
60.30000000,0.98699774,0.00696578,0.00118534,0.00651266,0.86311881,0.48852343,0.21417681,0.00321784,-0.02855658,-0.25048947,0.00000000,0.00000000,0.96811932
60.35000000,1.01189325,0.02050308,-0.01110344,0.00720444,0.85053782,0.48292429,0.12136414,-0.02647725,-0.05672025,-0.24564576,0.00000000,0.00000000,0.96935966
60.40000000,0.99784389,0.00838794,-0.01857313,-0.00359480,0.87890097,0.48323185,0.22430894,-0.05564675,-0.01907693,-0.24079591,0.00000000,0.00000000,0.97057577
60.45000000,1.01556104,0.00714365,-0.00918233,-0.00267071,0.88631350,0.45317797,0.12851699,-0.03330416,0.06412688,-0.23594005,0.00000000,0.00000000,0.97176761
60.50000000,0.99618856,-0.00103254,0.00140526,0.02218141,0.89329441,0.46058782,0.17824857,-0.01460069,0.00256137,-0.23107828,0.00000000,0.00000000,0.97293516
60.55000000,0.99225867,-0.00203718,0.00888051,-0.00800365,0.89765830,0.44778131,0.16812876,0.04598839,0.00525945,-0.22621074,0.00000000,0.00000000,0.97407839
60.60000000,0.99834877,-0.02008148,-0.00373612,0.00371592,0.91947284,0.43737441,0.25536592,-0.05707280,-0.00367167,-0.22133754,0.00000000,0.00000000,0.97519726
60.65000000,1.01220746,-0.00887734,0.00965223,0.00733318,0.90903841,0.41936686,0.16089154,0.07639738,0.03025775,-0.21645880,0.00000000,0.00000000,0.97629175
60.70000000,1.00340616,-0.00412850,0.00037872,0.00164717,0.91447108,0.42091340,0.17000681,-0.06858821,0.00576915,-0.21157466,0.00000000,0.00000000,0.97736184
60.75000000,0.98252783,-0.00323661,-0.00509190,0.00491748,0.93438840,0.38499884,0.30670465,-0.01342344,0.01755448,-0.20668523,0.00000000,0.00000000,0.97840749
60.80000000,0.98585168,0.00996872,0.00041473,-0.00061467,0.89918723,0.39601702,0.24282659,-0.01356670,0.05451179,-0.20179063,0.00000000,0.00000000,0.97942868
60.85000000,1.01132895,-0.00641095,0.01595114,0.00045295,0.92296533,0.38706365,0.20809989,-0.12062314,-0.00629610,-0.19689098,0.00000000,0.00000000,0.98042539
60.90000000,0.98636054,0.01626336,0.01586083,0.00851938,0.92389776,0.36674986,0.17559208,0.08387759,-0.02895601,-0.19198641,0.00000000,0.00000000,0.98139758
60.95000000,0.97644405,0.01030166,0.01500503,0.01659216,0.94038784,0.37956369,0.20736728,-0.09585476,0.00324688,-0.18707705,0.00000000,0.00000000,0.98234524
61.00000000,1.00621573,-0.00135270,-0.00180836,-0.00964118,0.92361589,0.37661172,0.28882332,-0.00311838,0.01459012,-0.18216300,0.00000000,0.00000000,0.98326835
61.05000000,0.99019142,0.00642575,0.01759649,-0.01529231,0.94180767,0.35426637,0.22859528,0.07046904,0.09305350,-0.17724441,0.00000000,0.00000000,0.98416687
61.10000000,0.99766516,0.00673174,0.00084234,-0.00632115,0.94331883,0.34620216,0.21470135,-0.04240762,-0.01873106,-0.17232138,0.00000000,0.00000000,0.98504078
61.15000000,0.99544093,-0.00842444,0.00313540,0.00418112,0.95375365,0.32148802,0.17917437,0.06652246,-0.00535648,-0.16739404,0.00000000,0.00000000,0.98589007
61.20000000,1.00030131,-0.00175104,0.01133031,0.01171809,0.95834394,0.32087399,0.16598348,0.08309815,0.04029530,-0.16246252,0.00000000,0.00000000,0.98671472
61.25000000,0.99543341,0.01423819,-0.00535609,0.01410703,0.96515338,0.30190550,0.23101702,0.03198063,0.11894229,-0.15752694,0.00000000,0.00000000,0.98751469
61.30000000,0.99257699,0.01432543,0.00017346,-0.01241364,0.95223429,0.30162587,0.15764499,0.01096083,0.04483453,-0.15258741,0.00000000,0.00000000,0.98828998
61.35000000,1.00238201,-0.00541844,-0.00148472,-0.00004543,0.95857567,0.30315027,0.21716152,-0.06573050,-0.02314776,-0.14764408,0.00000000,0.00000000,0.98904056
61.40000000,1.00166021,0.01124124,0.01297846,0.01774685,0.96058125,0.29010659,0.13995450,0.01622489,-0.04608727,-0.14269705,0.00000000,0.00000000,0.98976641
61.45000000,0.99937461,0.03029838,0.00303554,-0.00863813,0.96612972,0.26769603,0.16203422,0.09105526,0.04970928,-0.13774646,0.00000000,0.00000000,0.99046752
61.50000000,1.00345537,-0.00391823,-0.00310789,0.01542482,0.96779812,0.23240473,0.31326766,0.00518680,0.01735593,-0.13279242,0.00000000,0.00000000,0.99114387
61.55000000,1.01086695,0.00465403,0.00746909,-0.00423723,0.95501844,0.25637478,0.26902375,-0.03197061,-0.03055822,-0.12783506,0.00000000,0.00000000,0.99179544
61.60000000,1.01221019,-0.00457245,-0.00410560,-0.00373144,0.96915390,0.22815040,0.18087998,0.00730237,0.01198350,-0.12287450,0.00000000,0.00000000,0.99242222
61.65000000,1.01157993,0.01839392,0.01512483,0.00914652,0.97070670,0.22794602,0.20579955,0.02318788,0.03875818,-0.11791088,0.00000000,0.00000000,0.99302418
61.70000000,1.00623086,-0.00121175,0.00786862,0.01260873,0.98328877,0.22412309,0.16770915,-0.04135158,-0.02846498,-0.11294430,0.00000000,0.00000000,0.99360132
61.75000000,1.00257075,0.00519804,-0.01414532,-0.00503995,0.97911569,0.20569049,0.22440478,-0.01674861,-0.03035234,-0.10797491,0.00000000,0.00000000,0.99415362
61.80000000,1.00053205,0.00392280,-0.00848529,-0.00242612,0.98345763,0.19728899,0.13086286,-0.07171767,-0.01669580,-0.10300281,0.00000000,0.00000000,0.99468106
61.85000000,0.98681582,-0.00347722,0.01664943,-0.01378598,0.97795492,0.21643505,0.22325213,-0.01944509,-0.00501600,-0.09802814,0.00000000,0.00000000,0.99518364
61.90000000,1.00429363,0.01695772,-0.00530854,-0.00757610,0.96889493,0.18632556,0.14213575,-0.02374099,-0.03863756,-0.09305102,0.00000000,0.00000000,0.99566134
61.95000000,1.01074124,-0.00508396,0.00396930,-0.01604092,0.98580187,0.16342707,0.18596442,0.09588799,0.04368811,-0.08807157,0.00000000,0.00000000,0.99611415
62.00000000,0.99871587,0.03198942,-0.00915175,0.01165216,0.97086539,0.16316597,0.14472501,0.00850573,0.00450307,-0.08308992,0.00000000,0.00000000,0.99654205
62.05000000,0.99692335,0.01092057,-0.00567099,0.00326852,0.99600440,0.14090295,0.17152989,-0.00059126,0.03018132,-0.07810619,0.00000000,0.00000000,0.99694505
62.10000000,1.01421238,-0.00215880,-0.00316471,-0.00872596,0.99260662,0.14287837,0.19274490,-0.00719882,0.02666956,-0.07312051,0.00000000,0.00000000,0.99732311
62.15000000,0.99436269,-0.00772158,0.00431724,-0.03025725,0.98467901,0.12443626,0.25881134,-0.02271911,-0.02307599,-0.06813300,0.00000000,0.00000000,0.99767625
62.20000000,0.99951378,-0.00595372,-0.00402648,0.00097110,0.98780532,0.12174339,0.15982438,-0.05459878,0.00471176,-0.06314379,0.00000000,0.00000000,0.99800444
62.25000000,1.00306601,-0.01428157,0.00759941,0.00764048,1.00298335,0.11910806,0.23349118,0.09471733,-0.01148446,-0.05815300,0.00000000,0.00000000,0.99830768
62.30000000,0.98954308,-0.01534060,0.01755674,0.01768787,0.98510187,0.09889796,0.19051068,0.05175043,-0.05556990,-0.05316076,0.00000000,0.00000000,0.99858597
62.35000000,0.98033380,0.02167514,0.00312373,0.00454413,0.99330879,0.10088040,0.13728265,-0.04060711,0.00670280,-0.04816718,0.00000000,0.00000000,0.99883929
62.40000000,0.97729109,-0.00302518,-0.00364164,-0.00302690,0.99076147,0.07630539,0.12351626,0.00347328,-0.01142195,-0.04317240,0.00000000,0.00000000,0.99906764
62.45000000,0.98624718,0.00062533,-0.00294950,-0.00461024,0.97551615,0.08312511,0.14985628,-0.00017047,-0.03414686,-0.03817655,0.00000000,0.00000000,0.99927101
62.50000000,0.99611273,0.01152292,0.00531618,0.01130040,1.00110207,0.07028437,0.12534504,-0.01720015,-0.00805823,-0.03317974,0.00000000,0.00000000,0.99944940
62.55000000,1.01223665,-0.00506229,0.00264860,0.00225757,1.00998829,0.05500436,0.24201976,-0.07924389,-0.07018114,-0.02818210,0.00000000,0.00000000,0.99960281
62.60000000,0.97716656,0.00785985,0.00673667,0.00896828,0.99215141,0.04071956,0.19958658,0.06156420,0.07775030,-0.02318375,0.00000000,0.00000000,0.99973122
62.65000000,1.00793808,0.00331020,0.01335383,-0.00255842,0.99542921,0.03507342,0.16123056,-0.01082666,-0.04797201,-0.01818483,0.00000000,0.00000000,0.99983464
62.70000000,1.01025008,0.00543687,0.01429562,-0.01629283,1.01866926,0.01064385,0.15141003,-0.03076398,0.06048305,-0.01318545,0.00000000,0.00000000,0.99991307
62.75000000,1.00225573,-0.00243829,-0.00792627,-0.01375935,1.01119226,0.02435732,0.26548342,0.01474625,-0.11615841,-0.00818574,0.00000000,0.00000000,0.99996650
62.80000000,0.98755417,0.00464871,-0.00369717,-0.00558842,0.98894743,0.01584751,0.22540155,0.01941395,-0.02633555,-0.00318583,0.00000000,0.00000000,0.99999493
62.85000000,1.00176288,-0.01337765,-0.00129828,-0.02527930,0.98431226,-0.00685145,0.31121851,-0.08353168,-0.05361461,0.00181417,0.00000000,0.00000000,0.99999835
62.90000000,1.00216775,0.01769423,0.00202172,0.00702142,0.99653110,-0.01873413,0.20867540,-0.03243960,0.03439031,0.00681412,0.00000000,0.00000000,0.99997678
62.95000000,0.98393728,0.00889987,0.00039313,-0.00214721,0.98329102,-0.03342402,0.25860532,-0.01232883,0.01445036,0.01181389,0.00000000,0.00000000,0.99993021
63.00000000,0.99120468,-0.00029055,-0.01372152,0.00099882,1.00314103,-0.03041585,0.16459046,-0.01829699,0.02602405,0.01681338,0.00000000,0.00000000,0.99985865
63.05000000,0.99788562,-0.00287305,0.01903468,-0.00950989,1.00985262,-0.05516130,0.23428270,0.02866955,-0.02082422,0.02181244,0.00000000,0.00000000,0.99976208
63.10000000,0.98782523,-0.01970433,-0.00615114,0.00526219,0.98778606,-0.05263315,0.13897205,-0.01345980,-0.04929736,0.02681095,0.00000000,0.00000000,0.99964052
63.15000000,0.99922019,-0.00501079,-0.01190366,-0.00658873,0.98863483,-0.07672465,0.25342187,-0.01910751,-0.09648652,0.03180880,0.00000000,0.00000000,0.99949397
63.20000000,0.99376719,0.00914712,-0.00761359,0.01497744,0.98872404,-0.06852774,0.25135989,0.01713329,-0.05946924,0.03680585,0.00000000,0.00000000,0.99932244
63.25000000,0.99057531,0.01170071,-0.00804611,0.00975677,0.99220234,-0.08211651,0.14301140,-0.03020255,-0.03714489,0.04180198,0.00000000,0.00000000,0.99912592
63.30000000,1.00225600,0.00093198,0.00462650,-0.00490523,0.98631777,-0.09166430,0.15895538,0.04522852,-0.00312160,0.04679707,0.00000000,0.00000000,0.99890442
63.35000000,0.99673865,0.00462176,-0.00076364,-0.01658052,0.98402109,-0.09286587,0.20875142,-0.07820200,0.01774693,0.05179098,0.00000000,0.00000000,0.99865795
63.40000000,0.99440741,-0.00874500,-0.01144873,0.00999929,0.97389626,-0.12175929,0.21037223,0.06758654,0.02676929,0.05678360,0.00000000,0.00000000,0.99838651
63.45000000,0.99153975,0.01529353,-0.01355123,0.00265336,0.99724559,-0.13212480,0.23619731,-0.02598187,0.03308771,0.06177481,0.00000000,0.00000000,0.99809011
63.50000000,0.98160405,0.00334976,-0.00412107,0.01149704,0.99064521,-0.12073870,0.22770113,-0.00870235,0.03722564,0.06676446,0.00000000,0.00000000,0.99776876
63.55000000,1.00794058,0.00471910,-0.02292301,-0.00982560,1.00354423,-0.15569447,0.24446486,0.02859352,-0.03045663,0.07175245,0.00000000,0.00000000,0.99742247
63.60000000,0.98004768,-0.00568913,0.02078015,-0.00863277,0.98027979,-0.16300055,0.25932681,-0.01386352,-0.02599138,0.07673865,0.00000000,0.00000000,0.99705124
63.65000000,1.01413474,0.00579494,-0.00919290,-0.01223584,0.99822443,-0.16273125,0.13572375,-0.08274336,-0.04791077,0.08172292,0.00000000,0.00000000,0.99665509
63.70000000,0.98760515,-0.02046077,-0.01099507,-0.00919081,0.98033762,-0.15582815,0.19306641,-0.01049417,0.02477459,0.08670515,0.00000000,0.00000000,0.99623402
63.75000000,0.99762682,0.00400153,0.00280615,0.00122589,1.01085230,-0.17348683,0.15662392,0.01355684,-0.03340755,0.09168522,0.00000000,0.00000000,0.99578804
63.80000000,1.00446251,-0.01375187,-0.01107779,0.00343908,0.99128922,-0.18739423,0.24319729,0.01371767,0.00971426,0.09666299,0.00000000,0.00000000,0.99531717
63.85000000,0.99496307,0.00813002,0.01024879,-0.00063116,0.97817003,-0.18630995,0.20408671,0.00038478,0.02365524,0.10163835,0.00000000,0.00000000,0.99482141
63.90000000,0.99902194,-0.00820340,0.00377966,-0.00038755,0.99569062,-0.20412264,0.17836922,0.02960456,0.01576818,0.10661116,0.00000000,0.00000000,0.99430079
63.95000000,1.01309426,-0.00524454,0.00188676,-0.00099094,0.97568401,-0.23062104,0.23075555,0.01569193,0.05947695,0.11158131,0.00000000,0.00000000,0.99375531
64.00000000,0.99989974,-0.00411840,0.00789294,-0.00794204,0.98368266,-0.22068037,0.26122722,0.01384309,-0.01975678,0.11654868,0.00000000,0.00000000,0.99318498
64.05000000,1.00109188,0.00380069,-0.00560142,0.01333116,0.97626996,-0.25014761,0.28920467,0.00135538,-0.04692978,0.12151312,0.00000000,0.00000000,0.99258983
64.10000000,0.99169746,0.01487784,0.01824985,0.01009485,0.98120147,-0.23875169,0.22990605,0.01171520,0.02614342,0.12647453,0.00000000,0.00000000,0.99196985
64.15000000,1.00736015,-0.00741598,0.00731959,0.01458617,0.96338713,-0.26371770,0.22631180,-0.03205357,-0.05688992,0.13143278,0.00000000,0.00000000,0.99132509
64.20000000,1.01147719,-0.00450951,0.00018449,-0.00610125,0.97556432,-0.26169478,0.19423380,-0.05576661,-0.01351517,0.13638774,0.00000000,0.00000000,0.99065553
64.25000000,1.00570153,0.00188636,0.00109098,0.00211699,0.96763437,-0.28025943,0.22512521,-0.04713637,0.11621168,0.14133929,0.00000000,0.00000000,0.98996121
64.30000000,0.99716141,0.00203593,0.00566466,-0.00410791,0.95727829,-0.28947039,0.16412297,0.01661432,-0.07175544,0.14628731,0.00000000,0.00000000,0.98924215
64.35000000,1.01752708,0.00792971,0.00639122,-0.01736642,0.94633268,-0.28509106,0.39064916,0.05042827,0.04837352,0.15123167,0.00000000,0.00000000,0.98849835
64.40000000,1.00524974,-0.00847497,0.00995174,-0.01101207,0.93911460,-0.32124728,0.24863564,-0.00556763,0.00651051,0.15617225,0.00000000,0.00000000,0.98772984
64.45000000,0.99984596,-0.01125717,-0.00670731,-0.00620426,0.93403511,-0.32305071,0.15664251,0.02283444,0.03155952,0.16110893,0.00000000,0.00000000,0.98693663
64.50000000,0.98706361,-0.00296632,0.01856060,-0.00980763,0.94912677,-0.32641820,0.25387542,0.01021368,-0.01728812,0.16604158,0.00000000,0.00000000,0.98611875
64.55000000,1.00066764,0.00081370,-0.00091695,-0.01319111,0.95396935,-0.32624116,0.15830245,-0.01644886,-0.00806614,0.17097007,0.00000000,0.00000000,0.98527622
64.60000000,0.98843481,-0.01866796,-0.00670593,-0.00356402,0.92371006,-0.34453410,0.25700451,0.03466058,-0.00366555,0.17589430,0.00000000,0.00000000,0.98440906
64.65000000,0.98159588,0.00715702,0.00146392,0.00424351,0.95397353,-0.36391575,0.07643432,-0.05011192,0.02373660,0.18081412,0.00000000,0.00000000,0.98351729
64.70000000,1.00026926,-0.01215636,-0.01419717,-0.00354609,0.91854821,-0.35978948,0.18660043,-0.03104556,-0.03191115,0.18572943,0.00000000,0.00000000,0.98260093
64.75000000,1.00263123,0.00042609,0.00201957,0.00180129,0.92659076,-0.38461881,0.17233641,-0.02065040,0.09435834,0.19064009,0.00000000,0.00000000,0.98166000
64.80000000,0.98651164,-0.00418977,0.00098267,-0.00303333,0.93426323,-0.38662674,0.19451099,0.03343129,0.08297749,0.19554599,0.00000000,0.00000000,0.98069453
64.85000000,1.01407498,-0.00136654,-0.00049514,0.00046719,0.92111200,-0.40123114,0.24688575,0.00623984,-0.00000603,0.20044699,0.00000000,0.00000000,0.97970455
64.90000000,0.98728855,0.00062286,-0.01893212,-0.00581649,0.91003754,-0.39906434,0.28906945,0.02257648,0.06677451,0.20534299,0.00000000,0.00000000,0.97869007
64.95000000,1.00645212,0.01125053,0.01857127,-0.00731837,0.90363241,-0.40438262,0.20483549,0.00685452,-0.00912072,0.21023385,0.00000000,0.00000000,0.97765113
65.00000000,0.99403741,0.01620765,-0.01099861,0.00686392,0.91268952,-0.43595619,0.16784637,-0.03263642,0.02724897,0.21511946,0.00000000,0.00000000,0.97658774
65.05000000,0.99632965,-0.00085590,-0.01457647,0.02325912,0.90391223,-0.42422936,0.18082249,-0.03218638,0.08753786,0.21999969,0.00000000,0.00000000,0.97549994
65.10000000,0.98083278,0.00278647,-0.01211504,-0.00405001,0.89248205,-0.44808953,0.20658500,-0.11784575,-0.01210907,0.22487442,0.00000000,0.00000000,0.97438775
65.15000000,0.99909710,-0.01359277,0.01513219,-0.00594458,0.89206098,-0.45311852,0.20135225,0.05550198,0.11259663,0.22974352,0.00000000,0.00000000,0.97325121
65.20000000,1.00745639,0.01087994,0.01716427,0.00248871,0.90562173,-0.44819416,0.21143931,0.01266773,-0.07945624,0.23460689,0.00000000,0.00000000,0.97209033
65.25000000,1.00292119,-0.01543748,-0.01625269,0.00192879,0.87417283,-0.46506555,0.21119098,0.00518623,-0.03843354,0.23946439,0.00000000,0.00000000,0.97090515
65.30000000,1.00898682,-0.00089235,0.00441076,-0.01196440,0.87883621,-0.46285120,0.24838766,-0.03865601,-0.02239810,0.24431590,0.00000000,0.00000000,0.96969570
65.35000000,0.99011313,-0.00656413,-0.01399068,-0.00138176,0.88216868,-0.49045703,0.20094796,-0.01286099,0.04918634,0.24916130,0.00000000,0.00000000,0.96846200
65.40000000,0.99388408,-0.00575216,-0.00846021,-0.01137510,0.87625937,-0.49269171,0.20745117,0.05400369,0.06157246,0.25400048,0.00000000,0.00000000,0.96720409
65.45000000,0.98353766,0.00647835,0.00225647,-0.00461591,0.86928748,-0.51728940,0.27041135,0.02002900,-0.03669282,0.25883330,0.00000000,0.00000000,0.96592201
65.50000000,0.99414590,-0.01703146,-0.00313957,-0.00482732,0.84771607,-0.50089350,0.26210011,-0.00422360,-0.01166894,0.26365966,0.00000000,0.00000000,0.96461577
65.55000000,1.00434985,-0.00019639,-0.01082179,-0.00652678,0.85287324,-0.51476275,0.20541755,0.00640800,-0.06619238,0.26847942,0.00000000,0.00000000,0.96328542
65.60000000,1.00665218,0.00003416,0.02552709,-0.00387634,0.85385704,-0.49748480,0.21368004,-0.00602453,-0.04213649,0.27329247,0.00000000,0.00000000,0.96193099
65.65000000,1.01528266,-0.01159102,0.00427121,-0.00473555,0.84342888,-0.54849611,0.26506648,-0.01542347,-0.05234046,0.27809869,0.00000000,0.00000000,0.96055251
65.70000000,1.01252691,-0.00504137,0.00334607,0.00841416,0.84467784,-0.56464951,0.23609730,-0.00749958,-0.01271461,0.28289795,0.00000000,0.00000000,0.95915001
65.75000000,0.99890925,-0.01610033,0.00192171,-0.01364391,0.83161036,-0.54949261,0.25303240,-0.03965421,0.06691696,0.28769015,0.00000000,0.00000000,0.95772354
65.80000000,1.00946853,-0.00429410,-0.01108749,-0.01443816,0.83163411,-0.56674509,0.25863687,-0.03338923,-0.03827923,0.29247515,0.00000000,0.00000000,0.95627312
65.85000000,1.00233626,-0.00686047,0.00008550,0.00985989,0.82445379,-0.56642366,0.21417444,-0.07871769,0.01952352,0.29725284,0.00000000,0.00000000,0.95479880
65.90000000,1.00159932,0.00892897,0.00605811,-0.00201949,0.82788803,-0.57876391,0.21605320,-0.01691503,0.02265044,0.30202310,0.00000000,0.00000000,0.95330061
65.95000000,0.99623510,0.01647552,0.02017363,0.00873938,0.82717791,-0.59937646,0.14143405,-0.01738063,0.00384390,0.30678580,0.00000000,0.00000000,0.95177858
66.00000000,0.99801793,-0.01642135,0.01151592,0.02154198,0.81869449,-0.58121740,0.21511238,-0.04069999,0.00524355,0.31154084,0.00000000,0.00000000,0.95023276
66.05000000,1.02105588,-0.00351988,-0.00454957,0.01107304,0.81166055,-0.60858075,0.19330605,-0.02544590,0.00511660,0.31628809,0.00000000,0.00000000,0.94866319
66.10000000,1.01103687,-0.00804028,0.01089665,0.00101651,0.81714470,-0.60488253,0.20066567,0.02270202,-0.01307764,0.32102743,0.00000000,0.00000000,0.94706990
66.15000000,0.98204727,-0.00240521,-0.00256294,-0.01592317,0.78703212,-0.63665023,0.18945097,0.00789394,0.00633780,0.32575875,0.00000000,0.00000000,0.94545293
66.20000000,0.99588931,-0.00085530,-0.00784064,0.00010817,0.78214426,-0.63282832,0.21697187,0.00869252,-0.00543313,0.33048192,0.00000000,0.00000000,0.94381232
66.25000000,1.02421047,-0.00140702,-0.00279234,-0.00422393,0.76557678,-0.62475116,0.17431010,-0.02839941,-0.02207089,0.33519683,0.00000000,0.00000000,0.94214812
66.30000000,0.99015056,-0.01751083,-0.00462940,0.00873335,0.77090121,-0.62372553,0.23858379,0.02043242,0.08619462,0.33990336,0.00000000,0.00000000,0.94046037
66.35000000,0.99902854,0.00063076,-0.00011464,0.01543787,0.76252491,-0.65347128,0.23128165,-0.03950425,0.02585757,0.34460140,0.00000000,0.00000000,0.93874910
66.40000000,1.00413841,-0.00189403,0.00565812,-0.01487790,0.75762148,-0.65920868,0.33300432,0.00396871,-0.02467146,0.34929081,0.00000000,0.00000000,0.93701437
66.45000000,0.98621698,0.01305406,-0.00350033,-0.00791352,0.75277135,-0.65561090,0.23335124,-0.00211673,0.00911920,0.35397150,0.00000000,0.00000000,0.93525621
66.50000000,1.00232037,0.00336396,0.00424885,0.01094453,0.74331406,-0.67773697,0.19854708,0.03071010,-0.07789596,0.35864334,0.00000000,0.00000000,0.93347467
66.55000000,0.98219248,0.00918276,0.01520123,-0.01265200,0.73702179,-0.68095829,0.19333532,0.01066376,-0.05581891,0.36330621,0.00000000,0.00000000,0.93166979
66.60000000,0.98892782,-0.00301251,-0.00145376,-0.01125955,0.73710736,-0.68846465,0.18613574,0.00964089,-0.00376495,0.36795999,0.00000000,0.00000000,0.92984162
66.65000000,1.00837477,-0.00933423,-0.01397387,-0.00309788,0.72293401,-0.70395437,0.14293777,0.00515260,-0.03188898,0.37260458,0.00000000,0.00000000,0.92799021
66.70000000,0.98547488,0.00965341,-0.00631795,0.01149812,0.71566489,-0.69578784,0.19554144,-0.12174247,-0.04883864,0.37723986,0.00000000,0.00000000,0.92611559
66.75000000,0.99874291,0.00364729,-0.01789674,-0.00053602,0.69713453,-0.70350797,0.20413237,0.03025040,0.04970977,0.38186570,0.00000000,0.00000000,0.92421782
66.80000000,1.00458990,0.00860394,-0.00350342,0.02823117,0.68907514,-0.71817989,0.24530998,0.03066272,0.02379670,0.38648200,0.00000000,0.00000000,0.92229695
66.85000000,1.00675319,-0.02083557,0.01589299,-0.00203891,0.70655831,-0.74021447,0.21647409,-0.02820059,0.02758599,0.39108863,0.00000000,0.00000000,0.92035302
66.90000000,1.00317070,0.00366048,-0.01058942,-0.00056969,0.68506432,-0.72183099,0.24924271,0.00372949,-0.05507216,0.39568549,0.00000000,0.00000000,0.91838608
66.95000000,1.00107579,0.02611076,0.01646005,-0.02974400,0.68019736,-0.72429510,0.19684609,-0.02357589,-0.00993900,0.40027245,0.00000000,0.00000000,0.91639618
67.00000000,1.00552189,-0.01148470,0.01188689,-0.00055993,0.66284367,-0.72913164,0.13589965,-0.02782975,-0.02356609,0.40484941,0.00000000,0.00000000,0.91438337
67.05000000,1.02143942,-0.00685021,-0.02154965,-0.00581815,0.66931218,-0.73921910,0.30680995,0.05991837,0.01040415,0.40941625,0.00000000,0.00000000,0.91234771
67.10000000,0.99108585,0.01624027,-0.00368564,-0.00658157,0.65308222,-0.76619293,0.18420367,-0.01342492,0.03467596,0.41397285,0.00000000,0.00000000,0.91028923
67.15000000,0.99611912,-0.01267459,-0.01603772,0.00209570,0.65040978,-0.76574791,0.18409471,0.01437366,0.06418712,0.41851910,0.00000000,0.00000000,0.90820800
67.20000000,0.99219855,0.00088903,0.00958270,-0.00776114,0.64189280,-0.76704346,0.14635709,0.00453550,0.00341072,0.42305489,0.00000000,0.00000000,0.90610406
67.25000000,1.00555084,-0.01186886,0.00009970,0.01381734,0.65512551,-0.76024426,0.15235976,0.01717169,-0.01960697,0.42758010,0.00000000,0.00000000,0.90397746
67.30000000,1.00283901,-0.00772217,-0.01713473,-0.00344517,0.63381450,-0.77647030,0.22302038,0.00667548,0.02009102,0.43209463,0.00000000,0.00000000,0.90182827
67.35000000,1.00529512,-0.00274681,0.00082891,0.01743258,0.62018408,-0.78515148,0.20960114,-0.01274517,-0.01746971,0.43659835,0.00000000,0.00000000,0.89965654
67.40000000,1.00208679,-0.00505715,-0.00145515,-0.00790515,0.61195731,-0.78588342,0.19552288,-0.09281741,0.02840222,0.44109115,0.00000000,0.00000000,0.89746231
67.45000000,1.00120184,-0.00993231,0.00773270,-0.01398425,0.61338360,-0.79836812,0.10353327,0.00497514,-0.01616547,0.44557293,0.00000000,0.00000000,0.89524564
67.50000000,0.99443151,-0.00737726,-0.00127216,-0.00485189,0.57635467,-0.79106308,0.19407199,-0.03573313,-0.04846464,0.45004357,0.00000000,0.00000000,0.89300660
67.55000000,1.00770732,-0.01298432,0.00133987,-0.00583649,0.58159992,-0.82072828,0.17725847,-0.00260590,0.01252348,0.45450296,0.00000000,0.00000000,0.89074523
67.60000000,0.99214408,-0.00090934,0.00888454,-0.01662629,0.57866530,-0.82502848,0.15792253,0.00867279,-0.02238439,0.45895099,0.00000000,0.00000000,0.88846159
67.65000000,0.98783197,0.01324283,0.00920090,-0.01932306,0.55579970,-0.81533248,0.19226005,0.06410774,0.02956340,0.46338754,0.00000000,0.00000000,0.88615574
67.70000000,1.00299466,-0.01021863,0.00491440,-0.01275764,0.57535536,-0.82270995,0.16811246,0.03298627,0.10224404,0.46781251,0.00000000,0.00000000,0.88382773
67.75000000,0.99782383,0.00550413,-0.00431829,0.00085352,0.53893328,-0.83251822,0.20694884,0.07745363,-0.07827498,0.47222578,0.00000000,0.00000000,0.88147763
67.80000000,0.99719117,0.01288117,-0.00241771,-0.00171342,0.53732035,-0.84733731,0.12334534,-0.03113936,-0.04224530,0.47662724,0.00000000,0.00000000,0.87910549
67.85000000,1.00118039,-0.00787668,-0.00479591,-0.00452205,0.53676403,-0.84871102,0.15751548,0.00083559,0.04973930,0.48101680,0.00000000,0.00000000,0.87671138
67.90000000,1.00128466,-0.00609820,-0.00123146,-0.02050633,0.52739068,-0.85275954,0.16325438,-0.03663486,-0.01634624,0.48539432,0.00000000,0.00000000,0.87429535
67.95000000,1.00992458,0.01092060,-0.00928125,-0.00518077,0.51534495,-0.84590586,0.21150725,0.00114969,0.02598239,0.48975971,0.00000000,0.00000000,0.87185746
68.00000000,0.99403587,0.01363887,-0.00001745,-0.00855912,0.50940856,-0.84684195,0.18598707,0.03946552,-0.02596631,0.49411286,0.00000000,0.00000000,0.86939777
68.05000000,0.99234336,0.00659597,-0.00873973,0.00822540,0.50660417,-0.87297118,0.20180498,-0.02754193,0.01760671,0.49845365,0.00000000,0.00000000,0.86691635
68.10000000,1.01887798,-0.00370705,0.00533776,0.00024441,0.49466113,-0.87087488,0.16665513,0.01198791,-0.01091292,0.50278199,0.00000000,0.00000000,0.86441326
68.15000000,0.99095200,0.01014173,0.00099010,-0.00228099,0.49910431,-0.89248430,0.26192228,-0.04236320,0.01146002,0.50709775,0.00000000,0.00000000,0.86188855
68.20000000,0.99411936,-0.00923001,0.01313887,0.01856217,0.47472612,-0.87558199,0.20754873,0.07439062,-0.09250296,0.51140083,0.00000000,0.00000000,0.85934230
68.25000000,1.00377123,-0.00727126,-0.02355964,-0.00360530,0.48660580,-0.89022259,0.24036411,0.05060625,0.00143218,0.51569113,0.00000000,0.00000000,0.85677456
68.30000000,1.00120456,-0.01716298,-0.00716164,0.00907008,0.45987222,-0.88462567,0.21095499,0.09502940,-0.01725343,0.51996854,0.00000000,0.00000000,0.85418541
68.35000000,1.01605410,0.00133503,0.01694199,-0.01224978,0.45220615,-0.89678412,0.21123739,0.05166633,0.01894088,0.52423295,0.00000000,0.00000000,0.85157490
68.40000000,1.01220383,-0.00670221,-0.00822834,0.00016105,0.44102226,-0.89916472,0.16212869,0.05060533,-0.01422657,0.52848426,0.00000000,0.00000000,0.84894310
68.45000000,1.01426078,0.00012743,0.00648429,0.00557710,0.42417105,-0.89800325,0.29123767,0.00825244,0.04230632,0.53272235,0.00000000,0.00000000,0.84629008
68.50000000,1.00693272,0.00307050,0.00186479,0.00547316,0.43100840,-0.91947590,0.21605972,-0.01123221,-0.01550961,0.53694712,0.00000000,0.00000000,0.84361590
68.55000000,1.01295964,-0.00733146,-0.01394769,0.00795716,0.40009108,-0.92942208,0.24561897,0.00409827,0.02314066,0.54115847,0.00000000,0.00000000,0.84092063
68.60000000,0.99557572,-0.01384406,-0.01185787,-0.00272189,0.39244900,-0.91116949,0.18431825,0.00527506,0.00893844,0.54535629,0.00000000,0.00000000,0.83820434
68.65000000,1.00386800,0.00499483,-0.00343901,0.00183969,0.39837061,-0.94253487,0.23391351,0.00370562,0.02722503,0.54954048,0.00000000,0.00000000,0.83546709
68.70000000,0.98713156,-0.00315773,-0.01091529,0.00744601,0.37275725,-0.93144665,0.22889525,-0.03114648,-0.03951889,0.55371093,0.00000000,0.00000000,0.83270896
68.75000000,1.00906719,0.00947712,0.00722071,0.00848710,0.37525184,-0.92802794,0.17601692,0.00450108,-0.02160833,0.55786753,0.00000000,0.00000000,0.82993001
68.80000000,0.99566934,0.00599900,0.01184539,0.00398260,0.38623225,-0.93676648,0.12280328,0.02895913,-0.03251745,0.56201019,0.00000000,0.00000000,0.82713031
68.85000000,0.99726308,-0.01769797,-0.00899210,-0.01502227,0.35463068,-0.93729318,0.20902315,0.05244210,0.03227217,0.56613880,0.00000000,0.00000000,0.82430993
68.90000000,0.98377830,0.00608015,0.00111755,-0.00097826,0.34939545,-0.93484515,0.17405788,-0.01115498,0.05494737,0.57025326,0.00000000,0.00000000,0.82146894
68.95000000,0.99296094,-0.01029888,-0.00061707,-0.01130566,0.32300839,-0.94378467,0.26978434,-0.00472643,0.00998621,0.57435346,0.00000000,0.00000000,0.81860742
69.00000000,0.97869852,0.00438125,0.00093366,-0.00664915,0.33261647,-0.94199407,0.15761826,0.01184095,0.05553752,0.57843930,0.00000000,0.00000000,0.81572543
69.05000000,0.99772059,-0.00867594,-0.00177580,0.00854613,0.30909944,-0.94117063,0.17467827,0.00782539,-0.02323766,0.58251067,0.00000000,0.00000000,0.81282305
69.10000000,0.99432983,0.01523095,-0.01409087,0.00485366,0.32919040,-0.94326721,0.14547153,-0.06031402,-0.03161371,0.58656749,0.00000000,0.00000000,0.80990035
69.15000000,1.00157908,0.00225943,-0.01271697,-0.00872757,0.29424567,-0.95500112,0.29375828,-0.04473339,-0.04169088,0.59060964,0.00000000,0.00000000,0.80695740
69.20000000,0.98866860,0.00635545,-0.00041342,-0.00896227,0.28918565,-0.96408465,0.21823266,0.11704897,0.02663541,0.59463703,0.00000000,0.00000000,0.80399428
69.25000000,0.99907011,-0.00664975,-0.01343400,0.00733690,0.29003097,-0.96371083,0.25926195,-0.00205607,0.03664835,0.59864955,0.00000000,0.00000000,0.80101106
69.30000000,1.00296197,-0.00177136,-0.00954885,-0.00145537,0.28205343,-0.96691555,0.22466583,-0.05142142,0.03688527,0.60264711,0.00000000,0.00000000,0.79800781
69.35000000,1.00312941,-0.01202111,-0.00224015,0.00931441,0.25141074,-0.97523189,0.20189200,0.09240545,-0.02807861,0.60662960,0.00000000,0.00000000,0.79498461
69.40000000,1.00495274,0.00260135,-0.00589520,0.00161133,0.24986446,-0.97069218,0.13070566,-0.00409282,0.04220868,0.61059692,0.00000000,0.00000000,0.79194154
69.45000000,1.00057426,0.01090508,0.00580327,-0.00059541,0.23837985,-0.97447180,0.13923677,-0.01494413,0.00852926,0.61454898,0.00000000,0.00000000,0.78887867
69.50000000,1.01715421,0.00528320,-0.00864854,-0.01439368,0.23288542,-0.96388958,0.19513374,0.02123827,-0.00610018,0.61848567,0.00000000,0.00000000,0.78579608
69.55000000,1.00717000,-0.01597258,0.01604182,-0.01112483,0.23315661,-0.97702994,0.19982002,-0.01378241,0.01343098,0.62240691,0.00000000,0.00000000,0.78269384
69.60000000,1.00457525,0.01058362,0.01407949,0.00331822,0.23260185,-0.97558181,0.25318460,0.01617293,-0.02256118,0.62631258,0.00000000,0.00000000,0.77957203
69.65000000,1.00181234,0.00503172,-0.00032198,0.00412857,0.21434301,-0.97885106,0.07334534,0.07205452,-0.01130869,0.63020259,0.00000000,0.00000000,0.77643074
69.70000000,0.99176720,-0.01124110,-0.00336446,-0.00562748,0.18852300,-0.98744652,0.22869082,0.08780061,0.03869708,0.63407685,0.00000000,0.00000000,0.77327003
69.75000000,1.01122598,-0.00377410,0.00104665,0.00426482,0.17948163,-0.98679243,0.24321673,0.04575937,0.00501468,0.63793526,0.00000000,0.00000000,0.77009000
69.80000000,0.98804843,-0.00295592,-0.01441331,0.00075202,0.17879675,-0.98705384,0.21580965,0.01564439,0.01348722,0.64177772,0.00000000,0.00000000,0.76689071
69.85000000,0.98798470,-0.00253264,0.00409843,0.01578712,0.16367134,-0.98055152,0.24427215,-0.01179346,0.05335836,0.64560413,0.00000000,0.00000000,0.76367225
69.90000000,1.01202174,0.01380385,0.00458432,0.02360137,0.15036902,-0.96643372,0.23935940,0.05694394,-0.01231252,0.64941441,0.00000000,0.00000000,0.76043469
69.95000000,1.00844475,0.01426974,-0.01087359,-0.00163326,0.12522492,-0.99097364,0.16850700,-0.01273887,0.13274931,0.65320845,0.00000000,0.00000000,0.75717813
70.00000000,1.01717804,-0.01439448,0.00555738,0.00798931,0.13335940,-0.98882412,0.21734230,-0.06322229,-0.04412245,0.65698616,0.00000000,0.00000000,0.75390264
70.05000000,1.00172297,0.00099403,-0.00708563,-0.00794376,0.12592784,-0.98306352,0.20157945,0.06957073,-0.02911804,0.66074744,0.00000000,0.00000000,0.75060830
70.10000000,1.00193110,-0.00354295,0.00587961,-0.00781588,0.13617418,-1.01004979,0.28171861,0.00102441,0.02670518,0.66449221,0.00000000,0.00000000,0.74729519
70.15000000,1.01334525,0.00857661,-0.00730027,0.00600090,0.12563783,-1.00313591,0.29973900,0.01424914,-0.01737453,0.66822036,0.00000000,0.00000000,0.74396340
70.20000000,0.99106711,-0.00223287,-0.01955278,-0.00415244,0.09438601,-1.00602703,0.23844465,-0.01278353,-0.02643360,0.67193181,0.00000000,0.00000000,0.74061302
70.25000000,0.99674666,0.00355107,0.00073221,-0.00700975,0.08831430,-0.99671002,0.15404161,-0.01590232,0.02790880,0.67562646,0.00000000,0.00000000,0.73724411
70.30000000,1.00572138,-0.00229964,0.00676773,-0.00979955,0.06760167,-0.99953657,0.27197319,0.00430083,-0.01031473,0.67930422,0.00000000,0.00000000,0.73385678
70.35000000,1.01544138,-0.00286938,0.02234733,-0.00511283,0.05700033,-0.99940869,0.19386061,-0.03912234,0.11836382,0.68296500,0.00000000,0.00000000,0.73045110
70.40000000,1.00318627,0.00464250,-0.00461879,-0.00577669,0.06739256,-1.01512477,0.15388955,-0.01405997,0.06242067,0.68660870,0.00000000,0.00000000,0.72702716
70.45000000,0.99625483,0.00416152,0.00027729,0.01296258,0.03130340,-0.99152816,0.19610497,0.03836208,-0.03463941,0.69023524,0.00000000,0.00000000,0.72358504
70.50000000,1.00024393,-0.00102507,-0.01002435,-0.01280413,0.03135545,-0.99801003,0.17114986,-0.01776134,-0.08233542,0.69384452,0.00000000,0.00000000,0.72012484
70.55000000,0.99629350,0.01023587,0.00705180,-0.00086922,0.02960130,-1.00791357,0.27764711,0.08947315,0.00937114,0.69743646,0.00000000,0.00000000,0.71664663
70.60000000,1.02590686,-0.00680182,-0.01251079,-0.00709624,0.01497237,-0.97673197,0.19242618,-0.04144498,-0.03818030,0.70101096,0.00000000,0.00000000,0.71315050
70.65000000,1.01140022,0.00997302,-0.00485478,-0.01875784,-0.00411788,-0.98276187,0.23580443,-0.00007248,0.08557676,0.70456793,0.00000000,0.00000000,0.70963655
70.70000000,1.01958326,-0.00035940,-0.00017572,-0.00582047,-0.00567791,-1.01485924,0.13834790,-0.08003965,0.05049303,0.70810729,0.00000000,0.00000000,0.70610485
70.75000000,0.98438598,0.01949962,-0.00730378,0.01737350,-0.01648207,-1.01557954,0.26241234,0.05969334,-0.03851983,0.71162895,0.00000000,0.00000000,0.70255550
70.80000000,0.99668348,-0.00905796,-0.00120527,0.00107829,-0.02634373,-1.01792828,0.17902229,0.02846232,-0.00734227,0.71513282,0.00000000,0.00000000,0.69898859
70.85000000,0.99672559,-0.00930777,-0.00610051,0.01408948,-0.04422375,-0.99225285,0.20710437,0.00794827,-0.03075197,0.71861881,0.00000000,0.00000000,0.69540421
70.90000000,0.99648223,-0.00005720,-0.00520667,0.00331432,-0.03824439,-0.97735579,0.21744104,-0.08851809,0.05401179,0.72208683,0.00000000,0.00000000,0.69180243
70.95000000,0.99796129,0.02011925,0.01470924,-0.00505267,-0.04558827,-1.00454427,0.20512034,0.02723096,0.05177488,0.72553680,0.00000000,0.00000000,0.68818337
71.00000000,1.00895206,0.00074990,0.02483424,-0.00365020,-0.07886255,-1.01217372,0.27091963,-0.00642802,0.00911327,0.72896864,0.00000000,0.00000000,0.68454710
71.05000000,0.99457476,-0.00452702,-0.00787096,0.00471151,-0.07374130,-0.99299888,0.22018015,-0.02204588,-0.06323642,0.73238224,0.00000000,0.00000000,0.68089371
71.10000000,0.98454200,0.03026652,0.01478173,0.01340183,-0.08948325,-0.99647630,0.16853587,-0.06167810,-0.02433075,0.73577754,0.00000000,0.00000000,0.67722331
71.15000000,1.01326185,0.00840745,-0.00970048,-0.00314816,-0.08520736,-1.00140393,0.20855921,0.01497116,0.01948295,0.73915445,0.00000000,0.00000000,0.67353597
71.20000000,1.00254145,-0.00653697,-0.00550975,-0.01133650,-0.11826410,-0.99586495,0.24150424,-0.06472811,0.01420773,0.74251287,0.00000000,0.00000000,0.66983179
71.25000000,1.00784631,-0.01836734,-0.00270581,0.01646210,-0.10707320,-1.01234581,0.23444184,-0.03643981,0.03291619,0.74585274,0.00000000,0.00000000,0.66611087
71.30000000,0.99309918,-0.00053032,-0.00537543,0.00003158,-0.12819603,-0.99470103,0.15242535,0.01894296,0.00983899,0.74917395,0.00000000,0.00000000,0.66237330
71.35000000,0.98383468,0.00992917,-0.00176288,0.00161762,-0.12479598,-0.98790839,0.25710947,-0.01611657,0.04826109,0.75247644,0.00000000,0.00000000,0.65861916
71.40000000,1.00122925,0.00507633,0.00403629,0.01240730,-0.13513259,-0.99424631,0.17632167,-0.00522507,-0.03199277,0.75576012,0.00000000,0.00000000,0.65484857
71.45000000,0.98947808,-0.02128052,-0.01549263,0.01985406,-0.15880260,-0.96930932,0.22302962,-0.00522525,-0.06510910,0.75902490,0.00000000,0.00000000,0.65106160
71.50000000,1.00004669,0.01892184,0.01557637,0.00274239,-0.17359994,-0.99634381,0.16687093,0.05416083,0.07497276,0.76227071,0.00000000,0.00000000,0.64725835
71.55000000,1.00195893,-0.00303080,0.01548710,-0.00978574,-0.17145448,-0.98047205,0.16641438,-0.03143895,-0.02991931,0.76549746,0.00000000,0.00000000,0.64343892
71.60000000,1.01416727,0.01914367,0.00114793,-0.00268219,-0.18781338,-0.98331530,0.18039334,-0.00733932,0.02048033,0.76870507,0.00000000,0.00000000,0.63960341
71.65000000,0.99594687,-0.00189588,-0.00185454,-0.00317563,-0.19605352,-0.97384351,0.12581028,0.06740394,0.00806106,0.77189346,0.00000000,0.00000000,0.63575190
71.70000000,1.00610018,0.00725078,-0.00708059,-0.00914359,-0.21176664,-0.98197072,0.23626938,-0.02910663,0.02918753,0.77506256,0.00000000,0.00000000,0.63188450
71.75000000,0.97632079,-0.00385567,0.01167137,-0.00170971,-0.21952015,-0.98400510,0.06958271,-0.04824916,0.04928127,0.77821228,0.00000000,0.00000000,0.62800131
71.80000000,0.99417397,-0.00464544,-0.02331812,-0.01630838,-0.20909186,-0.96910260,0.14697676,-0.03120005,0.00069537,0.78134255,0.00000000,0.00000000,0.62410241
71.85000000,0.98803872,-0.02004144,-0.00159210,0.00572609,-0.22481532,-0.96426452,0.13552281,-0.00041055,-0.01000551,0.78445328,0.00000000,0.00000000,0.62018792
71.90000000,0.99912779,-0.00211782,-0.00660448,-0.03017790,-0.22883407,-0.96736104,0.13862054,0.01815909,-0.01800408,0.78754440,0.00000000,0.00000000,0.61625792
71.95000000,0.99581028,-0.00768415,0.00536930,-0.00799824,-0.26111513,-0.95689048,0.19700018,-0.00959579,0.03296794,0.79061583,0.00000000,0.00000000,0.61231251
72.00000000,0.99332413,-0.00468153,0.00305715,-0.01541378,-0.25760521,-0.97321520,0.24325790,0.02144753,0.02053917,0.79366750,0.00000000,0.00000000,0.60835179
72.05000000,0.98393041,-0.00103395,-0.01177267,-0.00036864,-0.29261242,-0.97842001,0.25817520,0.01350456,-0.01382313,0.79669932,0.00000000,0.00000000,0.60437587
72.10000000,0.99091257,-0.01084254,0.00200156,-0.00343632,-0.26360964,-0.96211662,0.20762606,-0.06509576,-0.01413096,0.79971123,0.00000000,0.00000000,0.60038483
72.15000000,1.00176991,-0.00372786,-0.00485629,0.00326910,-0.27351645,-0.95598056,0.25616957,0.02479890,0.05049376,0.80270315,0.00000000,0.00000000,0.59637879
72.20000000,0.99390280,-0.00206927,-0.00202774,0.00546277,-0.29030026,-0.95324523,0.24420751,-0.02819295,0.04159529,0.80567499,0.00000000,0.00000000,0.59235783
72.25000000,1.01015809,0.00677496,0.00134170,0.00713323,-0.31669432,-0.94948225,0.21843924,-0.06245775,0.02322405,0.80862670,0.00000000,0.00000000,0.58832207
72.30000000,0.98751181,-0.00427918,0.00039761,-0.00730736,-0.31642785,-0.94767524,0.16832036,0.02240059,-0.03217412,0.81155819,0.00000000,0.00000000,0.58427160
72.35000000,1.02287974,-0.00109479,-0.01171294,-0.00984342,-0.31524497,-0.94921243,0.14401063,0.03517919,-0.01658503,0.81446939,0.00000000,0.00000000,0.58020652
72.40000000,1.00653420,0.00935566,0.00274464,0.02395907,-0.35340292,-0.94998600,0.19355357,0.09812275,0.08240911,0.81736023,0.00000000,0.00000000,0.57612694
72.45000000,1.01288691,-0.00794124,-0.00677515,-0.00828560,-0.35339086,-0.92347087,0.19409840,-0.00798635,0.03663163,0.82023064,0.00000000,0.00000000,0.57203296
72.50000000,0.98336472,0.00052646,-0.01096872,-0.00294415,-0.36078734,-0.94127529,0.21508833,0.00689296,-0.00783068,0.82308054,0.00000000,0.00000000,0.56792467
72.55000000,1.00370684,-0.00868615,0.00681586,-0.00206199,-0.36909082,-0.93924716,0.19420438,0.08065753,-0.00083148,0.82590986,0.00000000,0.00000000,0.56380219
72.60000000,0.98855596,0.00918819,-0.00471928,0.00283759,-0.37960542,-0.91480279,0.17858042,0.05951411,-0.04492436,0.82871853,0.00000000,0.00000000,0.55966561
72.65000000,0.99707094,0.01399996,0.00168174,0.02271466,-0.38549749,-0.92125829,0.29020087,-0.07070470,-0.07124241,0.83150649,0.00000000,0.00000000,0.55551504
72.70000000,0.99204492,0.00813373,-0.01609851,0.00597049,-0.38675801,-0.89981063,0.25175551,0.01328082,0.06278227,0.83427366,0.00000000,0.00000000,0.55135058
72.75000000,1.00538904,-0.00460070,-0.01144606,-0.00569366,-0.40160561,-0.91423816,0.10951115,-0.01281904,0.00327822,0.83701997,0.00000000,0.00000000,0.54717234
72.80000000,1.00547537,0.01626801,0.00185654,-0.00909563,-0.42852534,-0.90506046,0.16613323,0.03576613,0.06449453,0.83974536,0.00000000,0.00000000,0.54298041
72.85000000,0.98455925,0.00553893,0.01292622,0.01019039,-0.44040697,-0.91631811,0.14774859,0.02041041,0.02048453,0.84244975,0.00000000,0.00000000,0.53877492
72.90000000,0.97302108,-0.00300832,0.00800720,0.00147976,-0.42703720,-0.90719178,0.15764272,-0.00376276,0.00432969,0.84513309,0.00000000,0.00000000,0.53455595
72.95000000,1.00615255,0.00696500,0.00085861,0.01094908,-0.44126296,-0.91365199,0.22633449,0.00265187,0.02422345,0.84779529,0.00000000,0.00000000,0.53032362
73.00000000,0.98735549,0.01790796,0.00710502,-0.00287997,-0.45583833,-0.88402018,0.15572736,0.09813131,-0.02542336,0.85043630,0.00000000,0.00000000,0.52607803
73.05000000,1.01720505,-0.00184474,0.01580747,-0.00734869,-0.45522088,-0.88223472,0.23460899,0.04622757,-0.01980042,0.85305605,0.00000000,0.00000000,0.52181930
73.10000000,1.00084808,0.01248389,-0.00705256,0.00572541,-0.46648075,-0.88362494,0.20878120,-0.03825309,-0.00965855,0.85565447,0.00000000,0.00000000,0.51754751
73.15000000,1.00144932,-0.00102724,0.01572736,0.01009956,-0.47022282,-0.88862805,0.16814857,0.08527151,-0.04316345,0.85823150,0.00000000,0.00000000,0.51326279
73.20000000,1.00113860,0.00360949,-0.00311324,-0.01002204,-0.48975775,-0.88168644,0.17327051,0.05637746,0.00159187,0.86078708,0.00000000,0.00000000,0.50896523
73.25000000,0.99476199,0.00106958,0.00667956,-0.00344620,-0.48162694,-0.88407004,0.25738229,-0.00340036,-0.00014718,0.86332113,0.00000000,0.00000000,0.50465495
73.30000000,0.99306986,-0.01227850,-0.01666672,-0.00762777,-0.49345893,-0.87602140,0.13575129,-0.04365464,-0.01521027,0.86583361,0.00000000,0.00000000,0.50033206
73.35000000,0.99654499,-0.00128893,0.01032606,0.01249254,-0.48792001,-0.87762110,0.16672371,0.02823721,-0.01830489,0.86832443,0.00000000,0.00000000,0.49599665
73.40000000,1.00860786,0.00207113,0.01579204,0.01042716,-0.50595265,-0.86036801,0.20064142,-0.01665135,-0.06534554,0.87079355,0.00000000,0.00000000,0.49164885
73.45000000,1.01471769,0.00745387,-0.00345027,0.01304593,-0.53140301,-0.86942229,0.25005094,-0.06017895,-0.00675534,0.87324090,0.00000000,0.00000000,0.48728876
73.50000000,1.00206123,0.00385465,0.00848401,0.00580851,-0.52808443,-0.85365500,0.21815897,-0.07033024,0.07186092,0.87566642,0.00000000,0.00000000,0.48291648
73.55000000,0.98597435,-0.00346440,-0.01318874,-0.00730166,-0.54187972,-0.84565703,0.25617225,0.00714732,-0.01870195,0.87807004,0.00000000,0.00000000,0.47853213
73.60000000,0.99866418,0.01219700,0.00908871,-0.01138771,-0.55719698,-0.83015949,0.22080303,-0.04997449,0.03550196,0.88045172,0.00000000,0.00000000,0.47413581
73.65000000,0.99109126,0.01303827,0.00529449,-0.01131924,-0.56400264,-0.83482644,0.21214990,-0.01212212,-0.04922782,0.88281138,0.00000000,0.00000000,0.46972765
73.70000000,0.98605741,0.00549023,0.00286237,0.00105538,-0.56427010,-0.82992253,0.21322839,0.11052542,0.05452824,0.88514898,0.00000000,0.00000000,0.46530774
73.75000000,0.99711592,-0.00523372,-0.02860439,0.01068694,-0.56732021,-0.82346075,0.14097209,-0.05466513,0.02187408,0.88746444,0.00000000,0.00000000,0.46087620
73.80000000,0.99910659,0.00691592,0.00086443,0.00966759,-0.57964184,-0.80394185,0.11154652,-0.05820161,-0.01429430,0.88975772,0.00000000,0.00000000,0.45643313
73.85000000,1.01079569,0.01880530,-0.00164236,-0.00611580,-0.61098027,-0.79772028,0.18039473,0.12930075,-0.03106715,0.89202875,0.00000000,0.00000000,0.45197866
73.90000000,1.02105275,0.00748367,-0.01028264,0.00232144,-0.59175064,-0.80265391,0.24247573,0.03349071,0.02866907,0.89427749,0.00000000,0.00000000,0.44751288
73.95000000,0.99983527,-0.01174940,-0.00076785,0.00176065,-0.62619886,-0.79267447,0.20067092,-0.06098688,-0.01289250,0.89650386,0.00000000,0.00000000,0.44303592
74.00000000,0.99688154,0.01930095,0.00220118,0.01036045,-0.61652966,-0.80699199,0.23506804,-0.03243501,-0.01300849,0.89870783,0.00000000,0.00000000,0.43854788
74.05000000,0.98947029,0.00072768,0.01065178,0.00932738,-0.60734124,-0.76478041,0.11350572,-0.05638033,-0.07886479,0.90088932,0.00000000,0.00000000,0.43404888
74.10000000,1.00631930,-0.00693082,-0.00489180,-0.00216597,-0.62716674,-0.79064218,0.14870191,-0.00294203,0.05560955,0.90304830,0.00000000,0.00000000,0.42953903
74.15000000,0.99974603,-0.00791660,-0.02148209,0.00952676,-0.64607798,-0.78091473,0.12828832,-0.06735854,-0.04098681,0.90518469,0.00000000,0.00000000,0.42501844
74.20000000,0.99761151,-0.01208742,0.00185708,-0.00246448,-0.62416108,-0.78005924,0.21222158,0.00478174,-0.04408793,0.90729846,0.00000000,0.00000000,0.42048722
74.25000000,1.00095252,0.00769594,0.00096491,0.01384463,-0.67575558,-0.76493530,0.27096651,0.03778706,0.02617242,0.90938955,0.00000000,0.00000000,0.41594549
74.30000000,1.01233215,-0.01916558,0.00795611,0.01064370,-0.66809801,-0.72364309,0.21378099,-0.10106361,0.01905100,0.91145790,0.00000000,0.00000000,0.41139336
74.35000000,0.99280140,0.01164995,0.00547944,-0.00597922,-0.65395264,-0.73388845,0.16797429,-0.00979966,0.02511722,0.91350346,0.00000000,0.00000000,0.40683095
74.40000000,0.99635737,-0.00334399,0.00036725,-0.01065799,-0.69870407,-0.73416479,0.11605369,-0.04741004,-0.07722757,0.91552619,0.00000000,0.00000000,0.40225837
74.45000000,0.98351556,0.00426355,-0.00222308,-0.00258400,-0.69686705,-0.73631415,0.22183559,-0.00532941,0.03879110,0.91752603,0.00000000,0.00000000,0.39767573
74.50000000,1.00965092,-0.00252220,-0.01852249,-0.00756645,-0.69194818,-0.73064708,0.15783577,0.00011942,0.11068646,0.91950293,0.00000000,0.00000000,0.39308314
74.55000000,0.99511812,-0.00002806,-0.01312036,0.01243401,-0.68941801,-0.70787913,0.26581192,-0.02211129,-0.01152454,0.92145685,0.00000000,0.00000000,0.38848074
74.60000000,1.01709879,0.00632728,-0.02219222,0.00454821,-0.71110675,-0.69993741,0.22325483,-0.08083944,0.01402245,0.92338772,0.00000000,0.00000000,0.38386862
74.65000000,1.00210628,0.00363462,0.00575529,0.01495966,-0.70820469,-0.70160192,0.25633867,0.09729841,0.04292321,0.92529552,0.00000000,0.00000000,0.37924690
74.70000000,1.00206206,0.00432531,0.00256044,0.00018518,-0.69767445,-0.70216303,0.25664896,-0.00862849,-0.06420636,0.92718018,0.00000000,0.00000000,0.37461570
74.75000000,0.99811682,-0.00546776,0.00577577,0.00091300,-0.73645707,-0.67273455,0.25375227,0.06793056,0.01259738,0.92904166,0.00000000,0.00000000,0.36997514
74.80000000,0.99964267,0.00703560,-0.00577475,0.00130060,-0.73483160,-0.69475835,0.21069998,-0.02272064,-0.00884726,0.93087991,0.00000000,0.00000000,0.36532532
74.85000000,1.00363785,0.01272533,-0.00848770,-0.00336558,-0.74749036,-0.68108518,0.17841007,-0.01178552,0.02820098,0.93269489,0.00000000,0.00000000,0.36066638
74.90000000,1.00320446,-0.01056857,0.01294160,0.00944412,-0.75554212,-0.65311036,0.21962113,-0.00999689,0.01801383,0.93448656,0.00000000,0.00000000,0.35599841
74.95000000,0.99974229,0.00545079,0.00187316,-0.00337426,-0.77340460,-0.65258119,0.18828963,0.03179083,0.02354116,0.93625486,0.00000000,0.00000000,0.35132155
75.00000000,0.99652336,0.01022988,0.00204842,0.00163643,-0.76106821,-0.63345323,0.17310174,-0.01743044,-0.05333531,0.93799976,0.00000000,0.00000000,0.34663590
75.05000000,1.00726731,-0.00582149,-0.00470036,-0.00516937,-0.76552468,-0.65516713,0.10467902,0.01746915,-0.09252117,0.93972121,0.00000000,0.00000000,0.34194159
75.10000000,1.00854138,0.01558528,-0.00164224,0.01299493,-0.77278264,-0.61897360,0.18459732,-0.10876073,-0.00157376,0.94141916,0.00000000,0.00000000,0.33723873
75.15000000,1.01707963,0.00534968,-0.00515323,0.00328901,-0.76913975,-0.62806515,0.32245574,-0.02613963,0.04683364,0.94309358,0.00000000,0.00000000,0.33252744
75.20000000,1.00761937,-0.00699827,-0.00424440,0.01018099,-0.78363617,-0.61600853,0.13183732,0.02633715,0.01484831,0.94474442,0.00000000,0.00000000,0.32780784
75.25000000,0.99936090,0.00360892,-0.00409218,-0.00591903,-0.79365744,-0.61614960,0.30251625,0.03778010,-0.04131125,0.94637164,0.00000000,0.00000000,0.32308004
75.30000000,1.02036296,-0.00432857,0.00029455,0.00897417,-0.81701388,-0.60593500,0.17935973,0.00617146,0.01854912,0.94797521,0.00000000,0.00000000,0.31834416
75.35000000,0.99922741,-0.00123647,0.01065131,0.00301486,-0.80289542,-0.59408285,0.28710345,0.00472222,-0.02100684,0.94955507,0.00000000,0.00000000,0.31360032
75.40000000,0.98091001,-0.01433937,-0.00467026,-0.00108377,-0.81478124,-0.58398738,0.17957555,-0.04389720,0.02939827,0.95111120,0.00000000,0.00000000,0.30884865
75.45000000,1.01369394,-0.01107168,0.00243716,-0.01905005,-0.82980483,-0.58526499,0.25575474,-0.03782479,-0.03449712,0.95264355,0.00000000,0.00000000,0.30408925
75.50000000,1.00036087,0.00037084,-0.00785131,0.01986222,-0.82346601,-0.57006205,0.18703187,0.01667613,0.05722898,0.95415208,0.00000000,0.00000000,0.29932225
75.55000000,1.01663664,-0.00762266,0.01100795,0.00549681,-0.81673785,-0.56388015,0.19663528,0.03884643,0.04469515,0.95563676,0.00000000,0.00000000,0.29454777
75.60000000,1.01565721,0.00198548,-0.00106915,-0.02459854,-0.84818402,-0.55861103,0.15575915,0.03340903,-0.05658592,0.95709754,0.00000000,0.00000000,0.28976593
75.65000000,0.99498696,-0.00462026,0.01204743,-0.00608239,-0.83305228,-0.54436315,0.24539629,0.03502277,0.00050451,0.95853440,0.00000000,0.00000000,0.28497684
75.70000000,0.98303705,-0.00231741,-0.00019956,0.00286009,-0.85037319,-0.52650826,0.20560908,-0.04416589,-0.01849257,0.95994730,0.00000000,0.00000000,0.28018062
75.75000000,1.01928543,0.00664378,0.01048457,-0.01041587,-0.85522287,-0.53627476,0.21324634,-0.01078160,-0.01989086,0.96133620,0.00000000,0.00000000,0.27537741
75.80000000,0.99635930,-0.00794035,-0.00179839,0.01113216,-0.86871806,-0.51748607,0.26671962,-0.01119238,-0.02165206,0.96270106,0.00000000,0.00000000,0.27056730
75.85000000,1.00924231,-0.00984222,-0.00022692,-0.01039844,-0.87745442,-0.51390893,0.14849926,-0.00352192,0.05186564,0.96404186,0.00000000,0.00000000,0.26575044
75.90000000,1.01854255,0.00093529,0.01019216,0.00398963,-0.86766542,-0.52302384,0.27773895,-0.04991728,0.06383940,0.96535855,0.00000000,0.00000000,0.26092693
75.95000000,1.00536808,-0.00976013,0.00311998,0.02132911,-0.85347224,-0.50023982,0.17315925,0.00148144,-0.00540200,0.96665112,0.00000000,0.00000000,0.25609689
76.00000000,1.01199737,0.00739589,-0.01692242,0.00458675,-0.87552728,-0.48602871,0.21613307,0.05060879,0.04572823,0.96791951,0.00000000,0.00000000,0.25126046
76.05000000,0.99250257,-0.00058612,-0.00448521,-0.01681846,-0.87965030,-0.45919071,0.12843509,-0.00407608,-0.00051057,0.96916371,0.00000000,0.00000000,0.24641774
76.10000000,1.00287735,-0.00962725,-0.01425111,-0.01378598,-0.86997963,-0.47865582,0.18265890,0.09112203,-0.03083691,0.97038368,0.00000000,0.00000000,0.24156886
76.15000000,1.00342400,0.01063812,0.01015720,-0.01331576,-0.89506654,-0.45694914,0.29126828,-0.03705579,-0.02007504,0.97157939,0.00000000,0.00000000,0.23671394
76.20000000,1.00419574,0.00619658,0.00680254,-0.00846356,-0.89780875,-0.44891558,0.26145228,-0.01366533,0.00100263,0.97275081,0.00000000,0.00000000,0.23185311
76.25000000,0.98974072,0.01863227,0.00154263,0.01077755,-0.89665531,-0.44127064,0.13790415,-0.09918499,0.05798690,0.97389791,0.00000000,0.00000000,0.22698648
76.30000000,1.00078058,0.00206428,-0.01249054,-0.00903064,-0.89070757,-0.41573037,0.17721578,0.02702965,0.01049817,0.97502066,0.00000000,0.00000000,0.22211417
76.35000000,0.99879471,0.01851959,-0.00453202,0.01240713,-0.90180254,-0.42426589,0.26635847,0.00997521,-0.00231237,0.97611904,0.00000000,0.00000000,0.21723631
76.40000000,1.01379442,0.01249262,0.01201963,-0.03887804,-0.90541062,-0.41289861,0.20344087,0.02427017,0.01365246,0.97719302,0.00000000,0.00000000,0.21235302
76.45000000,1.00677807,-0.00267962,0.01498181,0.00778944,-0.90849176,-0.40096400,0.25675519,0.04269127,-0.00304332,0.97824256,0.00000000,0.00000000,0.20746442
76.50000000,1.00990310,0.00174052,0.01916927,0.01097728,-0.92418637,-0.37343464,0.11099392,0.02550337,-0.02913713,0.97926765,0.00000000,0.00000000,0.20257064
76.55000000,1.01882180,0.00252806,-0.00793795,-0.00266495,-0.92899104,-0.39060053,0.19030243,-0.03659271,0.01407762,0.98026826,0.00000000,0.00000000,0.19767179
76.60000000,1.00391224,-0.00996306,-0.01658269,0.00310956,-0.92036179,-0.37100285,0.22964927,0.06733403,0.04659023,0.98124436,0.00000000,0.00000000,0.19276800
76.65000000,1.02679828,0.03100647,-0.01758103,-0.02197139,-0.92949162,-0.36398712,0.20160632,0.02846507,-0.01008559,0.98219593,0.00000000,0.00000000,0.18785938
76.70000000,0.99306049,-0.00542891,-0.00200168,0.00843512,-0.93792887,-0.36260666,0.23050087,-0.01189045,0.05194081,0.98312295,0.00000000,0.00000000,0.18294608
76.75000000,0.99080494,-0.01136364,0.00304629,0.00404288,-0.94526152,-0.33693258,0.29108579,-0.03107849,0.06851411,0.98402539,0.00000000,0.00000000,0.17802820
76.80000000,0.97617868,0.01076112,-0.00857763,0.00976073,-0.94968148,-0.34166993,0.16877053,-0.01256504,0.08383669,0.98490322,0.00000000,0.00000000,0.17310587
76.85000000,0.99892062,0.02110302,-0.00385813,0.01491765,-0.95968843,-0.33443256,0.18102443,0.06576829,0.01028458,0.98575644,0.00000000,0.00000000,0.16817921
76.90000000,0.97911917,-0.01310130,-0.01012662,0.00934050,-0.93864988,-0.32512073,0.18046990,0.02903786,-0.04851381,0.98658501,0.00000000,0.00000000,0.16324834
76.95000000,1.00457669,0.00372518,-0.00274590,0.00397678,-0.94885279,-0.30765959,0.14533713,0.02448136,0.04791101,0.98738891,0.00000000,0.00000000,0.15831340
77.00000000,1.00320951,0.00601216,-0.00109919,0.00891333,-0.95230006,-0.31459899,0.24168118,-0.07608124,0.01464629,0.98816814,0.00000000,0.00000000,0.15337450
77.05000000,0.99615777,-0.00448126,0.00171989,-0.00709288,-0.95081397,-0.29300709,0.17739378,0.05684521,0.01115816,0.98892265,0.00000000,0.00000000,0.14843176
77.10000000,1.00630801,0.01416589,0.01400179,0.00579785,-0.96185051,-0.29829822,0.21424349,0.04595130,0.01784544,0.98965245,0.00000000,0.00000000,0.14348531
77.15000000,0.96555416,0.00870062,0.00931499,-0.00301222,-0.95173234,-0.26811925,0.17434320,0.05385431,-0.05468329,0.99035750,0.00000000,0.00000000,0.13853528
77.20000000,0.99942755,-0.00157002,-0.00825438,0.00303794,-0.95120813,-0.25229176,0.23736325,-0.07884396,-0.05774560,0.99103779,0.00000000,0.00000000,0.13358178
77.25000000,1.00166169,-0.00034235,-0.00498080,0.01905323,-0.96585265,-0.24968886,0.24917996,-0.00054218,0.11787582,0.99169331,0.00000000,0.00000000,0.12862494
77.30000000,0.99059628,-0.00606072,-0.00942826,0.01562658,-0.96139313,-0.25087280,0.16636627,0.05893419,0.01817517,0.99232404,0.00000000,0.00000000,0.12366489
77.35000000,1.01410418,-0.00060149,0.00511535,0.00300228,-0.97806091,-0.23716647,0.15203634,0.01909713,0.03604408,0.99292996,0.00000000,0.00000000,0.11870174
77.40000000,1.00990161,0.00666545,-0.00128210,0.01551971,-0.96520533,-0.21210975,0.26990351,-0.00861699,0.01934650,0.99351105,0.00000000,0.00000000,0.11373563
77.45000000,1.00774565,-0.01149142,-0.01126973,-0.01299312,-0.97742062,-0.21957596,0.14079486,0.00367950,-0.00227621,0.99406731,0.00000000,0.00000000,0.10876667
77.50000000,1.01182240,0.02012979,0.00456450,-0.00696631,-0.97198595,-0.20637572,0.19426127,-0.04153197,-0.01876055,0.99459871,0.00000000,0.00000000,0.10379500
77.55000000,0.99822209,0.00804096,0.00511026,0.01825576,-0.97372555,-0.19243111,0.19130496,-0.04939676,-0.02348641,0.99510525,0.00000000,0.00000000,0.09882073
77.60000000,0.99300161,-0.02560907,-0.01008632,0.01602210,-0.97870061,-0.19062493,0.22282056,-0.09035891,0.01461579,0.99558692,0.00000000,0.00000000,0.09384399
77.65000000,1.01277492,-0.00121116,-0.01771990,-0.00413941,-0.97141344,-0.17444035,0.14157124,0.10288360,-0.05407202,0.99604369,0.00000000,0.00000000,0.08886490
77.70000000,0.99757075,-0.01037386,-0.01036002,-0.00452151,-0.97956558,-0.15427059,0.18773003,-0.04817499,0.02340540,0.99647556,0.00000000,0.00000000,0.08388359
77.75000000,1.00507964,0.00240376,0.00275740,-0.00112566,-0.98656801,-0.15912495,0.25286275,0.09665974,0.01003433,0.99688252,0.00000000,0.00000000,0.07890019
77.80000000,0.99993428,0.00255861,-0.00657922,0.00764978,-0.98466144,-0.15162995,0.24534165,-0.00215075,-0.04138225,0.99726456,0.00000000,0.00000000,0.07391481
77.85000000,1.00351604,0.00236993,0.00960418,0.00831547,-0.99159024,-0.14224818,0.20507798,0.01324767,0.02363415,0.99762167,0.00000000,0.00000000,0.06892759
77.90000000,1.00301412,-0.00090762,0.00996817,-0.00674302,-0.96702967,-0.11998491,0.15457732,0.00528371,0.03655546,0.99795383,0.00000000,0.00000000,0.06393864
77.95000000,0.99650631,-0.01495144,-0.01039064,0.00542093,-1.01059641,-0.13218461,0.22900798,-0.01295270,-0.02911624,0.99826105,0.00000000,0.00000000,0.05894809
78.00000000,0.99505268,-0.01470814,0.00484453,-0.00806544,-0.99953501,-0.10428709,0.19352327,-0.03451305,-0.08697039,0.99854331,0.00000000,0.00000000,0.05395607
78.05000000,1.00367426,0.00078993,-0.00517387,-0.01037399,-0.99507768,-0.09300323,0.20937191,0.07025652,0.03351847,0.99880061,0.00000000,0.00000000,0.04896270
78.10000000,0.99892717,0.00738279,0.00048662,0.00045193,-0.98316997,-0.09683175,0.20604244,0.05020545,0.01581848,0.99903294,0.00000000,0.00000000,0.04396811
78.15000000,0.99630947,-0.01706160,-0.02270347,0.02076181,-0.99387718,-0.08372634,0.22062819,-0.04538128,-0.01281177,0.99924029,0.00000000,0.00000000,0.03897241
78.20000000,0.99059060,-0.01413274,-0.02104985,-0.01597657,-0.98747842,-0.07778108,0.22892110,0.03978257,0.00274147,0.99942266,0.00000000,0.00000000,0.03397575
78.25000000,0.99701433,0.00133023,-0.00416620,0.01203909,-0.97955519,-0.04343400,0.10877917,-0.02254443,0.00218600,0.99958004,0.00000000,0.00000000,0.02897823
78.30000000,1.00463058,-0.01727315,-0.01743444,0.01306790,-1.00444111,-0.06282025,0.15564368,0.01446256,-0.03478545,0.99971244,0.00000000,0.00000000,0.02397999
78.35000000,1.00241626,-0.00978727,-0.01744200,0.01424380,-0.99529753,-0.04129296,0.18168399,0.06251234,0.02845403,0.99981984,0.00000000,0.00000000,0.01898115
78.40000000,1.01146813,-0.00583693,0.00050667,0.00402199,-1.00510971,-0.02891625,0.17890015,0.01484647,-0.05709454,0.99990225,0.00000000,0.00000000,0.01398183
78.45000000,1.00571970,0.00310713,-0.00203309,0.00449517,-1.00348805,-0.02466492,0.22931617,0.02325206,-0.02068581,0.99995966,0.00000000,0.00000000,0.00898217
78.50000000,0.99406948,-0.00182973,-0.00552006,0.01525119,-0.99680353,-0.00781849,0.16328727,0.03004861,-0.02535180,0.99999207,0.00000000,0.00000000,0.00398228
78.55000000,0.99347253,0.00772615,0.00387323,-0.02503448,-1.00157564,0.00329062,0.18981280,0.00417168,-0.07893171,0.99999948,0.00000000,0.00000000,-0.00101771
78.60000000,0.97168979,-0.00975468,0.00282247,-0.03224956,-1.00836304,-0.00719248,0.19414952,0.08455992,-0.00771241,0.99998189,0.00000000,0.00000000,-0.00601767
78.65000000,0.99892497,0.00839231,0.00021307,-0.00214992,-0.99049077,0.02675251,0.21790774,-0.00920644,-0.01347648,0.99993931,0.00000000,0.00000000,-0.01101749
78.70000000,1.00917171,-0.00336463,0.01231253,-0.01047146,-0.98514907,0.03675034,0.16168580,0.01976222,-0.02708243,0.99987172,0.00000000,0.00000000,-0.01601703
78.75000000,1.00033428,-0.00486627,-0.00132912,0.00941431,-0.99393153,0.03076939,0.15723327,0.00910945,0.01734779,0.99977914,0.00000000,0.00000000,-0.02101616
78.80000000,0.99325555,0.01591315,0.00813495,-0.00625576,-1.00586902,0.04973381,0.19015902,0.05317707,0.04602921,0.99966156,0.00000000,0.00000000,-0.02601477
78.85000000,1.00035070,0.00677906,0.00822975,0.00058261,-0.99405023,0.06793751,0.22680639,-0.03782917,-0.02830810,0.99951899,0.00000000,0.00000000,-0.03101274
78.90000000,0.99711405,-0.00706664,-0.01473101,0.00675952,-0.99394249,0.05857947,0.19422588,-0.01124151,0.01013680,0.99935143,0.00000000,0.00000000,-0.03600992
78.95000000,0.98918078,-0.01353994,0.00519724,-0.01533962,-0.99896362,0.07868266,0.19948656,0.00830188,0.07349025,0.99915889,0.00000000,0.00000000,-0.04100621
79.00000000,0.98400508,0.00876582,-0.02512158,0.01393711,-1.01619642,0.11626949,0.18756905,0.05470768,0.05048493,0.99894137,0.00000000,0.00000000,-0.04600147
79.05000000,0.99563511,-0.00359749,-0.00837159,0.00787370,-0.99903358,0.09366862,0.22902771,-0.04312295,-0.01271254,0.99869888,0.00000000,0.00000000,-0.05099558
79.10000000,1.00107106,-0.00642429,-0.00491549,0.01534983,-0.99577295,0.10820491,0.19716817,0.01732384,-0.04423579,0.99843142,0.00000000,0.00000000,-0.05598841
79.15000000,1.00427215,0.00255820,-0.01788655,0.01794256,-0.97795478,0.11372710,0.15480356,0.00719877,-0.06176654,0.99813900,0.00000000,0.00000000,-0.06097985
79.20000000,1.01364283,-0.00468454,0.01621807,-0.00824403,-0.99241800,0.14432424,0.19054429,0.00916831,0.05086519,0.99782162,0.00000000,0.00000000,-0.06596976
79.25000000,0.99443953,-0.01261739,-0.01458711,0.00583433,-0.98604213,0.15217495,0.19274435,-0.06698452,-0.10321828,0.99747930,0.00000000,0.00000000,-0.07095802
79.30000000,1.02867963,0.00526923,0.00136792,0.00278640,-1.00277825,0.14350166,0.28296409,0.02644219,-0.03214913,0.99711205,0.00000000,0.00000000,-0.07594451
79.35000000,0.98773185,-0.00515694,-0.00315431,0.02049146,-0.98878363,0.14943177,0.20237922,0.00882158,-0.05526778,0.99671986,0.00000000,0.00000000,-0.08092910
79.40000000,1.00402166,0.01208916,0.00138671,-0.00797065,-0.99052707,0.15459971,0.19901471,0.01089850,-0.03809863,0.99630276,0.00000000,0.00000000,-0.08591167
79.45000000,1.01939700,0.00792279,-0.01792777,-0.01772263,-0.99331749,0.19676358,0.24484323,0.06961462,0.00245657,0.99586075,0.00000000,0.00000000,-0.09089209
79.50000000,0.99790511,-0.01247509,0.00349684,-0.00196168,-0.98396452,0.20703779,0.19934965,0.05652330,-0.06902086,0.99539384,0.00000000,0.00000000,-0.09587023
79.55000000,1.02688112,-0.00373270,0.00707184,0.00866273,-0.98463374,0.20885405,0.24395245,-0.03489279,-0.02936310,0.99490205,0.00000000,0.00000000,-0.10084598
79.60000000,1.00045307,-0.00115494,0.01393130,0.00702668,-0.97830882,0.21651094,0.11347089,-0.03051754,0.01487175,0.99438539,0.00000000,0.00000000,-0.10581921
79.65000000,1.01115366,0.00199769,0.01458239,0.00867940,-0.98033454,0.21881521,0.22326517,-0.02306359,0.07048138,0.99384386,0.00000000,0.00000000,-0.11078980
79.70000000,0.98891274,0.00316106,0.00735447,-0.00313447,-0.97858835,0.22919804,0.24131368,-0.02535388,-0.04580361,0.99327749,0.00000000,0.00000000,-0.11575761
79.75000000,1.01150585,0.00399296,0.01007857,0.00759332,-0.94905325,0.25082892,0.17261818,0.01803102,-0.02293165,0.99268629,0.00000000,0.00000000,-0.12072253
79.80000000,0.99545874,-0.01412500,-0.00286113,0.00545034,-0.96906707,0.23838189,0.13688850,0.09144462,0.01654163,0.99207027,0.00000000,0.00000000,-0.12568443
79.85000000,0.99175931,0.00461783,0.02189186,0.00620462,-0.99373539,0.28556993,0.12229918,-0.01221313,-0.04868738,0.99142945,0.00000000,0.00000000,-0.13064319
79.90000000,0.99259998,0.00284410,-0.02071024,-0.00090246,-0.95175257,0.26026014,0.14282456,-0.00922991,-0.01313109,0.99076385,0.00000000,0.00000000,-0.13559868
79.95000000,0.99404772,-0.01188346,0.00519185,0.00595264,-0.97114742,0.26903867,0.21110411,-0.04615484,0.00999001,0.99007347,0.00000000,0.00000000,-0.14055078
80.00000000,1.01468047,-0.00059823,-0.01213616,0.00392103,-0.95943641,0.28640047,0.22625709,0.02790413,0.00358771,0.98935834,0.00000000,0.00000000,-0.14549937
80.05000000,0.99939320,0.02063541,0.01200554,0.00833546,-0.95342095,0.28740665,0.25541825,0.00345303,-0.02381178,0.98861848,0.00000000,0.00000000,-0.15044433
80.10000000,0.99756860,-0.00966183,0.01057329,0.00683037,-0.94989436,0.30656852,0.17455956,-0.09825974,-0.06118801,0.98785391,0.00000000,0.00000000,-0.15538552
80.15000000,0.99257355,-0.00892966,0.00289361,0.00811494,-0.94987758,0.33058715,0.16998775,-0.00906140,-0.00028022,0.98706463,0.00000000,0.00000000,-0.16032282
80.20000000,1.01092186,0.00105887,0.00133569,-0.01654843,-0.95437990,0.33692745,0.11218787,0.05706046,0.02434568,0.98625069,0.00000000,0.00000000,-0.16525612
80.25000000,0.99252479,-0.00832049,0.01895955,0.01411406,-0.94326834,0.33675120,0.17610189,0.00302772,-0.02813789,0.98541208,0.00000000,0.00000000,-0.17018529
80.30000000,0.99921457,0.01810329,-0.00095614,-0.01048022,-0.95233656,0.34608027,0.17097173,0.00802843,-0.07042638,0.98454884,0.00000000,0.00000000,-0.17511020
80.35000000,1.00690250,-0.01060165,0.00046297,-0.00338303,-0.91799398,0.35589331,0.29200415,0.02207716,0.06574609,0.98366099,0.00000000,0.00000000,-0.18003073
80.40000000,0.99791202,0.00345503,0.01218644,0.00904960,-0.92627945,0.36023298,0.19789930,0.04787779,0.06219098,0.98274854,0.00000000,0.00000000,-0.18494677
80.45000000,0.99407137,-0.00743759,-0.00904134,0.00829701,-0.93720249,0.38098593,0.22940401,-0.02737725,0.07193791,0.98181153,0.00000000,0.00000000,-0.18985818
80.50000000,0.98537741,0.01659533,0.00318886,-0.02073466,-0.90821452,0.39179230,0.18584979,-0.04614362,-0.06817080,0.98084997,0.00000000,0.00000000,-0.19476484
80.55000000,1.02415446,-0.00923382,-0.01263589,0.00267919,-0.93664540,0.38147677,0.24949638,0.01776013,-0.01527899,0.97986389,0.00000000,0.00000000,-0.19966664
80.60000000,1.00018307,-0.00442471,-0.00061998,-0.00761811,-0.92210999,0.39436842,0.17253852,0.04368512,0.03644070,0.97885331,0.00000000,0.00000000,-0.20456344
80.65000000,0.99067637,-0.01194394,-0.00157277,0.02155288,-0.92253415,0.40800585,0.20896770,-0.00785863,-0.01849177,0.97781826,0.00000000,0.00000000,-0.20945513
80.70000000,1.01155080,0.00454459,0.00845805,0.00589380,-0.89917589,0.43456409,0.26452610,0.10096839,0.05644116,0.97675877,0.00000000,0.00000000,-0.21434158
80.75000000,0.99330553,0.00847312,0.00710435,0.01920295,-0.91355442,0.43335961,0.17454161,0.01992171,-0.00760376,0.97567485,0.00000000,0.00000000,-0.21922267
80.80000000,1.00479469,-0.01410338,0.00793226,0.00206060,-0.89803799,0.45629967,0.18789482,0.01230658,0.00648424,0.97456655,0.00000000,0.00000000,-0.22409829
80.85000000,1.00198039,0.02221804,0.00063807,-0.00567280,-0.87643801,0.44269411,0.13321425,-0.03613154,-0.05374909,0.97343388,0.00000000,0.00000000,-0.22896830
80.90000000,0.98200035,-0.00363015,-0.00070216,0.01180528,-0.88435063,0.46053837,0.16505443,0.03657542,0.06421782,0.97227688,0.00000000,0.00000000,-0.23383258
80.95000000,1.00394571,0.00422518,-0.01264692,0.01054436,-0.86824488,0.46681312,0.17841953,-0.01024463,-0.01680179,0.97109556,0.00000000,0.00000000,-0.23869103
81.00000000,0.99639550,0.00647983,0.00279464,0.01003937,-0.87766410,0.46377992,0.18260837,-0.02817102,-0.00633920,0.96988998,0.00000000,0.00000000,-0.24354350
81.05000000,1.01794714,0.01954900,0.00836601,0.00118764,-0.89022145,0.48341084,0.16966980,0.06991916,-0.06982723,0.96866014,0.00000000,0.00000000,-0.24838988
81.10000000,1.00384484,-0.00874239,-0.00009515,0.00666068,-0.86152939,0.48934570,0.23904264,-0.03262656,0.01298081,0.96740609,0.00000000,0.00000000,-0.25323006
81.15000000,1.01002207,0.00332099,-0.00529344,-0.00279042,-0.85664948,0.48772700,0.16276894,0.02390387,-0.01763910,0.96612785,0.00000000,0.00000000,-0.25806390
81.20000000,0.98546942,0.01350819,-0.01099600,-0.00199430,-0.86797154,0.50431160,0.16543862,0.02894354,0.00695618,0.96482546,0.00000000,0.00000000,-0.26289130
81.25000000,1.00983654,-0.00609168,0.02133022,-0.01904649,-0.87251179,0.53341154,0.22619979,0.01226725,0.02128722,0.96349895,0.00000000,0.00000000,-0.26771212
81.30000000,1.00571207,0.00299768,-0.00965904,0.00818191,-0.84485211,0.53870567,0.28389926,0.01177934,-0.05289766,0.96214835,0.00000000,0.00000000,-0.27252625
81.35000000,1.01772523,-0.01018150,0.00337964,-0.00256734,-0.85047845,0.54055258,0.21593257,0.01995286,-0.03447860,0.96077370,0.00000000,0.00000000,-0.27733356
81.40000000,0.99825925,-0.00769535,-0.00199072,-0.00118762,-0.82235784,0.53875063,0.10994035,0.05939039,0.02209149,0.95937503,0.00000000,0.00000000,-0.28213394
81.45000000,0.99868990,-0.00437215,-0.00946926,0.01938048,-0.83482704,0.53234780,0.21965698,0.05094164,0.00899597,0.95795237,0.00000000,0.00000000,-0.28692727
81.50000000,0.99098407,-0.00991074,-0.00917319,0.01521658,-0.83052320,0.54126390,0.22217899,0.00330736,-0.01807522,0.95650576,0.00000000,0.00000000,-0.29171342
81.55000000,0.98979593,-0.01063895,0.01086634,0.00247513,-0.81939821,0.56876876,0.21965468,-0.02394725,-0.00720497,0.95503525,0.00000000,0.00000000,-0.29649229
81.60000000,1.01164912,0.01414590,-0.01222092,-0.00208259,-0.81008747,0.59335536,0.28469166,-0.03858737,0.05902180,0.95354085,0.00000000,0.00000000,-0.30126374
81.65000000,1.00058636,0.01044417,0.00788279,-0.01263964,-0.80719441,0.59274747,0.20409863,-0.01401561,-0.06828695,0.95202262,0.00000000,0.00000000,-0.30602765
81.70000000,1.00683618,0.00208748,-0.00922184,-0.00325840,-0.80528168,0.58520181,0.20511972,-0.08125937,0.06234797,0.95048059,0.00000000,0.00000000,-0.31078392
81.75000000,1.00015909,-0.01099354,-0.02459709,0.01029135,-0.79529767,0.60093362,0.24362351,0.03550055,0.01069553,0.94891480,0.00000000,0.00000000,-0.31553242
81.80000000,0.99745786,-0.00417142,0.00420942,0.01397031,-0.79587940,0.62157025,0.22168789,0.01402502,0.10955977,0.94732528,0.00000000,0.00000000,-0.32027303
81.85000000,1.01652678,0.01678609,-0.00797614,0.02192183,-0.78956485,0.61244859,0.10843548,0.01159217,-0.04644906,0.94571208,0.00000000,0.00000000,-0.32500563
81.90000000,1.00408254,-0.01161565,0.01797700,0.00551574,-0.75975739,0.61234982,0.27428140,-0.08361975,0.01130542,0.94407524,0.00000000,0.00000000,-0.32973011
81.95000000,0.99368377,-0.00447957,-0.00516496,-0.00914716,-0.78888817,0.62595010,0.21018895,0.04904199,0.01520847,0.94241479,0.00000000,0.00000000,-0.33444634
82.00000000,1.01166540,-0.01478177,-0.00432969,0.00711005,-0.76651693,0.62949388,0.24677283,-0.02675926,-0.03276476,0.94073079,0.00000000,0.00000000,-0.33915422
82.05000000,1.00486948,0.00006169,-0.00522912,-0.00556869,-0.77422735,0.64181560,0.25419392,0.00793663,0.04486963,0.93902327,0.00000000,0.00000000,-0.34385361
82.10000000,1.00516069,-0.00612246,-0.01649141,-0.00926854,-0.76374595,0.64589013,0.24887254,0.04040604,0.10091826,0.93729227,0.00000000,0.00000000,-0.34854441
82.15000000,0.99236279,0.01597448,0.01591267,-0.00232264,-0.74572653,0.67332084,0.20236481,-0.00909963,-0.02605538,0.93553784,0.00000000,0.00000000,-0.35322650
82.20000000,0.97639961,0.00070472,-0.00709869,-0.01075349,-0.73959362,0.65387183,0.24104899,0.01862722,-0.01589718,0.93376002,0.00000000,0.00000000,-0.35789975
82.25000000,0.99936690,-0.01190221,0.00750339,0.00187364,-0.73447611,0.68080847,0.17627031,-0.07093435,0.04481258,0.93195885,0.00000000,0.00000000,-0.36256406
82.30000000,1.00688718,-0.00535359,0.00409110,0.01257973,-0.71891297,0.67748101,0.13842058,-0.06190765,-0.01194081,0.93013439,0.00000000,0.00000000,-0.36721930
82.35000000,1.01462317,-0.00728445,-0.00596328,-0.00616911,-0.72874962,0.69028305,0.14775442,0.04549405,-0.00447660,0.92828668,0.00000000,0.00000000,-0.37186536
82.40000000,1.02479135,-0.01173571,0.01589866,0.01391345,-0.72060914,0.69364440,0.16379831,-0.04368845,0.00197290,0.92641575,0.00000000,0.00000000,-0.37650213
82.45000000,1.00020696,-0.01602355,0.02293505,-0.00259517,-0.70882452,0.69846255,0.19305897,-0.01900480,0.00186895,0.92452167,0.00000000,0.00000000,-0.38112948
82.50000000,0.99985410,0.00804866,0.00227220,0.00704283,-0.70249614,0.71409690,0.19420848,0.04186052,0.01642811,0.92260448,0.00000000,0.00000000,-0.38574730
82.55000000,0.99841925,-0.00187910,-0.00109239,0.00030444,-0.69580880,0.71318423,0.23920739,0.03403268,0.08177650,0.92066421,0.00000000,0.00000000,-0.39035548
82.60000000,0.99396370,0.00666439,-0.01909137,0.00829043,-0.70258865,0.71584574,0.21985757,-0.03079428,-0.03191460,0.91870094,0.00000000,0.00000000,-0.39495391
82.65000000,0.99515184,0.00729626,-0.00932890,-0.00054155,-0.68451822,0.74073178,0.24292021,-0.08507630,0.04873871,0.91671469,0.00000000,0.00000000,-0.39954245
82.70000000,0.99389244,0.00236292,-0.00938909,0.00371135,-0.64785892,0.74057511,0.18443498,-0.01338257,-0.06369702,0.91470553,0.00000000,0.00000000,-0.40412101
82.75000000,1.01448963,0.00312883,-0.01048898,-0.01016318,-0.66579301,0.75532005,0.15352617,0.04679318,-0.00209798,0.91267350,0.00000000,0.00000000,-0.40868947
82.80000000,0.99069757,-0.00467690,0.01748554,-0.01388213,-0.66577159,0.76214798,0.21468025,-0.03838537,0.04514687,0.91061865,0.00000000,0.00000000,-0.41324771
82.85000000,1.01012296,0.00331391,-0.00612397,-0.00458305,-0.64804688,0.74604964,0.26438035,0.07303566,-0.00855222,0.90854104,0.00000000,0.00000000,-0.41779562
82.90000000,1.00356104,0.01185802,0.01955561,0.01556981,-0.66062491,0.76248426,0.22739146,-0.02510207,0.08172775,0.90644071,0.00000000,0.00000000,-0.42233308
82.95000000,1.01629375,-0.00815930,-0.00162400,-0.00749554,-0.63753239,0.76977978,0.24767571,-0.04273335,-0.11502460,0.90431773,0.00000000,0.00000000,-0.42685999
83.00000000,0.98395457,-0.01028302,-0.00655692,0.00187174,-0.63862705,0.76624020,0.16343385,-0.05289356,-0.02279771,0.90217213,0.00000000,0.00000000,-0.43137622
83.05000000,0.99402713,0.00689057,-0.00989529,-0.00357597,-0.62546457,0.79267933,0.19810042,0.04398859,-0.04953556,0.90000398,0.00000000,0.00000000,-0.43588167
83.10000000,0.99950633,-0.00575891,-0.01226046,-0.00067511,-0.59480829,0.78222220,0.19930004,-0.06168478,-0.06325865,0.89781333,0.00000000,0.00000000,-0.44037622
83.15000000,0.99212748,-0.00449983,-0.00405583,-0.00226025,-0.62068290,0.79057356,0.22743932,-0.06374257,-0.01388260,0.89560024,0.00000000,0.00000000,-0.44485977
83.20000000,1.00292844,-0.00782267,0.00341524,-0.01521126,-0.58731668,0.80649309,0.20748943,0.04730339,-0.01272894,0.89336476,0.00000000,0.00000000,-0.44933219
83.25000000,0.99382144,0.01372544,0.01840766,-0.00693438,-0.58928058,0.81920727,0.20150525,0.02359081,0.03690071,0.89110694,0.00000000,0.00000000,-0.45379338
83.30000000,0.99437695,0.00419275,-0.00006193,-0.01216869,-0.58992283,0.80807357,0.24652467,0.03999324,0.03553713,0.88882684,0.00000000,0.00000000,-0.45824322
83.35000000,1.00440111,0.00412826,0.00277560,0.00407597,-0.56709784,0.80631296,0.16965907,-0.04901477,0.05151303,0.88652452,0.00000000,0.00000000,-0.46268161
83.40000000,1.01654100,-0.02169048,0.01564815,0.00086721,-0.55349224,0.83109925,0.26941643,0.00637997,-0.05897554,0.88420004,0.00000000,0.00000000,-0.46710843
83.45000000,0.99894325,0.00515656,-0.00215961,0.00657732,-0.55598802,0.82567429,0.15643357,-0.02052252,0.01114872,0.88185346,0.00000000,0.00000000,-0.47152357
83.50000000,0.98040608,-0.00780076,-0.01996692,-0.00617075,-0.53501398,0.82527985,0.23644626,0.12440333,0.06700420,0.87948483,0.00000000,0.00000000,-0.47592692
83.55000000,1.00133513,0.00858434,-0.01369683,-0.01573415,-0.53830153,0.84655505,0.25394325,-0.02843582,0.01064891,0.87709421,0.00000000,0.00000000,-0.48031838
83.60000000,1.00159112,-0.00131394,-0.00072475,-0.00854705,-0.52733896,0.84986311,0.18532208,0.02677433,0.04796603,0.87468167,0.00000000,0.00000000,-0.48469783
83.65000000,1.00677376,-0.01042443,0.00099646,-0.00911432,-0.52066499,0.84409612,0.26211648,0.03203165,0.05356325,0.87224725,0.00000000,0.00000000,-0.48906516
83.70000000,1.01051722,-0.00270600,-0.00425610,0.01741724,-0.51472408,0.84479924,0.25005528,0.00342984,0.06934787,0.86979103,0.00000000,0.00000000,-0.49342026
83.75000000,1.00242970,-0.00020001,0.01526121,-0.01538466,-0.51031755,0.85455914,0.10683305,0.03604964,-0.02292851,0.86731307,0.00000000,0.00000000,-0.49776303
83.80000000,1.00905368,0.00389086,0.00607142,-0.00455399,-0.50344700,0.86933176,0.24610645,-0.00525315,-0.02939155,0.86481343,0.00000000,0.00000000,-0.50209336
83.85000000,0.98800982,0.00204163,-0.00554068,-0.00071741,-0.48948332,0.86890438,0.21813929,0.02179818,0.08988995,0.86229216,0.00000000,0.00000000,-0.50641113
83.90000000,1.00757968,0.01593682,-0.00818600,-0.01600945,-0.47848214,0.88675617,0.23635691,0.05117463,-0.11143776,0.85974934,0.00000000,0.00000000,-0.51071624
83.95000000,1.01252977,0.00335463,-0.01544013,0.00723529,-0.46783749,0.88672758,0.24968152,0.01624250,-0.06386674,0.85718502,0.00000000,0.00000000,-0.51500859
84.00000000,0.99856974,-0.01617645,0.00649062,0.01397970,-0.47309435,0.88085175,0.16553924,-0.02329926,0.02044412,0.85459927,0.00000000,0.00000000,-0.51928806
84.05000000,0.99556931,0.00652530,0.01065380,0.01101759,-0.46296309,0.90598802,0.27056475,0.06643796,-0.00505769,0.85199216,0.00000000,0.00000000,-0.52355454
84.10000000,0.99248158,-0.00984241,-0.01101780,0.00011690,-0.43435904,0.90966745,0.18328523,-0.00473019,-0.00265941,0.84936375,0.00000000,0.00000000,-0.52780794
84.15000000,0.99364720,0.00735750,0.00362848,0.00141823,-0.43026649,0.90713985,0.23207597,-0.04049841,0.04208503,0.84671410,0.00000000,0.00000000,-0.53204814
84.20000000,1.00255366,-0.00434616,0.00234230,0.00344477,-0.41400031,0.89481715,0.26425510,-0.00196397,-0.02063586,0.84404329,0.00000000,0.00000000,-0.53627505
84.25000000,0.99463242,-0.01001368,-0.01740915,0.00677400,-0.39593541,0.89330540,0.16249557,0.03061182,-0.00004094,0.84135138,0.00000000,0.00000000,-0.54048854
84.30000000,1.00834419,-0.00101721,-0.00580627,-0.00225842,-0.43044972,0.90215861,0.24740834,0.05030338,0.06488566,0.83863843,0.00000000,0.00000000,-0.54468852
84.35000000,1.00440869,-0.02256069,-0.00635007,0.01324656,-0.38124217,0.93124047,0.19443447,-0.06143185,0.00018290,0.83590451,0.00000000,0.00000000,-0.54887489
84.40000000,1.00014807,0.01565565,0.00227791,0.00016681,-0.38754190,0.92554136,0.23301525,-0.03540230,-0.04529822,0.83314970,0.00000000,0.00000000,-0.55304753
84.45000000,1.01370559,-0.01641041,0.01637747,-0.01910679,-0.38488757,0.93509794,0.20501529,-0.06187463,0.02107045,0.83037406,0.00000000,0.00000000,-0.55720635
84.50000000,1.00067004,-0.00216048,-0.00623922,-0.00034606,-0.37558879,0.95346882,0.19426611,-0.01971492,-0.02222270,0.82757766,0.00000000,0.00000000,-0.56135124
84.55000000,1.01776951,-0.01639067,0.00359432,-0.00239290,-0.37469401,0.92458391,0.21917461,-0.04165684,0.01360805,0.82476057,0.00000000,0.00000000,-0.56548209
84.60000000,1.01729153,0.00170601,-0.01453512,-0.00846796,-0.35396845,0.93281022,0.21179827,0.01097287,0.07939156,0.82192286,0.00000000,0.00000000,-0.56959881
84.65000000,0.99996280,-0.01152194,0.01153806,0.01263025,-0.33940924,0.93733290,0.23284112,-0.01243978,-0.08993410,0.81906461,0.00000000,0.00000000,-0.57370129
84.70000000,1.00563474,0.00892251,0.01441087,-0.00730758,-0.33005712,0.94564513,0.20881842,0.00213652,0.00366077,0.81618588,0.00000000,0.00000000,-0.57778942
84.75000000,1.00211749,0.00740681,0.01220288,-0.00756332,-0.32459365,0.94221702,0.17970236,-0.07527112,0.00308326,0.81328674,0.00000000,0.00000000,-0.58186311
84.80000000,1.00479320,-0.00155100,-0.00008958,0.00418437,-0.29927903,0.94542679,0.15260391,-0.00704461,0.08623542,0.81036727,0.00000000,0.00000000,-0.58592225
84.85000000,0.98839099,0.00650136,0.01157913,-0.02365534,-0.29977624,0.95874491,0.19304441,-0.03190961,-0.02441522,0.80742754,0.00000000,0.00000000,-0.58996675
84.90000000,0.99671432,-0.00302096,-0.00490777,-0.00344475,-0.28242841,0.94355761,0.12677973,0.05096907,-0.00658730,0.80446763,0.00000000,0.00000000,-0.59399650
84.95000000,0.99611768,-0.00111217,0.00209277,-0.00524051,-0.27970544,0.94897481,0.19150192,-0.10204423,0.05442404,0.80148760,0.00000000,0.00000000,-0.59801139
85.00000000,0.99823912,0.00670104,0.00476575,0.00549814,-0.27524246,0.96527938,0.16201005,-0.05537670,-0.00252159,0.79848754,0.00000000,0.00000000,-0.60201134
85.05000000,0.99320224,0.01425464,0.00375144,-0.00716481,-0.26825254,0.96543070,0.20195882,0.00915285,0.00507032,0.79546751,0.00000000,0.00000000,-0.60599623
85.10000000,0.98609343,-0.02150905,-0.00373609,0.00560493,-0.25950670,0.97907340,0.20290316,0.05769565,0.05351469,0.79242760,0.00000000,0.00000000,-0.60996598
85.15000000,1.01051287,-0.01203512,0.00017141,0.01222773,-0.24347985,0.97476181,0.14293179,0.08281089,-0.03339134,0.78936788,0.00000000,0.00000000,-0.61392048
85.20000000,0.98005575,-0.00351126,-0.02447484,-0.01085125,-0.21091385,0.96783133,0.14114742,-0.00186864,-0.03815100,0.78628842,0.00000000,0.00000000,-0.61785962
85.25000000,1.00864519,-0.00889545,0.00270734,-0.01147059,-0.20078071,0.97898435,0.19849278,-0.01610149,-0.02275774,0.78318931,0.00000000,0.00000000,-0.62178333
85.30000000,0.99239087,-0.00788397,0.01678329,-0.00552614,-0.23831452,0.96450741,0.24648911,-0.01428427,-0.00399631,0.78007062,0.00000000,0.00000000,-0.62569148
85.35000000,1.01169814,-0.00777167,0.00632418,-0.00667883,-0.20148921,0.97437709,0.19419759,0.03367749,0.03545269,0.77693242,0.00000000,0.00000000,-0.62958400
85.40000000,0.99834572,-0.00471624,0.01599148,0.00589331,-0.20136631,0.97378113,0.25083481,0.00216085,-0.00531431,0.77377480,0.00000000,0.00000000,-0.63346077
85.45000000,1.00114975,0.00337797,-0.00056689,0.01203687,-0.17504868,0.98755636,0.26647930,-0.00262001,0.03287254,0.77059784,0.00000000,0.00000000,-0.63732171
85.50000000,1.01004456,0.01019038,0.00915999,0.00631189,-0.15823919,0.97866779,0.19805832,-0.01259320,-0.01446046,0.76740161,0.00000000,0.00000000,-0.64116672
85.55000000,0.98011228,0.01374865,-0.01026040,0.00169815,-0.18217971,0.99200078,0.16987602,-0.05380176,0.01069130,0.76418620,0.00000000,0.00000000,-0.64499570
85.60000000,0.99299265,-0.00574159,0.00171790,0.00799989,-0.16627894,0.97751199,0.20605022,0.02111611,0.06741640,0.76095168,0.00000000,0.00000000,-0.64880855
85.65000000,0.98928670,-0.00317967,0.01175786,0.01973095,-0.15814386,0.98156735,0.22204331,-0.02883746,-0.03195388,0.75769814,0.00000000,0.00000000,-0.65260518
85.70000000,1.00244471,0.01549420,-0.01309482,0.01498334,-0.14406385,0.99384605,0.27614501,0.01154891,-0.01130420,0.75442566,0.00000000,0.00000000,-0.65638550
85.75000000,1.00718176,-0.00173166,0.00521351,-0.00204681,-0.11979399,0.97777943,0.15967394,-0.06600919,-0.00052360,0.75113432,0.00000000,0.00000000,-0.66014941
85.80000000,0.98470462,-0.00691832,-0.01107509,0.01479676,-0.12838885,0.98009074,0.21610604,0.07243694,-0.00319068,0.74782419,0.00000000,0.00000000,-0.66389681
85.85000000,0.99961281,0.01290757,0.00878229,0.00425415,-0.11437014,0.99865093,0.14414389,-0.03089162,0.06601696,0.74449538,0.00000000,0.00000000,-0.66762762
85.90000000,1.01301993,0.00437485,-0.01929354,-0.01208222,-0.10539528,0.99341010,0.14907991,-0.01401548,0.08103585,0.74114795,0.00000000,0.00000000,-0.67134173
85.95000000,1.00400836,0.00218827,-0.01017555,-0.01638985,-0.10092649,0.97926943,0.20835568,0.01416790,-0.04116908,0.73778199,0.00000000,0.00000000,-0.67503906
86.00000000,1.00147919,0.01468994,0.01957697,0.00770410,-0.08042803,1.00428100,0.26545478,-0.09276597,0.06828014,0.73439758,0.00000000,0.00000000,-0.67871952
86.05000000,0.99455413,-0.00534963,-0.00354928,0.00320084,-0.07981940,0.99478875,0.22849111,0.00677480,0.01903054,0.73099482,0.00000000,0.00000000,-0.68238301
86.10000000,0.99676031,0.00693710,0.01056416,0.00996439,-0.05445112,1.00766299,0.24395501,0.11669707,0.05647362,0.72757378,0.00000000,0.00000000,-0.68602944
86.15000000,0.99911256,-0.00911679,-0.00261140,-0.00331785,-0.04362748,0.99180885,0.25831578,-0.06514315,-0.07100874,0.72413456,0.00000000,0.00000000,-0.68965872
86.20000000,0.99864884,-0.00842559,-0.01258234,-0.00637070,-0.04636618,0.99935023,0.17725170,-0.02711082,0.00178240,0.72067723,0.00000000,0.00000000,-0.69327075
86.25000000,1.01014242,0.01470745,0.00147768,0.00225543,-0.03058894,1.00439892,0.22245114,0.05629371,-0.08246544,0.71720188,0.00000000,0.00000000,-0.69686546
86.30000000,0.99765502,0.00339190,-0.00026284,-0.00939173,-0.03175360,1.00788724,0.17114925,-0.08148154,0.04030710,0.71370860,0.00000000,0.00000000,-0.70044274
86.35000000,1.00458983,-0.00115874,-0.00914552,-0.00113441,0.00339495,0.98381463,0.13505679,-0.03107452,0.00080846,0.71019748,0.00000000,0.00000000,-0.70400251
86.40000000,0.99503708,0.00642817,0.01088834,0.00278769,0.00684329,1.00272023,0.20542521,-0.06084970,-0.04397319,0.70666861,0.00000000,0.00000000,-0.70754469
86.45000000,0.98649082,-0.00148505,0.00232278,-0.01449262,0.01196468,0.99118468,0.15718395,-0.03096648,-0.04810923,0.70312206,0.00000000,0.00000000,-0.71106917
86.50000000,1.00606659,-0.00168004,0.00815214,-0.00443496,0.01718051,1.01850829,0.13241453,0.05444375,0.07599256,0.69955794,0.00000000,0.00000000,-0.71457588
86.55000000,1.00765817,-0.00330470,0.01426902,-0.00321761,0.02417603,0.99562942,0.17950016,-0.04533427,0.05164106,0.69597634,0.00000000,0.00000000,-0.71806472
86.60000000,0.99226552,-0.00029647,-0.01443772,0.00030811,0.02966801,0.98734494,0.20011250,0.04426924,0.02169590,0.69237733,0.00000000,0.00000000,-0.72153561
86.65000000,1.00509120,-0.00129917,-0.00335640,0.00791141,0.04558477,1.00703191,0.26027323,-0.04062796,-0.02905655,0.68876101,0.00000000,0.00000000,-0.72498846
86.70000000,0.99454304,-0.01466963,-0.00469403,0.01301450,0.05074494,1.01137744,0.18561577,0.09154255,-0.02849161,0.68512747,0.00000000,0.00000000,-0.72842319
86.75000000,0.99856018,-0.00910183,-0.00687701,0.01338179,0.07592409,1.00775176,0.14616506,0.02628482,-0.04144427,0.68147681,0.00000000,0.00000000,-0.73183971
86.80000000,0.98662681,0.00238766,0.00228538,0.00053346,0.08832521,1.00543759,0.27072829,-0.05623376,0.06917221,0.67780911,0.00000000,0.00000000,-0.73523793
86.85000000,1.01882311,-0.00366230,-0.01668492,-0.01383499,0.08649391,1.01598203,0.20576384,-0.03060131,-0.02865212,0.67412446,0.00000000,0.00000000,-0.73861777
86.90000000,0.98677278,0.00874576,-0.00092069,0.02099830,0.10734820,1.00317908,0.19417274,-0.05179236,-0.03706773,0.67042296,0.00000000,0.00000000,-0.74197915
86.95000000,0.98630753,0.00910395,-0.00384915,0.00952501,0.11236883,0.99089114,0.15269377,0.01048943,-0.00777757,0.66670470,0.00000000,0.00000000,-0.74532197
87.00000000,1.00902184,-0.00715411,0.00616108,0.01640848,0.12366772,1.00051247,0.23057571,0.08188523,0.01861669,0.66296977,0.00000000,0.00000000,-0.74864616
87.05000000,1.00699959,-0.00036276,-0.00774389,-0.01208176,0.14353178,0.98131693,0.23835607,0.01560483,0.04304461,0.65921827,0.00000000,0.00000000,-0.75195164
87.10000000,0.99485288,-0.00790730,0.00378372,-0.00292342,0.12845956,1.00942760,0.16960715,-0.04743661,-0.00882864,0.65545029,0.00000000,0.00000000,-0.75523832
87.15000000,1.01252859,-0.02166735,0.01169884,-0.00911474,0.15330831,0.98182510,0.29408123,0.00257318,-0.02966682,0.65166592,0.00000000,0.00000000,-0.75850612
87.20000000,0.99698909,0.00089637,0.00177677,0.00438762,0.16052717,0.97325751,0.18978277,0.02413059,-0.02795807,0.64786526,0.00000000,0.00000000,-0.76175495
87.25000000,1.00672781,0.00031718,-0.00217740,0.01194144,0.15302200,0.97862119,0.26011589,0.07884229,0.10423269,0.64404840,0.00000000,0.00000000,-0.76498474
87.30000000,1.00050356,0.00457897,0.00817428,0.01275075,0.18337929,0.99288262,0.22556171,0.02035456,-0.03907072,0.64021544,0.00000000,0.00000000,-0.76819541
87.35000000,0.99670786,-0.00522769,-0.01188895,-0.01651605,0.18583913,0.97913067,0.20969740,0.02185335,0.01041308,0.63636648,0.00000000,0.00000000,-0.77138687
87.40000000,0.99743089,-0.00915126,0.00877069,-0.00101822,0.19554553,0.97795514,0.17223068,-0.02673246,-0.02315390,0.63250161,0.00000000,0.00000000,-0.77455905
87.45000000,0.99712663,0.00655755,0.00407112,0.01546737,0.22178876,0.99733611,0.23000633,0.02128840,-0.01979790,0.62862092,0.00000000,0.00000000,-0.77771186
87.50000000,1.00826015,-0.00656117,-0.01470456,0.01526323,0.20694672,0.98001484,0.16563038,0.04738611,0.05848084,0.62472452,0.00000000,0.00000000,-0.78084523
87.55000000,1.00529178,0.01246365,0.00007337,0.02234175,0.23664532,0.96437768,0.20811291,-0.00982010,-0.00919930,0.62081250,0.00000000,0.00000000,-0.78395908
87.60000000,0.98342861,0.00386865,-0.01385753,-0.02525407,0.23546574,0.96348379,0.16647089,-0.14177467,-0.03605085,0.61688497,0.00000000,0.00000000,-0.78705333
87.65000000,0.99826358,-0.00634154,0.00387344,0.01392661,0.25376787,0.97886910,0.25460165,-0.04856484,0.02163781,0.61294200,0.00000000,0.00000000,-0.79012790
87.70000000,1.00995157,-0.00435960,-0.00790627,0.00530406,0.24346137,0.95519068,0.17518175,0.01714761,0.01179007,0.60898372,0.00000000,0.00000000,-0.79318272
87.75000000,1.01032371,-0.00921870,-0.00975473,0.00523912,0.25993862,0.95740465,0.12196295,0.01000703,0.07092861,0.60501021,0.00000000,0.00000000,-0.79621771
87.80000000,0.98970711,0.01021704,-0.00059399,-0.01765415,0.26859886,0.95114764,0.19084445,0.01576125,0.08468634,0.60102158,0.00000000,0.00000000,-0.79923280
87.85000000,0.98568854,-0.00484777,-0.00895981,-0.01267979,0.28809369,0.95790366,0.12388429,-0.00218828,-0.05190695,0.59701792,0.00000000,0.00000000,-0.80222790
87.90000000,1.00011828,0.01269496,0.00463068,0.00177517,0.29141593,0.95563830,0.23018949,0.01775815,-0.00243720,0.59299933,0.00000000,0.00000000,-0.80520295
87.95000000,1.00217376,-0.01316562,-0.00734337,0.00707560,0.31465862,0.95289088,0.27114136,0.01971932,-0.00842578,0.58896592,0.00000000,0.00000000,-0.80815787
88.00000000,0.98780247,0.01438733,0.00770317,0.01798311,0.33741084,0.93597556,0.14756285,-0.13104619,0.04307040,0.58491779,0.00000000,0.00000000,-0.81109259
88.05000000,1.00656483,0.00097779,-0.01226133,-0.00089034,0.32706192,0.95346741,0.21720835,0.02668610,-0.00355130,0.58085503,0.00000000,0.00000000,-0.81400702
88.10000000,1.01181482,0.00631730,-0.01186933,0.01389220,0.34691056,0.94699552,0.21755408,0.07117536,-0.07104397,0.57677775,0.00000000,0.00000000,-0.81690111
88.15000000,1.01241225,-0.00476207,0.01095177,0.00120376,0.33163211,0.93398197,0.25069311,-0.01240078,-0.02579367,0.57268605,0.00000000,0.00000000,-0.81977478
88.20000000,0.99371828,0.00642247,0.01750635,-0.02140883,0.38144032,0.93749712,0.23094841,-0.02251022,0.00184280,0.56858004,0.00000000,0.00000000,-0.82262795
88.25000000,1.00192513,-0.01049096,-0.00805681,0.01184568,0.34724678,0.93628900,0.18842998,-0.04596413,0.09018747,0.56445981,0.00000000,0.00000000,-0.82546055
88.30000000,0.99045497,-0.01130102,-0.00186973,-0.00768559,0.37213454,0.92975837,0.21549423,-0.00854057,-0.02940163,0.56032547,0.00000000,0.00000000,-0.82827252
88.35000000,1.00643403,-0.00111693,-0.00495617,0.01479994,0.38012090,0.93535719,0.25986588,0.05458648,0.03290952,0.55617712,0.00000000,0.00000000,-0.83106378
88.40000000,0.99999367,-0.00064042,-0.00244120,-0.02166896,0.39774724,0.92302248,0.24191857,-0.00823247,0.03173189,0.55201487,0.00000000,0.00000000,-0.83383427
88.45000000,0.98622493,-0.01169266,-0.02476212,-0.00134349,0.39202002,0.90759245,0.21996611,-0.02202926,-0.06208978,0.54783881,0.00000000,0.00000000,-0.83658391
88.50000000,1.02544767,-0.00037011,-0.01083163,-0.00669835,0.40715996,0.91083059,0.26323456,-0.00655222,0.08496743,0.54364906,0.00000000,0.00000000,-0.83931263
88.55000000,0.99567577,0.00426436,0.01021980,0.01195152,0.43111535,0.90572846,0.20475451,-0.11388315,-0.00676584,0.53944572,0.00000000,0.00000000,-0.84202038
88.60000000,1.01091254,0.00896836,-0.00086487,0.01699139,0.42322001,0.89706186,0.18406317,-0.05319816,0.02983435,0.53522889,0.00000000,0.00000000,-0.84470707
88.65000000,1.00288482,0.00609979,-0.00414371,-0.00058073,0.41429660,0.90366978,0.20942032,-0.05221709,-0.00268043,0.53099869,0.00000000,0.00000000,-0.84737264
88.70000000,0.99742151,0.01764312,-0.01061127,0.00331426,0.43415023,0.88992306,0.21737972,-0.01245244,0.00173208,0.52675520,0.00000000,0.00000000,-0.85001703
88.75000000,1.00332722,-0.00493690,0.00884147,-0.00305480,0.45301497,0.89461962,0.21515176,0.02581075,0.01617508,0.52249855,0.00000000,0.00000000,-0.85264017
88.80000000,1.00469031,-0.00325373,-0.01068771,-0.01427639,0.44617064,0.90404940,0.10604176,0.05038494,-0.03471038,0.51822884,0.00000000,0.00000000,-0.85524200
88.85000000,1.01186441,-0.02202540,-0.00235094,0.01454024,0.47885077,0.87837646,0.11810741,-0.06214348,0.06412455,0.51394617,0.00000000,0.00000000,-0.85782244
88.90000000,0.99651759,-0.00071824,0.00283535,-0.01302839,0.48458533,0.87279176,0.21813479,-0.02885122,-0.06835189,0.50965065,0.00000000,0.00000000,-0.86038144
88.95000000,0.99572627,0.00640778,0.00394060,0.00030931,0.49823945,0.87010308,0.20751675,-0.02445583,0.04478126,0.50534239,0.00000000,0.00000000,-0.86291892
89.00000000,1.00291529,-0.00556958,-0.01489030,0.01104961,0.49051427,0.86792356,0.31021146,0.03284460,0.07405280,0.50102150,0.00000000,0.00000000,-0.86543484
89.05000000,0.99461875,0.01070976,0.00026669,0.00366017,0.52681032,0.85939363,0.20586109,-0.04339299,0.04173352,0.49668808,0.00000000,0.00000000,-0.86792912
89.10000000,0.99439373,0.01022710,-0.01649913,0.00548638,0.50876130,0.86437623,0.20439362,-0.02694108,-0.01528747,0.49234224,0.00000000,0.00000000,-0.87040170
89.15000000,0.99149612,0.00837788,-0.01048637,-0.00267079,0.52719543,0.86801125,0.20458415,-0.01384540,0.01423732,0.48798410,0.00000000,0.00000000,-0.87285252
89.20000000,0.97926536,-0.01198646,-0.00375366,-0.00712969,0.51622714,0.85517415,0.21661667,0.00327285,-0.02903623,0.48361376,0.00000000,0.00000000,-0.87528152
89.25000000,1.00079393,0.00514449,-0.00264896,0.00444572,0.53271408,0.84220662,0.25609408,0.05209760,0.06137158,0.47923132,0.00000000,0.00000000,-0.87768864
89.30000000,1.00285568,0.00031614,-0.00448789,-0.01807485,0.53561083,0.83410250,0.20015719,0.06015653,0.06079960,0.47483691,0.00000000,0.00000000,-0.88007381
89.35000000,0.99313514,0.00818326,-0.00477069,0.00682616,0.56545024,0.84267169,0.18296832,0.04236104,-0.08175479,0.47043062,0.00000000,0.00000000,-0.88243698
89.40000000,1.01296216,-0.00025017,-0.00003728,-0.02037437,0.56177790,0.83819023,0.18591731,0.02890702,0.00354535,0.46601257,0.00000000,0.00000000,-0.88477810
89.45000000,1.01062669,0.00191501,-0.00931812,0.00056451,0.58989466,0.82391411,0.19979236,0.09787993,0.05384170,0.46158288,0.00000000,0.00000000,-0.88709709
89.50000000,1.00816734,0.00317342,0.00730274,0.00762732,0.56021489,0.81710734,0.19780854,-0.02535067,-0.00674022,0.45714164,0.00000000,0.00000000,-0.88939391
89.55000000,0.98444151,-0.01804610,0.01246502,0.00462158,0.56601526,0.80153314,0.24437947,-0.01552262,0.05767831,0.45268898,0.00000000,0.00000000,-0.89166849
89.60000000,1.01049752,-0.01356711,-0.00143324,-0.00448089,0.58429633,0.78681253,0.16895362,-0.03166306,0.01466642,0.44822499,0.00000000,0.00000000,-0.89392078
89.65000000,1.01044213,0.00513645,0.00750372,-0.00266618,0.61220222,0.79384967,0.18525675,0.08184093,-0.10222205,0.44374981,0.00000000,0.00000000,-0.89615072
89.70000000,0.98126696,0.00382700,-0.00264982,-0.01436984,0.60354900,0.77998797,0.24490650,0.05122064,0.07532347,0.43926353,0.00000000,0.00000000,-0.89835826
89.75000000,0.98410989,-0.01367124,-0.01435626,0.01288857,0.62612884,0.78385371,0.21526931,-0.00553920,-0.04813900,0.43476626,0.00000000,0.00000000,-0.90054333
89.80000000,1.00513173,-0.00186139,-0.01200322,0.00574285,0.62549801,0.77906794,0.19941076,0.03686367,0.01184599,0.43025813,0.00000000,0.00000000,-0.90270590
89.85000000,0.99116300,0.00322003,0.00354689,0.00511333,0.64785094,0.76429698,0.23487099,-0.08013617,-0.00336588,0.42573924,0.00000000,0.00000000,-0.90484590
89.90000000,0.99725340,0.01447845,-0.00156335,0.00607989,0.62754697,0.76052590,0.16714964,0.10770822,-0.02782006,0.42120971,0.00000000,0.00000000,-0.90696327
89.95000000,1.00073279,0.00126576,-0.01589478,-0.00526035,0.65682047,0.75841096,0.10212249,-0.02835663,0.04765253,0.41666965,0.00000000,0.00000000,-0.90905798
90.00000000,1.00588223,0.01218033,-0.00985647,0.01280930,0.65987152,0.76691046,0.20514778,-0.09456589,0.03997982,0.41211917,0.00000000,0.00000000,-0.91112995
90.05000000,0.99556486,-0.00376230,-0.01453096,0.01622199,0.66258131,0.76009800,0.18571422,-0.04449003,0.06101114,0.40755839,0.00000000,0.00000000,-0.91317915
90.10000000,0.99926665,-0.00063572,-0.01281626,-0.00457623,0.67948924,0.72464081,0.18089127,-0.02180294,0.00497132,0.40298742,0.00000000,0.00000000,-0.91520552
90.15000000,1.01479560,-0.00299953,-0.00690501,0.02746371,0.67821287,0.72893724,0.18899662,-0.01537749,0.00547730,0.39840637,0.00000000,0.00000000,-0.91720901
90.20000000,1.00920796,0.00403988,0.01077096,0.01044029,0.69190444,0.72774507,0.25458421,-0.05269482,0.11372340,0.39381536,0.00000000,0.00000000,-0.91918957
90.25000000,0.99487415,-0.00350965,-0.01211901,-0.01182151,0.70676447,0.73974961,0.17963225,0.01253247,0.01184615,0.38921451,0.00000000,0.00000000,-0.92114714
90.30000000,1.01000245,0.02218714,0.01520973,-0.00238659,0.70944731,0.71632228,0.20410152,-0.05201175,-0.03372236,0.38460393,0.00000000,0.00000000,-0.92308169
90.35000000,1.01148153,0.01251308,-0.00207567,0.00261055,0.72319736,0.68592203,0.18503851,0.08724195,0.01538545,0.37998374,0.00000000,0.00000000,-0.92499317
90.40000000,0.98870784,0.00117282,0.01021436,-0.02546533,0.71998155,0.69209330,0.13156761,0.00066390,-0.00410358,0.37535404,0.00000000,0.00000000,-0.92688152
90.45000000,0.99975910,-0.00348261,-0.01021338,-0.01454803,0.71823394,0.69719311,0.21542322,-0.00609353,-0.04449985,0.37071496,0.00000000,0.00000000,-0.92874669
90.50000000,0.99626085,0.00737158,0.00504784,-0.00477199,0.70587645,0.67456639,0.18341324,-0.04356701,-0.01647778,0.36606661,0.00000000,0.00000000,-0.93058865
90.55000000,1.00816550,-0.00037296,0.00989696,-0.01508372,0.73571626,0.65457080,0.18592287,-0.04976322,0.05929937,0.36140911,0.00000000,0.00000000,-0.93240734
90.60000000,1.00409712,0.01014829,-0.00429348,-0.01019718,0.73495383,0.66919417,0.28595288,0.01544230,-0.01476012,0.35674258,0.00000000,0.00000000,-0.93420273
90.65000000,0.99811229,-0.00031300,0.02026643,0.01233609,0.75469707,0.66014920,0.21838749,0.01910468,-0.01647877,0.35206713,0.00000000,0.00000000,-0.93597475
90.70000000,0.99155921,0.01032220,0.00021983,0.00948728,0.77511187,0.65670423,0.22103478,0.14011922,0.01125822,0.34738287,0.00000000,0.00000000,-0.93772338
90.75000000,0.98909453,-0.00281225,0.01551685,-0.01294167,0.75760263,0.65494340,0.19285276,-0.00793034,0.05000269,0.34268993,0.00000000,0.00000000,-0.93944857
90.80000000,0.99283179,-0.01468602,-0.01388886,0.00581780,0.77411897,0.62927013,0.15317726,-0.01510040,0.05193217,0.33798843,0.00000000,0.00000000,-0.94115027
90.85000000,0.99164182,-0.00662684,-0.01190522,-0.00367413,0.78123171,0.64960053,0.21473949,-0.00540056,0.04059170,0.33327847,0.00000000,0.00000000,-0.94282844
90.90000000,1.00696216,-0.00577661,0.02302060,-0.00024383,0.78646017,0.62615252,0.22046788,0.06521786,-0.02438152,0.32856018,0.00000000,0.00000000,-0.94448304
90.95000000,1.00783382,0.00164568,0.00982723,-0.00214985,0.78675934,0.62008791,0.22100995,-0.03968468,0.06217761,0.32383368,0.00000000,0.00000000,-0.94611403
91.00000000,1.00732509,-0.00074204,-0.00468231,0.00364131,0.80295641,0.58889328,0.22180096,0.02618313,-0.10320470,0.31909908,0.00000000,0.00000000,-0.94772136
91.05000000,1.00196190,0.00694609,0.00580878,0.00802448,0.79908431,0.58644134,0.12451299,0.04584571,0.03344204,0.31435651,0.00000000,0.00000000,-0.94930500
91.10000000,1.01168489,-0.00725141,0.00803836,-0.01502681,0.79959323,0.59004687,0.23465955,0.07208772,-0.00873599,0.30960607,0.00000000,0.00000000,-0.95086491
91.15000000,0.99134250,-0.00917149,-0.00687846,0.02221027,0.82170426,0.59180023,0.19431224,-0.00307373,0.03327206,0.30484790,0.00000000,0.00000000,-0.95240105
91.20000000,0.99494201,-0.00291308,-0.00674704,-0.00447493,0.82039125,0.56428756,0.21778937,0.00972688,-0.00601624,0.30008210,0.00000000,0.00000000,-0.95391338
91.25000000,0.99172540,0.00104963,-0.00504905,0.00046594,0.83656670,0.55174776,0.30220126,-0.00624335,0.02041801,0.29530880,0.00000000,0.00000000,-0.95540186
91.30000000,0.99247250,0.01142212,-0.00125626,-0.00394118,0.82543167,0.55330831,0.22370906,0.00472833,0.00021742,0.29052812,0.00000000,0.00000000,-0.95686645
91.35000000,0.99288579,-0.00769173,-0.00460874,0.00460276,0.84332770,0.55562414,0.20493440,0.01415341,-0.00553334,0.28574018,0.00000000,0.00000000,-0.95830713
91.40000000,0.98257702,-0.00215927,-0.00375327,-0.01039045,0.83646577,0.54061032,0.15431966,-0.03478729,0.07122428,0.28094509,0.00000000,0.00000000,-0.95972384
91.45000000,0.98397294,-0.00183182,-0.01166309,-0.00751637,0.84551273,0.52093543,0.23066696,0.05742529,0.03964099,0.27614298,0.00000000,0.00000000,-0.96111657
91.50000000,1.01024613,-0.01379736,-0.00243071,0.00467421,0.86146766,0.53984342,0.25280890,0.03709219,0.11977797,0.27133397,0.00000000,0.00000000,-0.96248526
91.55000000,1.00096309,-0.00289058,0.00177358,-0.00915053,0.85861247,0.49648784,0.18131919,-0.00815789,0.04446898,0.26651817,0.00000000,0.00000000,-0.96382989
91.60000000,1.01111091,-0.00963617,0.02076033,0.00148373,0.86543116,0.48897452,0.17727019,0.04394955,0.00959272,0.26169571,0.00000000,0.00000000,-0.96515043
91.65000000,1.00107815,0.00227172,-0.01443204,-0.00096609,0.88212229,0.50736311,0.19940091,0.06692939,-0.05430860,0.25686671,0.00000000,0.00000000,-0.96644684
91.70000000,0.99028302,0.01863622,0.00577973,-0.00288887,0.87240728,0.47972465,0.21736960,0.00582748,0.00288927,0.25203128,0.00000000,0.00000000,-0.96771909
91.75000000,0.98840244,0.00264756,-0.00529511,-0.00985977,0.89046207,0.50073433,0.29187661,0.02607437,-0.00987733,0.24718956,0.00000000,0.00000000,-0.96896714
91.80000000,0.99929644,0.00405602,-0.00420248,0.01318810,0.86218377,0.46727811,0.24082501,-0.04079669,-0.00873978,0.24234165,0.00000000,0.00000000,-0.97019097
91.85000000,1.00593643,0.01518269,-0.01293938,-0.01368074,0.87773889,0.44601123,0.13942156,-0.04649873,0.05716351,0.23748769,0.00000000,0.00000000,-0.97139055
91.90000000,0.99687923,0.00031375,-0.00955464,0.00633537,0.91052626,0.44361538,0.28213309,0.01329755,0.00275416,0.23262779,0.00000000,0.00000000,-0.97256584
91.95000000,1.00400124,0.00390526,0.01857104,0.00520221,0.90165995,0.43933652,0.24252467,-0.04579150,0.00687481,0.22776207,0.00000000,0.00000000,-0.97371682
92.00000000,1.02883284,-0.02504190,0.00233147,0.00271623,0.89835862,0.43252181,0.20908797,-0.01426993,0.01192724,0.22289066,0.00000000,0.00000000,-0.97484345
92.05000000,0.99512389,0.02022393,-0.00252014,0.00569611,0.89824971,0.43487046,0.23780168,0.01574989,-0.04394383,0.21801368,0.00000000,0.00000000,-0.97594571
92.10000000,0.99247597,0.01686173,-0.00763474,0.00640902,0.89970343,0.42655234,0.17430338,-0.04607507,-0.02985692,0.21313125,0.00000000,0.00000000,-0.97702358
92.15000000,0.99446197,0.00404673,0.00069384,-0.01095156,0.91298983,0.39592132,0.23378076,0.03398022,0.00092904,0.20824348,0.00000000,0.00000000,-0.97807702
92.20000000,1.00271653,0.01752124,-0.00157603,-0.00944258,0.92308909,0.38687689,0.19558307,-0.02978765,-0.02938634,0.20335052,0.00000000,0.00000000,-0.97910600
92.25000000,0.99749912,0.00899891,0.01105669,0.00926206,0.92459678,0.38643353,0.09955486,0.01344230,-0.09993481,0.19845247,0.00000000,0.00000000,-0.98011051
92.30000000,0.98076633,-0.00161668,0.00264577,-0.00451085,0.94043253,0.38440009,0.19384614,0.05899767,0.07199400,0.19354945,0.00000000,0.00000000,-0.98109052
92.35000000,1.00512559,-0.00775258,-0.00550270,-0.01446739,0.92840452,0.36000905,0.19028333,0.00865440,-0.08671415,0.18864160,0.00000000,0.00000000,-0.98204600
92.40000000,0.98736259,-0.00506848,-0.00052527,-0.00493891,0.92978210,0.35414093,0.14018087,-0.02691478,-0.00753319,0.18372904,0.00000000,0.00000000,-0.98297693
92.45000000,0.99689610,0.00111796,0.00418895,0.00681726,0.92971712,0.33610206,0.26186752,0.01423767,-0.04069380,0.17881188,0.00000000,0.00000000,-0.98388328
92.50000000,1.00277705,0.01067995,0.01729177,0.00250610,0.95012107,0.33038605,0.20339438,-0.01798222,0.01732019,0.17389024,0.00000000,0.00000000,-0.98476504
92.55000000,1.01611194,0.00249889,-0.00937691,-0.01263439,0.95935995,0.33820779,0.22503881,-0.01837214,0.01397914,0.16896427,0.00000000,0.00000000,-0.98562218
92.60000000,0.99013040,0.00387198,-0.01174870,-0.00359288,0.93975672,0.29105066,0.18949204,-0.04319853,-0.00740892,0.16403406,0.00000000,0.00000000,-0.98645467
92.65000000,1.00001723,0.01767932,0.00304709,0.00334113,0.95433067,0.32286455,0.22531599,0.00959859,0.03380793,0.15909976,0.00000000,0.00000000,-0.98726251
92.70000000,0.97573366,0.02089052,0.01589730,0.00217136,0.93833841,0.31674067,0.17396890,0.02087410,-0.05537328,0.15416148,0.00000000,0.00000000,-0.98804567
92.75000000,1.02226407,-0.01442217,0.00068986,-0.02122187,0.95505495,0.29084456,0.25585639,-0.02202355,0.05292079,0.14921935,0.00000000,0.00000000,-0.98880412
92.80000000,0.98975879,-0.00281962,-0.00261912,0.00495588,0.96205407,0.29275040,0.21693303,0.02657490,-0.03815370,0.14427348,0.00000000,0.00000000,-0.98953785
92.85000000,1.00388799,0.01608206,-0.01679993,0.00489008,0.96794544,0.29054219,0.23746981,0.00148627,0.02123346,0.13932401,0.00000000,0.00000000,-0.99024685
92.90000000,0.99264962,-0.00387968,-0.01335703,0.01487030,0.96839041,0.25714379,0.21713545,0.04884761,0.04639902,0.13437106,0.00000000,0.00000000,-0.99093109
92.95000000,0.99072361,-0.03133839,0.00395386,-0.00886870,0.97272692,0.26615557,0.25480319,0.07502717,0.05729156,0.12941474,0.00000000,0.00000000,-0.99159055
93.00000000,1.01749549,0.01379060,0.01466218,-0.00040868,0.95612855,0.27179787,0.20781534,0.05194950,-0.02260904,0.12445519,0.00000000,0.00000000,-0.99222523
93.05000000,1.00963922,-0.02444963,-0.00410443,-0.00098411,0.97606916,0.24799301,0.15606844,0.02651467,0.05685821,0.11949253,0.00000000,0.00000000,-0.99283510
93.10000000,1.02345912,0.00706628,-0.00459506,-0.01271765,0.99205921,0.23492005,0.20401722,-0.07544048,-0.03964381,0.11452688,0.00000000,0.00000000,-0.99342015
93.15000000,1.00631320,0.00353833,-0.01946332,0.00632613,0.96030956,0.23133783,0.21432690,-0.02372484,0.04628105,0.10955837,0.00000000,0.00000000,-0.99398036
93.20000000,1.00353499,0.01324928,0.00080476,0.00138819,0.97527056,0.21065675,0.28093467,-0.02548430,0.03097744,0.10458712,0.00000000,0.00000000,-0.99451573
93.25000000,0.99119556,-0.02066732,0.00207459,0.00370405,0.97905389,0.18327576,0.21860876,0.00890991,-0.03774748,0.09961326,0.00000000,0.00000000,-0.99502623
93.30000000,0.98646508,-0.00252388,0.00652929,0.00416655,0.97327934,0.18979357,0.24467350,-0.05544320,0.00482439,0.09463690,0.00000000,0.00000000,-0.99551186
93.35000000,1.01339641,-0.01274932,0.01155526,0.01619187,0.98170077,0.17516410,0.25120139,-0.01132400,-0.10323503,0.08965818,0.00000000,0.00000000,-0.99597260
93.40000000,0.99901205,0.00470404,0.00740084,-0.00880629,0.98296153,0.17851526,0.20231678,-0.07136724,0.05734885,0.08467722,0.00000000,0.00000000,-0.99640843
93.45000000,0.99785889,0.01091219,-0.01395457,-0.00120987,0.99239505,0.15800987,0.15209435,-0.10974109,0.07012249,0.07969414,0.00000000,0.00000000,-0.99681936
93.50000000,1.00248038,0.01166801,0.00928669,0.00596847,0.98562374,0.15389824,0.26906500,0.00071236,0.08704666,0.07470907,0.00000000,0.00000000,-0.99720537
93.55000000,0.98500578,-0.01606909,0.00988075,-0.00818743,1.01071102,0.15247833,0.27599836,0.03655319,-0.03921447,0.06972213,0.00000000,0.00000000,-0.99756645
93.60000000,0.98340658,0.01495295,-0.01499568,0.01584886,0.99831531,0.12843282,0.22476897,0.01780844,-0.00705207,0.06473345,0.00000000,0.00000000,-0.99790259
93.65000000,1.01425687,0.01391401,0.00155659,-0.00599994,1.00592105,0.09904726,0.22485148,0.03007480,-0.03504502,0.05974314,0.00000000,0.00000000,-0.99821378
93.70000000,1.00973785,-0.00026386,-0.00545700,0.00963223,0.98314774,0.11803038,0.11634678,0.00977709,0.00396076,0.05475135,0.00000000,0.00000000,-0.99850002
93.75000000,0.99460304,0.00389625,-0.00079570,0.01054696,1.00064976,0.10392004,0.21805243,-0.02411593,-0.01149707,0.04975819,0.00000000,0.00000000,-0.99876129
93.80000000,1.00248216,-0.00173359,0.01111453,0.00093450,0.99975207,0.07541098,0.24718254,-0.02899087,-0.04462889,0.04476378,0.00000000,0.00000000,-0.99899760
93.85000000,1.01646186,0.00697622,0.00977096,0.00454496,0.99590546,0.07667755,0.23984287,0.04764779,-0.00104927,0.03976825,0.00000000,0.00000000,-0.99920893
93.90000000,1.02072543,-0.00197319,-0.01394008,-0.01721523,0.98070410,0.06536329,0.19462384,0.02752678,0.00072061,0.03477173,0.00000000,0.00000000,-0.99939528
93.95000000,1.00843371,0.00044893,0.00013521,-0.00577515,1.01245286,0.04420744,0.21847501,-0.01112366,0.03696113,0.02977434,0.00000000,0.00000000,-0.99955665
94.00000000,0.99979171,0.00008644,-0.00266640,0.01393256,0.99879634,0.06923372,0.21717526,-0.00202687,-0.00449922,0.02477621,0.00000000,0.00000000,-0.99969302
94.05000000,1.00564247,-0.00588393,0.00145742,0.00008137,1.00247018,0.04304748,0.22297776,0.00124427,0.07216529,0.01977745,0.00000000,0.00000000,-0.99980441
94.10000000,1.00422569,0.02605986,0.00049851,0.00958913,0.99230272,0.04356108,0.17350346,0.01738748,-0.00982554,0.01477821,0.00000000,0.00000000,-0.99989080
94.15000000,1.00452008,-0.00234796,-0.00789253,-0.00271592,1.01522456,0.02422901,0.14736087,0.04598700,-0.03786973,0.00977859,0.00000000,0.00000000,-0.99995219
94.20000000,1.00743359,0.00553165,0.00616310,0.01853189,0.99166792,0.01566529,0.26133052,-0.03177112,-0.03135111,0.00477873,0.00000000,0.00000000,-0.99998858
94.25000000,0.99712812,0.00324733,-0.01410476,0.00551402,0.98591603,0.01249080,0.22797635,0.08255822,0.03190892,-0.00022125,0.00000000,0.00000000,-0.99999998
94.30000000,0.99695240,-0.00798677,0.00238891,-0.00030251,1.01180687,-0.01972851,0.29537748,0.05400976,-0.00710185,-0.00522123,0.00000000,0.00000000,-0.99998637
94.35000000,1.01797821,-0.00783128,0.00205590,-0.01276471,1.01825675,-0.03691495,0.14058149,-0.03138523,0.06113611,-0.01022108,0.00000000,0.00000000,-0.99994776
94.40000000,1.00954845,0.00122051,0.01018926,-0.00115414,1.00376095,-0.01392054,0.19397087,-0.03727323,0.02303566,-0.01522066,0.00000000,0.00000000,-0.99988416
94.45000000,1.00740274,0.00110448,0.01003381,-0.00201259,1.00045777,-0.03668573,0.21785118,0.06914770,0.01852706,-0.02021987,0.00000000,0.00000000,-0.99979556
94.50000000,0.99696098,0.00527982,0.01008851,0.00774235,1.00591612,-0.06540162,0.09353145,0.05403156,0.02162630,-0.02521858,0.00000000,0.00000000,-0.99968196
94.55000000,0.99978423,0.00694313,0.01927310,0.01413531,1.00779611,-0.06927296,0.17115529,-0.10972326,0.03033158,-0.03021665,0.00000000,0.00000000,-0.99954337
94.60000000,1.01108627,0.01190178,0.00675430,-0.00154067,0.99187718,-0.07863791,0.19769142,-0.04672972,0.08052865,-0.03521397,0.00000000,0.00000000,-0.99937980
94.65000000,0.98697628,-0.00197053,-0.01936218,0.00296555,0.99674241,-0.08392368,0.16328466,-0.00288990,-0.02234903,-0.04021041,0.00000000,0.00000000,-0.99919123
94.70000000,0.99863132,0.01957430,0.00172177,0.00532867,0.99126822,-0.09816360,0.20397330,0.10897898,-0.01085416,-0.04520584,0.00000000,0.00000000,-0.99897769
94.75000000,1.00361438,-0.00828399,-0.02755272,-0.00789831,1.01876699,-0.09431979,0.27838436,-0.01855061,-0.10340069,-0.05020014,0.00000000,0.00000000,-0.99873918
94.80000000,0.98891291,0.00397025,0.00237614,-0.00010424,0.98860493,-0.10082096,0.18257910,0.01076599,0.01073534,-0.05519319,0.00000000,0.00000000,-0.99847569
94.85000000,0.99631498,-0.00881296,-0.00427330,0.01873622,1.00388004,-0.10994762,0.16982827,-0.06729542,0.05103671,-0.06018486,0.00000000,0.00000000,-0.99818725
94.90000000,1.00904767,0.00137249,-0.00370540,-0.01463945,1.00017844,-0.11821154,0.17463006,-0.03710449,0.05750198,-0.06517502,0.00000000,0.00000000,-0.99787385
94.95000000,0.99358136,0.01779060,-0.00109052,-0.00386562,0.99060523,-0.14384758,0.25536575,0.03661463,0.05066159,-0.07016355,0.00000000,0.00000000,-0.99753550
95.00000000,1.00184520,-0.00456354,-0.00009064,-0.00425697,1.00337082,-0.13985291,0.20090696,-0.04443322,0.07090845,-0.07515033,0.00000000,0.00000000,-0.99717222
95.05000000,1.00136684,-0.00130167,0.01549653,-0.00509949,0.98396742,-0.16206262,0.14612124,0.01112011,-0.03209309,-0.08013523,0.00000000,0.00000000,-0.99678400
95.10000000,0.99429278,-0.00704435,-0.00587070,-0.00838914,0.98798195,-0.17117438,0.20714699,0.10226460,-0.00495691,-0.08511813,0.00000000,0.00000000,-0.99637087
95.15000000,1.00604948,0.00718750,-0.00062857,0.00273799,0.98397136,-0.17743932,0.17877017,-0.02510180,0.00275679,-0.09009890,0.00000000,0.00000000,-0.99593282
95.20000000,0.98028096,0.01496073,0.02160858,0.00170350,0.98857526,-0.17848283,0.14575897,0.03851385,-0.01707097,-0.09507741,0.00000000,0.00000000,-0.99546988
95.25000000,1.02290724,-0.00188260,0.00908182,-0.00178413,1.00194550,-0.20422648,0.25710435,0.02502589,0.02008129,-0.10005355,0.00000000,0.00000000,-0.99498205
95.30000000,1.00229007,-0.00667013,-0.02586056,0.01074392,0.97305019,-0.19719665,0.22072840,0.05067712,0.03786172,-0.10502719,0.00000000,0.00000000,-0.99446935
95.35000000,0.97535305,0.00614896,-0.00343675,0.01165011,0.98171286,-0.21263174,0.19282493,-0.04381299,-0.01735929,-0.10999821,0.00000000,0.00000000,-0.99393179
95.40000000,0.98200108,-0.00590344,-0.01464159,-0.01437741,0.97473021,-0.22306785,0.20357815,-0.02530659,-0.04036938,-0.11496647,0.00000000,0.00000000,-0.99336937
95.45000000,0.99682807,-0.00822223,-0.00062831,-0.01521532,0.97824588,-0.24380272,0.22182672,0.03667777,0.01666283,-0.11993186,0.00000000,0.00000000,-0.99278213
95.50000000,1.00799127,-0.02066639,-0.00492857,0.01103077,0.97389515,-0.22934803,0.28122221,0.01039817,-0.00926883,-0.12489425,0.00000000,0.00000000,-0.99217006
95.55000000,0.99041561,-0.00475809,-0.00408247,-0.00593249,0.95709275,-0.25349237,0.28087603,0.03873651,-0.01241906,-0.12985352,0.00000000,0.00000000,-0.99153319
95.60000000,1.01014029,0.00346651,-0.00040704,-0.00103123,0.96165338,-0.26064720,0.21124624,-0.03557606,-0.03274188,-0.13480954,0.00000000,0.00000000,-0.99087153
95.65000000,1.00305904,0.00428651,-0.00313133,-0.01132006,0.97344271,-0.26639483,0.11612182,0.05690797,-0.00734568,-0.13976219,0.00000000,0.00000000,-0.99018510
95.70000000,1.00189987,0.01138223,0.01652539,0.01002865,0.96052756,-0.30013261,0.11438416,0.03627246,0.06201742,-0.14471135,0.00000000,0.00000000,-0.98947391
95.75000000,0.99185355,-0.00269780,-0.00557266,-0.00583900,0.96595524,-0.29375917,0.19475083,0.11584791,-0.06214925,-0.14965689,0.00000000,0.00000000,-0.98873799
95.80000000,1.00547911,-0.01048978,-0.00157437,0.00148638,0.96064445,-0.30809182,0.18858958,-0.01548107,-0.04629695,-0.15459868,0.00000000,0.00000000,-0.98797735
95.85000000,1.00632310,0.00281334,0.00435169,-0.00069543,0.94716736,-0.30323055,0.25069568,0.06027181,0.01866293,-0.15953662,0.00000000,0.00000000,-0.98719201
95.90000000,1.01352664,-0.00416083,-0.00200852,0.01195101,0.95433308,-0.32736611,0.15820991,-0.01212156,-0.02862825,-0.16447056,0.00000000,0.00000000,-0.98638199
95.95000000,1.01724503,0.00760041,-0.00765923,-0.01044991,0.93482388,-0.33949246,0.19754493,0.04684403,-0.04122395,-0.16940040,0.00000000,0.00000000,-0.98554731
96.00000000,1.02289537,-0.00943300,-0.01409048,0.01688305,0.95243345,-0.34513691,0.22205370,0.01518232,0.00811397,-0.17432599,0.00000000,0.00000000,-0.98468800
96.05000000,0.98703520,-0.02481967,-0.00844726,0.01816154,0.95429499,-0.35530668,0.16215854,0.00943796,0.02163184,-0.17924723,0.00000000,0.00000000,-0.98380406
96.10000000,1.00600720,-0.02527029,0.03157756,0.01132475,0.93018861,-0.36921271,0.24915365,0.01915472,0.00612096,-0.18416399,0.00000000,0.00000000,-0.98289553
96.15000000,1.00458335,-0.00112720,0.00401862,0.00726363,0.93193359,-0.36842213,0.26729060,-0.07442480,-0.03368238,-0.18907615,0.00000000,0.00000000,-0.98196243
96.20000000,1.00026561,-0.00729868,-0.00396033,0.01287742,0.92325104,-0.39888974,0.18606758,-0.00040110,0.00377497,-0.19398357,0.00000000,0.00000000,-0.98100478
96.25000000,1.00556037,0.00474389,-0.00138826,-0.01193040,0.91647720,-0.39605362,0.19224977,0.02791000,0.02007202,-0.19888615,0.00000000,0.00000000,-0.98002260
96.30000000,1.00824006,-0.00384083,0.01508361,0.00672839,0.91806671,-0.39298162,0.17477908,-0.09730636,-0.02513229,-0.20378376,0.00000000,0.00000000,-0.97901592
96.35000000,1.00747457,0.00080216,-0.00136834,-0.00847840,0.89335017,-0.39391597,0.19570266,-0.02220952,-0.02803693,-0.20867627,0.00000000,0.00000000,-0.97798477
96.40000000,1.01254522,0.00881351,-0.00967239,0.01164543,0.90733050,-0.42337838,0.19186925,-0.03803012,-0.05707142,-0.21356357,0.00000000,0.00000000,-0.97692917
96.45000000,1.00776131,-0.00220705,0.00617210,0.00287213,0.91004852,-0.44679962,0.16623730,0.02246277,-0.05501216,-0.21844552,0.00000000,0.00000000,-0.97584915
96.50000000,1.00373065,-0.01390705,0.00016444,0.01609990,0.90800056,-0.45387132,0.24294032,0.07849297,0.12708636,-0.22332202,0.00000000,0.00000000,-0.97474472
96.55000000,1.00475076,-0.01364420,0.00434678,0.01596034,0.89398509,-0.43391345,0.16745181,0.01365214,-0.10933738,-0.22819293,0.00000000,0.00000000,-0.97361593
96.60000000,0.99049665,-0.00006121,-0.00363357,-0.01300617,0.88637125,-0.44998418,0.20114379,-0.00027479,0.03473464,-0.23305813,0.00000000,0.00000000,-0.97246280
96.65000000,0.99656837,0.01359178,-0.00989271,0.01928003,0.89792090,-0.46573157,0.19206127,0.00624550,0.02877338,-0.23791751,0.00000000,0.00000000,-0.97128536
96.70000000,1.01094548,-0.01340591,0.00437443,-0.02116514,0.88035153,-0.45647712,0.14160260,-0.07452009,0.01187426,-0.24277095,0.00000000,0.00000000,-0.97008364
96.75000000,1.01387429,0.00325395,-0.01904618,-0.01683128,0.87834781,-0.49160622,0.21111280,0.00576517,-0.01990262,-0.24761831,0.00000000,0.00000000,-0.96885766
96.80000000,1.01814754,0.00590467,0.01211591,0.00920582,0.87102769,-0.49050783,0.19169003,0.02745982,-0.02708521,-0.25245948,0.00000000,0.00000000,-0.96760747
96.85000000,1.01725033,-0.00745869,0.00214475,-0.00229081,0.86309131,-0.47554060,0.18536489,-0.01662755,-0.02770096,-0.25729434,0.00000000,0.00000000,-0.96633308
96.90000000,1.00041041,-0.00101306,-0.01119253,-0.00424370,0.86868017,-0.49564518,0.20607334,-0.00036167,-0.01414419,-0.26212277,0.00000000,0.00000000,-0.96503453
96.95000000,0.99497558,-0.00919573,-0.01556649,-0.00702447,0.86652164,-0.51875961,0.18952557,-0.01934500,0.05766502,-0.26694465,0.00000000,0.00000000,-0.96371186
97.00000000,0.99071617,0.00277053,-0.00068466,0.00067927,0.85473667,-0.52249274,0.24046502,-0.00430843,0.08001088,-0.27175985,0.00000000,0.00000000,-0.96236510
97.05000000,1.00044480,-0.01703467,0.00638310,0.00392097,0.84734545,-0.53415674,0.11043136,-0.09006551,0.07567930,-0.27656826,0.00000000,0.00000000,-0.96099428
97.10000000,0.99414497,0.00965620,-0.01603033,-0.01046858,0.84844854,-0.54102951,0.22904521,-0.00360967,-0.00728737,-0.28136975,0.00000000,0.00000000,-0.95959943
97.15000000,0.99319956,-0.01194003,0.01402701,0.01567309,0.82583306,-0.55943477,0.18944711,0.01222472,-0.00613116,-0.28616421,0.00000000,0.00000000,-0.95818059
97.20000000,1.00499520,-0.00049249,-0.00114631,0.02413079,0.82544240,-0.54032916,0.26970568,0.01954375,-0.08413923,-0.29095152,0.00000000,0.00000000,-0.95673780
97.25000000,1.00031057,-0.00514695,0.00020091,-0.01062967,0.83264828,-0.55515774,0.25732508,-0.02009155,-0.04537893,-0.29573155,0.00000000,0.00000000,-0.95527109
97.30000000,1.00351681,0.01756074,0.00069390,0.00452297,0.81704523,-0.57826476,0.23443899,-0.00774345,0.02004609,-0.30050419,0.00000000,0.00000000,-0.95378050
97.35000000,1.00507507,0.00347517,0.00557855,-0.00853006,0.80448100,-0.58182143,0.20416991,-0.02635899,0.01277786,-0.30526931,0.00000000,0.00000000,-0.95226606
97.40000000,1.00908217,0.01187512,0.01412262,-0.01314802,0.79613677,-0.59239867,0.20859052,-0.01366238,-0.02271478,-0.31002681,0.00000000,0.00000000,-0.95072782
97.45000000,0.99695582,0.00483314,-0.01329622,0.02343357,0.80204138,-0.58704180,0.17906139,0.02268569,0.00647621,-0.31477655,0.00000000,0.00000000,-0.94916580
97.50000000,1.00856808,-0.00198647,0.01551564,-0.01492056,0.80530969,-0.60435138,0.15945905,0.08429904,0.08467628,-0.31951842,0.00000000,0.00000000,-0.94758006
97.55000000,0.97926129,0.00176784,0.00705663,0.00441705,0.80487618,-0.60039000,0.21685954,0.09883517,0.04389705,-0.32425231,0.00000000,0.00000000,-0.94597063
97.60000000,0.99648586,-0.00552348,0.01243342,-0.00792954,0.77944945,-0.62372845,0.22090530,-0.01165172,-0.05689673,-0.32897809,0.00000000,0.00000000,-0.94433755
97.65000000,1.01162080,-0.00404399,0.02019935,0.00303990,0.78996651,-0.62282839,0.26381110,0.02250634,0.01251707,-0.33369565,0.00000000,0.00000000,-0.94268087
97.70000000,1.01093234,0.02485972,-0.00269797,0.00794927,0.77091185,-0.63181777,0.20688539,-0.09949720,-0.00695262,-0.33840486,0.00000000,0.00000000,-0.94100061
97.75000000,1.00999555,-0.00765207,0.00920946,0.00183609,0.76264217,-0.63549787,0.23545666,0.01580744,0.04743244,-0.34310561,0.00000000,0.00000000,-0.93929683
97.80000000,1.00203098,-0.01644666,-0.00378121,-0.01804402,0.76464705,-0.64320724,0.24711420,0.01887298,0.04528693,-0.34779779,0.00000000,0.00000000,-0.93756957
97.85000000,0.98423397,-0.00107567,-0.01414916,-0.00358330,0.76767643,-0.64878487,0.23461830,-0.01112230,-0.04243491,-0.35248127,0.00000000,0.00000000,-0.93581887
97.90000000,1.00187028,0.01110676,0.00409871,-0.01585691,0.74592538,-0.68633255,0.24096419,-0.03399225,-0.05269965,-0.35715594,0.00000000,0.00000000,-0.93404477
97.95000000,1.00817931,0.00559378,0.00232399,0.02191708,0.74452015,-0.68106415,0.22821950,-0.01579377,0.05865118,-0.36182168,0.00000000,0.00000000,-0.93224733
98.00000000,1.00280977,0.00379923,-0.01442368,0.00061352,0.73082455,-0.69220456,0.19509415,0.01648744,0.00180548,-0.36647837,0.00000000,0.00000000,-0.93042657
98.05000000,0.98587900,-0.00273217,-0.00468025,0.00193514,0.72538646,-0.69335821,0.18484572,0.00000629,0.04506563,-0.37112590,0.00000000,0.00000000,-0.92858256
98.10000000,1.00278641,0.01423069,0.01133191,0.01496682,0.73128888,-0.68082331,0.15342989,0.02595378,0.05648495,-0.37576416,0.00000000,0.00000000,-0.92671533
98.15000000,1.01399027,-0.00770719,0.00657381,0.00075203,0.72907291,-0.71746681,0.17059632,-0.08397401,0.00846744,-0.38039302,0.00000000,0.00000000,-0.92482493
98.20000000,1.02263840,-0.00044342,0.00101033,0.00550239,0.70236805,-0.70700435,0.22254024,-0.04081444,-0.00220590,-0.38501237,0.00000000,0.00000000,-0.92291141
98.25000000,1.00741933,0.00928576,0.01298502,0.00335436,0.69994711,-0.71016242,0.17840107,-0.03143290,-0.00358113,-0.38962209,0.00000000,0.00000000,-0.92097482
98.30000000,0.98724982,0.00406901,0.01049082,-0.00710044,0.69352940,-0.73088348,0.15953736,0.08892748,-0.04282123,-0.39422207,0.00000000,0.00000000,-0.91901521
98.35000000,0.98720681,0.00214715,0.00268521,0.00667232,0.70190993,-0.73921890,0.17913152,0.06894797,0.04399889,-0.39881220,0.00000000,0.00000000,-0.91703262
98.40000000,1.00800081,-0.00589869,0.01125888,0.00803183,0.67644458,-0.74407917,0.20977157,0.07072257,-0.04692373,-0.40339236,0.00000000,0.00000000,-0.91502710
98.45000000,0.99200201,-0.00627802,-0.00410821,-0.00015737,0.67671901,-0.74032422,0.20772089,0.00938752,0.02990572,-0.40796244,0.00000000,0.00000000,-0.91299871
98.50000000,0.98318294,0.01071584,-0.00826413,-0.00443510,0.66305504,-0.75232639,0.22677619,0.00334274,-0.01093933,-0.41252231,0.00000000,0.00000000,-0.91094750
98.55000000,1.01528758,0.00708066,0.00302117,0.00692520,0.64504881,-0.73638343,0.15635939,0.00206106,-0.01080937,-0.41707187,0.00000000,0.00000000,-0.90887351
98.60000000,0.99675586,-0.00454257,-0.00771710,0.01188342,0.63244129,-0.75477852,0.23400349,-0.02003397,0.02581892,-0.42161101,0.00000000,0.00000000,-0.90677680
98.65000000,0.99842101,-0.01101006,-0.01090434,0.00655442,0.64284578,-0.76860059,0.18749085,-0.01151636,-0.01255918,-0.42613960,0.00000000,0.00000000,-0.90465742
98.70000000,0.98253056,0.00061253,0.00522455,0.00067609,0.64675965,-0.78739577,0.17543454,0.00294879,0.01290158,-0.43065754,0.00000000,0.00000000,-0.90251542
98.75000000,0.98098791,0.00602698,0.00248317,-0.02119393,0.62009625,-0.79168727,0.18472677,-0.06284169,0.02061252,-0.43516472,0.00000000,0.00000000,-0.90035086
98.80000000,1.01761776,0.00265024,-0.02159384,0.00285596,0.61145000,-0.80078533,0.22081454,0.03634427,-0.02789594,-0.43966101,0.00000000,0.00000000,-0.89816379
98.85000000,0.98356267,-0.02011672,-0.00665685,-0.00155503,0.60030804,-0.80270240,0.23039724,0.01769821,0.01092609,-0.44414632,0.00000000,0.00000000,-0.89595427
98.90000000,1.00816488,-0.00656307,-0.01094559,-0.00522334,0.59156624,-0.82239726,0.18060143,0.04641042,0.03781525,-0.44862052,0.00000000,0.00000000,-0.89372235
98.95000000,1.00525184,0.00131618,0.01448899,-0.01060168,0.57978241,-0.79657601,0.20623453,-0.03301601,0.02668282,-0.45308350,0.00000000,0.00000000,-0.89146808
99.00000000,0.99561533,-0.00837525,-0.00865352,0.00321549,0.58338131,-0.79850531,0.19202681,-0.01673614,0.06638237,-0.45753516,0.00000000,0.00000000,-0.88919153
99.05000000,1.00985647,0.00144898,-0.01561013,-0.00811855,0.56261655,-0.81908071,0.18226629,0.06868409,-0.06827681,-0.46197538,0.00000000,0.00000000,-0.88689275
99.10000000,0.98838660,0.00244629,0.00521436,-0.02587136,0.54758042,-0.82777177,0.26564411,0.08142323,-0.01653689,-0.46640405,0.00000000,0.00000000,-0.88457180
99.15000000,0.99829353,-0.00836866,0.00633206,0.01528530,0.56921527,-0.83103374,0.16749972,-0.00263342,0.06375066,-0.47082106,0.00000000,0.00000000,-0.88222873
99.20000000,0.99599483,-0.01815429,-0.00360009,-0.00279026,0.53010695,-0.83394828,0.22762922,0.08017693,-0.05758571,-0.47522630,0.00000000,0.00000000,-0.87986361
99.25000000,1.00730521,0.00966836,0.00519621,-0.01006802,0.52928070,-0.84073798,0.20903287,-0.02801864,0.05976376,-0.47961966,0.00000000,0.00000000,-0.87747649
99.30000000,0.99599248,-0.01893701,-0.00224057,0.00480273,0.53490562,-0.84372484,0.27181322,-0.05285495,-0.01694881,-0.48400103,0.00000000,0.00000000,-0.87506743
99.35000000,1.01545054,-0.01967350,-0.00053694,0.01228921,0.53512907,-0.84573832,0.23565378,-0.04955597,0.06341035,-0.48837030,0.00000000,0.00000000,-0.87263650
99.40000000,0.98799938,-0.01140413,0.00387874,-0.00493014,0.51650647,-0.85321900,0.28451948,0.01639675,-0.02566170,-0.49272736,0.00000000,0.00000000,-0.87018375
99.45000000,1.00676488,-0.00831754,0.00913156,0.00064628,0.50984410,-0.88043465,0.10434360,-0.07014573,0.08007325,-0.49707210,0.00000000,0.00000000,-0.86770924
99.50000000,0.98851845,0.00732310,-0.00641908,-0.00240030,0.49674003,-0.85120549,0.23113988,0.01421921,0.05999012,-0.50140441,0.00000000,0.00000000,-0.86521305
99.55000000,0.99366803,0.01068343,0.00901303,0.00889899,0.48693592,-0.87694483,0.16610030,-0.03909829,-0.03901007,-0.50572419,0.00000000,0.00000000,-0.86269522
99.60000000,1.00366848,-0.00228336,0.00431400,0.00487882,0.46913853,-0.88831052,0.19477400,-0.03766445,-0.03737323,-0.51003133,0.00000000,0.00000000,-0.86015583
99.65000000,1.01695687,-0.01533355,0.02023064,0.00288876,0.48080051,-0.87348292,0.23259125,0.07131938,-0.04640715,-0.51432571,0.00000000,0.00000000,-0.85759493
99.70000000,0.99843622,-0.00852847,-0.01696080,-0.00661241,0.48081854,-0.88856611,0.29370552,0.09028103,0.13594630,-0.51860724,0.00000000,0.00000000,-0.85501259
99.75000000,1.01905493,0.02358132,0.00325168,0.00228328,0.45615019,-0.89140733,0.21169314,0.03063863,-0.01883201,-0.52287580,0.00000000,0.00000000,-0.85240888
99.80000000,0.98622376,0.00363619,-0.00692805,-0.00589273,0.44283767,-0.89961676,0.25464261,-0.01045691,0.05389689,-0.52713129,0.00000000,0.00000000,-0.84978386
99.85000000,1.00206016,-0.00088529,0.00158220,-0.01291630,0.43866496,-0.89180121,0.24931218,-0.06347106,-0.06593086,-0.53137360,0.00000000,0.00000000,-0.84713759
99.90000000,0.99463181,0.01384662,0.00220975,-0.00774695,0.41173025,-0.91144075,0.17138961,0.03884210,0.04728236,-0.53560263,0.00000000,0.00000000,-0.84447014
99.95000000,0.98950098,0.00753166,0.00650757,-0.01179681,0.41635429,-0.90540996,0.21230011,-0.07949772,0.00786666,-0.53981827,0.00000000,0.00000000,-0.84178158
100.00000000,1.00636265,0.01579594,-0.00668791,-0.00545453,0.40599492,-0.91003241,0.20933877,0.02402547,-0.04831987,-0.54402041,0.00000000,0.00000000,-0.83907198
100.05000000,1.00396854,-0.00742215,-0.00143334,0.01708014,0.38495146,-0.91977437,0.14799611,0.00384541,0.04887840,-0.54820895,0.00000000,0.00000000,-0.83634140
100.10000000,1.00169655,-0.00116716,0.01328402,0.00330502,0.39793996,-0.91377054,0.07637062,-0.00642873,-0.04621296,-0.55238379,0.00000000,0.00000000,-0.83358992
100.15000000,0.99170683,0.01474586,-0.00374806,0.01892568,0.36643885,-0.93561115,0.23909336,-0.01826660,0.01574410,-0.55654482,0.00000000,0.00000000,-0.83081759
100.20000000,0.99887693,-0.00142576,-0.00304236,0.00179493,0.37766550,-0.91238908,0.19594336,-0.02060404,-0.02136519,-0.56069193,0.00000000,0.00000000,-0.82802449
100.25000000,1.01469784,0.00690325,-0.01899033,-0.01943121,0.35364480,-0.92989785,0.20350317,0.02002160,-0.00584607,-0.56482503,0.00000000,0.00000000,-0.82521069
100.30000000,1.01397419,0.00772111,0.00077577,0.01145339,0.33611638,-0.93662284,0.21114974,0.02392389,-0.07470456,-0.56894400,0.00000000,0.00000000,-0.82237627
100.35000000,0.99739593,0.00400461,0.00477162,0.01186130,0.35084530,-0.93985976,0.23518574,-0.01200526,0.00856393,-0.57304875,0.00000000,0.00000000,-0.81952128
100.40000000,1.00794802,-0.00045301,0.00361990,0.00961309,0.34094238,-0.93030186,0.30913137,0.02843589,-0.01862963,-0.57713918,0.00000000,0.00000000,-0.81664580
100.45000000,1.00511823,0.00468818,0.00613511,0.01495016,0.30753672,-0.93078922,0.28775316,0.02240489,0.02848109,-0.58121518,0.00000000,0.00000000,-0.81374991
100.50000000,0.99758355,0.00006324,0.00697952,0.00633552,0.32210959,-0.94285734,0.24517722,0.03218000,-0.04381026,-0.58527665,0.00000000,0.00000000,-0.81083368
100.55000000,1.00832268,0.01858587,-0.00026627,0.01499480,0.29622272,-0.95252317,0.17632654,0.05868065,0.07536434,-0.58932348,0.00000000,0.00000000,-0.80789717
100.60000000,0.99900804,0.01171062,0.01650627,-0.00032919,0.29715582,-0.94789568,0.16732056,0.00192371,0.09782835,-0.59335558,0.00000000,0.00000000,-0.80494047
100.65000000,0.99499986,0.00853826,0.00523804,-0.00163766,0.28850791,-0.94061641,0.22975762,0.02874405,0.07359274,-0.59737285,0.00000000,0.00000000,-0.80196364
100.70000000,0.99710590,-0.01046915,0.01768347,0.00136522,0.28563178,-0.96858086,0.22237542,-0.05205633,0.00485053,-0.60137518,0.00000000,0.00000000,-0.79896676
100.75000000,0.99352077,-0.00877654,-0.00303123,-0.02293391,0.25547350,-0.95585229,0.22054811,-0.05103910,0.02650165,-0.60536248,0.00000000,0.00000000,-0.79594991
100.80000000,0.99121787,0.00721964,-0.00115639,-0.00325123,0.25651193,-0.94070364,0.17106536,0.00713201,0.03694387,-0.60933465,0.00000000,0.00000000,-0.79291316
100.85000000,0.99037587,-0.01594258,-0.00601098,0.00759463,0.24432684,-0.97113586,0.24573086,-0.03906076,-0.00196926,-0.61329158,0.00000000,0.00000000,-0.78985659
100.90000000,0.98486159,0.00320719,0.00229507,0.00795536,0.22659384,-0.97317266,0.14782507,-0.01400623,0.06826758,-0.61723318,0.00000000,0.00000000,-0.78678027
100.95000000,0.99679247,-0.01365920,-0.00679879,-0.01610952,0.21536439,-0.96687578,0.14032025,0.01096776,0.00315125,-0.62115935,0.00000000,0.00000000,-0.78368429
101.00000000,0.99468472,0.00227350,-0.00937662,0.00840844,0.21159161,-0.97968382,0.18240002,0.02783420,0.02634827,-0.62506999,0.00000000,0.00000000,-0.78056871
101.05000000,0.97378299,0.00254243,-0.01744593,-0.00341322,0.20772430,-0.98147766,0.22739732,0.02920280,-0.03259044,-0.62896501,0.00000000,0.00000000,-0.77743361
101.10000000,0.99190203,-0.00035970,-0.01543732,-0.00476978,0.21249697,-0.99505921,0.18978949,-0.02948850,0.09167831,-0.63284429,0.00000000,0.00000000,-0.77427908
101.15000000,0.99462139,-0.00479811,-0.01030765,0.00009322,0.19190812,-0.99079553,0.24921703,0.00912233,0.04009809,-0.63670776,0.00000000,0.00000000,-0.77110520
101.20000000,0.99671864,0.00243184,-0.00213096,0.01457682,0.18054042,-0.98369273,0.18450679,-0.02607460,0.01263125,-0.64055531,0.00000000,0.00000000,-0.76791203
101.25000000,1.00819587,-0.00684558,0.00126579,0.00184169,0.17311481,-1.00259979,0.16364470,-0.06408242,0.00347064,-0.64438685,0.00000000,0.00000000,-0.76469967
101.30000000,0.99099027,-0.00496241,-0.01194281,-0.00403237,0.14842658,-0.97959175,0.22643173,0.00371846,-0.01150325,-0.64820228,0.00000000,0.00000000,-0.76146819
101.35000000,0.97962313,-0.00458207,-0.00761457,0.00247274,0.15598516,-0.98547180,0.26148479,-0.02841579,-0.02527001,-0.65200150,0.00000000,0.00000000,-0.75821768
101.40000000,1.01037878,0.00166216,-0.00246999,0.01846521,0.14567089,-0.99207199,0.17432362,0.05632345,0.01125719,-0.65578442,0.00000000,0.00000000,-0.75494820
101.45000000,1.00024517,0.00676276,0.00880088,0.00549870,0.13882484,-0.98700221,0.22981546,-0.03571984,0.08296149,-0.65955095,0.00000000,0.00000000,-0.75165986
101.50000000,0.98766323,0.00309378,-0.01336767,-0.00098129,0.11435066,-0.99140864,0.22028387,-0.04576854,0.00068455,-0.66330099,0.00000000,0.00000000,-0.74835272
101.55000000,1.01393674,-0.01312265,-0.00854054,0.00860755,0.11090564,-0.99240563,0.25071875,-0.03851183,-0.02122538,-0.66703445,0.00000000,0.00000000,-0.74502688
101.60000000,0.99357358,-0.00348203,0.01339522,-0.01701080,0.08824340,-1.00862560,0.26768566,-0.03047680,-0.01260929,-0.67075123,0.00000000,0.00000000,-0.74168241
101.65000000,0.98385366,-0.00262386,0.00866522,0.00252957,0.08915241,-1.01156971,0.19033354,0.00357023,-0.04235576,-0.67445124,0.00000000,0.00000000,-0.73831939
101.70000000,1.00654891,0.00885069,-0.00528649,0.00725832,0.07917010,-0.98530198,0.29596998,-0.05191021,0.03641239,-0.67813439,0.00000000,0.00000000,-0.73493792
101.75000000,1.01304965,-0.00970680,-0.00575121,-0.00586377,0.06896811,-1.00108984,0.19613244,0.03447598,-0.08278328,-0.68180059,0.00000000,0.00000000,-0.73153808
101.80000000,0.99026107,0.00669928,0.00552776,-0.01058542,0.06591433,-0.98491058,0.20280747,-0.04807739,0.04112914,-0.68544974,0.00000000,0.00000000,-0.72811995
101.85000000,1.01723045,-0.00886140,0.00039252,0.01090156,0.05148626,-1.01620547,0.22483024,-0.04677365,-0.05482844,-0.68908176,0.00000000,0.00000000,-0.72468361
101.90000000,0.98272252,0.01190407,-0.00834711,0.00333336,0.04613254,-0.99756770,0.21826305,0.01404099,0.00817592,-0.69269654,0.00000000,0.00000000,-0.72122916
101.95000000,0.99239840,-0.00849337,-0.00104982,-0.00126164,0.03464248,-0.98852285,0.22037992,-0.03926382,-0.09554425,-0.69629402,0.00000000,0.00000000,-0.71775667
102.00000000,0.99231063,-0.01344490,-0.00730372,0.00242277,0.02119645,-0.98121109,0.22660406,0.08238056,0.03398201,-0.69987408,0.00000000,0.00000000,-0.71426625
102.05000000,1.01085707,-0.00358902,-0.01074509,-0.00448960,0.01023507,-1.00622799,0.16022755,0.01564155,-0.04296273,-0.70343665,0.00000000,0.00000000,-0.71075796
102.10000000,0.98466508,-0.01122086,-0.00234355,-0.00990919,-0.00192695,-0.99399549,0.23068987,-0.03255303,-0.05631404,-0.70698163,0.00000000,0.00000000,-0.70723191
102.15000000,0.99424377,0.00655645,0.00889196,0.00352890,0.00236846,-0.98266146,0.18338939,0.06348113,-0.00965213,-0.71050894,0.00000000,0.00000000,-0.70368818
102.20000000,1.01019849,0.00708572,-0.01977058,-0.00966227,-0.03185766,-1.01762749,0.24432416,0.08951829,-0.00952346,-0.71401848,0.00000000,0.00000000,-0.70012685
102.25000000,1.00854157,0.01484625,0.00208332,-0.00025313,-0.03209858,-0.99418500,0.24411751,0.01765254,0.02111673,-0.71751018,0.00000000,0.00000000,-0.69654802
102.30000000,0.99948797,-0.01592955,0.00897716,-0.01284625,-0.03344181,-0.99165683,0.15399833,-0.03018168,0.09687523,-0.72098393,0.00000000,0.00000000,-0.69295178
102.35000000,0.99920518,-0.01220214,0.00800879,-0.00772675,-0.06883089,-0.99357019,0.16400761,0.01136398,-0.03434460,-0.72443966,0.00000000,0.00000000,-0.68933821
102.40000000,1.00707204,0.00183498,-0.02589209,0.00382013,-0.06250800,-0.98405453,0.22267423,0.03081641,-0.02977635,-0.72787729,0.00000000,0.00000000,-0.68570741
102.45000000,0.99209932,-0.00025649,-0.00360616,0.01338009,-0.07112294,-1.00982391,0.16798946,0.04015840,-0.00547998,-0.73129671,0.00000000,0.00000000,-0.68205947
102.50000000,0.99779288,0.01060188,-0.00914763,-0.02235176,-0.08809053,-0.99440904,0.19384151,-0.07278453,0.04743956,-0.73469785,0.00000000,0.00000000,-0.67839448
102.55000000,1.00163497,0.00389015,0.00419610,-0.01298524,-0.08649723,-0.98690995,0.25599622,0.02925588,0.02494786,-0.73808063,0.00000000,0.00000000,-0.67471252
102.60000000,0.98262579,-0.00014935,-0.00956574,0.01282168,-0.08817743,-1.00454473,0.20294379,0.00811368,0.04228461,-0.74144495,0.00000000,0.00000000,-0.67101370
102.65000000,0.98324382,-0.02209622,0.00038149,-0.02531417,-0.10784075,-0.98807281,0.26027917,-0.03084210,0.00920826,-0.74479073,0.00000000,0.00000000,-0.66729811
102.70000000,1.00651510,-0.01175720,0.00915348,0.00274342,-0.12541525,-0.99143714,0.19876877,0.03188597,-0.01412027,-0.74811790,0.00000000,0.00000000,-0.66356583
102.75000000,1.00227090,-0.00620932,-0.00937843,0.00171533,-0.13825084,-0.98360191,0.23148544,-0.03721696,0.01156055,-0.75142636,0.00000000,0.00000000,-0.65981696
102.80000000,0.99230300,-0.01604313,-0.00597225,-0.00050317,-0.13397852,-0.98877053,0.24559244,-0.04687909,-0.01484646,-0.75471604,0.00000000,0.00000000,-0.65605160
102.85000000,1.01644367,-0.01931080,-0.00451954,-0.01071494,-0.15104212,-0.99316839,0.23192921,0.00842723,-0.05638899,-0.75798685,0.00000000,0.00000000,-0.65226983
102.90000000,0.99411838,-0.00000117,0.00739381,0.02432956,-0.15194080,-0.99740861,0.20080311,0.00509350,-0.02122787,-0.76123871,0.00000000,0.00000000,-0.64847176
102.95000000,1.00470258,-0.02271377,0.00553150,-0.00476387,-0.16993053,-0.97098736,0.14858324,0.00919638,0.03750525,-0.76447154,0.00000000,0.00000000,-0.64465748
103.00000000,1.00170336,-0.01614192,0.01350397,-0.00211354,-0.18395672,-0.98701183,0.18790989,-0.05622645,0.00937681,-0.76768526,0.00000000,0.00000000,-0.64082708
103.05000000,0.99402767,0.00670888,0.00517595,0.01625669,-0.19062762,-0.99010352,0.13927112,0.09508930,0.03161037,-0.77087979,0.00000000,0.00000000,-0.63698066
103.10000000,0.99307580,0.01693155,0.01356162,-0.01351278,-0.20585716,-0.98146009,0.15714434,-0.00731916,0.03383991,-0.77405504,0.00000000,0.00000000,-0.63311831
103.15000000,0.98626739,0.00293001,0.01168498,0.00400220,-0.20886986,-0.98478566,0.24215638,-0.05563347,0.01285798,-0.77721094,0.00000000,0.00000000,-0.62924014
103.20000000,1.00025516,0.01125611,-0.00582749,-0.00497736,-0.23030282,-0.97160179,0.18604638,-0.04155312,-0.03229307,-0.78034741,0.00000000,0.00000000,-0.62534624
103.25000000,1.00537105,-0.01102960,-0.01014166,0.00896361,-0.22929407,-0.96419258,0.18892912,-0.00305035,0.00898992,-0.78346438,0.00000000,0.00000000,-0.62143670
103.30000000,1.01387286,0.01305873,0.01153237,-0.00628819,-0.24722708,-0.96381414,0.26657057,0.04900283,0.00258358,-0.78656175,0.00000000,0.00000000,-0.61751162
103.35000000,1.00727809,0.00745388,0.00148943,0.00192374,-0.24607902,-0.97688090,0.17431880,-0.03437160,-0.06952004,-0.78963947,0.00000000,0.00000000,-0.61357111
103.40000000,1.00142860,-0.00040573,0.00761964,0.01260717,-0.24349552,-0.95229626,0.17114231,-0.06703917,0.04362412,-0.79269744,0.00000000,0.00000000,-0.60961526
103.45000000,1.01382133,0.01555992,0.00484996,-0.01996704,-0.26273418,-0.95831084,0.26099450,0.06093494,0.04268004,-0.79573559,0.00000000,0.00000000,-0.60564417
103.50000000,0.99412721,-0.01029117,0.00533961,-0.00792415,-0.26126407,-0.97819879,0.23035194,0.01129004,-0.00724689,-0.79875386,0.00000000,0.00000000,-0.60165794
103.55000000,0.99074884,-0.02061776,-0.00531429,-0.00513883,-0.27449565,-0.96617359,0.22524852,-0.06079072,0.02347735,-0.80175215,0.00000000,0.00000000,-0.59765667
103.60000000,0.97762300,0.02095296,-0.00141068,-0.02794501,-0.30235952,-0.96419766,0.17567092,-0.01930726,-0.02763314,-0.80473040,0.00000000,0.00000000,-0.59364045
103.65000000,0.99183588,-0.01158683,0.00821789,0.01201136,-0.30726725,-0.95261786,0.15462895,0.00017614,0.01228429,-0.80768853,0.00000000,0.00000000,-0.58960940
103.70000000,0.99780601,0.00396075,0.00308709,-0.01054139,-0.30230006,-0.95142317,0.27993384,0.01580178,0.09014281,-0.81062647,0.00000000,0.00000000,-0.58556360
103.75000000,1.01175269,0.00227190,-0.00723107,-0.00701567,-0.31837779,-0.94472573,0.17865795,0.03425557,0.00373391,-0.81354414,0.00000000,0.00000000,-0.58150317
103.80000000,1.00839010,-0.00975470,0.00999472,0.00500996,-0.32117766,-0.93309835,0.20120077,-0.01039577,0.08173957,-0.81644147,0.00000000,0.00000000,-0.57742820
103.85000000,0.99709432,0.00748434,-0.00381387,-0.01861883,-0.35483866,-0.93543482,0.23635556,0.01530058,0.05324842,-0.81931840,0.00000000,0.00000000,-0.57333879
103.90000000,1.00391260,-0.00775235,0.00594302,0.00169608,-0.35769850,-0.93129627,0.20854954,-0.03005645,-0.00595440,-0.82217484,0.00000000,0.00000000,-0.56923505
103.95000000,1.01413567,0.01380888,0.00188144,0.00057267,-0.37561584,-0.91526164,0.25134662,0.03062830,-0.09972905,-0.82501072,0.00000000,0.00000000,-0.56511707
104.00000000,1.00040923,-0.00127129,0.00682815,-0.00451031,-0.37290882,-0.92260175,0.17040452,-0.02867197,0.01064583,-0.82782598,0.00000000,0.00000000,-0.56098497
104.05000000,1.01338486,0.00808470,0.01075404,0.00063317,-0.36491021,-0.94245541,0.29543729,0.09322959,0.02242050,-0.83062055,0.00000000,0.00000000,-0.55683885
104.10000000,1.00832263,-0.00038000,-0.00209568,-0.00610870,-0.38958240,-0.91563945,0.22377778,0.08584359,0.00648441,-0.83339435,0.00000000,0.00000000,-0.55267880
104.15000000,0.98511171,0.01644311,-0.01220954,-0.00559391,-0.39556723,-0.91309012,0.14035803,-0.03638325,-0.06422260,-0.83614731,0.00000000,0.00000000,-0.54850494
104.20000000,1.00621713,0.01183380,-0.01221838,0.00995660,-0.39812942,-0.91982393,0.11633637,-0.05090803,-0.02462073,-0.83887937,0.00000000,0.00000000,-0.54431737
104.25000000,1.01541671,-0.00118303,-0.01006828,0.00147849,-0.42950249,-0.90396986,0.16127753,-0.04023159,0.01879251,-0.84159046,0.00000000,0.00000000,-0.54011618
104.30000000,1.01750234,0.02197788,-0.01039866,-0.00596606,-0.42046385,-0.89321449,0.10821924,0.00090582,-0.01978570,-0.84428051,0.00000000,0.00000000,-0.53590150
104.35000000,0.98075979,-0.01337168,-0.00567774,0.00058815,-0.42456573,-0.89705754,0.24737525,-0.00180485,-0.02952614,-0.84694946,0.00000000,0.00000000,-0.53167341
104.40000000,0.99816250,0.00695517,0.01032562,-0.00147875,-0.45292204,-0.89285301,0.22637596,0.05212887,-0.02835520,-0.84959722,0.00000000,0.00000000,-0.52743204
104.45000000,0.99332203,0.00756160,-0.00407434,-0.00449684,-0.44002925,-0.90543861,0.29695620,-0.03039789,0.04076127,-0.85222375,0.00000000,0.00000000,-0.52317748
104.50000000,0.99891200,0.00271362,-0.00262786,0.00856577,-0.46493840,-0.89288780,0.28609511,-0.00168597,-0.02821802,-0.85482898,0.00000000,0.00000000,-0.51890984
104.55000000,0.98509713,0.01865578,-0.00551925,0.02061838,-0.46632498,-0.88107055,0.21259565,0.09610034,-0.09603899,-0.85741283,0.00000000,0.00000000,-0.51462923
104.60000000,1.00214342,-0.00265204,-0.00213093,0.00149312,-0.48177739,-0.87587091,0.20394558,-0.06174411,0.01905521,-0.85997525,0.00000000,0.00000000,-0.51033575
104.65000000,1.00716054,-0.00542066,0.01867896,0.01335572,-0.47942875,-0.86459906,0.20634598,0.04804371,0.07224628,-0.86251617,0.00000000,0.00000000,-0.50602951
104.70000000,1.00808024,-0.00570283,-0.00039681,0.00573670,-0.48819546,-0.86876979,0.17965155,0.06784789,-0.04595560,-0.86503552,0.00000000,0.00000000,-0.50171062
104.75000000,0.99058668,-0.01327128,-0.00943551,0.01247345,-0.49241955,-0.86372643,0.22719585,-0.00346978,-0.05130682,-0.86753325,0.00000000,0.00000000,-0.49737919
104.80000000,1.02218107,0.01374740,0.00354419,-0.00855890,-0.51608168,-0.86481488,0.20936401,0.01086019,-0.01325560,-0.87000929,0.00000000,0.00000000,-0.49303533
104.85000000,0.98545587,0.02132059,0.00237527,0.00456592,-0.52660950,-0.86832961,0.20127469,-0.01745493,0.03373134,-0.87246358,0.00000000,0.00000000,-0.48867913
104.90000000,1.00906078,0.00765029,0.00988272,0.01803666,-0.52698772,-0.83645094,0.22708612,-0.08797217,-0.00491036,-0.87489606,0.00000000,0.00000000,-0.48431073
104.95000000,0.99132288,0.00231433,-0.00791010,0.00605681,-0.52952370,-0.83005625,0.27741558,-0.07795408,-0.05162091,-0.87730667,0.00000000,0.00000000,-0.47993021
105.00000000,1.02927815,0.01009524,0.00224448,0.00032038,-0.54829640,-0.85599406,0.17046039,-0.00800198,-0.03001423,-0.87969534,0.00000000,0.00000000,-0.47553770
105.05000000,0.99414864,0.02558731,-0.00251653,0.00278120,-0.55364147,-0.82524298,0.18365527,0.05276670,0.02183670,-0.88206203,0.00000000,0.00000000,-0.47113330
105.10000000,0.98712836,-0.00107504,-0.00172148,-0.00218165,-0.55925730,-0.81918819,0.22810543,0.01215676,0.00582983,-0.88440666,0.00000000,0.00000000,-0.46671711
105.15000000,0.97848793,0.00777893,0.00488354,-0.00984761,-0.56977145,-0.81337138,0.25737976,0.01982137,0.01638247,-0.88672918,0.00000000,0.00000000,-0.46228927
105.20000000,1.00946772,-0.00306540,0.00412003,-0.00621113,-0.56964404,-0.83018120,0.24152560,-0.00220803,0.04517343,-0.88902953,0.00000000,0.00000000,-0.45784986
105.25000000,0.99219456,0.00089984,0.00060630,0.00433884,-0.59933430,-0.80187387,0.12244911,-0.03286680,-0.06788741,-0.89130766,0.00000000,0.00000000,-0.45339901
105.30000000,1.00828219,0.00400131,0.00456039,0.01473189,-0.60007088,-0.79621126,0.20795261,-0.00685653,0.06043408,-0.89356350,0.00000000,0.00000000,-0.44893682
105.35000000,1.02081879,-0.00431467,0.00833720,0.00319117,-0.60159343,-0.79382621,0.19010430,-0.16332520,0.07063876,-0.89579701,0.00000000,0.00000000,-0.44446341
105.40000000,0.99305267,-0.00241557,-0.00220293,-0.00783803,-0.61043475,-0.79065235,0.17295554,0.00367699,0.00052211,-0.89800812,0.00000000,0.00000000,-0.43997889
105.45000000,1.00927839,-0.01340383,-0.00805389,0.00725298,-0.62710590,-0.79307547,0.17860139,-0.00751591,-0.00234597,-0.90019678,0.00000000,0.00000000,-0.43548337
105.50000000,0.99790042,-0.01028565,0.00773159,0.01326220,-0.64762201,-0.79333067,0.24984913,0.06720343,-0.09321978,-0.90236293,0.00000000,0.00000000,-0.43097696
105.55000000,1.00815437,0.01637880,-0.00862412,0.01579668,-0.63804406,-0.76832493,0.17283491,0.04176736,0.03931783,-0.90450653,0.00000000,0.00000000,-0.42645978
105.60000000,1.01724709,0.01440607,-0.00009150,0.03108379,-0.63043896,-0.75966504,0.16040590,-0.07142514,-0.06262361,-0.90662751,0.00000000,0.00000000,-0.42193193
105.65000000,0.99066335,0.01377303,0.00487089,-0.00613373,-0.65292395,-0.76117005,0.24077935,-0.04230103,0.01763845,-0.90872583,0.00000000,0.00000000,-0.41739354
105.70000000,1.00300086,-0.00848868,0.01588006,-0.00295571,-0.66904599,-0.74351031,0.20743712,0.01526547,-0.05098049,-0.91080143,0.00000000,0.00000000,-0.41284471
105.75000000,1.00812416,0.02172428,-0.01262834,0.00354209,-0.67445889,-0.71851437,0.26043805,0.00961622,-0.05291190,-0.91285426,0.00000000,0.00000000,-0.40828557
105.80000000,0.99013944,0.00746275,-0.01362492,-0.01331114,-0.67393813,-0.73737305,0.22199552,-0.02265617,0.04315020,-0.91488427,0.00000000,0.00000000,-0.40371621
105.85000000,0.99138185,0.00626644,0.00214121,0.00600649,-0.66955971,-0.73648346,0.17543571,-0.07850726,-0.08829252,-0.91689140,0.00000000,0.00000000,-0.39913676
105.90000000,0.99824026,-0.00107523,-0.01086083,-0.00871100,-0.67343026,-0.71632145,0.14857923,-0.02278241,0.02015699,-0.91887562,0.00000000,0.00000000,-0.39454734
105.95000000,0.99373549,-0.00808695,-0.00338246,0.01090661,-0.68406703,-0.72551153,0.22559647,-0.00328674,-0.04308966,-0.92083686,0.00000000,0.00000000,-0.38994804
106.00000000,0.99702925,-0.01264234,0.01163055,0.01552472,-0.70713343,-0.71765326,0.25216290,0.05138783,-0.04783799,-0.92277508,0.00000000,0.00000000,-0.38533901
106.05000000,0.99851955,-0.00058938,-0.00770776,0.00385982,-0.71710351,-0.70949936,0.20046782,-0.06959289,-0.08996739,-0.92469023,0.00000000,0.00000000,-0.38072033
106.10000000,1.00918272,-0.00740323,0.02134864,0.01971838,-0.72217419,-0.67357009,0.24692961,-0.03185931,-0.11346338,-0.92658227,0.00000000,0.00000000,-0.37609214
106.15000000,1.00688155,0.00031296,0.00431362,-0.00228836,-0.73548160,-0.69402507,0.23660178,-0.01884815,-0.01411838,-0.92845114,0.00000000,0.00000000,-0.37145455
106.20000000,0.98480613,0.00091200,-0.01111932,0.00918526,-0.73824527,-0.68543704,0.30177629,-0.01671042,-0.01770310,-0.93029680,0.00000000,0.00000000,-0.36680767
106.25000000,1.00585622,-0.01785262,0.01250809,0.00993940,-0.73244789,-0.70890793,0.19339876,-0.05992431,0.05227158,-0.93211920,0.00000000,0.00000000,-0.36215162
106.30000000,1.01052561,0.00388010,-0.01203111,0.01494294,-0.74702939,-0.64967269,0.21686847,0.01966514,-0.01858544,-0.93391830,0.00000000,0.00000000,-0.35748652
106.35000000,1.01406956,0.00608434,0.01442892,0.00177541,-0.75151710,-0.65429777,0.26951237,0.04246974,0.00818156,-0.93569405,0.00000000,0.00000000,-0.35281248
106.40000000,0.98142781,0.00810386,-0.01438705,0.00035006,-0.75876920,-0.66688340,0.22165884,0.09334402,-0.01198014,-0.93744641,0.00000000,0.00000000,-0.34812962
106.45000000,1.00765880,0.02355690,0.00862613,-0.00644843,-0.76173046,-0.64028929,0.26912207,0.05129398,-0.12187296,-0.93917533,0.00000000,0.00000000,-0.34343805
106.50000000,0.99143795,-0.00070027,-0.01015287,-0.03700092,-0.77776945,-0.63746007,0.18150855,-0.04758466,0.00385435,-0.94088077,0.00000000,0.00000000,-0.33873790
106.55000000,1.00343088,-0.00468597,0.01371744,0.00057714,-0.78556401,-0.64093246,0.19547570,0.04679369,-0.03483648,-0.94256270,0.00000000,0.00000000,-0.33402929
106.60000000,1.00595879,0.00094557,0.01993233,0.00390251,-0.79008906,-0.61452355,0.23943643,-0.02075487,-0.05005547,-0.94422105,0.00000000,0.00000000,-0.32931232
106.65000000,1.00536035,0.00063515,-0.01516550,0.00254521,-0.79565634,-0.62918124,0.18925288,0.05437387,0.05602615,-0.94585581,0.00000000,0.00000000,-0.32458712
106.70000000,1.00946752,0.00269233,0.00595797,0.00098645,-0.80643760,-0.61515680,0.17784604,0.05967068,0.05015107,-0.94746691,0.00000000,0.00000000,-0.31985380
106.75000000,0.98920122,0.00053391,-0.00402607,-0.00155101,-0.80676867,-0.58406082,0.20415447,0.00666683,0.01202913,-0.94905433,0.00000000,0.00000000,-0.31511249
106.80000000,0.98972230,0.00108554,0.01062317,0.01472691,-0.81882740,-0.60525990,0.20777874,0.04660438,0.01808164,-0.95061802,0.00000000,0.00000000,-0.31036330
106.85000000,1.00680296,-0.01360249,-0.00571987,-0.02196112,-0.81463440,-0.60361322,0.26459844,0.06653373,0.00828977,-0.95215795,0.00000000,0.00000000,-0.30560635
106.90000000,0.98487427,0.00375713,0.01859133,0.00475735,-0.80713863,-0.57866162,0.16603830,-0.00616905,-0.08416488,-0.95367407,0.00000000,0.00000000,-0.30084176
106.95000000,1.02264089,0.00139650,0.00866773,-0.00461509,-0.84011639,-0.55133338,0.15472871,0.01260054,0.02181536,-0.95516635,0.00000000,0.00000000,-0.29606965
107.00000000,1.00073951,-0.00784584,-0.00149632,-0.00950051,-0.82220834,-0.55160106,0.20404285,-0.02841745,0.09624212,-0.95663476,0.00000000,0.00000000,-0.29129013
107.05000000,0.98697936,-0.01544613,-0.00082006,-0.00258047,-0.82485585,-0.54252464,0.20632042,0.01937579,0.02356311,-0.95807924,0.00000000,0.00000000,-0.28650334
107.10000000,1.02103557,0.00253363,-0.00681077,0.00198501,-0.86746644,-0.54092666,0.25387966,0.02393049,0.01535183,-0.95949978,0.00000000,0.00000000,-0.28170938
107.15000000,1.00649239,0.01103257,0.01425233,0.00447456,-0.84980461,-0.55529572,0.24874525,0.02004056,0.00882714,-0.96089632,0.00000000,0.00000000,-0.27690838
107.20000000,0.99311949,0.00965152,-0.00257236,-0.00034422,-0.85248256,-0.51916908,0.15363161,0.02215808,-0.03023911,-0.96226885,0.00000000,0.00000000,-0.27210046
107.25000000,0.99314196,0.00885240,-0.00995028,0.00883442,-0.85610300,-0.53160509,0.26602122,0.01087497,0.01962584,-0.96361732,0.00000000,0.00000000,-0.26728574
107.30000000,1.01007242,0.01499221,0.00201027,0.00617287,-0.85851309,-0.50995423,0.13418658,0.00661161,0.06366797,-0.96494170,0.00000000,0.00000000,-0.26246433
107.35000000,1.00583333,-0.01067423,0.01097522,-0.00309470,-0.88816727,-0.48769908,0.16272129,0.07663659,0.05332999,-0.96624195,0.00000000,0.00000000,-0.25763636
107.40000000,0.99772201,0.00459360,0.02423919,0.01000007,-0.86980035,-0.46028936,0.21025838,0.02301955,-0.03986873,-0.96751805,0.00000000,0.00000000,-0.25280195
107.45000000,0.98325281,-0.00287802,0.00038408,0.00329264,-0.89122818,-0.47382802,0.16786403,0.02422343,0.04381118,-0.96876996,0.00000000,0.00000000,-0.24796122
107.50000000,0.99604491,-0.00963819,0.01543649,0.00872912,-0.88027112,-0.45695631,0.20872358,-0.03074993,-0.04279748,-0.96999765,0.00000000,0.00000000,-0.24311429
107.55000000,0.99892201,0.00771720,0.01389759,0.00023510,-0.87433187,-0.46494193,0.17004587,-0.06142010,-0.02063974,-0.97120109,0.00000000,0.00000000,-0.23826128
107.60000000,0.98731343,0.02009512,0.00439296,-0.00095615,-0.87382669,-0.46693429,0.19886679,0.08642813,-0.00444169,-0.97238025,0.00000000,0.00000000,-0.23340232
107.65000000,1.02446814,0.00785605,0.01305926,0.01334895,-0.89552518,-0.44986072,0.19983735,-0.04713696,-0.00094995,-0.97353510,0.00000000,0.00000000,-0.22853752
107.70000000,0.99995594,0.01689235,0.00593276,0.02362618,-0.92154158,-0.44817153,0.18910847,0.06374638,-0.00290044,-0.97466562,0.00000000,0.00000000,-0.22366701
107.75000000,0.98532173,-0.00245124,-0.01197598,-0.01393626,-0.88427280,-0.43049607,0.21274363,-0.00715713,-0.00924723,-0.97577177,0.00000000,0.00000000,-0.21879091
107.80000000,0.99159339,-0.00310635,0.00337235,0.01418635,-0.89901124,-0.43010684,0.24920851,0.01826223,-0.02593837,-0.97685352,0.00000000,0.00000000,-0.21390934
107.85000000,1.00182097,0.00572287,0.00047053,0.00480243,-0.92124877,-0.38888226,0.11871976,0.02284229,0.01840216,-0.97791085,0.00000000,0.00000000,-0.20902242
107.90000000,1.00642943,-0.00708370,0.01169197,-0.00107981,-0.92852382,-0.41061220,0.21057698,-0.07439861,0.08252108,-0.97894373,0.00000000,0.00000000,-0.20413027
107.95000000,1.01048921,0.01826844,0.01721423,-0.00351906,-0.92930570,-0.41725538,0.18683266,0.07596240,-0.03502261,-0.97995214,0.00000000,0.00000000,-0.19923302
108.00000000,0.99790079,-0.00554570,0.00374995,0.01286085,-0.93986319,-0.39472992,0.27148367,0.02978375,-0.00959985,-0.98093606,0.00000000,0.00000000,-0.19433079
108.05000000,1.01707083,-0.01365029,0.00931213,-0.00068238,-0.92217188,-0.39586006,0.19334099,0.02995055,-0.00083221,-0.98189544,0.00000000,0.00000000,-0.18942370
108.10000000,1.01255298,0.01221805,-0.00958564,0.00823993,-0.94183736,-0.36214757,0.23434295,-0.04035499,0.03719241,-0.98283028,0.00000000,0.00000000,-0.18451188
108.15000000,0.99494644,-0.00580698,0.00706651,-0.00835973,-0.94435931,-0.34293907,0.20985482,-0.06803020,0.04026545,-0.98374055,0.00000000,0.00000000,-0.17959544
108.20000000,0.99593399,-0.01403013,-0.02507315,0.00903414,-0.94757681,-0.35641666,0.23359496,0.03303610,-0.03320032,-0.98462623,0.00000000,0.00000000,-0.17467451
108.25000000,1.00912641,0.02054893,0.01346663,0.01191057,-0.93922911,-0.33900858,0.20250070,0.01671056,-0.05423764,-0.98548729,0.00000000,0.00000000,-0.16974922
108.30000000,0.99230618,-0.01427750,0.00235187,0.00083054,-0.95219603,-0.31692613,0.15828405,-0.03385035,0.03690621,-0.98632372,0.00000000,0.00000000,-0.16481968
108.35000000,1.00928816,-0.00795726,0.00232043,-0.00778807,-0.95084631,-0.31421996,0.23006034,0.01120167,0.01421619,-0.98713548,0.00000000,0.00000000,-0.15988602
108.40000000,0.98921502,0.00388277,0.00551065,0.00688935,-0.95917721,-0.29699813,0.14609147,-0.02226677,-0.01032159,-0.98792257,0.00000000,0.00000000,-0.15494837
108.45000000,0.98737591,-0.00290711,0.00221481,-0.01825772,-0.95894278,-0.31410302,0.29630039,0.00650290,0.00762726,-0.98868496,0.00000000,0.00000000,-0.15000684
108.50000000,1.00232073,0.00604521,0.00978155,-0.01563554,-0.94481251,-0.27459613,0.20203289,-0.00830971,-0.13675968,-0.98942263,0.00000000,0.00000000,-0.14506156
108.55000000,0.98756009,0.00518849,0.01200617,0.00728837,-0.96149404,-0.25820232,0.24995282,-0.02061245,0.09958696,-0.99013557,0.00000000,0.00000000,-0.14011266
108.60000000,0.98903833,-0.01471840,-0.00421105,-0.00758640,-0.96711273,-0.25985906,0.20348039,-0.00337104,0.00463028,-0.99082375,0.00000000,0.00000000,-0.13516025
108.65000000,0.97687675,-0.01515261,-0.00385311,-0.00842929,-0.96841147,-0.24415082,0.20167052,-0.06212916,-0.03346850,-0.99148717,0.00000000,0.00000000,-0.13020446
108.70000000,1.01710576,0.01532494,0.00595877,-0.01562483,-0.96555912,-0.24468145,0.20614219,-0.02849167,-0.01421735,-0.99212579,0.00000000,0.00000000,-0.12524542
108.75000000,0.99360285,-0.01145074,0.01365988,0.00882314,-0.97391318,-0.23529810,0.22242795,0.10177694,0.04102246,-0.99273961,0.00000000,0.00000000,-0.12028324
108.80000000,1.00834770,0.00037981,-0.00434424,0.01382710,-0.96688077,-0.23739289,0.22529753,0.03444904,-0.09172841,-0.99332862,0.00000000,0.00000000,-0.11531806
108.85000000,0.99077613,0.00362765,-0.01924461,-0.01766131,-0.97835037,-0.21443670,0.22905042,0.06776706,0.00567895,-0.99389279,0.00000000,0.00000000,-0.11035000
108.90000000,0.99627347,-0.01307360,-0.00384628,0.00707529,-0.97026324,-0.20693869,0.22946772,0.05408161,0.00536626,-0.99443211,0.00000000,0.00000000,-0.10537918
108.95000000,1.01367319,-0.00726647,-0.00073291,-0.00480833,-0.97191033,-0.20994150,0.19061021,-0.08616726,0.02858131,-0.99494658,0.00000000,0.00000000,-0.10040572
109.00000000,1.01246790,0.00910708,0.00812628,0.00839400,-0.97478939,-0.18384450,0.23536193,-0.03232300,-0.00695292,-0.99543617,0.00000000,0.00000000,-0.09542976
109.05000000,1.00070243,-0.00335705,-0.01566310,-0.01235009,-0.98133733,-0.17110350,0.20541778,0.12064659,-0.03913303,-0.99590087,0.00000000,0.00000000,-0.09045140
109.10000000,1.00444942,0.01291203,0.01065677,0.00655067,-0.97468695,-0.16976210,0.27936633,0.05438462,-0.03611278,-0.99634068,0.00000000,0.00000000,-0.08547079
109.15000000,1.00321568,-0.01547297,0.01521789,0.00224231,-0.97355562,-0.16154738,0.12198519,0.11494666,0.00786246,-0.99675557,0.00000000,0.00000000,-0.08048804
109.20000000,0.98999791,0.01145762,0.02035857,-0.00202438,-0.98959093,-0.14819505,0.15531588,-0.03388759,0.08169015,-0.99714555,0.00000000,0.00000000,-0.07550328
109.25000000,0.99867794,-0.00837557,-0.00452042,0.01072824,-1.00981378,-0.13813566,0.31511377,0.08783188,0.02763441,-0.99751060,0.00000000,0.00000000,-0.07051663
109.30000000,1.01316443,0.01306826,-0.00125852,0.00924794,-0.97352628,-0.14341237,0.23078861,0.01316567,0.00661366,-0.99785072,0.00000000,0.00000000,-0.06552821
109.35000000,1.00014633,0.00231670,0.00315572,0.01118615,-0.98790512,-0.12263302,0.16743757,-0.02412827,0.01367970,-0.99816588,0.00000000,0.00000000,-0.06053816
109.40000000,0.99293929,0.00945877,0.00430055,0.01143527,-1.00021734,-0.11923235,0.25580602,0.00281172,-0.00705684,-0.99845610,0.00000000,0.00000000,-0.05554660
109.45000000,1.00698660,0.00661449,-0.01255764,0.01384645,-0.99899273,-0.08397782,0.14536189,0.01119451,-0.00630123,-0.99872135,0.00000000,0.00000000,-0.05055364
109.50000000,0.98024765,0.00658208,-0.01923937,-0.00291667,-0.98480592,-0.09632459,0.16458378,0.03279303,-0.00915879,-0.99896163,0.00000000,0.00000000,-0.04555942
109.55000000,0.99594940,0.01274992,-0.01167279,-0.00459607,-0.98804464,-0.09338084,0.28439594,-0.01269771,0.04111005,-0.99917694,0.00000000,0.00000000,-0.04056407
109.60000000,1.00872435,-0.00152288,-0.00479012,-0.00042965,-0.99034304,-0.08095463,0.15118864,0.06337556,-0.03086372,-0.99936727,0.00000000,0.00000000,-0.03556770
109.65000000,1.00354084,-0.00202204,-0.00157866,0.01430390,-0.99898259,-0.06468056,0.19293795,-0.02551534,-0.02796737,-0.99953261,0.00000000,0.00000000,-0.03057044
109.70000000,0.99500553,0.01663210,0.00711489,-0.00345197,-0.98887555,-0.06700004,0.26652221,0.05492113,0.10201190,-0.99967297,0.00000000,0.00000000,-0.02557241
109.75000000,1.01011551,0.00437235,0.01291140,-0.00625809,-1.00310761,-0.04178124,0.26621824,-0.04127604,-0.04102471,-0.99978834,0.00000000,0.00000000,-0.02057375
109.80000000,1.00236538,0.00717530,-0.00703081,0.00670418,-0.98583087,-0.01914075,0.22079973,-0.00705165,0.07961945,-0.99987871,0.00000000,0.00000000,-0.01557457
109.85000000,1.00015404,0.00940355,0.01958281,0.00835268,-1.00974725,-0.03353906,0.19168961,0.02872977,0.02189143,-0.99994408,0.00000000,0.00000000,-0.01057501
109.90000000,1.02207082,0.00435056,-0.00327441,-0.01133342,-0.98813346,-0.01121079,0.13764338,-0.00200448,-0.04253076,-0.99998446,0.00000000,0.00000000,-0.00557517
109.95000000,0.99574362,0.00006192,-0.00905178,-0.00487624,-1.00744054,-0.00832330,0.15991995,-0.02458989,-0.03801213,-0.99999983,0.00000000,0.00000000,-0.00057520
110.00000000,1.00586584,0.00200800,0.01194715,0.01886703,-0.99318759,0.01334535,0.23810889,0.01786649,0.00424498,-0.99999021,0.00000000,0.00000000,0.00442478
110.05000000,0.99970674,-0.01021670,0.00838920,-0.00031295,-0.98532716,0.02799983,0.17700659,0.05275372,-0.11251986,-0.99995559,0.00000000,0.00000000,0.00942466
110.10000000,1.01930226,-0.01338445,0.00495112,0.00427416,-0.98834671,0.02555862,0.10904950,-0.01763676,-0.00780124,-0.99989596,0.00000000,0.00000000,0.01442429
110.15000000,0.97950808,0.00045372,-0.01075851,0.00649085,-1.00170625,0.05845077,0.19354334,0.01624768,-0.00752885,-0.99981134,0.00000000,0.00000000,0.01942357
110.20000000,0.98376732,-0.00204713,0.00753413,0.00601990,-1.00173977,0.03426260,0.23382106,0.01576001,0.03971848,-0.99970173,0.00000000,0.00000000,0.02442237
110.25000000,0.99725888,-0.01684375,0.00533760,-0.00009143,-0.98435203,0.05910295,0.20296666,0.01566019,-0.02469557,-0.99956712,0.00000000,0.00000000,0.02942055
110.30000000,0.99354864,-0.00097895,-0.00920406,-0.00229095,-0.97823519,0.07922154,0.21877588,0.06639312,-0.03489047,-0.99940753,0.00000000,0.00000000,0.03441799
110.35000000,1.02490440,-0.00460503,0.02003806,0.01999403,-1.01442528,0.09343883,0.19230320,-0.02840032,0.02546253,-0.99922294,0.00000000,0.00000000,0.03941458
110.40000000,0.98992085,0.00501997,-0.00940794,0.00177079,-0.98270185,0.09259791,0.18890963,0.02121264,-0.06089971,-0.99901338,0.00000000,0.00000000,0.04441018
110.45000000,0.99161139,-0.00430270,0.00786850,0.00405799,-0.98976669,0.09841486,0.16975511,0.06355061,-0.02920627,-0.99877884,0.00000000,0.00000000,0.04940467
110.50000000,1.00419039,-0.00112105,0.00562993,-0.00605487,-0.98355496,0.12241754,0.24933332,0.00404922,-0.01745939,-0.99851934,0.00000000,0.00000000,0.05439793
110.55000000,1.02822112,-0.00991625,0.00881230,0.00332785,-0.99357107,0.12042161,0.18218248,0.01609850,0.01616882,-0.99823487,0.00000000,0.00000000,0.05938982
110.60000000,1.02677653,0.01070822,0.00515883,0.00575559,-0.97331499,0.11878908,0.19682794,-0.08828984,0.02698913,-0.99792544,0.00000000,0.00000000,0.06438023
110.65000000,1.00848174,-0.00995600,0.01435080,-0.00718880,-0.99380056,0.13959952,0.27629463,-0.04137977,0.01502497,-0.99759107,0.00000000,0.00000000,0.06936903
110.70000000,1.00774838,0.00568470,0.00605401,0.00761500,-0.99448957,0.16517833,0.20002925,-0.01390522,0.06226764,-0.99723175,0.00000000,0.00000000,0.07435610
110.75000000,0.99369433,0.00320278,-0.00722835,0.02519236,-0.96432337,0.15707996,0.22824872,-0.00276746,-0.01358984,-0.99684751,0.00000000,0.00000000,0.07934131
110.80000000,1.00119631,-0.00040601,-0.01520667,0.00263023,-0.98620167,0.17117040,0.20153330,-0.01911487,0.04112717,-0.99643834,0.00000000,0.00000000,0.08432453
110.85000000,1.00533134,0.01396047,0.00494730,-0.00197607,-0.97788132,0.15809149,0.29907942,0.00927065,0.09969184,-0.99600427,0.00000000,0.00000000,0.08930565
110.90000000,0.99130655,-0.01117645,0.00365833,0.00362535,-0.97883841,0.18958731,0.17690975,-0.06942713,0.01466288,-0.99554529,0.00000000,0.00000000,0.09428453
110.95000000,0.98717408,-0.01377006,-0.00380632,0.00430659,-0.96041689,0.20733430,0.26909544,0.02623264,0.01840620,-0.99506143,0.00000000,0.00000000,0.09926106
111.00000000,1.02505790,-0.01322856,-0.00413230,-0.00335180,-0.96933451,0.19754684,0.23914161,0.02292273,0.03837400,-0.99455268,0.00000000,0.00000000,0.10423511
111.05000000,1.00795223,0.01538320,-0.00049209,0.00530158,-0.98351335,0.20745883,0.28392554,-0.03931906,0.03068035,-0.99401908,0.00000000,0.00000000,0.10920655
111.10000000,1.00531043,0.01174981,-0.01658201,0.00891207,-0.97450834,0.22085815,0.19378310,0.04336580,0.03470207,-0.99346062,0.00000000,0.00000000,0.11417526
111.15000000,0.99872077,-0.01139107,-0.01068545,0.00753030,-0.98438822,0.23540347,0.32490119,0.01755219,0.03519439,-0.99287733,0.00000000,0.00000000,0.11914111
111.20000000,0.98938965,-0.01227302,0.00795822,-0.00282352,-0.95746019,0.24772046,0.36404538,-0.02412278,0.01940249,-0.99226922,0.00000000,0.00000000,0.12410399
111.25000000,0.99205854,0.01132080,0.00540512,-0.00861190,-0.96885794,0.27068697,0.26545027,-0.06178156,-0.01436666,-0.99163630,0.00000000,0.00000000,0.12906376
111.30000000,1.01921397,-0.00067178,0.00283423,0.01126932,-0.97639873,0.25722553,0.19499587,0.05534454,0.05207743,-0.99097859,0.00000000,0.00000000,0.13402031
111.35000000,1.00819766,-0.00039160,0.01229570,-0.00052645,-0.95459305,0.28537023,0.28535624,-0.00104678,-0.00974429,-0.99029610,0.00000000,0.00000000,0.13897350
111.40000000,1.01395075,0.01471853,-0.00443374,-0.01005034,-0.94538187,0.26943237,0.13376775,-0.01052639,0.00658124,-0.98958886,0.00000000,0.00000000,0.14392323
111.45000000,0.98940048,0.00221864,0.00266470,-0.00480388,-0.93534119,0.29871857,0.25546756,-0.06812382,-0.06350972,-0.98885687,0.00000000,0.00000000,0.14886935
111.50000000,1.00460063,0.01854858,-0.01009936,0.00143377,-0.96503485,0.29677661,0.21363620,-0.02503024,-0.05638480,-0.98810017,0.00000000,0.00000000,0.15381175
111.55000000,0.98672082,-0.01886008,0.00476584,0.00597581,-0.94367114,0.30438256,0.24998751,0.02860810,0.00232622,-0.98731876,0.00000000,0.00000000,0.15875031
111.60000000,0.99843171,-0.00649115,0.00192162,0.01617248,-0.93503594,0.32039235,0.22908788,-0.05225745,0.03464960,-0.98651267,0.00000000,0.00000000,0.16368490
111.65000000,0.99169143,0.00690256,0.02969072,-0.00570012,-0.91390966,0.33730865,0.17147572,-0.03857388,0.10776403,-0.98568192,0.00000000,0.00000000,0.16861540
111.70000000,1.00492989,-0.00566153,-0.00203461,0.00430776,-0.93985378,0.34527588,0.28431829,-0.05344438,0.03082874,-0.98482653,0.00000000,0.00000000,0.17354168
111.75000000,0.99927102,-0.00499045,0.01072174,-0.01461426,-0.95996581,0.35344264,0.19882041,-0.06350117,-0.07449823,-0.98394651,0.00000000,0.00000000,0.17846362
111.80000000,1.01930633,0.00463015,0.00019646,0.02195245,-0.92252212,0.37823538,0.15223086,-0.05744345,0.02959644,-0.98304190,0.00000000,0.00000000,0.18338110
111.85000000,1.00414499,0.01249662,-0.01630789,0.00703597,-0.91919806,0.37921357,0.18681207,0.02019318,-0.03268844,-0.98211271,0.00000000,0.00000000,0.18829400
111.90000000,0.99707054,-0.01042936,-0.00758666,-0.00240962,-0.93025520,0.37153620,0.14688025,0.08470287,-0.02038586,-0.98115897,0.00000000,0.00000000,0.19320218
111.95000000,1.00329966,-0.01758972,0.01357649,0.00167161,-0.92594713,0.38400705,0.24388119,-0.13506644,-0.03485905,-0.98018069,0.00000000,0.00000000,0.19810554
112.00000000,0.99880916,-0.00130611,0.02505312,-0.00337593,-0.90767652,0.41567054,0.23499077,-0.03313397,-0.05544403,-0.97917792,0.00000000,0.00000000,0.20300395
112.05000000,1.00745420,0.01645025,0.00545963,0.01233448,-0.88763797,0.41508347,0.15577820,-0.00071649,0.06327789,-0.97815066,0.00000000,0.00000000,0.20789728
112.10000000,0.99751220,0.01505706,-0.00066937,0.00334347,-0.91295214,0.41742018,0.21450094,-0.07493618,-0.01774865,-0.97709895,0.00000000,0.00000000,0.21278541
112.15000000,0.98766792,-0.00407109,-0.00795164,0.01011821,-0.89500708,0.43050126,0.14830900,-0.00738872,-0.05824827,-0.97602282,0.00000000,0.00000000,0.21766823
112.20000000,0.99852707,0.00647421,0.00992104,0.00472845,-0.88836219,0.43652690,0.19455487,0.03607129,0.04253884,-0.97492228,0.00000000,0.00000000,0.22254560
112.25000000,0.99475828,0.00378982,-0.00294313,-0.02008595,-0.89216158,0.42997173,0.21967863,-0.07166099,-0.03018449,-0.97379737,0.00000000,0.00000000,0.22741741
112.30000000,0.99566401,0.01201725,-0.00533515,-0.01074971,-0.88844527,0.44969055,0.24035494,-0.04825265,0.01142967,-0.97264812,0.00000000,0.00000000,0.23228353
112.35000000,1.02469567,-0.00239279,0.00186730,-0.01661040,-0.89605538,0.46535564,0.19024652,0.02447828,0.02100384,-0.97147455,0.00000000,0.00000000,0.23714385
112.40000000,0.98681971,0.01015306,-0.01242685,-0.00764922,-0.88057886,0.48528073,0.16010528,0.00360465,0.00897745,-0.97027669,0.00000000,0.00000000,0.24199824
112.45000000,1.00657360,0.01184031,-0.00404075,0.01011849,-0.86483032,0.49625520,0.22744669,0.00404079,-0.01922406,-0.96905457,0.00000000,0.00000000,0.24684658
112.50000000,0.98541013,-0.00277954,0.00112338,-0.00109492,-0.86732837,0.47263114,0.19686186,0.08620880,0.04652453,-0.96780823,0.00000000,0.00000000,0.25168874
112.55000000,1.00616190,0.00390682,-0.00365432,-0.01754070,-0.86381896,0.47139714,0.19044070,-0.00316364,-0.01799896,-0.96653770,0.00000000,0.00000000,0.25652462
112.60000000,1.02171383,0.01824343,0.01032812,-0.00925327,-0.84417394,0.51073008,0.16287339,-0.00153686,0.04486877,-0.96524300,0.00000000,0.00000000,0.26135408
112.65000000,0.99401121,0.00140533,0.00316476,-0.01100854,-0.86100053,0.50289427,0.24384801,-0.04360947,0.01504986,-0.96392417,0.00000000,0.00000000,0.26617701
112.70000000,0.98609844,-0.01133437,-0.01181881,-0.00289575,-0.85132147,0.52535365,0.12574324,-0.01054178,-0.03156661,-0.96258124,0.00000000,0.00000000,0.27099328
112.75000000,1.00534178,-0.00267636,-0.00080831,-0.00744949,-0.83061918,0.51737532,0.18712335,0.00181195,-0.00924118,-0.96121425,0.00000000,0.00000000,0.27580278
112.80000000,0.99236064,-0.01811684,-0.00691509,-0.00959385,-0.82572899,0.56131008,0.20272853,-0.06582262,0.03500634,-0.95982322,0.00000000,0.00000000,0.28060538
112.85000000,0.99018924,-0.00549171,-0.00628850,-0.00500506,-0.84063978,0.53392624,0.17360499,0.04261329,0.00049929,-0.95840820,0.00000000,0.00000000,0.28540097
112.90000000,1.00125314,-0.02232248,0.00947784,-0.00685520,-0.82034051,0.55694744,0.17986421,-0.07803303,0.09926207,-0.95696923,0.00000000,0.00000000,0.29018942
112.95000000,1.00803247,0.00863074,0.01818828,0.00224087,-0.81246067,0.55890683,0.23798551,-0.03117878,-0.02053325,-0.95550632,0.00000000,0.00000000,0.29497062
113.00000000,1.00097001,-0.01267399,0.00329424,-0.00311958,-0.84018214,0.56734749,0.18956868,0.03514001,0.01475444,-0.95401953,0.00000000,0.00000000,0.29974444
113.05000000,1.01447472,0.00520110,-0.00553961,-0.00058359,-0.81802686,0.58497817,0.20767533,-0.03111004,0.00238462,-0.95250889,0.00000000,0.00000000,0.30451078
113.10000000,1.00461181,-0.01006422,0.00317009,-0.01578683,-0.79764905,0.59348657,0.27786375,-0.05293571,0.05268950,-0.95097444,0.00000000,0.00000000,0.30926949
113.15000000,1.00935780,-0.00182232,-0.00376643,-0.01085146,-0.81624037,0.58875992,0.14884001,0.06836288,-0.06517380,-0.94941621,0.00000000,0.00000000,0.31402048
113.20000000,1.00148895,0.00435705,0.00357499,0.00445289,-0.78731551,0.59981092,0.20891538,-0.01612847,0.06025072,-0.94783425,0.00000000,0.00000000,0.31876362
113.25000000,1.02099866,-0.01193934,-0.02031101,0.00569132,-0.77999335,0.63177736,0.23799946,0.05942122,0.07624017,-0.94622859,0.00000000,0.00000000,0.32349878
113.30000000,1.01464778,0.00881161,-0.01282210,-0.00008362,-0.78153518,0.61908572,0.20329585,0.06708857,-0.03184654,-0.94459927,0.00000000,0.00000000,0.32822586
113.35000000,1.00799052,0.00316442,-0.00857532,-0.01076601,-0.79530876,0.63275381,0.20217161,-0.03992989,-0.08190197,-0.94294634,0.00000000,0.00000000,0.33294473
113.40000000,1.00432711,-0.00173727,-0.00713693,-0.00964040,-0.77436357,0.64034943,0.19024271,-0.05615251,-0.00059943,-0.94126984,0.00000000,0.00000000,0.33765528
113.45000000,1.01045547,0.00040268,0.00068424,-0.00325669,-0.77447947,0.63410836,0.13067963,0.04982603,0.02268158,-0.93956980,0.00000000,0.00000000,0.34235739
113.50000000,1.00082487,0.00295583,0.00339529,-0.00734546,-0.76236391,0.64621878,0.31731430,0.04262482,0.00950792,-0.93784628,0.00000000,0.00000000,0.34705094
113.55000000,1.01365984,0.01239688,-0.01380524,-0.00222853,-0.75272708,0.66463459,0.19498274,-0.00740645,-0.01863215,-0.93609931,0.00000000,0.00000000,0.35173582
113.60000000,1.01048935,-0.01443340,-0.00427355,-0.01843676,-0.75623752,0.66918367,0.22003328,-0.01700636,0.05226614,-0.93432894,0.00000000,0.00000000,0.35641190
113.65000000,1.01354043,-0.00069227,0.00250433,-0.00452544,-0.73297494,0.66149728,0.28531217,0.04798169,-0.05161762,-0.93253521,0.00000000,0.00000000,0.36107907
113.70000000,0.99210982,0.00421249,-0.00338251,0.00544600,-0.73606655,0.69604464,0.20537150,0.10525052,0.02895246,-0.93071816,0.00000000,0.00000000,0.36573721
113.75000000,0.98650596,0.02086497,0.01098679,0.00380148,-0.71916178,0.67619662,0.12430585,-0.00486710,0.06366048,-0.92887785,0.00000000,0.00000000,0.37038621
113.80000000,1.00395709,0.01709171,0.01321221,0.00020609,-0.70687351,0.71053480,0.20141415,-0.01256033,0.00828114,-0.92701431,0.00000000,0.00000000,0.37502595
113.85000000,0.97588092,0.00280432,0.00720438,0.00144511,-0.70827543,0.70202630,0.11569047,0.07135350,-0.01444981,-0.92512761,0.00000000,0.00000000,0.37965631
113.90000000,0.99382230,0.01357983,0.00978700,0.00273066,-0.69696840,0.69799316,0.20138229,0.05490451,-0.02828270,-0.92321777,0.00000000,0.00000000,0.38427718
113.95000000,0.99001667,0.00078604,0.00102057,0.00647572,-0.71131307,0.69106031,0.24619874,-0.05143243,-0.02527960,-0.92128485,0.00000000,0.00000000,0.38888845
114.00000000,0.97816765,0.01022913,0.00350338,0.00310195,-0.68729670,0.70289182,0.16094204,-0.02320185,-0.03148479,-0.91932890,0.00000000,0.00000000,0.39348999
114.05000000,0.99728488,0.00246200,0.01006438,-0.01480204,-0.68315028,0.73747590,0.16367374,-0.01162374,0.02286484,-0.91734997,0.00000000,0.00000000,0.39808170
114.10000000,1.00011209,0.00674198,0.00094698,-0.00311863,-0.68745138,0.73962614,0.20947092,-0.04740080,0.02803033,-0.91534810,0.00000000,0.00000000,0.40266345
114.15000000,1.01267924,-0.00660093,-0.00727632,-0.00764149,-0.68510569,0.76391954,0.18492524,-0.04139124,-0.04839091,-0.91332335,0.00000000,0.00000000,0.40723514
114.20000000,0.99612033,-0.00695209,0.01438073,-0.01248738,-0.67623238,0.75603845,0.20020558,-0.01297040,0.02702769,-0.91127577,0.00000000,0.00000000,0.41179665
114.25000000,1.00136712,-0.00046818,-0.01405646,-0.01668095,-0.66031320,0.74624780,0.21703925,-0.08344098,-0.01799761,-0.90920540,0.00000000,0.00000000,0.41634786
114.30000000,0.99826925,-0.00039655,0.00398964,-0.00326540,-0.65238039,0.77603137,0.19068770,0.06046544,-0.01254013,-0.90711230,0.00000000,0.00000000,0.42088866
114.35000000,0.99983730,-0.00138747,0.00231219,-0.00419848,-0.63707609,0.78531348,0.25190608,0.04421405,-0.05801296,-0.90499653,0.00000000,0.00000000,0.42541894
114.40000000,0.98819880,0.00217751,0.00770738,-0.00519136,-0.63728147,0.79028554,0.23567334,0.04431460,-0.01774225,-0.90285813,0.00000000,0.00000000,0.42993859
114.45000000,0.99479979,0.00948891,-0.00262726,-0.00610857,-0.63164273,0.77749829,0.24413493,-0.07051426,0.03013208,-0.90069716,0.00000000,0.00000000,0.43444749
114.50000000,0.99291781,-0.00210300,-0.00146246,-0.00220745,-0.61752493,0.78435355,0.17944509,0.05602207,0.00312024,-0.89851368,0.00000000,0.00000000,0.43894552
114.55000000,0.99874052,-0.00644653,-0.00407944,-0.00641171,-0.59908164,0.78736812,0.10454483,-0.00039239,-0.01049474,-0.89630773,0.00000000,0.00000000,0.44343259
114.60000000,0.99414212,0.00911556,-0.02733520,0.01576244,-0.58820906,0.79465108,0.18484031,0.01955687,0.02575670,-0.89407937,0.00000000,0.00000000,0.44790856
114.65000000,0.99366118,-0.01616777,0.02113693,0.00956124,-0.58914819,0.80863678,0.23278614,0.03014136,-0.09130515,-0.89182866,0.00000000,0.00000000,0.45237334
114.70000000,0.99649128,-0.00454830,-0.00161435,0.00770794,-0.60051933,0.79925432,0.17451144,0.00390252,0.03921379,-0.88955566,0.00000000,0.00000000,0.45682681
114.75000000,1.01631323,-0.00286354,0.00830481,0.00710162,-0.56904538,0.81828839,0.18713239,-0.05064611,-0.04860637,-0.88726041,0.00000000,0.00000000,0.46126886
114.80000000,1.00347082,-0.00054423,-0.00415507,0.00664809,-0.56825307,0.81510301,0.19308184,0.03369968,-0.04377290,-0.88494299,0.00000000,0.00000000,0.46569938
114.85000000,1.00209277,-0.00055426,-0.00760810,-0.00293352,-0.57369449,0.83095237,0.14396729,0.04496085,-0.00211313,-0.88260344,0.00000000,0.00000000,0.47011825
114.90000000,0.99428186,0.01160559,-0.01031849,-0.00747683,-0.56794380,0.84848923,0.28875710,-0.07784540,-0.03448245,-0.88024182,0.00000000,0.00000000,0.47452538
114.95000000,1.00069814,-0.00515694,-0.00031315,-0.00117598,-0.53719453,0.83123916,0.21361600,-0.05291474,-0.01641885,-0.87785820,0.00000000,0.00000000,0.47892063
115.00000000,0.98263249,-0.00404548,-0.00572738,0.00943579,-0.53342724,0.84744442,0.20399591,-0.09821664,-0.08730615,-0.87545264,0.00000000,0.00000000,0.48330392
115.05000000,0.99681322,0.00278560,-0.00234865,-0.00864059,-0.52674908,0.84823447,0.23983808,0.02933444,-0.02274945,-0.87302519,0.00000000,0.00000000,0.48767512
115.10000000,0.99950076,0.00276199,0.00424644,0.01652598,-0.51608630,0.86839357,0.15311951,-0.03151764,-0.09351697,-0.87057591,0.00000000,0.00000000,0.49203413
115.15000000,1.00151307,0.00647524,-0.02555385,0.00188286,-0.50117001,0.86729363,0.15151946,0.03157498,0.00241611,-0.86810486,0.00000000,0.00000000,0.49638085
115.20000000,1.00591038,-0.00125858,0.00381037,0.01109236,-0.50060891,0.86969125,0.26089136,-0.00895823,-0.04832925,-0.86561212,0.00000000,0.00000000,0.50071515
115.25000000,1.00676043,0.01434878,0.01288784,0.00714988,-0.51331698,0.86543413,0.17885587,-0.00099342,0.07750150,-0.86309773,0.00000000,0.00000000,0.50503693
115.30000000,0.98919458,0.02242202,-0.00382328,-0.00766901,-0.47268108,0.88589059,0.23406651,-0.03741109,0.02445138,-0.86056177,0.00000000,0.00000000,0.50934609
115.35000000,0.98966442,-0.00797246,-0.00094870,-0.00819964,-0.46181526,0.87563329,0.19514090,-0.04236366,0.04840332,-0.85800430,0.00000000,0.00000000,0.51364251
115.40000000,0.99333873,0.01142011,0.01068544,-0.00445941,-0.46320845,0.88135715,0.22940543,-0.01169702,-0.01667030,-0.85542537,0.00000000,0.00000000,0.51792609
115.45000000,1.00046179,-0.01582216,-0.00075848,0.00649612,-0.45324061,0.90020147,0.18812672,-0.02354011,-0.04796802,-0.85282506,0.00000000,0.00000000,0.52219673
115.50000000,0.99594255,0.01965893,0.00275543,-0.00585536,-0.45575314,0.87920120,0.16786367,0.03095217,-0.01709744,-0.85020342,0.00000000,0.00000000,0.52645431
115.55000000,0.99041828,-0.00848184,0.00649481,-0.00081263,-0.44298977,0.89651471,0.30365009,0.05154320,0.06767892,-0.84756054,0.00000000,0.00000000,0.53069873
115.60000000,0.98247896,-0.00151102,-0.00644789,0.00543840,-0.41710198,0.90718498,0.16598195,-0.03256142,0.02975277,-0.84489646,0.00000000,0.00000000,0.53492988
115.65000000,1.00720073,0.00140952,0.00129791,0.00050123,-0.41594865,0.91531206,0.23318187,-0.00194523,-0.00019356,-0.84221126,0.00000000,0.00000000,0.53914765
115.70000000,0.99912702,-0.00780331,-0.00793028,0.00543956,-0.41666600,0.92043271,0.20270388,0.03365341,0.03048566,-0.83950501,0.00000000,0.00000000,0.54335195
115.75000000,1.00842930,-0.00476366,0.00408899,0.00737888,-0.41590732,0.93335999,0.30633650,0.03936402,0.03804008,-0.83677776,0.00000000,0.00000000,0.54754267
115.80000000,1.00588759,-0.00323433,-0.00110170,0.00964405,-0.40094293,0.90969395,0.18723090,0.02634853,-0.03672584,-0.83402960,0.00000000,0.00000000,0.55171970
115.85000000,0.99774584,-0.00106676,-0.01011869,-0.02439768,-0.39225346,0.92677601,0.22674100,0.01910858,0.02926091,-0.83126059,0.00000000,0.00000000,0.55588293
115.90000000,0.99373605,-0.00840609,0.00375058,-0.00211750,-0.36365693,0.93175449,0.26241420,-0.02381942,0.04974158,-0.82847080,0.00000000,0.00000000,0.56003227
115.95000000,1.02034676,0.00053743,0.00499307,-0.00930528,-0.35448927,0.94291216,0.18288738,0.02321385,0.01454312,-0.82566029,0.00000000,0.00000000,0.56416760
116.00000000,1.00390785,0.00812020,0.00518900,-0.00138988,-0.34576264,0.94632779,0.18021567,-0.00308046,-0.07709835,-0.82282914,0.00000000,0.00000000,0.56828883
116.05000000,1.00583598,0.01223118,-0.00257295,0.00133436,-0.34692792,0.93486441,0.21538302,-0.03807239,-0.00852190,-0.81997743,0.00000000,0.00000000,0.57239586
116.10000000,0.99095449,0.00589077,0.00239238,-0.00431238,-0.33495106,0.93989638,0.25615655,-0.02272267,0.03040007,-0.81710521,0.00000000,0.00000000,0.57648857
116.15000000,0.99294793,0.00814238,0.01037306,0.01084506,-0.31117404,0.94833414,0.26036266,0.06963554,-0.04817971,-0.81421257,0.00000000,0.00000000,0.58056688
116.20000000,0.99396762,-0.01495701,0.01061144,-0.01508532,-0.33421239,0.93764728,0.12726032,0.00917128,-0.04650222,-0.81129957,0.00000000,0.00000000,0.58463066
116.25000000,0.98309717,-0.00041873,0.00017112,-0.01869783,-0.31404911,0.95099148,0.18904238,-0.01773494,0.05473932,-0.80836628,0.00000000,0.00000000,0.58867984
116.30000000,1.02146545,-0.00313298,-0.01321882,-0.00234583,-0.29543660,0.95422656,0.23231094,0.09591959,-0.07461309,-0.80541279,0.00000000,0.00000000,0.59271429
116.35000000,0.99492920,0.01541143,-0.00522046,0.00789494,-0.28150822,0.97005415,0.29056715,0.01189546,-0.07607588,-0.80243917,0.00000000,0.00000000,0.59673393
116.40000000,0.99299593,0.02186053,-0.01414198,0.00496807,-0.30337124,0.94700332,0.24466504,-0.00139178,-0.01483499,-0.79944548,0.00000000,0.00000000,0.60073865
116.45000000,0.99185644,-0.01996543,0.00693406,-0.00283147,-0.28382589,0.96355168,0.23099420,-0.01197440,0.00718735,-0.79643181,0.00000000,0.00000000,0.60472835
116.50000000,1.00038127,-0.00706795,0.00054260,0.00735217,-0.24861504,0.97379494,0.17480870,0.02545229,0.02281629,-0.79339822,0.00000000,0.00000000,0.60870294
116.55000000,0.99290291,-0.00464313,0.00679693,0.01376908,-0.26740653,0.98482954,0.25706280,0.00590485,-0.00876517,-0.79034480,0.00000000,0.00000000,0.61266230
116.60000000,1.00390433,-0.00640565,-0.00177695,-0.01475027,-0.25700845,0.99419643,0.20782081,0.00610925,0.00062559,-0.78727162,0.00000000,0.00000000,0.61660635
116.65000000,0.99172226,-0.00307062,0.00091189,-0.00196638,-0.23739470,0.97801560,0.21342393,0.01457137,0.03353056,-0.78417876,0.00000000,0.00000000,0.62053498
116.70000000,0.99829476,-0.00168888,0.01482453,-0.00944015,-0.23886545,0.98102613,0.17685461,-0.05118060,0.04158905,-0.78106630,0.00000000,0.00000000,0.62444810
116.75000000,0.99855232,-0.01263564,0.01934946,-0.01610686,-0.21123036,0.95873045,0.21710420,-0.03167125,0.03863908,-0.77793431,0.00000000,0.00000000,0.62834561
116.80000000,0.99982614,0.01350608,-0.00429714,-0.01604544,-0.19820183,0.97715237,0.12364022,-0.05019804,-0.03096557,-0.77478287,0.00000000,0.00000000,0.63222741
116.85000000,1.01555383,0.00707446,-0.00347735,0.00470870,-0.21116495,0.97598563,0.22293306,0.00439585,-0.02212074,-0.77161206,0.00000000,0.00000000,0.63609341
116.90000000,0.99961692,0.00338109,-0.00009357,0.00861004,-0.17775761,0.98860569,0.28163250,0.03400721,0.07985803,-0.76842196,0.00000000,0.00000000,0.63994350
116.95000000,0.99328086,-0.01592414,-0.00140281,-0.00225596,-0.15650667,0.97395308,0.20147243,0.01512017,0.00647672,-0.76521265,0.00000000,0.00000000,0.64377760
117.00000000,0.99828470,0.00358568,0.01079098,0.01535745,-0.16091182,0.97875679,0.27362645,-0.05119323,0.08207712,-0.76198422,0.00000000,0.00000000,0.64759560
117.05000000,1.01344135,0.01489399,0.00685391,-0.02112490,-0.16175405,0.99154715,0.17478415,-0.01709974,0.02940561,-0.75873673,0.00000000,0.00000000,0.65139741
117.10000000,0.99830026,-0.01219021,0.00885659,0.00514903,-0.14396061,0.99705511,0.20925063,0.05654028,0.00876222,-0.75547027,0.00000000,0.00000000,0.65518293
117.15000000,1.01323928,-0.01873653,0.00459219,-0.00397862,-0.14015483,1.00289264,0.24476120,-0.09273237,0.03399794,-0.75218492,0.00000000,0.00000000,0.65895208
117.20000000,1.00594148,-0.00723072,-0.00835304,-0.01590575,-0.12502015,0.99079882,0.24064278,0.00904706,-0.04540053,-0.74888078,0.00000000,0.00000000,0.66270475
117.25000000,1.00238874,-0.00254045,-0.00934826,-0.01589507,-0.10546515,0.99820446,0.22989947,-0.03556808,0.00965092,-0.74555791,0.00000000,0.00000000,0.66644085
117.30000000,0.98624636,-0.00986583,0.00033732,0.00262353,-0.11805854,0.98423247,0.18865914,0.03986626,-0.03436306,-0.74221640,0.00000000,0.00000000,0.67016030
117.35000000,1.00140575,0.00245393,-0.00249692,0.00268020,-0.10526652,0.98921799,0.26914652,0.06429513,0.03969656,-0.73885633,0.00000000,0.00000000,0.67386298
117.40000000,1.01100392,-0.01825911,-0.00948696,-0.00311102,-0.05769875,0.99351339,0.23831313,0.01392131,0.01792633,-0.73547779,0.00000000,0.00000000,0.67754883
117.45000000,0.99976469,-0.01200033,-0.02701164,0.01281842,-0.07804978,0.97874181,0.22458621,0.01572883,0.03634119,-0.73208087,0.00000000,0.00000000,0.68121773
117.50000000,1.01115716,-0.00918986,-0.00874982,-0.00318703,-0.05369085,0.97705552,0.21073356,0.03868576,0.04184031,-0.72866565,0.00000000,0.00000000,0.68486960
117.55000000,1.00708562,0.01063001,-0.02747183,0.01613469,-0.04861945,1.01199758,0.15246875,-0.08143352,0.08188924,-0.72523220,0.00000000,0.00000000,0.68850436
117.60000000,0.99073478,-0.00310849,0.00527455,0.00772887,-0.03115040,1.00135422,0.15784986,0.02860157,0.03431369,-0.72178063,0.00000000,0.00000000,0.69212190
117.65000000,0.98184965,0.01418685,-0.02487076,0.01034416,-0.03828253,1.00654484,0.22781658,-0.00466017,0.02217321,-0.71831102,0.00000000,0.00000000,0.69572213
117.70000000,0.99913551,0.00713951,0.02185272,-0.01341239,-0.05382657,0.99560243,0.18335370,-0.01988536,-0.03943161,-0.71482344,0.00000000,0.00000000,0.69930498
117.75000000,1.00872434,-0.01381329,0.00450775,0.00638466,-0.00878192,1.00480007,0.24745252,-0.00060449,-0.01349580,-0.71131800,0.00000000,0.00000000,0.70287034
117.80000000,1.00486370,0.00600366,0.00889681,-0.01712393,-0.00378218,0.98934442,0.23008711,0.02949942,-0.01027211,-0.70779477,0.00000000,0.00000000,0.70641813
117.85000000,0.99270732,0.00596964,-0.00133242,0.01426467,0.02578258,1.00997468,0.21540476,0.07864219,0.01276534,-0.70425384,0.00000000,0.00000000,0.70994825
117.90000000,0.99520806,-0.00675340,-0.00703502,-0.00006370,0.02268302,0.98568548,0.18492342,0.00651899,0.03078384,-0.70069531,0.00000000,0.00000000,0.71346063
117.95000000,0.99974077,0.00244508,-0.01238522,-0.00911787,0.02744083,1.00471205,0.21534420,-0.04096058,-0.00857937,-0.69711927,0.00000000,0.00000000,0.71695518
118.00000000,1.01511838,0.00544258,-0.00162533,-0.01025837,0.03091024,0.99934197,0.21734073,0.02229277,0.01935124,-0.69352579,0.00000000,0.00000000,0.72043180
118.05000000,0.99629764,-0.00511105,0.02046989,-0.00556467,0.03511760,0.98245850,0.18920491,0.03903735,-0.02375716,-0.68991498,0.00000000,0.00000000,0.72389041
118.10000000,1.01477515,-0.00007282,0.01109558,-0.00757721,0.05059836,0.99922585,0.22658050,-0.01100321,0.01507945,-0.68628692,0.00000000,0.00000000,0.72733092
118.15000000,1.00588486,-0.01420506,-0.00340937,-0.00518683,0.06329939,1.00175406,0.18242513,-0.09266980,-0.00857744,-0.68264170,0.00000000,0.00000000,0.73075325
118.20000000,0.98935594,0.00496332,0.00805697,-0.02174829,0.07023158,1.00048913,0.14199319,0.03200166,0.04892686,-0.67897942,0.00000000,0.00000000,0.73415731
118.25000000,0.99837984,-0.00773912,-0.02310568,0.00814025,0.10796476,1.01408234,0.19628052,-0.05186595,0.03945969,-0.67530016,0.00000000,0.00000000,0.73754301
118.30000000,0.99873131,0.00478132,0.00302752,0.00093003,0.10818122,1.00585332,0.18162470,-0.04428284,-0.10976386,-0.67160402,0.00000000,0.00000000,0.74091028
118.35000000,0.99653839,-0.01093325,0.00419197,-0.00335867,0.10556870,1.00228760,0.22276577,-0.00821854,0.07741925,-0.66789109,0.00000000,0.00000000,0.74425902
118.40000000,1.00738149,-0.00415861,-0.00371253,0.00788380,0.11980756,0.98182822,0.24501277,0.05322513,0.05483332,-0.66416146,0.00000000,0.00000000,0.74758916
118.45000000,1.01542749,0.02069198,0.01729959,0.00340662,0.12561917,0.97351638,0.20548602,0.02021647,0.00394775,-0.66041523,0.00000000,0.00000000,0.75090061
118.50000000,0.98111779,-0.00286621,0.00645332,-0.01025915,0.13927194,0.99480206,0.25499703,0.07359004,-0.01489690,-0.65665249,0.00000000,0.00000000,0.75419329
118.55000000,1.00183757,0.00215069,0.00649375,0.00537403,0.16176289,0.96574717,0.22369447,0.01879768,-0.00851977,-0.65287333,0.00000000,0.00000000,0.75746711
118.60000000,0.97735990,-0.00060996,-0.00710561,0.01677955,0.16114881,0.97958074,0.11320292,0.02341323,0.03313274,-0.64907785,0.00000000,0.00000000,0.76072199
118.65000000,0.99784223,0.00603675,-0.00348271,0.01067215,0.17719006,0.96952302,0.14260512,0.08784168,0.04368909,-0.64526614,0.00000000,0.00000000,0.76395786
118.70000000,0.98737619,-0.01570380,0.00207772,-0.01142315,0.17394674,0.98371759,0.20095547,0.04738032,0.08405279,-0.64143830,0.00000000,0.00000000,0.76717462
118.75000000,0.99521082,-0.01130659,0.00388846,0.01631480,0.18291454,0.99087365,0.16756216,-0.00204872,-0.04996364,-0.63759443,0.00000000,0.00000000,0.77037221
118.80000000,1.00010832,-0.00116455,0.00608123,0.01778062,0.19287193,0.96045421,0.19596164,0.01038589,0.01102925,-0.63373461,0.00000000,0.00000000,0.77355054
118.85000000,0.99842577,0.01487715,0.00136215,-0.00104796,0.19877833,0.96096780,0.21972370,0.00797542,-0.04537470,-0.62985895,0.00000000,0.00000000,0.77670953
118.90000000,0.99955628,-0.00143851,-0.00624501,-0.00793311,0.22038007,0.97406235,0.17856996,-0.04153514,-0.00381311,-0.62596755,0.00000000,0.00000000,0.77984910
118.95000000,1.00924484,0.00206640,-0.00237122,0.00308490,0.23972533,0.97901254,0.21663654,0.02555591,-0.00506659,-0.62206050,0.00000000,0.00000000,0.78296918
119.00000000,1.00184068,-0.00488955,-0.01550553,0.00342836,0.23927789,0.96892178,0.25132333,-0.03527108,-0.07721872,-0.61813789,0.00000000,0.00000000,0.78606968
119.05000000,0.99302884,-0.01540939,0.00338036,-0.00752078,0.25536402,0.97903024,0.16363390,-0.03913964,0.02590087,-0.61419983,0.00000000,0.00000000,0.78915053
119.10000000,1.00979840,-0.02012621,0.00281671,-0.02197591,0.24971345,0.97782522,0.33960101,-0.01368053,-0.05377272,-0.61024642,0.00000000,0.00000000,0.79221166
119.15000000,0.99486508,0.00066070,-0.00670241,-0.00924824,0.26058608,0.96824414,0.19742380,-0.04242648,-0.02796611,-0.60627775,0.00000000,0.00000000,0.79525297
119.20000000,0.99586141,-0.00999426,-0.00707145,0.00643636,0.27218085,0.94405678,0.25083710,0.01563628,-0.05985559,-0.60229392,0.00000000,0.00000000,0.79827441
119.25000000,0.99634621,-0.00792099,0.00676906,-0.00371652,0.28335836,0.95690683,0.13880637,0.05985123,0.03162030,-0.59829504,0.00000000,0.00000000,0.80127589
119.30000000,0.99252616,0.00191862,0.00974118,0.00055741,0.30922725,0.98508853,0.19935966,-0.02905152,-0.04224773,-0.59428120,0.00000000,0.00000000,0.80425733
119.35000000,0.97786425,0.01248145,-0.00353494,0.00875356,0.31396849,0.94211598,0.16337272,0.07502477,-0.00113341,-0.59025250,0.00000000,0.00000000,0.80721867
119.40000000,0.99339712,-0.01045173,-0.00141456,0.01507894,0.31957229,0.95166367,0.27604082,0.05942096,0.01694240,-0.58620905,0.00000000,0.00000000,0.81015983
119.45000000,1.02776120,-0.00247423,0.01098028,-0.00392997,0.33122906,0.94418756,0.22563302,0.10389013,0.04456811,-0.58215094,0.00000000,0.00000000,0.81308074
119.50000000,1.00476841,-0.00774703,0.00188229,-0.01008003,0.34052078,0.95202092,0.19696646,0.07139541,0.07010598,-0.57807827,0.00000000,0.00000000,0.81598132
119.55000000,1.00149647,0.00565511,-0.00588457,-0.00272181,0.33028822,0.93525515,0.20033159,-0.07725388,0.02779591,-0.57399116,0.00000000,0.00000000,0.81886150
119.60000000,1.01022128,-0.00007918,-0.02697242,-0.00252993,0.33651761,0.93048470,0.26993257,-0.11187295,-0.03450884,-0.56988969,0.00000000,0.00000000,0.82172120
119.65000000,1.00829570,-0.00701926,-0.00778430,0.02032406,0.36358348,0.94237263,0.22712230,0.00423133,0.05852891,-0.56577398,0.00000000,0.00000000,0.82456037
119.70000000,1.01905347,-0.01683517,-0.00035317,-0.00043199,0.36481898,0.93919563,0.21648837,0.08310976,0.05120541,-0.56164413,0.00000000,0.00000000,0.82737892
119.75000000,1.01364702,-0.01199164,-0.00806086,-0.00723691,0.39161818,0.91597573,0.16305430,-0.05314854,0.12511912,-0.55750023,0.00000000,0.00000000,0.83017679
119.80000000,0.99857768,0.00529888,-0.01140617,0.00959258,0.36988773,0.91202738,0.17229196,0.00678823,-0.03346772,-0.55334239,0.00000000,0.00000000,0.83295390
119.85000000,1.01523998,0.00503223,-0.00689603,0.00997617,0.39289019,0.91199077,0.24506209,-0.11269365,0.03486202,-0.54917072,0.00000000,0.00000000,0.83571019
119.90000000,0.99286905,-0.00714607,0.01958137,-0.00531213,0.41554113,0.91667353,0.22212788,-0.01420459,-0.01153785,-0.54498533,0.00000000,0.00000000,0.83844558
119.95000000,1.01527988,0.00930460,-0.00499681,-0.01045876,0.40925561,0.91959059,0.25771270,0.02181783,-0.07030419,-0.54078630,0.00000000,0.00000000,0.84116002
120.00000000,1.00753779,0.01303578,0.00173557,0.01979803,0.41096749,0.91242729,0.15937431,0.04433943,0.02940797,-0.53657376,0.00000000,0.00000000,0.84385342
120.05000000,1.01801356,0.00499709,-0.00404006,-0.00491070,0.43070986,0.89618499,0.26524454,0.05404828,-0.06492853,-0.53234781,0.00000000,0.00000000,0.84652573
120.10000000,1.00038360,0.00062492,-0.00781295,0.00438250,0.45681125,0.90583321,0.26524273,-0.03513086,0.00363268,-0.52810854,0.00000000,0.00000000,0.84917688
120.15000000,0.99234352,0.00239430,0.00329451,0.00959838,0.46428455,0.89933810,0.16653203,-0.06347100,0.02525600,-0.52385607,0.00000000,0.00000000,0.85180679
120.20000000,1.01500521,-0.00024792,-0.01527394,0.02084756,0.46494545,0.88960370,0.15276674,-0.00227479,0.03271839,-0.51959051,0.00000000,0.00000000,0.85441542
120.25000000,1.00503021,-0.00679887,-0.00057065,-0.00616007,0.48554879,0.89219619,0.18155103,-0.05525555,0.01442427,-0.51531195,0.00000000,0.00000000,0.85700268
120.30000000,0.99507183,-0.00418307,-0.01135214,-0.01011409,0.47934276,0.87584551,0.31664752,0.02357582,-0.04950537,-0.51102052,0.00000000,0.00000000,0.85956851
120.35000000,0.98464364,0.00398171,-0.00396867,0.01331475,0.48929581,0.85386809,0.15940996,-0.03319953,0.02176849,-0.50671631,0.00000000,0.00000000,0.86211286
120.40000000,0.98947248,0.00152818,-0.01336150,0.00006185,0.49888989,0.88340002,0.21598247,-0.03952550,0.06876922,-0.50239943,0.00000000,0.00000000,0.86463566
120.45000000,0.99816822,0.00773567,-0.00612896,0.00090778,0.49583990,0.86701226,0.24094829,-0.02512810,-0.02264182,-0.49806999,0.00000000,0.00000000,0.86713683
120.50000000,1.00356818,-0.00825016,-0.01517944,0.00353196,0.51138816,0.85741944,0.22830298,0.02654965,-0.00520022,-0.49372809,0.00000000,0.00000000,0.86961633
120.55000000,0.98877331,-0.00638587,0.00584964,0.00136403,0.51552886,0.84569667,0.23262988,-0.01291260,0.03566252,-0.48937386,0.00000000,0.00000000,0.87207409
120.60000000,1.00879336,-0.00312840,0.00949647,0.00138410,0.53221324,0.82640019,0.16157908,-0.04399582,-0.01225067,-0.48500739,0.00000000,0.00000000,0.87451005
120.65000000,1.00114351,0.00155250,0.00285747,-0.00684945,0.54490555,0.86104288,0.18919883,-0.03268014,-0.02864897,-0.48062880,0.00000000,0.00000000,0.87692415
120.70000000,1.00085468,-0.00525763,-0.01730328,-0.01456752,0.55659628,0.85034596,0.27654924,0.00712064,-0.04231464,-0.47623819,0.00000000,0.00000000,0.87931632
120.75000000,0.99561984,-0.01491388,-0.01529892,0.00255263,0.56013231,0.85160603,0.20128394,-0.06372422,-0.00345245,-0.47183567,0.00000000,0.00000000,0.88168651
120.80000000,0.99717541,-0.00491232,0.00343750,-0.01214473,0.56434176,0.83294899,0.26849260,0.01088043,0.04864976,-0.46742136,0.00000000,0.00000000,0.88403466
120.85000000,0.99556104,-0.00304290,0.01347847,-0.01371584,0.56723919,0.83204625,0.19555880,-0.01577251,-0.00986601,-0.46299536,0.00000000,0.00000000,0.88636070
120.90000000,1.00117152,0.01086084,0.00924232,0.00011457,0.59037339,0.81842607,0.24342102,-0.04899008,0.07975044,-0.45855779,0.00000000,0.00000000,0.88866459
120.95000000,1.00220213,-0.02748309,0.01659527,0.00005055,0.58361554,0.80311616,0.22465512,-0.04272996,-0.02380004,-0.45410875,0.00000000,0.00000000,0.89094626
121.00000000,0.99447122,-0.00292247,-0.00515208,0.00852814,0.59834332,0.80718730,0.23230696,-0.00716330,-0.04362962,-0.44964837,0.00000000,0.00000000,0.89320566
121.05000000,1.01805172,0.00927535,0.01612827,0.01034538,0.59903163,0.77378076,0.15003314,0.02546613,-0.00255031,-0.44517674,0.00000000,0.00000000,0.89544273
121.10000000,0.99580150,-0.02495554,-0.00013127,-0.01081779,0.60433381,0.79968546,0.15897537,-0.04475586,0.01029940,-0.44069398,0.00000000,0.00000000,0.89765741
121.15000000,1.00872362,-0.00402706,0.01467215,-0.01278669,0.60491822,0.76963633,0.13111210,0.01205093,-0.04172807,-0.43620020,0.00000000,0.00000000,0.89984965
121.20000000,0.98589808,0.00379797,0.00823949,0.01050858,0.63603080,0.76961442,0.21734716,0.01922077,-0.01923742,-0.43169552,0.00000000,0.00000000,0.90201939
121.25000000,1.00164752,-0.01251618,-0.00627600,0.00371787,0.65010985,0.78399824,0.23455449,0.00056429,-0.00136441,-0.42718004,0.00000000,0.00000000,0.90416658
121.30000000,0.98552400,-0.00835507,-0.00802855,0.00574759,0.65217686,0.77346071,0.25789045,0.00023146,-0.04195797,-0.42265389,0.00000000,0.00000000,0.90629117
121.35000000,0.99950067,-0.00724837,0.00657860,-0.00359087,0.64937075,0.76656573,0.17185726,0.04011034,-0.05826634,-0.41811717,0.00000000,0.00000000,0.90839310
121.40000000,1.00306551,-0.00090899,0.00827342,-0.01374374,0.64261180,0.76058852,0.18751743,-0.00706079,-0.02750488,-0.41357000,0.00000000,0.00000000,0.91047233
121.45000000,1.00912810,0.00299216,0.00240664,-0.01169620,0.67043263,0.73654921,0.17554861,-0.06406020,-0.00500075,-0.40901249,0.00000000,0.00000000,0.91252879
121.50000000,1.01064473,0.00226695,-0.00441821,0.00109146,0.67388503,0.74044063,0.21293064,-0.04950996,0.00676454,-0.40444475,0.00000000,0.00000000,0.91456243
121.55000000,0.98244752,0.00575624,-0.01102749,0.01177598,0.65576056,0.74975883,0.13169182,-0.05666271,0.01537424,-0.39986690,0.00000000,0.00000000,0.91657322
121.60000000,1.00618715,-0.00283385,0.00892606,-0.00796554,0.68351202,0.72315514,0.18092221,-0.08949910,0.00089686,-0.39527906,0.00000000,0.00000000,0.91856109
121.65000000,0.99884993,0.01078183,-0.01285944,-0.00639407,0.70677111,0.72219752,0.22956901,0.01727817,0.02247664,-0.39068133,0.00000000,0.00000000,0.92052599
121.70000000,1.01821050,0.00091541,-0.01011343,0.00638797,0.69622847,0.71118206,0.22155500,-0.03973208,-0.02082107,-0.38607383,0.00000000,0.00000000,0.92246788
121.75000000,1.00475849,-0.00548645,0.00973385,-0.00986158,0.69908634,0.72428755,0.13656619,-0.00419480,0.08480087,-0.38145669,0.00000000,0.00000000,0.92438671
121.80000000,0.99971409,0.01346771,0.00652475,-0.00007202,0.71469184,0.67690886,0.19072889,0.00738513,0.01236028,-0.37683001,0.00000000,0.00000000,0.92628243
121.85000000,1.02465859,0.00280958,0.00630145,0.01164963,0.72834841,0.69004677,0.20136919,-0.01868175,0.02186572,-0.37219390,0.00000000,0.00000000,0.92815500
121.90000000,0.99829679,0.00624936,-0.01009087,0.00146848,0.74533688,0.68139717,0.28742154,0.00431961,-0.00052712,-0.36754850,0.00000000,0.00000000,0.93000436
121.95000000,1.00116619,-0.00311423,-0.01980556,0.00880175,0.75854317,0.68111548,0.22920861,-0.01116579,0.05377790,-0.36289390,0.00000000,0.00000000,0.93183047
122.00000000,0.99960728,0.00267220,-0.01565216,-0.00529342,0.74701573,0.67798345,0.24681178,-0.07362312,-0.06408832,-0.35823023,0.00000000,0.00000000,0.93363328
122.05000000,1.00584137,-0.00746808,0.00894593,-0.01630168,0.74900994,0.66110222,0.22648714,-0.04911488,-0.08595636,-0.35355761,0.00000000,0.00000000,0.93541275
122.10000000,1.00171273,0.00526430,0.01007455,-0.00358552,0.76432769,0.65876944,0.26413975,-0.00547702,-0.07536345,-0.34887614,0.00000000,0.00000000,0.93716884
122.15000000,0.99932340,0.00088451,0.00518194,-0.01532682,0.75995160,0.65499446,0.20034516,-0.01667286,0.08725351,-0.34418596,0.00000000,0.00000000,0.93890150
122.20000000,0.98929996,0.01233155,0.01021250,-0.00225166,0.76916802,0.63828593,0.21313695,-0.02958870,-0.01714737,-0.33948717,0.00000000,0.00000000,0.94061069
122.25000000,0.99644775,-0.00323298,-0.00310756,-0.02240825,0.77682134,0.62564907,0.12151367,-0.01865476,-0.01503694,-0.33477989,0.00000000,0.00000000,0.94229636
122.30000000,1.01275245,-0.00539230,0.00667790,0.01382812,0.77583450,0.62265891,0.28230945,0.00724012,0.01871460,-0.33006425,0.00000000,0.00000000,0.94395847
122.35000000,0.99592746,0.00687051,-0.00039643,-0.01832103,0.78475499,0.60344991,0.21001957,-0.04400229,0.02338256,-0.32534035,0.00000000,0.00000000,0.94559699
122.40000000,1.00044763,-0.01248009,-0.00492538,0.00620563,0.80590055,0.59834379,0.15592097,0.08425070,0.00156316,-0.32060832,0.00000000,0.00000000,0.94721186
122.45000000,1.00091469,-0.00739391,0.00215220,0.01715096,0.80299813,0.61004319,0.20629620,-0.04887531,-0.02855527,-0.31586827,0.00000000,0.00000000,0.94880305
122.50000000,0.98882198,0.00217787,0.01223889,0.00161011,0.80333047,0.58346278,0.22089602,-0.05837095,-0.04871854,-0.31112033,0.00000000,0.00000000,0.95037053
122.55000000,1.00900163,-0.00277735,-0.00297454,-0.00169066,0.81954017,0.58492069,0.17176839,-0.03462213,-0.00672562,-0.30636460,0.00000000,0.00000000,0.95191424
122.60000000,1.00302220,-0.00035510,-0.00124490,0.00046284,0.81771116,0.56730999,0.25450882,-0.02456962,0.00777892,-0.30160122,0.00000000,0.00000000,0.95343416
122.65000000,0.97939665,-0.00215174,-0.01099589,-0.00979022,0.84800540,0.56939973,0.25982938,0.03525034,0.04597196,-0.29683030,0.00000000,0.00000000,0.95493024
122.70000000,0.99800928,0.01606402,0.00846687,0.00041335,0.83204420,0.55727110,0.20733621,-0.00494988,0.01906270,-0.29205196,0.00000000,0.00000000,0.95640245
122.75000000,1.01739974,-0.01205214,0.01142355,-0.00368234,0.84765276,0.54698206,0.22345891,-0.01010373,-0.07539443,-0.28726632,0.00000000,0.00000000,0.95785075
122.80000000,1.01738977,-0.00942754,0.00083883,-0.01052422,0.82704743,0.53989018,0.17845737,-0.05527100,0.00041541,-0.28247349,0.00000000,0.00000000,0.95927510
122.85000000,0.98518093,0.00125474,-0.00127327,-0.02480406,0.84056364,0.53819255,0.15743678,0.01988804,0.02135000,-0.27767361,0.00000000,0.00000000,0.96067547
122.90000000,0.98982279,-0.00012282,0.00824991,-0.00876422,0.84902933,0.53652636,0.16664553,0.01753418,-0.04626289,-0.27286678,0.00000000,0.00000000,0.96205183
122.95000000,0.99839038,0.00446727,-0.02404527,-0.00534323,0.86058836,0.51874543,0.18163853,-0.05239841,0.03010580,-0.26805313,0.00000000,0.00000000,0.96340413
123.00000000,0.99677593,0.00545347,0.00380223,-0.00447418,0.87214262,0.50195558,0.25823872,0.05609000,0.04896256,-0.26323278,0.00000000,0.00000000,0.96473235
123.05000000,0.99819439,0.02547079,0.00151844,0.00241056,0.86623222,0.48796127,0.26291744,-0.02859866,0.04312626,-0.25840585,0.00000000,0.00000000,0.96603645
123.10000000,1.01159553,0.00603321,-0.00691969,-0.00341078,0.84463126,0.48940491,0.24089829,-0.01362155,-0.02438919,-0.25357246,0.00000000,0.00000000,0.96731640
123.15000000,0.99702253,0.01215366,-0.00054366,0.01857916,0.87055673,0.48400351,0.18561768,0.08977385,0.01003667,-0.24873273,0.00000000,0.00000000,0.96857216
123.20000000,1.02128076,-0.00420128,0.01527579,0.00118003,0.88940504,0.46084749,0.22058155,-0.05081252,0.01349770,-0.24388678,0.00000000,0.00000000,0.96980371
123.25000000,0.98481610,-0.00094083,0.01095612,0.00547554,0.87338530,0.44522685,0.22722404,0.06771336,-0.04110898,-0.23903473,0.00000000,0.00000000,0.97101102
123.30000000,1.02097404,-0.00006493,-0.01958694,-0.01560880,0.89802203,0.45662608,0.27128694,-0.05658177,0.00729925,-0.23417671,0.00000000,0.00000000,0.97219405
123.35000000,1.00006761,-0.00143015,-0.00382607,-0.00362699,0.89657771,0.44943037,0.21629540,0.05093340,-0.05172281,-0.22931283,0.00000000,0.00000000,0.97335278
123.40000000,0.98188316,0.01016965,-0.00943525,-0.00379476,0.89312948,0.43109895,0.13978445,-0.02847005,0.03103897,-0.22444322,0.00000000,0.00000000,0.97448717
123.45000000,0.99996069,0.00504507,-0.00496082,0.00902846,0.89849617,0.40733428,0.21915985,0.03131849,-0.02300993,-0.21956800,0.00000000,0.00000000,0.97559720
123.50000000,1.01199206,-0.00850692,0.00670727,0.01744776,0.90818604,0.41709795,0.20027422,0.06981958,0.02001298,-0.21468729,0.00000000,0.00000000,0.97668284
123.55000000,1.02144203,0.00279251,-0.00653797,-0.00583507,0.91258297,0.38985056,0.18375781,-0.02324973,0.01272372,-0.20980121,0.00000000,0.00000000,0.97774406
123.60000000,1.01941818,0.00054816,-0.01922659,-0.00913908,0.91864675,0.40205370,0.27764786,0.03993596,0.04359603,-0.20490989,0.00000000,0.00000000,0.97878084
123.65000000,0.99782867,0.01099121,-0.00895923,0.00968294,0.91716505,0.37746368,0.23153035,0.05950005,-0.01618379,-0.20001345,0.00000000,0.00000000,0.97979315
123.70000000,1.01562762,-0.01655941,-0.01196793,-0.00146726,0.92015497,0.37605294,0.21097825,-0.02663928,-0.01405384,-0.19511200,0.00000000,0.00000000,0.98078097
123.75000000,1.00278425,-0.00667537,-0.00106018,-0.00645539,0.91558740,0.38110369,0.28137489,0.04460911,0.01683479,-0.19020568,0.00000000,0.00000000,0.98174426
123.80000000,0.99358472,-0.00286919,0.01057021,-0.02281487,0.92769922,0.37151287,0.15409455,0.01593450,0.01885947,-0.18529460,0.00000000,0.00000000,0.98268302
123.85000000,0.98545668,0.00086978,-0.00617445,0.00416099,0.94162480,0.35882973,0.20824643,0.00991872,-0.05059523,-0.18037889,0.00000000,0.00000000,0.98359720
123.90000000,0.99969248,-0.00796483,0.01031539,0.00683238,0.94523252,0.36260840,0.19024296,-0.02755236,-0.01381359,-0.17545867,0.00000000,0.00000000,0.98448680
123.95000000,0.98397764,-0.01523583,0.00621103,-0.01395140,0.93108714,0.33505489,0.18656462,0.03660758,0.00470391,-0.17053406,0.00000000,0.00000000,0.98535178
124.00000000,0.99201531,0.00971633,0.00728791,-0.01410983,0.94767251,0.31948631,0.17184189,0.08060724,0.00755759,-0.16560519,0.00000000,0.00000000,0.98619213
124.05000000,0.99782462,0.00084951,0.00874240,-0.00701604,0.94306040,0.32373612,0.13718501,0.04130866,-0.06978582,-0.16067218,0.00000000,0.00000000,0.98700783
124.10000000,0.99754233,-0.01598833,-0.01056252,0.01297667,0.96193770,0.31918324,0.14019927,-0.05000466,0.01719956,-0.15573516,0.00000000,0.00000000,0.98779885
124.15000000,1.00715317,-0.00799514,-0.00578921,-0.01131348,0.97110465,0.29339031,0.20639943,0.00074070,0.05144485,-0.15079424,0.00000000,0.00000000,0.98856517
124.20000000,0.99047533,0.01168261,-0.01278721,0.01165720,0.94030282,0.28753434,0.27769176,0.02818224,0.02083853,-0.14584955,0.00000000,0.00000000,0.98930678
124.25000000,0.98951585,-0.00734801,0.01344396,0.00472339,0.96919619,0.27972901,0.19240059,0.03128615,0.01359862,-0.14090121,0.00000000,0.00000000,0.99002366
124.30000000,0.99830040,-0.01414007,0.00953908,0.00440026,0.95697293,0.28116687,0.21590363,0.00877955,0.04152901,-0.13594935,0.00000000,0.00000000,0.99071579
124.35000000,1.00668707,0.00293674,-0.00188585,0.01983664,0.95834309,0.26719040,0.20124970,0.01733541,0.05716037,-0.13099410,0.00000000,0.00000000,0.99138315
124.40000000,0.99688422,0.00601836,0.00265557,-0.00641301,0.98081106,0.25717292,0.18556634,0.04635421,-0.03518222,-0.12603556,0.00000000,0.00000000,0.99202572
124.45000000,0.99971066,-0.00429224,0.00751312,-0.00479683,0.97826706,0.24631100,0.18821835,0.07882746,-0.03132791,-0.12107388,0.00000000,0.00000000,0.99264350
124.50000000,0.98590986,0.00856099,-0.02149408,0.01491817,0.97405486,0.21637787,0.16258338,-0.07607867,0.01912305,-0.11610917,0.00000000,0.00000000,0.99323646
124.55000000,0.98673086,0.00502089,-0.00304824,-0.00475364,0.98038857,0.22714110,0.25624186,-0.03134343,0.00066688,-0.11114156,0.00000000,0.00000000,0.99380459
124.60000000,0.99364673,0.00162987,-0.00778290,-0.00424097,0.97326536,0.21407576,0.20513215,0.01964250,-0.00278503,-0.10617117,0.00000000,0.00000000,0.99434787
124.65000000,0.99420247,0.00191283,-0.00917184,0.00569158,0.97666323,0.20340240,0.21483977,0.06862329,0.01906494,-0.10119812,0.00000000,0.00000000,0.99486629
124.70000000,1.00073219,-0.00692371,0.00802385,-0.00270206,0.96622764,0.18960124,0.21356368,-0.03960469,-0.00328518,-0.09622255,0.00000000,0.00000000,0.99535985
124.75000000,0.99928517,-0.00055908,0.01234642,-0.01311558,1.00368688,0.18139953,0.23094784,0.00271701,-0.07519012,-0.09124457,0.00000000,0.00000000,0.99582851
124.80000000,0.98943422,-0.00524276,0.00993720,-0.01384321,0.97655957,0.17353398,0.22614678,0.01679908,-0.04200605,-0.08626430,0.00000000,0.00000000,0.99627229
124.85000000,0.98402009,0.00539060,0.01433124,-0.00345302,0.97533965,0.15772707,0.22262301,-0.01342648,0.06493161,-0.08128189,0.00000000,0.00000000,0.99669115
124.90000000,1.00924971,0.00184338,-0.01954323,-0.00692264,0.98287718,0.14468391,0.21353379,0.00645598,-0.07286690,-0.07629744,0.00000000,0.00000000,0.99708510
124.95000000,1.00804598,0.00016124,0.00357641,0.00744826,0.98215976,0.15484811,0.19865880,0.06464317,-0.03797787,-0.07131108,0.00000000,0.00000000,0.99745412
125.00000000,1.01438247,-0.00903984,0.02548781,-0.00951834,1.00176840,0.12872987,0.23697677,-0.00481234,-0.04680131,-0.06632294,0.00000000,0.00000000,0.99779821
125.05000000,0.97203170,0.02507583,0.00073024,-0.02943530,0.99550258,0.12933120,0.17302062,-0.03467858,0.00111265,-0.06133314,0.00000000,0.00000000,0.99811735
125.10000000,1.01202594,0.00099960,0.01463225,0.01131219,0.99136335,0.09679938,0.19486297,0.02054501,0.00467852,-0.05634181,0.00000000,0.00000000,0.99841154
125.15000000,1.00634425,0.00863420,0.00530859,-0.00275329,0.99992538,0.12491749,0.13837056,0.01879216,0.08392968,-0.05134906,0.00000000,0.00000000,0.99868077
125.20000000,0.98825410,0.01001100,0.01134717,-0.01476846,1.00282604,0.08989726,0.20229678,-0.01753242,0.06070524,-0.04635504,0.00000000,0.00000000,0.99892503
125.25000000,0.99887879,-0.00463314,-0.00446376,-0.00340990,0.98578337,0.07792759,0.21026235,0.01508449,0.05584626,-0.04135986,0.00000000,0.00000000,0.99914432
125.30000000,1.00240979,-0.00474470,-0.01011040,0.00294487,0.99618166,0.07183601,0.21674068,0.02022779,0.01406293,-0.03636364,0.00000000,0.00000000,0.99933862
125.35000000,0.99829482,-0.00801382,-0.00612785,0.00848260,0.99379642,0.04924173,0.25685776,-0.04514445,0.00357630,-0.03136651,0.00000000,0.00000000,0.99950795
125.40000000,1.00491163,0.00003218,-0.02478138,0.00390488,1.01187403,0.06058419,0.11001210,0.09213326,-0.05729388,-0.02636860,0.00000000,0.00000000,0.99965229
125.45000000,0.98921581,0.00781878,0.00452841,0.00080335,0.99339258,0.05603887,0.20324129,-0.07302547,0.05711013,-0.02137003,0.00000000,0.00000000,0.99977163
125.50000000,1.00219285,0.01115007,0.00572549,0.02391623,0.99636428,0.03289840,0.23719181,-0.01658600,0.03789505,-0.01637093,0.00000000,0.00000000,0.99986599
125.55000000,0.97052587,-0.00072783,-0.00102992,-0.00139215,0.99097211,0.03180259,0.18244054,0.00595654,0.00033799,-0.01137142,0.00000000,0.00000000,0.99993534
125.60000000,1.00500364,0.01430961,0.00195104,0.00841397,1.00136751,0.00768290,0.19866935,-0.01568040,0.02740898,-0.00637162,0.00000000,0.00000000,0.99997970
125.65000000,1.00106652,-0.00794265,-0.00221962,-0.01525917,0.99815021,0.00275638,0.28587626,0.05730461,-0.04424522,-0.00137166,0.00000000,0.00000000,0.99999906
125.70000000,1.00201769,0.00219310,-0.00230437,-0.00166689,0.99643417,0.01147047,0.18638767,0.01224717,-0.11110167,0.00362833,0.00000000,0.00000000,0.99999342
125.75000000,1.00823568,0.01184255,-0.01052030,-0.00511887,1.00436614,-0.01706121,0.22585668,-0.01584581,0.08532776,0.00862823,0.00000000,0.00000000,0.99996278
125.80000000,0.99330260,0.02691575,0.01241924,0.00832115,0.98922378,-0.01815648,0.23200895,-0.09779186,-0.06081564,0.01362792,0.00000000,0.00000000,0.99990714
125.85000000,1.00357628,-0.00133300,-0.00516478,0.01078949,0.99046826,-0.04180046,0.17606395,0.01981546,-0.07489651,0.01862726,0.00000000,0.00000000,0.99982650
125.90000000,0.99502328,-0.01722765,-0.00312875,0.00723049,1.00629258,-0.05451507,0.22885088,-0.01128076,0.06286957,0.02362614,0.00000000,0.00000000,0.99972086
125.95000000,0.99870037,-0.02973047,0.00894681,-0.00459099,0.99561928,-0.05386616,0.14128513,0.00033861,0.02590343,0.02862443,0.00000000,0.00000000,0.99959024
126.00000000,1.00364064,-0.00598931,0.00991932,-0.00997496,0.99148391,-0.06856599,0.21821375,-0.01751402,0.05694408,0.03362200,0.00000000,0.00000000,0.99943462
126.05000000,1.00295286,0.00075658,0.00260136,0.00732906,0.99942494,-0.09527501,0.25372432,0.00235204,0.03262755,0.03861873,0.00000000,0.00000000,0.99925402
126.10000000,0.99594056,-0.01826717,-0.02278910,-0.00944368,1.00136849,-0.07416708,0.21850456,-0.05005704,-0.03306710,0.04361450,0.00000000,0.00000000,0.99904844
126.15000000,1.01360783,-0.01310781,0.02101773,0.01876038,1.01662152,-0.09329640,0.18972655,0.01293629,0.04263315,0.04860917,0.00000000,0.00000000,0.99881788
126.20000000,0.99349224,-0.01101203,-0.00283936,-0.00772308,1.00666238,-0.11321543,0.20927722,0.04096291,0.05923629,0.05360263,0.00000000,0.00000000,0.99856235
126.25000000,1.00208559,0.00384296,-0.01016991,0.01023057,1.00576854,-0.13569169,0.28384133,-0.03433444,0.02859270,0.05859475,0.00000000,0.00000000,0.99828185
126.30000000,1.00077562,-0.00060376,-0.00206518,-0.00992563,0.99715207,-0.12977392,0.14644085,-0.04928682,-0.05579995,0.06358541,0.00000000,0.00000000,0.99797640
126.35000000,0.99475409,0.00485099,-0.00711118,0.00975442,0.98940294,-0.13972015,0.20574977,0.05939323,-0.05932813,0.06857447,0.00000000,0.00000000,0.99764600
126.40000000,1.01656367,0.00960160,-0.00021656,0.01183026,0.98595259,-0.14386826,0.18078721,0.04022208,-0.02962943,0.07356183,0.00000000,0.00000000,0.99729066
126.45000000,0.99948632,0.00679139,0.01048190,-0.00821155,0.99519201,-0.16642916,0.10883428,-0.03645442,0.03932713,0.07854734,0.00000000,0.00000000,0.99691038
126.50000000,0.99987783,-0.00534998,0.00055478,0.00022400,0.99226417,-0.18259502,0.20042264,0.00255785,-0.05906121,0.08353089,0.00000000,0.00000000,0.99650519
126.55000000,0.98620918,-0.00364708,0.00008524,0.00012046,0.97876764,-0.18230323,0.18732718,0.01035030,0.05766114,0.08851235,0.00000000,0.00000000,0.99607508
126.60000000,0.97779603,0.00623002,-0.00111152,0.00525722,0.99437408,-0.19371548,0.24723059,-0.05908250,0.00770641,0.09349160,0.00000000,0.00000000,0.99562007
126.65000000,0.99757483,0.00046279,-0.00989034,0.00436883,0.99647078,-0.20569850,0.21348121,0.03527581,-0.01127065,0.09846851,0.00000000,0.00000000,0.99514017
126.70000000,1.01360393,-0.00429688,-0.00116295,-0.00993154,0.97986501,-0.20574582,0.23343837,-0.03145200,-0.02849977,0.10344295,0.00000000,0.00000000,0.99463539
126.75000000,1.00462492,0.01397190,0.00629010,0.01847412,0.98204553,-0.21035866,0.23537890,0.06355302,0.05734582,0.10841482,0.00000000,0.00000000,0.99410574
126.80000000,0.98915122,0.00800582,0.00265357,-0.00194035,0.95655886,-0.24070718,0.18870053,-0.06849852,-0.01337327,0.11338397,0.00000000,0.00000000,0.99355124
126.85000000,1.00714341,-0.00580956,0.00083463,-0.01069952,0.97497409,-0.22995567,0.14136445,-0.03662538,-0.05466958,0.11835029,0.00000000,0.00000000,0.99297191
126.90000000,1.00509215,0.00164007,-0.00049712,-0.00128282,0.97281584,-0.24131646,0.18283710,-0.03142475,-0.00063835,0.12331365,0.00000000,0.00000000,0.99236775
126.95000000,0.99810265,0.02060682,-0.00383895,0.00289665,0.97175087,-0.24042320,0.16872272,0.05691087,-0.00459173,0.12827392,0.00000000,0.00000000,0.99173878
127.00000000,1.02501345,0.00362602,-0.01228929,-0.00197159,0.97786170,-0.26327107,0.20233347,0.02915453,-0.01342877,0.13323099,0.00000000,0.00000000,0.99108501
127.05000000,0.99789267,-0.00944675,0.01728821,-0.01222611,0.96350463,-0.26891926,0.20438950,-0.05907445,-0.04266609,0.13818473,0.00000000,0.00000000,0.99040647
127.10000000,1.00522517,-0.00779879,-0.02072017,0.00386978,0.95029978,-0.27701016,0.19598322,-0.01417195,0.00433616,0.14313502,0.00000000,0.00000000,0.98970317
127.15000000,0.98861507,-0.00825453,-0.00259924,-0.01144343,0.96328178,-0.29597207,0.14017922,-0.02800054,0.00652592,0.14808172,0.00000000,0.00000000,0.98897513
127.20000000,0.99553910,0.00399816,0.00574036,0.02401700,0.96467331,-0.31880861,0.18888991,-0.01492456,0.02771795,0.15302472,0.00000000,0.00000000,0.98822236
127.25000000,0.99066414,-0.00531252,-0.01244412,-0.00602266,0.94444516,-0.31509135,0.15193754,0.04091753,0.02311805,0.15796390,0.00000000,0.00000000,0.98744489
127.30000000,0.98551170,0.00025973,-0.01565255,0.01342256,0.96306883,-0.32200386,0.16686855,-0.03270703,-0.01829196,0.16289913,0.00000000,0.00000000,0.98664273
127.35000000,0.99893173,0.01370470,0.00955602,0.00971005,0.94537177,-0.34243565,0.17056202,-0.00028446,-0.05171483,0.16783029,0.00000000,0.00000000,0.98581590
127.40000000,1.00303983,0.00805124,0.00545345,0.00505189,0.92164704,-0.32698593,0.13490440,-0.00983115,0.02966211,0.17275725,0.00000000,0.00000000,0.98496443
127.45000000,1.00358598,-0.01277836,-0.01098326,0.00287072,0.94196816,-0.36077745,0.22255728,-0.07076509,0.02992354,0.17767989,0.00000000,0.00000000,0.98408834
127.50000000,0.99116158,0.00080513,-0.00087398,0.01160657,0.93573718,-0.36504739,0.22108147,0.09281163,0.03509930,0.18259809,0.00000000,0.00000000,0.98318764
127.55000000,0.99940833,-0.00833613,-0.00616492,0.00679993,0.92082068,-0.36834453,0.26929227,0.00372575,-0.04626024,0.18751172,0.00000000,0.00000000,0.98226236
127.60000000,1.02177848,0.01762448,0.00501177,0.01275755,0.92327877,-0.37040509,0.18605872,-0.06361600,0.11791430,0.19242067,0.00000000,0.00000000,0.98131253
127.65000000,0.98593462,0.00297558,0.00285877,0.00516006,0.92122900,-0.38768258,0.21118996,0.01846037,0.00191877,0.19732481,0.00000000,0.00000000,0.98033817
127.70000000,0.99931639,-0.01321110,0.02013682,0.00535699,0.92029997,-0.40233651,0.16011701,0.03545976,-0.00514926,0.20222401,0.00000000,0.00000000,0.97933929
127.75000000,1.00621065,-0.01352150,0.01546855,0.00901377,0.91339351,-0.40057774,0.23813872,-0.06279159,0.07703470,0.20711816,0.00000000,0.00000000,0.97831593
127.80000000,1.00483261,-0.00704102,-0.01096592,0.00987098,0.91221755,-0.40954961,0.20619248,-0.04784406,0.02474608,0.21200713,0.00000000,0.00000000,0.97726812
127.85000000,0.99802465,-0.00021691,0.02377003,0.00869069,0.91518441,-0.39625057,0.22219867,0.00235348,-0.02837508,0.21689080,0.00000000,0.00000000,0.97619587
127.90000000,0.99547448,-0.02047104,0.00790423,-0.01266921,0.91066434,-0.43292391,0.21072696,-0.00489475,0.06398713,0.22176905,0.00000000,0.00000000,0.97509922
127.95000000,1.01209442,-0.00028891,-0.00899004,0.00923889,0.88752128,-0.45703686,0.22728688,0.05149253,-0.01611596,0.22664175,0.00000000,0.00000000,0.97397819
128.00000000,1.00404518,-0.00415674,0.00721993,0.01095030,0.89017871,-0.46071472,0.13983961,0.03839805,-0.04882880,0.23150879,0.00000000,0.00000000,0.97283281
128.05000000,1.00372024,0.00777407,-0.00501302,-0.00166211,0.89824885,-0.46742603,0.16431646,-0.01348229,0.05914999,0.23637004,0.00000000,0.00000000,0.97166311
128.10000000,1.01610731,-0.00098783,-0.00712122,0.01064115,0.86692768,-0.46572745,0.20303612,0.05486174,0.06438713,0.24122538,0.00000000,0.00000000,0.97046912
128.15000000,0.99057471,0.00167678,-0.00570604,-0.00293327,0.88506837,-0.48036515,0.21367261,0.03981051,0.06976009,0.24607469,0.00000000,0.00000000,0.96925087
128.20000000,1.00288680,0.00117765,-0.01107290,0.01585798,0.87903748,-0.48441890,0.20880352,0.01312891,0.03651552,0.25091784,0.00000000,0.00000000,0.96800839
128.25000000,1.00895551,0.01610802,0.00242689,0.01754201,0.87975627,-0.49509884,0.13043278,0.00082646,0.07169725,0.25575473,0.00000000,0.00000000,0.96674170
128.30000000,0.99224737,0.00082463,0.00165219,0.00942127,0.86031257,-0.51185828,0.23049127,-0.03624528,-0.08008629,0.26058522,0.00000000,0.00000000,0.96545085
128.35000000,1.01840372,0.00927031,0.01883388,0.00874013,0.86591957,-0.50808569,0.19668056,0.01990210,-0.02274131,0.26540920,0.00000000,0.00000000,0.96413586
128.40000000,0.98930771,-0.00332226,0.01291492,-0.01232407,0.84179007,-0.51443338,0.18643712,0.01871200,0.04626777,0.27022654,0.00000000,0.00000000,0.96279677
128.45000000,1.00461532,-0.00632246,0.01282934,0.00742123,0.84897744,-0.52907570,0.22172545,-0.01695234,-0.07094969,0.27503712,0.00000000,0.00000000,0.96143361
128.50000000,1.00750158,0.00690743,-0.02301066,0.00510676,0.86094305,-0.54859676,0.20172231,-0.01113850,0.07625588,0.27984083,0.00000000,0.00000000,0.96004641
128.55000000,1.01120947,-0.00878416,0.00342119,0.02302672,0.83171585,-0.54583869,0.22796474,-0.03028247,0.08085284,0.28463755,0.00000000,0.00000000,0.95863521
128.60000000,0.99527332,-0.01389035,-0.00524982,0.00653020,0.82448211,-0.55105736,0.23015802,-0.05706517,-0.02320953,0.28942714,0.00000000,0.00000000,0.95720005
128.65000000,1.00348971,0.00702412,-0.00538784,0.00151772,0.82404217,-0.55509765,0.22822888,-0.01970267,0.02339666,0.29420951,0.00000000,0.00000000,0.95574095
128.70000000,0.99587402,0.00457362,0.00471295,0.02371047,0.81785390,-0.57202939,0.17605492,-0.04918928,-0.01841353,0.29898451,0.00000000,0.00000000,0.95425796
128.75000000,1.00665101,0.00737462,0.00295680,-0.00295765,0.81053564,-0.58796851,0.18009523,-0.06091989,0.06272527,0.30375205,0.00000000,0.00000000,0.95275112
128.80000000,1.01837151,-0.01935863,0.00289264,0.00272692,0.81172880,-0.59285326,0.25072821,0.01535710,0.04824733,0.30851198,0.00000000,0.00000000,0.95122046
128.85000000,0.99262488,-0.01383183,0.00434906,-0.00962944,0.81427707,-0.61625896,0.18404626,-0.03054486,-0.01286434,0.31326421,0.00000000,0.00000000,0.94966601
128.90000000,1.00261099,0.00396236,0.00639738,0.00754986,0.79602580,-0.58191313,0.26703257,-0.01695254,-0.00412118,0.31800860,0.00000000,0.00000000,0.94808783
128.95000000,0.99666952,0.00363299,-0.00971938,-0.00789537,0.76999761,-0.61493390,0.25261748,-0.00980216,-0.00230049,0.32274505,0.00000000,0.00000000,0.94648594
129.00000000,1.00278159,-0.01002237,0.00025286,0.00890329,0.78858795,-0.60905169,0.26153370,0.02663191,-0.02990274,0.32747342,0.00000000,0.00000000,0.94486039
129.05000000,0.99655865,0.01931489,0.00314169,0.00180957,0.77069522,-0.62757209,0.23703720,-0.00233608,-0.02122730,0.33219361,0.00000000,0.00000000,0.94321122
129.10000000,0.99712614,0.01191825,0.00667781,0.00534040,0.77739820,-0.64624927,0.21717982,0.04476275,-0.00966877,0.33690550,0.00000000,0.00000000,0.94153847
129.15000000,1.00977428,0.00545227,0.00827673,0.00050936,0.77547250,-0.65676383,0.20648232,0.02888699,0.01525092,0.34160896,0.00000000,0.00000000,0.93984218
129.20000000,1.01095624,-0.00157099,-0.00547455,-0.01639075,0.75741758,-0.64458209,0.23903334,-0.06557348,0.05456214,0.34630388,0.00000000,0.00000000,0.93812239
129.25000000,0.99025579,-0.00121148,-0.00568816,0.00417250,0.75455259,-0.65054002,0.28745745,0.01479250,-0.02378990,0.35099014,0.00000000,0.00000000,0.93637915
129.30000000,1.00461069,0.01945139,0.00656340,0.00945694,0.73106531,-0.66095404,0.19301388,-0.03341611,0.00100194,0.35566763,0.00000000,0.00000000,0.93461251
129.35000000,1.00108634,-0.00624392,0.00188464,-0.00173487,0.74734000,-0.66998373,0.22181180,0.04079956,0.02681838,0.36033623,0.00000000,0.00000000,0.93282249
129.40000000,0.99993916,-0.02086925,0.00513728,-0.00911923,0.73269373,-0.67591842,0.26461487,0.07939118,-0.03919813,0.36499581,0.00000000,0.00000000,0.93100916
129.45000000,0.98684137,0.00325717,0.00242428,-0.01201876,0.72655723,-0.68095494,0.14998594,-0.04747921,-0.02680771,0.36964628,0.00000000,0.00000000,0.92917255
129.50000000,0.99787740,0.00693972,-0.00326481,0.00055317,0.74227951,-0.70372622,0.17579725,0.02732506,0.04618663,0.37428750,0.00000000,0.00000000,0.92731271
129.55000000,1.00414801,0.01808968,0.00317456,-0.01976104,0.71381019,-0.70703630,0.26688594,0.04013930,-0.06909313,0.37891937,0.00000000,0.00000000,0.92542969
129.60000000,1.01350318,0.00939368,-0.00324462,-0.00078442,0.71971321,-0.72813480,0.22491880,0.04589877,-0.00196737,0.38354176,0.00000000,0.00000000,0.92352354
129.65000000,1.00647910,0.00103155,-0.00784039,-0.00809030,0.70579136,-0.72179912,0.13681867,0.00247384,-0.02094570,0.38815456,0.00000000,0.00000000,0.92159429
129.70000000,0.98800892,0.00071747,0.00767277,0.00020150,0.68082043,-0.71757485,0.25129360,0.09596990,0.06648123,0.39275766,0.00000000,0.00000000,0.91964201
129.75000000,0.98994642,0.00858083,0.00256524,-0.01152099,0.68706241,-0.71008471,0.25848067,-0.04832285,0.00261345,0.39735094,0.00000000,0.00000000,0.91766673
129.80000000,1.00491674,-0.01729904,-0.01695438,0.00154628,0.67857440,-0.75446534,0.22235070,0.04561045,-0.00776275,0.40193429,0.00000000,0.00000000,0.91566851
129.85000000,1.00059812,0.00571412,0.00439029,-0.01668623,0.66045195,-0.74676774,0.16650264,0.06260483,0.03037463,0.40650759,0.00000000,0.00000000,0.91364740
129.90000000,0.98890275,-0.00214336,0.01130392,-0.00646239,0.67055756,-0.73563519,0.25938748,0.00506792,0.05794754,0.41107073,0.00000000,0.00000000,0.91160345
129.95000000,0.99477762,0.02485881,0.00240850,0.01146794,0.65089398,-0.75105567,0.22930443,-0.04453870,-0.04086289,0.41562358,0.00000000,0.00000000,0.90953671
130.00000000,0.99795497,0.01105333,-0.01831428,-0.00362849,0.66001970,-0.77487834,0.26107614,-0.05343644,-0.03898899,0.42016605,0.00000000,0.00000000,0.90744724
130.05000000,0.99852778,0.01873459,-0.00640007,-0.01732963,0.62524383,-0.75966854,0.14441417,0.05012739,0.00512114,0.42469802,0.00000000,0.00000000,0.90533507
130.10000000,0.99967729,0.00297304,-0.00800920,0.00137872,0.61961074,-0.76185319,0.15905796,0.01662734,-0.04427544,0.42921937,0.00000000,0.00000000,0.90320027
130.15000000,0.99466795,-0.00373832,0.02981348,-0.00014446,0.61554131,-0.78606420,0.13770900,-0.01028001,0.08478311,0.43372998,0.00000000,0.00000000,0.90104290
130.20000000,1.00336040,0.00903401,-0.00909944,-0.00203342,0.61794839,-0.79507009,0.22288885,0.02452280,0.02627690,0.43822976,0.00000000,0.00000000,0.89886299
130.25000000,0.99848917,0.01090911,-0.00257617,-0.00348821,0.62241592,-0.80500628,0.12884091,-0.04180993,0.01931799,0.44271857,0.00000000,0.00000000,0.89666062
130.30000000,1.01283591,-0.00660519,0.01814838,0.00027197,0.59887560,-0.80847621,0.29226726,-0.00972112,-0.05756832,0.44719632,0.00000000,0.00000000,0.89443583
130.35000000,1.02457669,0.00393670,0.00798830,0.01681560,0.59814588,-0.79618814,0.20742949,0.02981351,0.00047242,0.45166289,0.00000000,0.00000000,0.89218867
130.40000000,0.99979790,0.00119717,-0.00396815,0.00504378,0.58893088,-0.80362749,0.23360407,0.08644464,0.04907503,0.45611817,0.00000000,0.00000000,0.88991922
130.45000000,0.99792748,0.00453072,0.01412698,-0.00949973,0.59590762,-0.82536149,0.24526154,-0.00270482,-0.00027777,0.46056205,0.00000000,0.00000000,0.88762751
130.50000000,0.98697087,0.00907500,-0.01288358,-0.01442770,0.57915743,-0.80543571,0.17515986,0.04186041,0.03762174,0.46499441,0.00000000,0.00000000,0.88531362
130.55000000,0.99908481,0.01335817,-0.00163622,0.00517534,0.54676114,-0.84107641,0.25728128,0.02165065,-0.00437087,0.46941515,0.00000000,0.00000000,0.88297759
130.60000000,1.01907845,0.01897316,0.00439168,-0.01455655,0.54986536,-0.84284337,0.20900317,-0.04487248,-0.05149685,0.47382415,0.00000000,0.00000000,0.88061948
130.65000000,0.97737387,0.00167257,-0.02298763,-0.00320241,0.54955274,-0.84720651,0.15648499,-0.00603421,-0.03505637,0.47822131,0.00000000,0.00000000,0.87823937
130.70000000,1.00185658,-0.01032830,-0.00104494,-0.00346421,0.53406671,-0.82901803,0.21393581,0.01955943,-0.02594160,0.48260651,0.00000000,0.00000000,0.87583729
130.75000000,1.00223256,-0.00274803,0.00029656,0.00648946,0.52069932,-0.85464947,0.18324687,-0.02561647,0.00974732,0.48697964,0.00000000,0.00000000,0.87341332
130.80000000,0.99636018,0.01497956,0.02679163,-0.00567942,0.52010885,-0.84550333,0.19311534,-0.04747052,0.07973347,0.49134060,0.00000000,0.00000000,0.87096752
130.85000000,1.00686157,0.00318690,0.01450522,0.00770233,0.50810493,-0.87077852,0.18293753,0.05088133,0.03250380,0.49568928,0.00000000,0.00000000,0.86849994
130.90000000,0.99813333,0.01766563,-0.00157221,0.00987518,0.50214926,-0.84672539,0.23867722,-0.00093569,-0.00599625,0.50002556,0.00000000,0.00000000,0.86601064
130.95000000,0.99984627,-0.00725397,-0.01366703,0.00308735,0.48592828,-0.87637278,0.20102694,-0.00066450,0.00232987,0.50434935,0.00000000,0.00000000,0.86349970
131.00000000,1.01738295,0.00662379,0.02107816,-0.00438990,0.49036615,-0.87971415,0.17990542,0.09295158,-0.03235263,0.50866052,0.00000000,0.00000000,0.86096717
131.05000000,0.97768266,-0.00707949,-0.02008324,-0.00951325,0.46515950,-0.88030862,0.11333925,0.05048461,-0.08188695,0.51295898,0.00000000,0.00000000,0.85841312
131.10000000,0.99872249,-0.00324155,0.00825350,0.00351543,0.47678474,-0.88896932,0.18421589,0.01546057,0.04802731,0.51724462,0.00000000,0.00000000,0.85583760
131.15000000,1.00825069,0.00321814,0.00232663,-0.00036289,0.46013866,-0.86961026,0.19415179,-0.01930050,-0.01772462,0.52151732,0.00000000,0.00000000,0.85324069
131.20000000,1.00389373,-0.02121745,-0.00135062,0.00880647,0.44185481,-0.89260838,0.29933235,0.01182960,-0.09814126,0.52577699,0.00000000,0.00000000,0.85062245
131.25000000,0.98590116,-0.00251003,-0.00803826,0.00103383,0.43520439,-0.88724108,0.15619417,-0.01227965,0.01171609,0.53002351,0.00000000,0.00000000,0.84798295
131.30000000,1.00341134,0.00146805,-0.02411273,0.00083292,0.42763184,-0.89459718,0.23733222,0.00777089,0.01600513,0.53425678,0.00000000,0.00000000,0.84532224
131.35000000,1.01352383,0.01150296,0.00275332,0.02145418,0.41380373,-0.91933887,0.20451531,-0.01971729,-0.10825342,0.53847670,0.00000000,0.00000000,0.84264040
131.40000000,0.99347619,0.00343585,-0.00058028,-0.00776461,0.41141325,-0.91040913,0.23697910,-0.03168878,0.04108006,0.54268315,0.00000000,0.00000000,0.83993750
131.45000000,0.98909357,-0.00503377,0.01698993,-0.01023878,0.39526553,-0.92823521,0.16800352,0.00318779,0.03359753,0.54687604,0.00000000,0.00000000,0.83721359
131.50000000,0.99981362,-0.00324690,-0.01242774,-0.00727130,0.37721586,-0.91231119,0.24104869,-0.00480887,0.02174229,0.55105525,0.00000000,0.00000000,0.83446876
131.55000000,1.00876233,0.00101209,0.01393611,-0.01023793,0.37997327,-0.92823492,0.23394537,-0.06713675,0.06675539,0.55522069,0.00000000,0.00000000,0.83170306
131.60000000,1.00561774,0.01750294,-0.00040571,-0.00550319,0.38077644,-0.91704020,0.17305013,-0.09233523,-0.07967307,0.55937225,0.00000000,0.00000000,0.82891658
131.65000000,1.00261385,0.01540189,-0.01300839,-0.00272366,0.36142887,-0.91183616,0.30601194,0.01598210,0.04215980,0.56350982,0.00000000,0.00000000,0.82610936
131.70000000,1.00870199,-0.01280322,0.00698523,-0.01019606,0.35386950,-0.92324663,0.20861945,0.04630514,0.06010483,0.56763331,0.00000000,0.00000000,0.82328150
131.75000000,0.98243066,-0.02177698,0.01162092,0.01202407,0.34878674,-0.93423090,0.24493831,0.03610476,-0.01160352,0.57174260,0.00000000,0.00000000,0.82043306
131.80000000,1.00955850,-0.00346473,0.00243551,0.00200022,0.32822772,-0.94899817,0.30491239,-0.04288634,0.01854508,0.57583760,0.00000000,0.00000000,0.81756410
131.85000000,1.00579799,-0.00054216,0.00671490,0.00328983,0.31868723,-0.93952121,0.18063999,0.07484509,0.02119107,0.57991821,0.00000000,0.00000000,0.81467470
131.90000000,0.99299846,0.00342290,-0.00924854,0.00257779,0.31566766,-0.95638470,0.16745904,0.10589357,0.00608719,0.58398431,0.00000000,0.00000000,0.81176494
131.95000000,0.99568261,-0.00604919,0.00471166,-0.00638496,0.29748157,-0.95157192,0.20321253,-0.02165037,-0.03785980,0.58803582,0.00000000,0.00000000,0.80883489
132.00000000,0.99609028,-0.00469637,-0.00608364,0.00276500,0.32116229,-0.94096679,0.29184528,-0.02838793,0.07689433,0.59207263,0.00000000,0.00000000,0.80588461
132.05000000,1.00227276,0.00986363,0.00457704,-0.00343267,0.29653735,-0.95237637,0.12592430,-0.00855100,0.04101510,0.59609463,0.00000000,0.00000000,0.80291418
132.10000000,1.00277422,0.00469471,-0.00751424,0.00256211,0.27879239,-0.96210572,0.17462273,0.03791389,0.01744982,0.60010174,0.00000000,0.00000000,0.79992369
132.15000000,1.00244548,0.02050785,0.00473799,0.01200497,0.27287060,-0.96635233,0.15763394,0.00779529,-0.11711487,0.60409384,0.00000000,0.00000000,0.79691319
132.20000000,1.00272467,0.00315398,-0.00217568,-0.00092366,0.24798803,-0.95161789,0.18991768,-0.04647331,0.02635798,0.60807083,0.00000000,0.00000000,0.79388278
132.25000000,1.00110756,-0.00358335,-0.00464033,-0.00005639,0.26429028,-0.96333514,0.20346121,0.03512200,0.00323126,0.61203263,0.00000000,0.00000000,0.79083251
132.30000000,1.00401552,0.00151128,0.00589780,-0.00444144,0.22974601,-0.96142200,0.27230244,-0.05183041,0.01001817,0.61597913,0.00000000,0.00000000,0.78776247
132.35000000,0.99551130,0.00883379,0.00246646,0.03327472,0.22840830,-0.95748039,0.27810290,0.02086320,0.00365842,0.61991022,0.00000000,0.00000000,0.78467275
132.40000000,1.00094838,0.00010205,0.01133300,-0.00872636,0.22007285,-0.97794072,0.12780224,0.03541184,0.04953520,0.62382582,0.00000000,0.00000000,0.78156340
132.45000000,0.99365782,0.01030132,-0.01583658,0.00023955,0.21065800,-0.97640940,0.20869153,-0.00644541,-0.01534173,0.62772582,0.00000000,0.00000000,0.77843451
132.50000000,0.99891294,0.01363221,-0.00578719,0.02255340,0.19578564,-0.97695660,0.23054513,-0.01604772,0.06382116,0.63161013,0.00000000,0.00000000,0.77528617
132.55000000,1.00545212,-0.00204902,0.01371265,-0.01015492,0.18667893,-0.97570386,0.24084267,0.01142809,-0.00368821,0.63547865,0.00000000,0.00000000,0.77211844
132.60000000,0.99748556,0.01131401,0.00240395,-0.00872239,0.17321200,-0.96806919,0.17285600,0.00919690,0.06241437,0.63933128,0.00000000,0.00000000,0.76893141
132.65000000,1.00542107,-0.00757642,-0.01015694,0.01869888,0.16225838,-0.99051242,0.22165887,-0.01278854,0.02766135,0.64316793,0.00000000,0.00000000,0.76572515
132.70000000,0.98532228,-0.00210399,0.00677689,0.00681073,0.15708722,-0.99687425,0.21455754,-0.06169511,0.05943433,0.64698850,0.00000000,0.00000000,0.76249976
132.75000000,1.00157409,-0.00696812,-0.01054501,-0.00633057,0.13731790,-0.98328812,0.16909561,0.01487386,0.02603978,0.65079290,0.00000000,0.00000000,0.75925530
132.80000000,1.00965997,0.00251848,0.01125234,0.01386110,0.14562952,-0.98653058,0.18006901,-0.04716792,0.05933612,0.65458102,0.00000000,0.00000000,0.75599185
132.85000000,1.00605744,0.00686829,-0.00590710,0.01623922,0.13085708,-0.99911521,0.17934451,0.06726583,-0.04768756,0.65835278,0.00000000,0.00000000,0.75270951
132.90000000,0.99248877,0.02898509,0.00941038,-0.00733056,0.11241129,-1.00910564,0.20934308,0.02955806,0.06992272,0.66210809,0.00000000,0.00000000,0.74940835
132.95000000,0.98106016,-0.01325382,-0.00119551,0.02787670,0.12215501,-0.98983328,0.15021975,-0.09780862,0.00373741,0.66584684,0.00000000,0.00000000,0.74608846
133.00000000,0.99900631,-0.00267808,-0.00380434,-0.00748354,0.09357845,-0.98074947,0.16535325,-0.01534972,0.00025237,0.66956894,0.00000000,0.00000000,0.74274991
133.05000000,1.00706280,-0.00851830,0.00978068,-0.00579666,0.09178445,-0.97919736,0.16165482,0.02923984,0.04692756,0.67327430,0.00000000,0.00000000,0.73939280
133.10000000,1.00309898,-0.00117531,0.02125704,-0.00013845,0.08548341,-0.99987785,0.21175659,0.04011667,-0.01031203,0.67696284,0.00000000,0.00000000,0.73601720
133.15000000,0.97891470,0.00513570,-0.01078334,0.00741876,0.07346026,-0.98786608,0.16258878,-0.02693582,-0.01320687,0.68063444,0.00000000,0.00000000,0.73262320
133.20000000,0.98517718,0.01111420,-0.01625423,0.01097314,0.06774101,-0.99997070,0.22043406,0.01120946,-0.01590768,0.68428904,0.00000000,0.00000000,0.72921088
133.25000000,1.00298150,0.00731183,-0.00944683,0.00346195,0.02725095,-1.01786309,0.23024640,-0.02168589,-0.03616692,0.68792652,0.00000000,0.00000000,0.72578034
133.30000000,0.99946975,-0.00395952,-0.00988608,-0.01639049,0.02384445,-0.99166437,0.18610525,0.04035956,-0.01734870,0.69154681,0.00000000,0.00000000,0.72233165
133.35000000,1.00354970,-0.00125404,0.00044447,0.00093037,0.02907642,-1.01173381,0.23926245,0.06826558,0.07620237,0.69514981,0.00000000,0.00000000,0.71886490
133.40000000,0.99446730,-0.00733171,-0.00554282,-0.00175837,0.02301300,-1.00970224,0.13882420,-0.00076651,-0.15588469,0.69873543,0.00000000,0.00000000,0.71538018
133.45000000,0.99899343,-0.00944748,0.00780155,0.01047635,0.02425182,-1.00337281,0.15423482,-0.03942968,0.01486234,0.70230358,0.00000000,0.00000000,0.71187758
133.50000000,0.98354136,0.01393549,-0.00330630,0.00500174,-0.01427449,-1.00925356,0.11977544,0.04266898,-0.00516457,0.70585417,0.00000000,0.00000000,0.70835717
133.55000000,1.00571305,0.00063414,0.00468475,-0.00337442,-0.00849563,-1.00089646,0.22314040,0.01632492,0.12773128,0.70938712,0.00000000,0.00000000,0.70481906
133.60000000,1.01681602,-0.01778759,-0.00143105,-0.00405896,-0.00365817,-1.00302201,0.22576363,-0.10751657,-0.06569029,0.71290233,0.00000000,0.00000000,0.70126333
133.65000000,1.02092293,0.00050244,-0.00998460,0.00242871,-0.03698772,-1.00248368,0.14003695,-0.03827269,-0.01661914,0.71639972,0.00000000,0.00000000,0.69769007
133.70000000,1.01120699,0.00464046,0.00638524,-0.00025775,-0.02822365,-1.00807059,0.17223239,0.01522803,-0.01048385,0.71987920,0.00000000,0.00000000,0.69409937
133.75000000,0.99986154,-0.00164135,0.01253450,0.01305553,-0.05270516,-1.01651961,0.17318089,-0.04311328,0.03919692,0.72334069,0.00000000,0.00000000,0.69049131
133.80000000,1.00920497,-0.01031074,-0.00754505,-0.01479011,-0.05508644,-0.99885571,0.24029060,0.01923239,0.02928911,0.72678409,0.00000000,0.00000000,0.68686599
133.85000000,0.98457998,-0.00626326,0.00948897,-0.00538576,-0.08268696,-0.98971244,0.17918392,0.04452257,0.00117647,0.73020932,0.00000000,0.00000000,0.68322350
133.90000000,0.99722781,0.01363191,-0.01302656,0.01434221,-0.08277929,-0.99545464,0.21268403,-0.02210138,-0.03208272,0.73361629,0.00000000,0.00000000,0.67956393
133.95000000,0.99630178,-0.01014563,0.01961961,-0.00481131,-0.07476306,-0.98599291,0.22123071,-0.00906775,0.01066619,0.73700493,0.00000000,0.00000000,0.67588737
134.00000000,1.00572170,0.00100468,-0.01566749,-0.01818311,-0.08122081,-1.02169846,0.21375131,-0.01350854,0.00919125,0.74037514,0.00000000,0.00000000,0.67219391
134.05000000,0.98860033,0.00350677,0.00206016,0.02761012,-0.10495942,-0.98085611,0.13797674,0.04262005,0.01211925,0.74372684,0.00000000,0.00000000,0.66848365
134.10000000,1.00269739,0.00283569,0.01706338,0.00255104,-0.12403835,-0.99938555,0.24154305,0.01701082,-0.06644486,0.74705995,0.00000000,0.00000000,0.66475667
134.15000000,1.00514642,-0.01082342,0.00438258,-0.00805554,-0.12893823,-0.99746264,0.27292785,0.01497118,0.05839869,0.75037438,0.00000000,0.00000000,0.66101308
134.20000000,1.02895213,0.00046805,0.01501990,-0.00699456,-0.12348831,-0.99877883,0.20417645,0.02100990,0.03304696,0.75367005,0.00000000,0.00000000,0.65725296
134.25000000,0.98727448,-0.00867022,0.00611450,-0.00367717,-0.15991064,-0.99000363,0.19967943,0.00491188,0.02566839,0.75694688,0.00000000,0.00000000,0.65347641
134.30000000,1.00465651,-0.00768173,-0.00410828,0.00927789,-0.16125448,-0.99173597,0.13772704,-0.00428263,0.01744096,0.76020479,0.00000000,0.00000000,0.64968352
134.35000000,0.98024507,-0.01070250,-0.01421728,0.00788352,-0.18481604,-0.98696431,0.23710377,0.00539964,-0.01767555,0.76344369,0.00000000,0.00000000,0.64587440
134.40000000,1.00346468,0.01036973,-0.00107612,-0.02238937,-0.16406853,-0.98046861,0.20352078,-0.09156492,-0.01134077,0.76666350,0.00000000,0.00000000,0.64204912
134.45000000,0.99124523,-0.01216279,-0.00136449,-0.00535967,-0.19008261,-0.97527034,0.21642953,-0.02516010,-0.02583373,0.76986415,0.00000000,0.00000000,0.63820779
134.50000000,0.99545141,-0.00247444,0.00584050,-0.01042560,-0.18061446,-0.97491597,0.08255614,0.00081693,0.04854316,0.77304555,0.00000000,0.00000000,0.63435051
134.55000000,1.00388706,-0.00412341,-0.00061092,0.00178320,-0.19730069,-0.99291364,0.17794276,0.07027944,0.00347344,0.77620763,0.00000000,0.00000000,0.63047737
134.60000000,1.01527902,0.02985593,-0.00492035,-0.01197281,-0.21742909,-0.96567390,0.26040511,0.09860592,0.00035401,0.77935030,0.00000000,0.00000000,0.62658847
134.65000000,1.00488057,-0.00711770,-0.02506985,-0.00039653,-0.23606706,-0.96803372,0.12086153,-0.03606397,0.01397098,0.78247349,0.00000000,0.00000000,0.62268390
134.70000000,1.00372362,-0.00047439,0.01867345,0.01569464,-0.24110608,-0.95607921,0.28380804,-0.00854108,0.00403049,0.78557711,0.00000000,0.00000000,0.61876377
134.75000000,0.99949278,-0.00644999,-0.00545668,0.01319323,-0.23959890,-0.97532401,0.16358820,-0.03690373,-0.00532783,0.78866110,0.00000000,0.00000000,0.61482816
134.80000000,1.00913170,-0.00860081,0.00901703,0.00196957,-0.25222970,-0.95703597,0.24271615,-0.06581195,-0.04647856,0.79172537,0.00000000,0.00000000,0.61087719
134.85000000,0.99770484,0.00355973,0.01364576,0.00065068,-0.24628125,-0.97177579,0.18095875,-0.01667054,-0.03454753,0.79476985,0.00000000,0.00000000,0.60691094
134.90000000,1.01159404,-0.02769831,-0.00503569,0.01148207,-0.27607516,-0.95129880,0.30328342,0.00059491,0.05427633,0.79779445,0.00000000,0.00000000,0.60292952
134.95000000,1.02419138,0.00402091,-0.00048063,0.00902465,-0.27071628,-0.95963824,0.18336185,0.07380425,-0.01010225,0.80079911,0.00000000,0.00000000,0.59893303
135.00000000,1.01193729,0.00262867,0.01826965,-0.00849046,-0.30064646,-0.94783172,0.15444969,0.00221578,0.07124697,0.80378376,0.00000000,0.00000000,0.59492157
135.05000000,0.98215168,0.00402139,0.01211745,-0.00025908,-0.31095658,-0.95603353,0.16750026,0.00009285,-0.01037465,0.80674831,0.00000000,0.00000000,0.59089523
135.10000000,0.99486739,0.00466147,0.01579116,0.00327821,-0.29776783,-0.93455472,0.17876465,0.00929205,-0.01700424,0.80969268,0.00000000,0.00000000,0.58685412
135.15000000,0.98517836,0.00355761,-0.01052150,0.00484303,-0.33625098,-0.94547353,0.13475468,0.02713615,-0.01559249,0.81261682,0.00000000,0.00000000,0.58279834
135.20000000,0.99510207,0.01126505,-0.00321570,0.00110853,-0.33213400,-0.93885531,0.25164191,0.03437075,-0.01887005,0.81552064,0.00000000,0.00000000,0.57872799
135.25000000,1.01209047,-0.00916351,-0.00742482,-0.00127801,-0.32910246,-0.95228213,0.24486838,-0.00544836,-0.01739715,0.81840408,0.00000000,0.00000000,0.57464317
135.30000000,1.01097806,-0.00802671,0.02285676,-0.00176642,-0.34746072,-0.92170889,0.21286781,0.05016783,-0.08534790,0.82126705,0.00000000,0.00000000,0.57054398
135.35000000,0.99557403,0.00396734,0.01081419,0.00769697,-0.35155259,-0.92299097,0.22624352,-0.09884610,0.06649729,0.82410949,0.00000000,0.00000000,0.56643053
135.40000000,0.99162335,0.00313625,0.00181005,0.00047328,-0.37869126,-0.94935874,0.16017225,0.03395051,-0.06269490,0.82693133,0.00000000,0.00000000,0.56230292
135.45000000,0.99119719,0.00418047,-0.01027425,-0.00543048,-0.37609382,-0.92342263,0.15816663,0.00330316,0.01983733,0.82973250,0.00000000,0.00000000,0.55816125
135.50000000,0.98726799,0.00214843,-0.00716583,0.00123915,-0.37892473,-0.92419628,0.24584918,0.03236628,0.04259940,0.83251292,0.00000000,0.00000000,0.55400563
135.55000000,1.00403110,0.01100767,0.00385095,-0.01667260,-0.40328111,-0.92063865,0.20109927,0.01299856,-0.03408798,0.83527253,0.00000000,0.00000000,0.54983616
135.60000000,1.02008709,-0.00102458,-0.00007688,-0.00670749,-0.41455951,-0.91578965,0.20623211,-0.00688647,0.07602082,0.83801126,0.00000000,0.00000000,0.54565294
135.65000000,0.99873691,-0.00085929,0.00815295,-0.00171066,-0.40825723,-0.92322615,0.14815269,0.00245862,-0.00835825,0.84072904,0.00000000,0.00000000,0.54145608
135.70000000,0.99190975,0.00121852,0.00209100,-0.00709897,-0.42792211,-0.90408757,0.15933598,-0.03001317,0.02587831,0.84342580,0.00000000,0.00000000,0.53724569
135.75000000,0.99976164,-0.00477203,-0.00903069,-0.01013211,-0.43309295,-0.88172303,0.23030275,-0.06260750,0.03362767,0.84610147,0.00000000,0.00000000,0.53302186
135.80000000,0.99241113,-0.00004857,-0.00588861,0.02022755,-0.45211455,-0.89448225,0.17435139,0.03004140,0.01512365,0.84875599,0.00000000,0.00000000,0.52878471
135.85000000,1.01254553,0.00718118,-0.00693534,0.02916203,-0.44417320,-0.89867245,0.21419205,0.02521174,0.02851058,0.85138930,0.00000000,0.00000000,0.52453433
135.90000000,1.00496028,0.00966482,0.00868171,-0.00847566,-0.43755595,-0.86893510,0.24082024,-0.00126943,0.00449929,0.85400131,0.00000000,0.00000000,0.52027085
135.95000000,0.99676236,-0.00194384,-0.02186784,0.01530263,-0.45572511,-0.90076013,0.24480147,-0.00334501,-0.00690161,0.85659198,0.00000000,0.00000000,0.51599436
136.00000000,1.00492842,-0.01742787,-0.00011249,0.00079481,-0.47551157,-0.89294904,0.22498669,0.04439637,0.02021642,0.85916123,0.00000000,0.00000000,0.51170497
136.05000000,0.99770812,0.02689041,-0.00924575,0.00773451,-0.48265210,-0.85434397,0.22229598,0.02388448,0.02461635,0.86170901,0.00000000,0.00000000,0.50740278
136.10000000,0.98941677,-0.00868880,-0.00275668,0.00957383,-0.49147414,-0.87163996,0.26636664,-0.09165695,-0.05595084,0.86423524,0.00000000,0.00000000,0.50308791
136.15000000,0.97503400,0.01208311,-0.00096726,0.00966292,-0.50356858,-0.85435932,0.19933146,0.01533180,0.01378468,0.86673987,0.00000000,0.00000000,0.49876047
136.20000000,1.00337707,0.01684737,-0.01624425,-0.00068383,-0.50911677,-0.85904039,0.18720603,-0.02691324,0.07042434,0.86922282,0.00000000,0.00000000,0.49442055
136.25000000,0.99929279,0.02437947,0.00528275,-0.00289656,-0.51413938,-0.85328007,0.26501603,-0.05522213,-0.07855149,0.87168405,0.00000000,0.00000000,0.49006827
136.30000000,1.00360981,0.00835696,0.00285905,0.00672475,-0.52292937,-0.86393411,0.21757742,0.05588822,0.00968165,0.87412349,0.00000000,0.00000000,0.48570375
136.35000000,0.98690042,-0.00333857,0.00556757,0.01795630,-0.55621195,-0.84019358,0.16331041,0.01970625,0.02828861,0.87654107,0.00000000,0.00000000,0.48132708
136.40000000,0.99766853,0.00631599,0.01139896,-0.00164572,-0.55843118,-0.82414159,0.24206036,0.02221195,-0.02890097,0.87893674,0.00000000,0.00000000,0.47693837
136.45000000,1.00985436,0.02042426,-0.00121310,0.00094493,-0.56406806,-0.84010031,0.15694380,0.00285056,-0.01324010,0.88131043,0.00000000,0.00000000,0.47253775
136.50000000,1.00372800,-0.00891901,-0.00167557,-0.00953536,-0.55984168,-0.84365242,0.21177879,-0.01546520,0.01009296,0.88366209,0.00000000,0.00000000,0.46812531
136.55000000,0.98347733,0.00654716,-0.00298743,0.00217113,-0.58866320,-0.83409807,0.18755178,0.05851424,0.02558029,0.88599167,0.00000000,0.00000000,0.46370116
136.60000000,1.00129875,-0.00924308,-0.01106265,0.00276655,-0.57114364,-0.81384038,0.28145372,-0.03352062,0.01002167,0.88829909,0.00000000,0.00000000,0.45926543
136.65000000,0.98306825,0.00211046,0.01469373,-0.01041509,-0.57785947,-0.79569752,0.17415511,0.01788218,0.07264328,0.89058430,0.00000000,0.00000000,0.45481821
136.70000000,1.00230475,0.00786715,-0.01773949,0.00597137,-0.58918004,-0.81746682,0.16187391,0.02401178,-0.01153769,0.89284725,0.00000000,0.00000000,0.45035962
136.75000000,1.01111938,0.00310727,0.00056456,-0.00170449,-0.59943779,-0.79019174,0.22887453,-0.02191752,0.05742931,0.89508788,0.00000000,0.00000000,0.44588978
136.80000000,1.00657694,0.00385234,0.00091697,0.00500050,-0.62863336,-0.78974452,0.27835121,0.00683810,0.00573322,0.89730613,0.00000000,0.00000000,0.44140878
136.85000000,0.99404116,0.00492727,-0.00195074,0.01309300,-0.62684370,-0.79053799,0.17812792,0.07904487,-0.00648658,0.89950195,0.00000000,0.00000000,0.43691675
136.90000000,0.99451923,-0.02090595,-0.00911372,0.00527885,-0.62079785,-0.78630570,0.17836146,0.08017596,0.12258577,0.90167528,0.00000000,0.00000000,0.43241380
136.95000000,1.01149773,0.01559280,0.01771425,0.02214572,-0.63682239,-0.78227710,0.28699616,-0.04612454,-0.04400022,0.90382607,0.00000000,0.00000000,0.42790004
137.00000000,0.98994365,-0.00131396,-0.01984376,-0.01433109,-0.64772963,-0.77907707,0.25251250,-0.00270268,0.02780520,0.90595426,0.00000000,0.00000000,0.42337558
137.05000000,1.00467530,-0.00206773,0.00988132,0.00452148,-0.65232922,-0.77750361,0.22828455,-0.05940720,0.01900678,0.90805980,0.00000000,0.00000000,0.41884053
137.10000000,1.00078889,-0.01360369,0.00258397,0.00191319,-0.65476980,-0.75266516,0.17582431,0.02345756,-0.02875290,0.91014265,0.00000000,0.00000000,0.41429502
137.15000000,0.98925409,0.00674634,0.00936431,0.00606198,-0.66629961,-0.76692500,0.27126320,-0.09043462,0.02820946,0.91220274,0.00000000,0.00000000,0.40973915
137.20000000,1.02110237,0.00149466,0.00291233,0.00379321,-0.66968796,-0.71734467,0.16729252,-0.04632277,-0.01264629,0.91424002,0.00000000,0.00000000,0.40517303
137.25000000,1.01740832,-0.00576877,0.00430298,0.01071009,-0.67125459,-0.72391644,0.26841428,0.01078454,-0.01843985,0.91625445,0.00000000,0.00000000,0.40059679
137.30000000,1.00147219,-0.00339053,0.02521552,-0.00532657,-0.68151992,-0.74227879,0.21093982,-0.01583967,0.03221757,0.91824597,0.00000000,0.00000000,0.39601053
137.35000000,1.00701753,0.01416998,0.01337569,-0.00066305,-0.70303345,-0.72864144,0.21853885,0.00405641,0.01353483,0.92021454,0.00000000,0.00000000,0.39141436
137.40000000,0.99464890,0.01437237,-0.01472684,-0.00590465,-0.71152957,-0.71548831,0.26074814,-0.01586875,0.00653820,0.92216010,0.00000000,0.00000000,0.38680842
137.45000000,1.00664243,-0.00335316,0.00382628,0.00250756,-0.71916542,-0.71099860,0.22085755,0.05434137,0.05929970,0.92408261,0.00000000,0.00000000,0.38219280
137.50000000,1.02095487,0.00485457,-0.00413315,-0.00063952,-0.71602301,-0.70332047,0.22212628,0.01620731,-0.05049203,0.92598201,0.00000000,0.00000000,0.37756763
137.55000000,1.01088170,-0.01836804,-0.00222482,0.01149315,-0.71576801,-0.69562771,0.29304846,-0.02268069,-0.08752997,0.92785827,0.00000000,0.00000000,0.37293302
137.60000000,1.00452740,-0.01778514,-0.00831449,0.00622750,-0.73333487,-0.67899898,0.15320822,0.03539239,-0.07362143,0.92971132,0.00000000,0.00000000,0.36828909
137.65000000,1.01318632,-0.00475356,0.01531159,-0.00840512,-0.71629014,-0.68706030,0.12477218,-0.00107236,0.05718567,0.93154114,0.00000000,0.00000000,0.36363595
137.70000000,1.00790789,0.01162971,0.00810520,-0.00820268,-0.73461157,-0.66916622,0.17325985,0.00502096,-0.00051897,0.93334767,0.00000000,0.00000000,0.35897372
137.75000000,1.01415993,-0.00514877,-0.00561618,-0.00698639,-0.72997098,-0.66906529,0.26299637,-0.04912505,0.02465691,0.93513086,0.00000000,0.00000000,0.35430251
137.80000000,1.00262509,0.01233368,0.01088379,0.00081890,-0.76089905,-0.63886641,0.17651484,-0.10441569,-0.08111757,0.93689068,0.00000000,0.00000000,0.34962245
137.85000000,0.98384939,0.00595696,0.02214468,-0.02039961,-0.76986711,-0.64663786,0.27411717,-0.03823764,0.02842137,0.93862707,0.00000000,0.00000000,0.34493364
137.90000000,0.99749911,0.02607162,0.00144540,0.00355689,-0.76763606,-0.64402232,0.24747950,-0.05483329,-0.08753048,0.94034000,0.00000000,0.00000000,0.34023622
137.95000000,0.99849805,0.00815564,-0.00580777,0.00186491,-0.78704582,-0.62153217,0.23415429,-0.00211772,0.00954583,0.94202942,0.00000000,0.00000000,0.33553028
138.00000000,0.98606425,-0.01348893,-0.00121991,0.00513735,-0.77547781,-0.62800826,0.23833433,0.06053973,-0.00196533,0.94369529,0.00000000,0.00000000,0.33081596
138.05000000,1.00309664,-0.00207854,-0.00126306,0.00169564,-0.77029358,-0.60738386,0.24190337,-0.02329200,-0.03816761,0.94533757,0.00000000,0.00000000,0.32609337
138.10000000,1.00389535,0.01243745,0.01723404,-0.02452637,-0.76898824,-0.60446280,0.24564860,-0.08081267,-0.00859475,0.94695621,0.00000000,0.00000000,0.32136263
138.15000000,1.00822848,-0.01174748,-0.02888311,0.00335505,-0.79999650,-0.58625448,0.19784823,-0.00687818,0.03320109,0.94855118,0.00000000,0.00000000,0.31662385
138.20000000,1.01033520,-0.00708748,0.00944499,-0.00521734,-0.80530006,-0.58593527,0.24279565,0.01123548,-0.04632390,0.95012243,0.00000000,0.00000000,0.31187716
138.25000000,0.98129745,-0.00187956,0.00971285,0.00449697,-0.80893101,-0.58462908,0.21882345,-0.04745711,0.03689169,0.95166994,0.00000000,0.00000000,0.30712267
138.30000000,1.00846306,-0.00355266,0.00437008,-0.01716549,-0.81535578,-0.57774746,0.26131461,-0.01188357,0.04084786,0.95319365,0.00000000,0.00000000,0.30236050
138.35000000,0.99608827,-0.02286101,-0.00225536,0.00196757,-0.82137109,-0.56655646,0.18235068,-0.01747754,-0.04837163,0.95469353,0.00000000,0.00000000,0.29759077
138.40000000,0.98003394,-0.00106459,-0.00745203,0.01079836,-0.85034023,-0.55704871,0.29987579,-0.01117714,0.00187710,0.95616954,0.00000000,0.00000000,0.29281360
138.45000000,1.00426347,0.00504519,-0.00408507,-0.01008296,-0.82755125,-0.57072645,0.24221838,-0.02052176,0.00213797,0.95762165,0.00000000,0.00000000,0.28802912
138.50000000,0.99474392,0.01430883,0.00249011,-0.00321738,-0.84305215,-0.54475918,0.31219442,-0.06190198,0.05042796,0.95904982,0.00000000,0.00000000,0.28323743
138.55000000,1.00568105,0.01539812,0.00629067,0.00003363,-0.83474355,-0.53255736,0.23876266,0.06087192,0.00613762,0.96045401,0.00000000,0.00000000,0.27843866
138.60000000,0.99575615,-0.00643812,0.00450540,-0.00878168,-0.85374809,-0.53605470,0.22773362,-0.03663743,-0.05554445,0.96183420,0.00000000,0.00000000,0.27363293
138.65000000,0.98889225,-0.00571088,-0.00480301,0.00251453,-0.85708746,-0.51414723,0.22515200,0.03011614,-0.08332051,0.96319033,0.00000000,0.00000000,0.26882036
138.70000000,0.98872777,0.00554887,0.00211412,0.00976933,-0.87604705,-0.51402142,0.19174549,0.00444896,0.00360448,0.96452239,0.00000000,0.00000000,0.26400107
138.75000000,1.00469078,-0.00114654,0.01372336,0.01691209,-0.87683543,-0.50018738,0.24068739,0.02317666,-0.01623932,0.96583033,0.00000000,0.00000000,0.25917517
138.80000000,1.00254865,-0.01583458,-0.00019142,-0.01460304,-0.86553969,-0.50311662,0.21229107,0.01127486,0.00539274,0.96711413,0.00000000,0.00000000,0.25434280
138.85000000,0.99368047,-0.00210368,0.01181072,-0.00424608,-0.87528113,-0.48879428,0.25063489,0.00048070,-0.03216596,0.96837375,0.00000000,0.00000000,0.24950407
138.90000000,1.00007125,-0.00241032,0.01392582,-0.00044688,-0.89411133,-0.46946109,0.28487626,0.05052838,-0.04732469,0.96960916,0.00000000,0.00000000,0.24465911
138.95000000,0.99731272,-0.00030683,-0.00018549,0.00380962,-0.88842523,-0.47477725,0.24756581,-0.05324740,-0.03387174,0.97082033,0.00000000,0.00000000,0.23980802
139.00000000,0.98870219,0.00612212,0.00106471,0.00883504,-0.89744804,-0.46927816,0.18514815,-0.01116153,0.01135107,0.97200723,0.00000000,0.00000000,0.23495094
139.05000000,0.98317608,0.00478731,-0.00894239,-0.00647416,-0.88238194,-0.46966135,0.21942273,0.01125398,-0.03461718,0.97316983,0.00000000,0.00000000,0.23008799
139.10000000,0.99552996,0.01221047,0.01962924,0.01064726,-0.87969383,-0.44577927,0.13433649,-0.00535331,0.03799437,0.97430810,0.00000000,0.00000000,0.22521929
139.15000000,0.98145250,-0.00926457,-0.00815395,0.00356564,-0.90062001,-0.43761024,0.21304140,-0.05419724,-0.01707030,0.97542201,0.00000000,0.00000000,0.22034495
139.20000000,0.98735211,-0.00150238,-0.00800489,0.00690375,-0.90741144,-0.42307576,0.28407293,0.01414117,-0.01446435,0.97651154,0.00000000,0.00000000,0.21546511
139.25000000,0.99416265,-0.01181173,-0.00065884,0.00307614,-0.93045599,-0.42535578,0.18191918,-0.05211213,0.00393453,0.97757665,0.00000000,0.00000000,0.21057988
139.30000000,1.00182152,-0.00122307,0.00550174,-0.00584912,-0.91584280,-0.41261553,0.21772858,0.00039472,-0.05160011,0.97861733,0.00000000,0.00000000,0.20568938
139.35000000,0.99844941,-0.00037822,0.00281012,0.00318119,-0.92657560,-0.38577213,0.22839176,-0.03540418,-0.04910297,0.97963354,0.00000000,0.00000000,0.20079375
139.40000000,0.99351848,-0.01471648,0.00208007,0.01183560,-0.90903633,-0.39508884,0.24018696,0.00077899,-0.10514971,0.98062526,0.00000000,0.00000000,0.19589309
139.45000000,0.99667603,-0.00443683,0.01210818,-0.00870955,-0.92141688,-0.37601473,0.14034146,-0.02769448,0.07049664,0.98159246,0.00000000,0.00000000,0.19098754
139.50000000,0.99826629,0.00905867,0.00851054,-0.00448264,-0.94358477,-0.37717297,0.26992052,0.00378590,-0.07553884,0.98253513,0.00000000,0.00000000,0.18607721
139.55000000,1.00833961,-0.01786851,-0.00826124,0.00081294,-0.90915630,-0.34816914,0.18342688,-0.00173375,0.04313065,0.98345323,0.00000000,0.00000000,0.18116223
139.60000000,1.01421863,-0.00247639,-0.00218617,-0.00830049,-0.93122542,-0.33670817,0.11829937,-0.02074570,-0.05226696,0.98434674,0.00000000,0.00000000,0.17624272
139.65000000,1.00150907,-0.01237946,-0.01320141,0.01123519,-0.94295568,-0.33817099,0.22430555,0.04041634,-0.01672004,0.98521565,0.00000000,0.00000000,0.17131880
139.70000000,0.99603685,-0.00392067,0.01081509,-0.00068135,-0.94753932,-0.32423324,0.28689618,0.00032204,-0.01005005,0.98605992,0.00000000,0.00000000,0.16639060
139.75000000,1.01942999,0.01329802,0.01184825,-0.00500687,-0.95386075,-0.33702122,0.24815240,0.00044342,-0.07853815,0.98687954,0.00000000,0.00000000,0.16145824
139.80000000,1.01201848,-0.00337351,-0.00214080,-0.01512969,-0.94607984,-0.30416758,0.20285393,-0.02170417,0.11945920,0.98767450,0.00000000,0.00000000,0.15652185
139.85000000,0.98796632,-0.00721437,0.00708257,-0.01014440,-0.96492814,-0.28834477,0.23206500,0.01865131,0.01013145,0.98844476,0.00000000,0.00000000,0.15158154
139.90000000,0.99307847,-0.00252671,-0.00079075,0.00846216,-0.95273635,-0.29938311,0.24030940,-0.07806507,-0.01232970,0.98919031,0.00000000,0.00000000,0.14663744
139.95000000,0.98857952,-0.00857103,0.01926586,-0.01470674,-0.96804001,-0.27541636,0.18398084,0.00395675,0.06593140,0.98991112,0.00000000,0.00000000,0.14168968
140.00000000,1.00654628,-0.00468682,-0.00133719,0.00530606,-0.95625534,-0.27070051,0.22112692,0.01317046,-0.00212450,0.99060720,0.00000000,0.00000000,0.13673837
140.05000000,0.99394762,0.00742596,0.00291795,-0.02080980,-0.97352449,-0.26607531,0.19600513,0.05084205,0.14521237,0.99127850,0.00000000,0.00000000,0.13178365
140.10000000,0.97541179,0.00304406,0.00069586,-0.00180490,-0.96240112,-0.25010515,0.18883618,-0.00169223,0.02689042,0.99192503,0.00000000,0.00000000,0.12682563
140.15000000,1.00461471,0.00188632,-0.00583448,0.02819143,-0.96670298,-0.23428768,0.18229038,0.00547799,0.01012176,0.99254675,0.00000000,0.00000000,0.12186444
140.20000000,0.98088050,-0.00716661,-0.00735143,-0.00600457,-0.98336708,-0.23175884,0.26749178,0.00283563,-0.05082802,0.99314367,0.00000000,0.00000000,0.11690021
140.25000000,0.98969096,-0.00377051,-0.01415607,0.00304457,-0.96141100,-0.22821831,0.20840481,-0.02218371,-0.02615781,0.99371575,0.00000000,0.00000000,0.11193305
140.30000000,1.00189576,-0.00663305,-0.00808400,-0.01619291,-0.97647191,-0.20202879,0.23663181,0.06372397,-0.02816525,0.99426299,0.00000000,0.00000000,0.10696309
140.35000000,1.00850809,-0.01102633,0.00709259,0.01644187,-0.97421208,-0.18629912,0.17822389,-0.00900300,-0.03895062,0.99478538,0.00000000,0.00000000,0.10199046
140.40000000,1.00034790,0.00269674,0.00026035,-0.00474139,-0.98608323,-0.18966359,0.19787647,-0.05451020,-0.08284921,0.99528289,0.00000000,0.00000000,0.09701528
140.45000000,0.99404512,-0.01382269,-0.00835570,-0.00423305,-0.98451913,-0.18995410,0.30299349,-0.05939824,0.05607763,0.99575553,0.00000000,0.00000000,0.09203767
140.50000000,0.99837432,-0.00657526,0.00587576,-0.00452878,-0.99291154,-0.15555636,0.10686076,-0.01395109,0.01050026,0.99620327,0.00000000,0.00000000,0.08705777
140.55000000,1.01408023,-0.00398431,0.02661015,0.00759119,-1.01020009,-0.17813436,0.21559601,-0.05415525,0.02649985,0.99662610,0.00000000,0.00000000,0.08207568
140.60000000,0.99546270,-0.01196026,-0.00964589,0.00851914,-1.00834332,-0.14327150,0.25305475,-0.01782096,-0.06080858,0.99702402,0.00000000,0.00000000,0.07709155
140.65000000,1.00555864,-0.00486359,-0.01515118,0.01909140,-0.99844573,-0.15855710,0.21774786,-0.00603423,0.06846436,0.99739701,0.00000000,0.00000000,0.07210548
140.70000000,0.99619480,-0.00369956,0.00335228,0.00199518,-0.98869007,-0.13121303,0.21236186,-0.02162568,0.03923847,0.99774507,0.00000000,0.00000000,0.06711762
140.75000000,0.99640103,0.00804350,0.01387762,-0.00677541,-0.96823537,-0.13114224,0.17345408,0.02114912,0.02174727,0.99806819,0.00000000,0.00000000,0.06212808
140.80000000,1.00071815,0.00818251,0.00252630,0.02065742,-0.99400299,-0.12263221,0.18032681,0.01807827,0.02373242,0.99836635,0.00000000,0.00000000,0.05713698
140.85000000,1.00206476,-0.00849504,0.01108648,0.01936991,-0.99426966,-0.08604098,0.24374015,0.09622271,0.02313729,0.99863955,0.00000000,0.00000000,0.05214446
140.90000000,1.00136603,0.00842401,-0.00433585,0.00407117,-0.98224647,-0.08600127,0.20361553,0.00596286,0.03588434,0.99888779,0.00000000,0.00000000,0.04715063
140.95000000,1.00724447,0.00750064,0.00339438,-0.00824545,-1.00309734,-0.07962462,0.24218400,0.02839154,-0.02819661,0.99911106,0.00000000,0.00000000,0.04215562
141.00000000,0.99848833,-0.01174279,-0.01391429,0.00081479,-0.98365677,-0.07326975,0.29033441,-0.01033895,0.00339608,0.99930935,0.00000000,0.00000000,0.03715956
141.05000000,0.99008993,-0.00347244,-0.01189938,-0.01545337,-1.00966045,-0.06343911,0.17205349,-0.02535499,0.02032997,0.99948265,0.00000000,0.00000000,0.03216257
141.10000000,0.98451202,0.00081036,0.00848075,0.00934559,-0.99335848,-0.05483132,0.17710555,-0.00668320,0.07594512,0.99963097,0.00000000,0.00000000,0.02716477
141.15000000,1.00273066,-0.00106882,0.00563693,0.00049724,-0.99675938,-0.04678888,0.18644342,0.04154249,-0.08522229,0.99975430,0.00000000,0.00000000,0.02216630
141.20000000,1.00478602,-0.00476753,-0.01905212,-0.00974609,-0.99977103,-0.03331470,0.23809401,0.03313567,-0.06717120,0.99985263,0.00000000,0.00000000,0.01716727
141.25000000,1.00377504,0.00728544,0.00218923,0.00502441,-1.01902910,-0.03423598,0.26609148,-0.01550894,0.10142023,0.99992597,0.00000000,0.00000000,0.01216782
141.30000000,0.98721578,0.01563772,-0.00610706,0.00862436,-1.00285106,-0.01317896,0.23163351,-0.03042999,0.03782657,0.99997431,0.00000000,0.00000000,0.00716806
141.35000000,0.99734126,0.00178050,-0.02645171,-0.00337335,-0.98735518,0.00261055,0.24464753,-0.00061556,0.07696527,0.99999765,0.00000000,0.00000000,0.00216812
141.40000000,1.00288439,-0.00660100,0.00855141,0.00922598,-0.99368805,0.00163439,0.21758782,0.05931138,0.02335669,0.99999599,0.00000000,0.00000000,-0.00283188
141.45000000,0.98522237,-0.00628764,-0.00675265,-0.00754323,-1.02099017,0.03456889,0.16581123,-0.03895366,-0.08483584,0.99996933,0.00000000,0.00000000,-0.00783180
141.50000000,1.00866429,-0.00090865,-0.00350914,-0.00298001,-0.99379266,0.02086073,0.11605364,-0.06075924,-0.05808187,0.99991767,0.00000000,0.00000000,-0.01283153
141.55000000,1.00275318,0.00930019,0.01465806,-0.01634894,-0.99316141,0.02950549,0.33574102,0.05887442,0.07811108,0.99984102,0.00000000,0.00000000,-0.01783093
141.60000000,1.00802440,0.00381888,-0.00402583,-0.00599321,-1.00695864,0.05182365,0.27478333,-0.01895693,-0.03030442,0.99973936,0.00000000,0.00000000,-0.02282990
141.65000000,0.98516497,0.00244692,0.01229267,0.01279327,-0.98466679,0.05978908,0.20903336,0.05434406,-0.04764345,0.99961272,0.00000000,0.00000000,-0.02782829
141.70000000,0.99559155,0.01710848,-0.01074606,-0.00034458,-0.99153160,0.06644356,0.25640351,0.06523040,0.02345124,0.99946108,0.00000000,0.00000000,-0.03282598
141.75000000,1.01390063,-0.00928675,-0.00157539,0.02405191,-0.97770956,0.06282219,0.20442925,0.00308544,0.02062760,0.99928446,0.00000000,0.00000000,-0.03782285
141.80000000,1.01274043,0.01839159,0.00037416,0.01121986,-0.98985114,0.08534771,0.12905606,0.04254752,0.02906509,0.99908286,0.00000000,0.00000000,-0.04281878
141.85000000,1.00389589,-0.00981266,0.01959137,0.00152472,-1.00684147,0.08249470,0.23529749,0.02862917,-0.01870644,0.99885627,0.00000000,0.00000000,-0.04781364
141.90000000,1.00462625,0.00667606,0.00139925,-0.00701341,-0.98480922,0.11384356,0.23038742,-0.04028562,-0.05752558,0.99860472,0.00000000,0.00000000,-0.05280730
141.95000000,1.00076524,0.00929571,0.01040373,0.00584382,-0.99782294,0.10736396,0.20424569,-0.00333022,0.05151975,0.99832820,0.00000000,0.00000000,-0.05779964
142.00000000,0.99520286,-0.00396649,0.02054991,0.01551222,-1.00094250,0.14002080,0.15482792,-0.02241170,-0.01232172,0.99802673,0.00000000,0.00000000,-0.06279054
142.05000000,0.99922408,0.00619756,0.00106473,0.00614727,-0.99483019,0.13899022,0.20853150,-0.06508801,0.02360087,0.99770030,0.00000000,0.00000000,-0.06777987
142.10000000,1.00096055,-0.00713910,-0.00424842,-0.00400321,-0.99185897,0.16273876,0.29847902,-0.12491216,0.02383182,0.99734893,0.00000000,0.00000000,-0.07276750
142.15000000,1.00954951,-0.00216077,0.00928090,0.01654168,-1.00162726,0.15637348,0.29250839,-0.05835455,-0.00315335,0.99697263,0.00000000,0.00000000,-0.07775332
142.20000000,0.99551603,0.01051893,0.01191246,0.00162327,-0.98598702,0.14771555,0.26863861,-0.01879408,-0.00436497,0.99657140,0.00000000,0.00000000,-0.08273719
142.25000000,1.00971600,0.00197600,0.01003842,0.00603410,-0.98257289,0.17786614,0.15478808,-0.00966259,0.05048006,0.99614526,0.00000000,0.00000000,-0.08771899
142.30000000,0.99101360,-0.00715276,-0.00879624,0.00153381,-0.96878865,0.19007051,0.10764327,0.02600739,-0.01777087,0.99569422,0.00000000,0.00000000,-0.09269860
142.35000000,1.00509382,-0.00149500,-0.00860457,-0.00071472,-0.98533354,0.19749481,0.16537665,-0.05330124,0.03473970,0.99521828,0.00000000,0.00000000,-0.09767589
142.40000000,1.01108840,0.00580058,-0.00648773,-0.00740070,-0.98575054,0.21312091,0.16810269,0.03653549,0.03048318,0.99471746,0.00000000,0.00000000,-0.10265074
142.45000000,1.01237727,0.01063153,0.00542656,-0.01468681,-0.97073329,0.21515058,0.18830759,0.05792052,-0.00476794,0.99419178,0.00000000,0.00000000,-0.10762302
142.50000000,0.99470551,0.01124056,-0.00405093,-0.00579493,-0.98591735,0.21555157,0.17215711,0.02477409,-0.04357430,0.99364123,0.00000000,0.00000000,-0.11259261
142.55000000,0.98142161,0.00303230,-0.00633951,-0.00016267,-0.95953542,0.23420388,0.27251231,-0.00604762,0.04703246,0.99306585,0.00000000,0.00000000,-0.11755939
142.60000000,0.99452573,0.00107691,-0.00932968,-0.00814199,-0.97222278,0.22991485,0.21212679,-0.01653984,0.01249073,0.99246565,0.00000000,0.00000000,-0.12252323
142.65000000,0.98686809,0.00701732,0.01697614,0.01486533,-0.94845659,0.25331194,0.18924342,0.01880540,-0.00865351,0.99184063,0.00000000,0.00000000,-0.12748400
142.70000000,0.98259563,0.00819300,-0.00234402,-0.01467353,-0.97000127,0.26043318,0.20552917,-0.00193362,0.06322442,0.99119081,0.00000000,0.00000000,-0.13244159
142.75000000,0.98711460,-0.00152144,-0.00878964,0.01256168,-0.96785929,0.26874738,0.25194380,0.05624573,0.06785773,0.99051622,0.00000000,0.00000000,-0.13739587
142.80000000,0.98356887,0.00482914,0.00270117,-0.00051226,-0.95880915,0.29465209,0.25144712,0.03711118,0.01125348,0.98981686,0.00000000,0.00000000,-0.14234671
142.85000000,1.02270591,-0.00400623,-0.01615961,-0.00265244,-0.95603158,0.30440669,0.18214837,0.01896848,-0.06406437,0.98909276,0.00000000,0.00000000,-0.14729400
142.90000000,1.01081418,0.00068319,-0.00280556,0.02131652,-0.94294836,0.29052779,0.20010785,0.11937193,0.09049538,0.98834392,0.00000000,0.00000000,-0.15223760
142.95000000,1.00922963,-0.01847048,0.01332150,-0.00635185,-0.93735535,0.30322080,0.22686112,-0.03163431,-0.01424639,0.98757039,0.00000000,0.00000000,-0.15717739
143.00000000,1.00622197,-0.01318898,0.02372418,-0.01027221,-0.95827008,0.32618904,0.26277736,-0.01747643,-0.04591756,0.98677216,0.00000000,0.00000000,-0.16211326
143.05000000,0.99077621,-0.01030020,0.00308180,-0.00069986,-0.93993356,0.33304463,0.24186437,-0.02133325,-0.03101352,0.98594926,0.00000000,0.00000000,-0.16704507
143.10000000,1.00156294,-0.00054990,0.00252952,-0.00711713,-0.93442860,0.32703749,0.18530540,0.04749226,-0.04859394,0.98510171,0.00000000,0.00000000,-0.17197271
143.15000000,1.01050243,-0.01409099,-0.01585226,-0.01493862,-0.93624751,0.35550859,0.26280657,0.05124123,0.04058105,0.98422954,0.00000000,0.00000000,-0.17689605
143.20000000,0.99168217,-0.00840504,0.00787792,0.01421308,-0.94419805,0.37050922,0.11911990,0.01443798,-0.00264240,0.98333276,0.00000000,0.00000000,-0.18181496
143.25000000,0.99795810,0.00031271,-0.00853730,0.00446078,-0.92965763,0.37624317,0.27612442,0.00267590,-0.03461420,0.98241140,0.00000000,0.00000000,-0.18672934
143.30000000,0.98862101,0.01698252,0.01570373,0.00887372,-0.92595042,0.38432585,0.26333747,-0.03063588,0.00333249,0.98146548,0.00000000,0.00000000,-0.19163904
143.35000000,0.98893764,-0.00129062,0.01544274,0.01078548,-0.92139088,0.35848839,0.17567206,0.00157973,-0.00765594,0.98049502,0.00000000,0.00000000,-0.19654395
143.40000000,1.00032773,0.00242590,-0.00533681,-0.00007531,-0.92033511,0.38759668,0.28757073,-0.02430787,-0.09881130,0.97950004,0.00000000,0.00000000,-0.20144395
143.45000000,1.01783266,-0.00846276,0.00899908,-0.00680886,-0.90915573,0.40331576,0.24973616,-0.01255714,-0.02730680,0.97848059,0.00000000,0.00000000,-0.20633891
143.50000000,1.00257020,-0.00382492,-0.01929173,-0.00601501,-0.88207717,0.39471164,0.21578008,-0.01386264,0.08412719,0.97743666,0.00000000,0.00000000,-0.21122871
143.55000000,0.98888962,0.00101303,0.00686198,-0.00179295,-0.91426567,0.42179026,0.19115891,-0.01696659,0.04362272,0.97636831,0.00000000,0.00000000,-0.21611323
143.60000000,1.00402950,0.00551767,0.00330296,0.00959880,-0.88928216,0.42818974,0.24164776,-0.06096730,-0.09875973,0.97527554,0.00000000,0.00000000,-0.22099235
143.65000000,1.01826405,-0.00333358,0.00252473,-0.01225216,-0.91068259,0.43292898,0.23375126,-0.02610050,-0.01301701,0.97415839,0.00000000,0.00000000,-0.22586595
143.70000000,0.99255489,0.01165788,0.00868530,-0.00484148,-0.88668258,0.44656358,0.18990434,-0.00522313,0.03076630,0.97301689,0.00000000,0.00000000,-0.23073389
143.75000000,0.99107800,0.00502395,0.02497821,0.00183121,-0.88863180,0.45708691,0.22638628,-0.07501945,0.07807480,0.97185106,0.00000000,0.00000000,-0.23559607
143.80000000,1.00981187,-0.00644516,0.00031547,-0.00557348,-0.88137297,0.46740894,0.21522480,-0.04898794,-0.01953528,0.97066094,0.00000000,0.00000000,-0.24045236
143.85000000,1.01146058,-0.00533791,-0.02643495,-0.00150630,-0.85553832,0.48410438,0.17887621,-0.00526298,0.03240424,0.96944655,0.00000000,0.00000000,-0.24530264
143.90000000,0.98243748,-0.00856059,0.00398347,0.01594487,-0.87924640,0.50005838,0.17126562,-0.15440473,0.03526423,0.96820792,0.00000000,0.00000000,-0.25014679
143.95000000,1.00540399,0.00736184,0.00697105,0.00191750,-0.87255378,0.49090549,0.18441022,-0.02090602,-0.07899194,0.96694509,0.00000000,0.00000000,-0.25498468
144.00000000,0.98785692,-0.00163421,-0.02240867,-0.02007840,-0.86833391,0.50050392,0.19098632,-0.10943269,0.07142522,0.96565809,0.00000000,0.00000000,-0.25981620
144.05000000,0.98563769,-0.00818161,-0.01261768,0.01299031,-0.85571585,0.50567947,0.18068697,0.00503165,-0.05374760,0.96434694,0.00000000,0.00000000,-0.26464122
144.10000000,1.00380739,-0.00548645,0.00519639,0.00485723,-0.86071914,0.49845842,0.19396164,-0.06782241,0.00551665,0.96301169,0.00000000,0.00000000,-0.26945963
144.15000000,0.99743428,-0.00587995,-0.01295562,0.01186789,-0.85408734,0.55104078,0.20656210,0.01272355,0.00375362,0.96165236,0.00000000,0.00000000,-0.27427130
144.20000000,1.00341572,0.01092687,0.01104226,-0.01766608,-0.83567808,0.54094766,0.20660515,0.07358761,0.08038612,0.96026899,0.00000000,0.00000000,-0.27907611
144.25000000,1.00904596,-0.00543534,-0.01192483,0.00754400,-0.82523583,0.52410508,0.25358058,-0.01439793,-0.07890107,0.95886161,0.00000000,0.00000000,-0.28387394
144.30000000,1.00469396,0.00909387,-0.00351349,-0.01057355,-0.81622449,0.54606624,0.25685318,-0.07066567,0.02060431,0.95743026,0.00000000,0.00000000,-0.28866468
144.35000000,1.00387507,0.00873416,0.01492983,-0.00813630,-0.82256855,0.54739261,0.14337777,-0.02886391,0.02030567,0.95597497,0.00000000,0.00000000,-0.29344821
144.40000000,1.01676868,0.01858946,-0.00354891,0.00305534,-0.81269437,0.57696168,0.19742166,0.00040352,-0.00292744,0.95449579,0.00000000,0.00000000,-0.29822439
144.45000000,0.99791626,-0.00341410,-0.00119658,-0.00405814,-0.82774451,0.58612630,0.22808775,0.08092382,0.01852535,0.95299274,0.00000000,0.00000000,-0.30299312
144.50000000,0.99583040,-0.00626435,0.00047366,0.00552875,-0.81302171,0.57093281,0.17195045,-0.00219390,0.03510649,0.95146587,0.00000000,0.00000000,-0.30775428
144.55000000,0.98514176,0.00265083,0.00221120,-0.00451576,-0.81054704,0.58634848,0.21129705,0.04739286,0.05556655,0.94991521,0.00000000,0.00000000,-0.31250774
144.60000000,0.98876020,-0.00186978,-0.02193510,0.00109184,-0.79272409,0.61743829,0.12510720,-0.05165952,0.00844599,0.94834081,0.00000000,0.00000000,-0.31725339
144.65000000,0.98381612,0.00172212,0.00623003,-0.01281288,-0.79131760,0.59756335,0.26651091,0.00624149,-0.02662453,0.94674269,0.00000000,0.00000000,-0.32199111
144.70000000,0.98761859,0.00389150,0.01357936,-0.00771504,-0.79090351,0.61005987,0.27456374,-0.08835700,0.05949348,0.94512091,0.00000000,0.00000000,-0.32672078
144.75000000,0.99622802,-0.00071615,-0.00340635,0.00239601,-0.78759002,0.63599917,0.25414864,-0.04697939,0.03185003,0.94347550,0.00000000,0.00000000,-0.33144228
144.80000000,0.99643506,0.00051633,0.01525151,-0.00674034,-0.76473347,0.63775811,0.19632280,0.01343079,0.01310932,0.94180650,0.00000000,0.00000000,-0.33615549
144.85000000,0.98841647,-0.00606724,-0.01045252,-0.00276619,-0.75417815,0.64670534,0.14093267,-0.01522537,0.01244802,0.94011396,0.00000000,0.00000000,-0.34086030
144.90000000,1.00744088,-0.00650767,-0.01237432,-0.00056343,-0.75549099,0.65088764,0.16543602,0.07546894,-0.00241917,0.93839791,0.00000000,0.00000000,-0.34555659
144.95000000,1.00193710,-0.00661967,0.01106508,0.00571847,-0.75151131,0.64460188,0.25392652,0.03084973,0.04738920,0.93665841,0.00000000,0.00000000,-0.35024424
145.00000000,1.00037029,-0.00074861,-0.00182093,0.02278998,-0.75348360,0.65176963,0.18830748,-0.02684216,0.05834206,0.93489548,0.00000000,0.00000000,-0.35492314
145.05000000,0.98644008,-0.00561291,0.00190523,0.01268293,-0.73425420,0.68726953,0.22046433,-0.01210614,0.04026165,0.93310919,0.00000000,0.00000000,-0.35959316
145.10000000,0.98632839,-0.01709885,0.00976264,0.00210567,-0.72499773,0.66993581,0.26245728,0.02697936,0.00060825,0.93129957,0.00000000,0.00000000,-0.36425419
145.15000000,1.00207348,0.00346928,-0.00856732,-0.00385015,-0.72450533,0.68152053,0.13928559,0.01018783,0.03938858,0.92946666,0.00000000,0.00000000,-0.36890611
145.20000000,1.01068535,0.00532311,0.00818307,0.00987509,-0.72012601,0.67182646,0.25686699,-0.04295041,-0.04857435,0.92761052,0.00000000,0.00000000,-0.37354882
145.25000000,0.98896593,0.02484578,0.00440548,-0.01041616,-0.72079064,0.70018283,0.22925703,0.00949033,-0.03952854,0.92573119,0.00000000,0.00000000,-0.37818218
145.30000000,1.00317147,-0.00611188,0.01046915,0.00056297,-0.71451234,0.71418406,0.22213924,-0.02423664,0.03465071,0.92382872,0.00000000,0.00000000,-0.38280609
145.35000000,1.00629117,0.01201822,0.00710139,-0.00213947,-0.71671612,0.71619469,0.22028595,-0.00071040,-0.13265040,0.92190315,0.00000000,0.00000000,-0.38742043
145.40000000,1.00678830,-0.00912050,0.00685723,0.01700685,-0.69516065,0.72567534,0.20646587,0.02050481,0.00662621,0.91995453,0.00000000,0.00000000,-0.39202508
145.45000000,0.99483020,-0.00904942,0.01590466,0.00438553,-0.67708011,0.73217127,0.24863768,-0.04306887,0.00571999,0.91798291,0.00000000,0.00000000,-0.39661993
145.50000000,1.00505486,0.01292670,0.02673076,0.00407519,-0.68468031,0.72304154,0.16453545,-0.03761967,-0.12774035,0.91598835,0.00000000,0.00000000,-0.40120487
145.55000000,0.99324345,0.00716741,0.00075400,-0.00258625,-0.68690507,0.75224590,0.22788899,-0.00357832,-0.09649965,0.91397088,0.00000000,0.00000000,-0.40577978
145.60000000,0.99509227,0.00433718,-0.00028567,0.00191938,-0.65638025,0.74995885,0.23405435,-0.04072466,-0.05268402,0.91193057,0.00000000,0.00000000,-0.41034454
145.65000000,1.00477361,0.00682408,0.00518974,0.00131586,-0.65895797,0.75711614,0.22196281,0.01664598,0.11859483,0.90986745,0.00000000,0.00000000,-0.41489905
145.70000000,0.99079196,0.03225993,-0.01256821,0.00385669,-0.66008327,0.76458803,0.24892187,-0.00154286,0.04551748,0.90778159,0.00000000,0.00000000,-0.41944318
145.75000000,0.99576318,-0.02049864,0.00626709,0.00030638,-0.64528345,0.76386314,0.22318289,-0.03942702,0.01878146,0.90567304,0.00000000,0.00000000,-0.42397682
145.80000000,1.01188637,0.02060070,0.01404527,0.00161745,-0.63019907,0.77033264,0.18417579,0.03599845,-0.01175227,0.90354184,0.00000000,0.00000000,-0.42849987
145.85000000,1.00366100,-0.00962510,0.01370313,-0.00322457,-0.61412107,0.77358583,0.17115888,0.05639139,-0.02599591,0.90138806,0.00000000,0.00000000,-0.43301220
145.90000000,0.98432100,-0.01039941,0.00856709,0.00760621,-0.62478852,0.78051774,0.23509818,0.05584976,-0.00107681,0.89921174,0.00000000,0.00000000,-0.43751371
145.95000000,1.00554238,0.00873433,0.02153003,-0.01155716,-0.61595166,0.78790239,0.24200800,-0.01426610,0.01596406,0.89701294,0.00000000,0.00000000,-0.44200428
146.00000000,1.00121843,0.00001737,0.00107397,0.01029901,-0.61101028,0.79753545,0.15065113,0.00713193,-0.00674432,0.89479172,0.00000000,0.00000000,-0.44648380
146.05000000,1.01069243,-0.00004823,-0.00443839,-0.00246710,-0.57605005,0.78929220,0.17693663,-0.00138967,-0.02646186,0.89254812,0.00000000,0.00000000,-0.45095216
146.10000000,1.00490682,-0.00056485,0.00255985,0.00117828,-0.58623529,0.79797727,0.21287509,-0.08186204,-0.02805101,0.89028221,0.00000000,0.00000000,-0.45540925
146.15000000,1.00489205,0.01189688,0.02349416,-0.00428254,-0.58571810,0.82191974,0.28862755,0.06554643,-0.04429015,0.88799405,0.00000000,0.00000000,-0.45985495
146.20000000,0.99859491,0.00850367,0.00919711,0.00591862,-0.57335866,0.82825630,0.24656183,-0.04468120,0.06148996,0.88568368,0.00000000,0.00000000,-0.46428915
146.25000000,1.00991960,-0.00741961,0.00924910,0.00813114,-0.55210707,0.84383387,0.20453214,0.01182608,-0.11600752,0.88335118,0.00000000,0.00000000,-0.46871174
146.30000000,1.01115823,0.01019586,0.01356034,-0.00936680,-0.54268951,0.84382632,0.17589012,0.04422416,0.02270781,0.88099659,0.00000000,0.00000000,-0.47312262
146.35000000,0.98301988,0.00584481,-0.00767207,-0.01675932,-0.54028057,0.83846685,0.26778045,0.00512673,0.03681644,0.87861997,0.00000000,0.00000000,-0.47752167
146.40000000,1.00508809,0.01020957,-0.00886407,0.00198537,-0.53693520,0.85105440,0.21644031,-0.03046061,-0.01311285,0.87622139,0.00000000,0.00000000,-0.48190879
146.45000000,1.01648503,-0.01694351,0.00709365,0.01241446,-0.52126766,0.86954062,0.24697170,0.01417853,-0.01887278,0.87380090,0.00000000,0.00000000,-0.48628385
146.50000000,1.00402667,0.00681682,0.00003500,-0.00742827,-0.53057375,0.85691258,0.13879825,-0.02408803,-0.10675074,0.87135857,0.00000000,0.00000000,-0.49064676
146.55000000,1.00833019,0.01154047,0.00078948,0.01831459,-0.49648128,0.86499885,0.19993690,-0.01862556,0.02715537,0.86889446,0.00000000,0.00000000,-0.49499740
146.60000000,0.99858773,0.00548230,0.00622454,-0.00229579,-0.49036993,0.86297193,0.20595429,-0.04671623,-0.01010235,0.86640862,0.00000000,0.00000000,-0.49933566
146.65000000,1.02158198,-0.00900387,0.00437712,-0.00454491,-0.51478931,0.87581708,0.18012937,0.01126796,0.04626158,0.86390112,0.00000000,0.00000000,-0.50366145
146.70000000,1.00234598,0.00328299,-0.00867940,0.00706825,-0.48582037,0.85512600,0.24199550,0.04766853,0.06823781,0.86137203,0.00000000,0.00000000,-0.50797464
146.75000000,1.02170823,0.00773535,0.00513972,0.01091548,-0.48401833,0.86318599,0.18366752,0.05412010,-0.02756525,0.85882140,0.00000000,0.00000000,-0.51227513
146.80000000,1.00465611,0.00573297,0.00244265,-0.01277632,-0.46289866,0.88039756,0.28115427,0.04784275,-0.01527555,0.85624930,0.00000000,0.00000000,-0.51656282
146.85000000,1.01765736,0.00343711,-0.01671637,-0.00078305,-0.44110363,0.88103366,0.20194822,-0.06381418,-0.05171630,0.85365579,0.00000000,0.00000000,-0.52083759
146.90000000,0.99165760,-0.01227398,-0.00618274,0.01738283,-0.44890210,0.90161729,0.25381645,-0.05257079,-0.03518637,0.85104094,0.00000000,0.00000000,-0.52509934
146.95000000,1.00765819,-0.00634283,0.00699587,0.01677322,-0.45413530,0.89463338,0.19613303,-0.02653982,-0.02518942,0.84840482,0.00000000,0.00000000,-0.52934796
147.00000000,0.99507879,-0.00015251,0.00164885,0.00953411,-0.43082880,0.91373530,0.17853390,-0.05672658,-0.01162901,0.84574748,0.00000000,0.00000000,-0.53358335
147.05000000,1.00462493,0.00860467,0.01460234,0.00290200,-0.41400044,0.92050192,0.17015102,-0.01239779,0.12591901,0.84306901,0.00000000,0.00000000,-0.53780540
147.10000000,1.00856389,0.00510700,0.00893691,-0.01335677,-0.41890990,0.90086105,0.22372073,-0.01950066,0.00626590,0.84036945,0.00000000,0.00000000,-0.54201400
147.15000000,0.99688984,-0.01626406,0.00884976,-0.01762196,-0.41058780,0.90190810,0.16565678,0.00602739,0.05723191,0.83764889,0.00000000,0.00000000,-0.54620906
147.20000000,0.98439005,-0.00557208,-0.01749044,-0.00605412,-0.39342177,0.92672089,0.11025503,0.02162143,-0.04149778,0.83490739,0.00000000,0.00000000,-0.55039046
147.25000000,0.98783809,0.00067488,0.00627146,-0.00100455,-0.39586194,0.92193570,0.17256903,0.02401315,0.05009146,0.83214501,0.00000000,0.00000000,-0.55455810
147.30000000,1.01011462,-0.00019748,0.01122661,-0.01020980,-0.35785342,0.91648278,0.11421031,0.05806417,-0.02975818,0.82936183,0.00000000,0.00000000,-0.55871187
147.35000000,1.00116739,-0.01030808,0.02363603,0.01821818,-0.35093043,0.93134260,0.24885820,-0.00537256,0.05218637,0.82655791,0.00000000,0.00000000,-0.56285168
147.40000000,0.99589391,0.01584704,-0.00460872,-0.00347291,-0.36173851,0.93600092,0.18763935,0.01879073,-0.01951039,0.82373334,0.00000000,0.00000000,-0.56697742
147.45000000,1.00790789,0.01518367,0.00077547,0.02218328,-0.33643946,0.95898273,0.20226310,-0.07730271,-0.02957942,0.82088816,0.00000000,0.00000000,-0.57108898
147.50000000,0.99395863,-0.00953025,-0.02195905,0.01024647,-0.35692172,0.95031937,0.30274077,-0.03780812,0.01933268,0.81802247,0.00000000,0.00000000,-0.57518626
147.55000000,0.99601368,0.00827076,-0.01194411,-0.00131791,-0.31768266,0.94387798,0.13216556,0.05252843,-0.05595780,0.81513633,0.00000000,0.00000000,-0.57926917
147.60000000,1.00078734,0.00582644,0.00119850,0.02537437,-0.31209637,0.94558485,0.23195190,0.00638901,0.00398426,0.81222980,0.00000000,0.00000000,-0.58333759
147.65000000,1.00243787,-0.00434087,0.00212902,-0.00505491,-0.32890457,0.96215727,0.17971240,0.00332302,-0.03200712,0.80930297,0.00000000,0.00000000,-0.58739143
147.70000000,0.99269764,-0.01038989,0.00948297,0.01189722,-0.30016037,0.94844053,0.12928360,0.03257276,-0.02825655,0.80635591,0.00000000,0.00000000,-0.59143059
147.75000000,0.98882739,0.00029263,-0.00334126,-0.01518054,-0.30467399,0.96012899,0.17567659,0.01981946,0.00855308,0.80338869,0.00000000,0.00000000,-0.59545496
147.80000000,1.01047542,-0.00832145,0.00232718,0.00638275,-0.28754694,0.97089637,0.13048180,-0.04025025,-0.07419123,0.80040139,0.00000000,0.00000000,-0.59946444
147.85000000,0.99264125,-0.00154584,0.00831501,-0.00155290,-0.27762836,0.94689693,0.15070028,0.01087283,0.04141986,0.79739408,0.00000000,0.00000000,-0.60345894
147.90000000,0.99580778,0.01211015,-0.00949917,-0.00390541,-0.26509876,0.98035188,0.21097742,-0.08342836,0.04455927,0.79436683,0.00000000,0.00000000,-0.60743835
147.95000000,1.01845928,-0.00249741,-0.00897082,0.00864257,-0.23273114,0.97611714,0.13241695,0.03075040,0.02007670,0.79131972,0.00000000,0.00000000,-0.61140257
148.00000000,0.99045370,0.01288818,0.00438351,0.01314959,-0.25329980,0.97409291,0.16497015,0.00807600,0.06806353,0.78825283,0.00000000,0.00000000,-0.61535151
148.05000000,0.98573582,-0.01369001,0.00955475,-0.00014123,-0.22125938,0.96441059,0.20728931,0.02777406,0.01140044,0.78516623,0.00000000,0.00000000,-0.61928507
148.10000000,0.98211253,0.02822598,0.00212324,-0.01340417,-0.22009369,0.97905595,0.24944961,0.03846318,-0.00756342,0.78206000,0.00000000,0.00000000,-0.62320314
148.15000000,0.98277920,0.00461363,-0.01642416,0.01215245,-0.22080463,0.98329768,0.17565524,-0.02500450,-0.03382046,0.77893422,0.00000000,0.00000000,-0.62710563
148.20000000,1.00716082,-0.00621347,0.00768532,-0.00595190,-0.20601124,0.97938962,0.21187911,-0.04433167,0.03347523,0.77578897,0.00000000,0.00000000,-0.63099245
148.25000000,0.99728661,0.00543901,-0.00016228,0.00586454,-0.19801012,0.97312597,0.22408968,-0.02508045,0.06723891,0.77262433,0.00000000,0.00000000,-0.63486349
148.30000000,1.00067657,-0.01373631,-0.00585466,-0.00999305,-0.17334776,0.99064724,0.20227006,0.00997249,-0.00192114,0.76944036,0.00000000,0.00000000,-0.63871866
148.35000000,1.00860402,0.00519832,0.00699976,-0.00191846,-0.18055439,0.99135406,0.27437805,0.04646229,0.07273393,0.76623717,0.00000000,0.00000000,-0.64255786
148.40000000,1.00162032,-0.00969991,-0.00881187,0.01379570,-0.18300265,1.00144412,0.16977591,0.08301661,-0.00115741,0.76301481,0.00000000,0.00000000,-0.64638100
148.45000000,1.00722571,0.02385046,-0.00330148,-0.00346933,-0.16145958,0.97797321,0.19024981,-0.02781324,-0.05391319,0.75977338,0.00000000,0.00000000,-0.65018798
148.50000000,0.99789519,0.00449787,-0.00895905,-0.00162450,-0.13055868,0.97529141,0.29138679,-0.03314325,0.01098470,0.75651296,0.00000000,0.00000000,-0.65397870
148.55000000,1.01279163,0.01584340,0.00469821,-0.00694506,-0.14254990,0.98513454,0.28949012,-0.02013479,0.01647306,0.75323362,0.00000000,0.00000000,-0.65775307
148.60000000,0.98956243,-0.01156344,0.00026392,-0.00324744,-0.12732344,0.97739042,0.20171355,0.06628547,-0.03614902,0.74993546,0.00000000,0.00000000,-0.66151100
148.65000000,1.00897435,-0.03464363,-0.00802345,-0.01910391,-0.10251646,1.00216733,0.15874321,0.00993687,0.05574208,0.74661854,0.00000000,0.00000000,-0.66525240
148.70000000,1.01357192,-0.00405791,-0.02208856,-0.00898540,-0.09727768,1.01546759,0.20257051,-0.03013790,0.10930271,0.74328296,0.00000000,0.00000000,-0.66897716
148.75000000,1.00405733,-0.01227768,-0.00118908,0.00999928,-0.09569300,1.00342190,0.13322189,-0.06713822,-0.03086376,0.73992880,0.00000000,0.00000000,-0.67268519
148.80000000,0.99717807,0.00333949,0.00636760,0.02466114,-0.09241546,0.99323851,0.17321853,0.04527171,0.05271180,0.73655614,0.00000000,0.00000000,-0.67637641
148.85000000,0.99552344,0.02065746,-0.00708899,0.01029918,-0.06051680,0.98356307,0.23083250,-0.12486776,0.03885990,0.73316506,0.00000000,0.00000000,-0.68005072
148.90000000,0.98898394,0.00567470,0.00754989,0.01120138,-0.05618450,0.99843857,0.18798457,-0.00632679,-0.04790910,0.72975566,0.00000000,0.00000000,-0.68370803
148.95000000,0.99788312,-0.00290696,-0.00788218,-0.01741193,-0.06787413,0.96697946,0.19123122,0.01312199,-0.11796801,0.72632801,0.00000000,0.00000000,-0.68734825
149.00000000,1.00236715,-0.00122474,-0.01176756,-0.00431205,-0.03460933,0.98923980,0.20852633,0.01250024,-0.03477023,0.72288221,0.00000000,0.00000000,-0.69097128
149.05000000,1.01008271,0.00403841,-0.00251911,0.02363240,-0.02499968,0.98252130,0.18759635,0.10731161,-0.04192449,0.71941833,0.00000000,0.00000000,-0.69457704
149.10000000,1.00066334,0.01230993,0.00652322,0.00796469,-0.01775413,0.99993812,0.16956662,0.01644325,-0.01601272,0.71593647,0.00000000,0.00000000,-0.69816544
149.15000000,0.99518649,0.01482472,-0.00380996,0.01706130,-0.01256445,0.99829403,0.12371617,0.09180283,0.00173303,0.71243671,0.00000000,0.00000000,-0.70173638
149.20000000,0.97729220,0.00987726,-0.00050192,-0.00931325,0.00417916,0.97449950,0.17306469,-0.01638968,0.04011100,0.70891913,0.00000000,0.00000000,-0.70528977
149.25000000,1.02240252,-0.00244769,0.00459944,0.02748388,0.00491465,1.00467015,0.14966396,0.08461662,-0.02988527,0.70538384,0.00000000,0.00000000,-0.70882554
149.30000000,1.00268571,0.00240236,0.00085338,-0.00434314,0.01728002,1.01746296,0.30700647,-0.01083263,-0.01810061,0.70183091,0.00000000,0.00000000,-0.71234358
149.35000000,0.99191236,0.02686136,0.00128835,0.01115043,0.03183135,1.02177484,0.19392251,-0.05250960,0.08515721,0.69826043,0.00000000,0.00000000,-0.71584382
149.40000000,1.00903306,0.00456283,0.01535193,0.00513330,0.05055924,1.00185812,0.24533638,0.02054094,-0.01254713,0.69467250,0.00000000,0.00000000,-0.71932616
149.45000000,0.99794610,-0.00392862,0.00265487,-0.00455802,0.04921124,1.00301265,0.21417477,0.00695134,-0.02331937,0.69106720,0.00000000,0.00000000,-0.72279051
149.50000000,0.99718024,-0.01670609,-0.00119869,-0.00985811,0.05583830,0.99135028,0.11329112,0.09773231,-0.00834984,0.68744463,0.00000000,0.00000000,-0.72623680
149.55000000,1.01447058,-0.00526990,0.01698116,-0.01151698,0.06658213,0.98697396,0.32130877,-0.01414731,0.03904952,0.68380486,0.00000000,0.00000000,-0.72966493
149.60000000,1.00450577,-0.00025516,0.00517720,0.01359173,0.08147944,0.99882330,0.22822483,0.08264313,-0.01664033,0.68014801,0.00000000,0.00000000,-0.73307482
149.65000000,0.98146113,-0.01096501,-0.01022124,-0.00881280,0.07629639,0.99616494,0.21606487,0.00758428,-0.03065902,0.67647415,0.00000000,0.00000000,-0.73646638
149.70000000,1.00993900,0.00534456,0.01581309,0.00846761,0.09122974,1.00855835,0.21723514,0.03268669,0.03421860,0.67278337,0.00000000,0.00000000,-0.73983953
149.75000000,0.99875680,0.00103270,-0.00131375,-0.00852946,0.08322825,0.98756841,0.21390696,0.04554883,0.03759775,0.66907578,0.00000000,0.00000000,-0.74319419
149.80000000,0.99720387,-0.00680177,-0.00179874,-0.00975006,0.09346216,0.97795856,0.26648030,0.08006031,0.03571727,0.66535146,0.00000000,0.00000000,-0.74653026
149.85000000,0.99941847,-0.01392980,-0.00161132,0.00611839,0.13284187,0.99910231,0.25909353,0.08389147,-0.01611315,0.66161051,0.00000000,0.00000000,-0.74984767
149.90000000,1.02805312,-0.02019938,-0.00778311,0.00200000,0.13994907,0.98910283,0.18282867,0.09550261,-0.02230707,0.65785302,0.00000000,0.00000000,-0.75314634
149.95000000,0.98980626,0.01690826,0.00849153,0.01094717,0.14631983,0.97576521,0.20878431,-0.07069417,0.01283630,0.65407908,0.00000000,0.00000000,-0.75642617
150.00000000,1.00653403,0.01075420,-0.00092388,0.00748090,0.14521052,0.99769832,0.23516804,-0.03878861,0.02571854,0.65028879,0.00000000,0.00000000,-0.75968710
150.05000000,1.01089721,0.00078646,-0.00822513,0.00177756,0.16964593,0.97813995,0.15993679,0.02032766,0.03881990,0.64648224,0.00000000,0.00000000,-0.76292903
150.10000000,1.02149757,0.00665727,-0.01209082,0.02039784,0.18452732,0.96469693,0.15892403,-0.02498316,0.03948089,0.64265953,0.00000000,0.00000000,-0.76615189
150.15000000,0.97620545,-0.00119112,0.00781049,-0.02834112,0.19128367,0.99163009,0.16713655,-0.05457657,-0.03656294,0.63882076,0.00000000,0.00000000,-0.76935560
150.20000000,0.97327902,-0.00326190,0.00219596,-0.01219337,0.20335683,0.98209905,0.21662835,-0.02097784,0.03522994,0.63496601,0.00000000,0.00000000,-0.77254008
150.25000000,1.01290561,-0.00407519,0.00761032,0.00772027,0.20761593,0.99585853,0.17251039,-0.02185221,-0.03274668,0.63109539,0.00000000,0.00000000,-0.77570524
150.30000000,1.00725022,-0.00272486,-0.00695749,0.01663148,0.23131283,0.97371777,0.14384765,0.08033903,0.02305171,0.62720899,0.00000000,0.00000000,-0.77885100
150.35000000,1.00420722,0.00105001,-0.00800318,-0.00413285,0.22975419,0.97034810,0.22436361,-0.00240227,-0.04526542,0.62330691,0.00000000,0.00000000,-0.78197730
150.40000000,1.01621131,0.00594033,0.00330648,0.00555021,0.21478500,0.96761344,0.13669704,0.00257614,0.01657524,0.61938925,0.00000000,0.00000000,-0.78508405
150.45000000,1.00141339,0.01178589,-0.01497352,-0.00799251,0.24657105,0.97280887,0.14617215,0.05051044,0.07101499,0.61545610,0.00000000,0.00000000,-0.78817116
150.50000000,1.00425587,-0.01509071,0.00159725,0.00340343,0.24939856,0.98116921,0.19981507,0.09111800,0.03702207,0.61150757,0.00000000,0.00000000,-0.79123858
150.55000000,1.00276080,0.00920427,0.01530885,0.00899052,0.26102283,0.95852805,0.15481783,-0.11215228,0.00979195,0.60754375,0.00000000,0.00000000,-0.79428621
150.60000000,0.99612330,-0.00334129,0.01028858,-0.00112073,0.29037024,0.95673023,0.16157774,-0.05924321,0.03432241,0.60356474,0.00000000,0.00000000,-0.79731399
150.65000000,1.01151486,-0.00594395,-0.01063983,0.01530276,0.26652606,0.96980116,0.17946494,0.01475864,0.05016140,0.59957065,0.00000000,0.00000000,-0.80032184
150.70000000,1.00476256,-0.00295256,0.01396097,0.00289101,0.32743796,0.93978917,0.12808253,0.04146468,0.00058004,0.59556156,0.00000000,0.00000000,-0.80330967
150.75000000,1.00792609,-0.01098381,0.00054133,0.00457317,0.29472947,0.95620510,0.14411070,0.01465701,0.06664240,0.59153758,0.00000000,0.00000000,-0.80627743
150.80000000,0.98762422,-0.01297953,0.01189921,-0.01315638,0.31809629,0.95139097,0.18631443,0.06258498,0.04350803,0.58749882,0.00000000,0.00000000,-0.80922502
150.85000000,1.00279716,-0.02152667,0.00712254,-0.01070860,0.31696919,0.94776644,0.28984882,-0.01432533,-0.06162829,0.58344537,0.00000000,0.00000000,-0.81215239
150.90000000,1.01469644,0.00725732,0.00762976,0.01488418,0.34587591,0.93553660,0.14279305,0.03467637,-0.00973790,0.57937733,0.00000000,0.00000000,-0.81505945
150.95000000,0.99828222,-0.01121669,0.00583897,0.00402131,0.33651679,0.92723691,0.25907483,0.00843545,0.05199149,0.57529481,0.00000000,0.00000000,-0.81794614
151.00000000,0.97896987,0.00056823,-0.00716899,0.00036147,0.35689802,0.94139209,0.20581045,-0.00242844,-0.06775482,0.57119790,0.00000000,0.00000000,-0.82081238
151.05000000,0.99093432,0.01121288,-0.00505537,0.01140419,0.36508902,0.94296318,0.21988838,-0.02249888,-0.00475973,0.56708672,0.00000000,0.00000000,-0.82365809
151.10000000,1.00640386,-0.02125614,0.01243776,-0.00500119,0.36528618,0.92977960,0.20321863,-0.06174784,0.00878535,0.56296136,0.00000000,0.00000000,-0.82648322
151.15000000,1.00594365,-0.02044452,-0.01300786,0.00895865,0.38253409,0.92983568,0.17449341,0.02900317,-0.05179535,0.55882192,0.00000000,0.00000000,-0.82928768
151.20000000,0.99862664,-0.01306493,-0.00162002,-0.01030391,0.39224379,0.92737945,0.17948308,0.04575966,-0.04076772,0.55466852,0.00000000,0.00000000,-0.83207141
151.25000000,0.99964716,-0.00614821,0.00742372,0.00643442,0.40691633,0.91998453,0.07264281,-0.02226902,0.07200054,0.55050124,0.00000000,0.00000000,-0.83483434
151.30000000,0.99675005,-0.01917536,0.00449332,0.00524059,0.39579647,0.91270234,0.16710777,0.02037003,0.00453120,0.54632021,0.00000000,0.00000000,-0.83757640
151.35000000,0.98834225,-0.00009544,-0.00733024,0.01461061,0.42113683,0.90987066,0.20862530,0.04233745,-0.00576409,0.54212551,0.00000000,0.00000000,-0.84029752
151.40000000,1.00758393,0.01477386,-0.00490882,0.01646145,0.43484120,0.90941156,0.18514765,0.00755923,-0.00893441,0.53791727,0.00000000,0.00000000,-0.84299764
151.45000000,0.99207228,0.00532275,-0.01023524,-0.00338555,0.42708405,0.88901520,0.23444776,-0.01321159,0.06008604,0.53369557,0.00000000,0.00000000,-0.84567667
151.50000000,0.99755347,-0.00406595,-0.00904643,0.00039029,0.43978986,0.90573702,0.20799718,0.09064285,0.02240266,0.52946054,0.00000000,0.00000000,-0.84833457
151.55000000,0.99013163,-0.01071476,0.00534797,-0.01018328,0.45425260,0.90283747,0.24613212,-0.04187124,0.04320944,0.52521226,0.00000000,0.00000000,-0.85097126
151.60000000,1.00322589,-0.00607871,-0.00159401,0.00471280,0.45049189,0.89237201,0.26964928,0.04011390,0.00566653,0.52095086,0.00000000,0.00000000,-0.85358667
151.65000000,1.00234143,-0.00538063,-0.00509896,-0.01537196,0.46860202,0.89156181,0.20183178,-0.04223513,0.00495736,0.51667643,0.00000000,0.00000000,-0.85618074
151.70000000,1.01341765,0.00897982,-0.00029474,0.02047430,0.50190201,0.87523033,0.19400370,0.02800672,-0.03882954,0.51238909,0.00000000,0.00000000,-0.85875341
151.75000000,1.00849134,0.00101468,0.00371638,-0.00575438,0.47581423,0.85538403,0.27140142,0.03910276,0.03211353,0.50808894,0.00000000,0.00000000,-0.86130461
151.80000000,1.00348326,-0.02304228,-0.00751101,-0.00256081,0.48160586,0.85342287,0.16129100,-0.00080226,0.00420919,0.50377608,0.00000000,0.00000000,-0.86383428
151.85000000,1.00907523,0.02063180,0.00685762,-0.00175550,0.51910140,0.84957110,0.11203131,-0.04265548,0.03832213,0.49945063,0.00000000,0.00000000,-0.86634235
151.90000000,1.00168560,-0.01128324,-0.00727095,-0.01241484,0.49731176,0.87584688,0.19858539,0.07613812,-0.03780265,0.49511269,0.00000000,0.00000000,-0.86882876
151.95000000,1.00491125,0.00227083,0.00879682,0.00254549,0.52815541,0.86073808,0.15619684,0.02976800,-0.00261073,0.49076238,0.00000000,0.00000000,-0.87129346
152.00000000,0.99223280,0.00693978,0.00921559,-0.00483565,0.52332483,0.83609918,0.12429015,-0.01383636,0.03742175,0.48639980,0.00000000,0.00000000,-0.87373637
152.05000000,0.99426734,0.01427794,-0.00205074,-0.00201009,0.53241278,0.85447559,0.16211622,-0.00876727,-0.02247922,0.48202505,0.00000000,0.00000000,-0.87615743
152.10000000,0.99438432,0.00035154,-0.00113323,0.01051671,0.54361565,0.84481454,0.21272585,0.05977801,-0.01152307,0.47763826,0.00000000,0.00000000,-0.87855660
152.15000000,0.99700429,0.00745039,-0.00316003,0.00498392,0.57546785,0.82399585,0.27349839,-0.02501215,0.06182281,0.47323952,0.00000000,0.00000000,-0.88093380
152.20000000,1.00686046,0.00600328,-0.00150963,-0.00250503,0.55317874,0.82828566,0.19677523,0.00554260,-0.06108641,0.46882896,0.00000000,0.00000000,-0.88328897
152.25000000,1.00022645,0.01262653,0.00944049,0.00023002,0.59427707,0.81680406,0.20112391,-0.06786900,-0.01605112,0.46440667,0.00000000,0.00000000,-0.88562207
152.30000000,1.01787814,-0.00365481,-0.01527831,0.00871999,0.58074220,0.82515649,0.19171547,-0.04803995,-0.00621188,0.45997277,0.00000000,0.00000000,-0.88793302
152.35000000,1.00554845,-0.00072327,0.00387955,-0.00536818,0.58924058,0.81101064,0.17343236,0.00325876,-0.01529340,0.45552738,0.00000000,0.00000000,-0.89022177
152.40000000,1.00617164,0.00873157,0.00501538,-0.01634987,0.58342293,0.79878466,0.16938775,-0.02727685,0.04337837,0.45107060,0.00000000,0.00000000,-0.89248827
152.45000000,1.00698654,-0.00423851,0.00591794,0.00328842,0.60076376,0.81066182,0.17542593,-0.00064052,-0.04499589,0.44660253,0.00000000,0.00000000,-0.89473246
152.50000000,0.98997071,-0.01360765,-0.00985857,0.00083101,0.60602912,0.79043007,0.19162102,0.07627946,-0.04885624,0.44212331,0.00000000,0.00000000,-0.89695428
152.55000000,0.98755907,-0.00845423,-0.00071895,0.00514771,0.62314054,0.79644508,0.20015941,-0.02072402,0.07505058,0.43763303,0.00000000,0.00000000,-0.89915368
152.60000000,0.97215792,0.00062759,0.00430007,0.01873684,0.60818801,0.77658852,0.14428583,-0.08342136,-0.00714667,0.43313181,0.00000000,0.00000000,-0.90133059
152.65000000,1.00833094,0.01205970,-0.00531873,0.00666526,0.63059301,0.78006877,0.25662970,-0.01168625,0.05016376,0.42861976,0.00000000,0.00000000,-0.90348497
152.70000000,0.98786973,0.00656511,0.01033673,0.00930209,0.62843326,0.76608060,0.21851368,0.01681391,0.00718213,0.42409700,0.00000000,0.00000000,-0.90561677
152.75000000,1.01429186,-0.01295646,-0.00240251,-0.01687772,0.65414520,0.76724377,0.35475410,0.04290020,0.01681910,0.41956363,0.00000000,0.00000000,-0.90772593
152.80000000,1.00254895,-0.00316611,0.00130488,0.00276249,0.63586957,0.75714941,0.20951729,0.07544186,-0.00388854,0.41501978,0.00000000,0.00000000,-0.90981239
152.85000000,0.99234455,0.00268532,0.00074348,-0.00130601,0.65024618,0.74702726,0.17909775,-0.01268135,0.03474289,0.41046555,0.00000000,0.00000000,-0.91187611
152.90000000,0.99325486,-0.00221232,0.00541205,-0.00269402,0.69658053,0.74440844,0.14946068,-0.04053476,-0.04003516,0.40590106,0.00000000,0.00000000,-0.91391703
152.95000000,0.99174974,0.00536978,-0.01106509,-0.00331206,0.68930168,0.72998018,0.23502979,-0.07826472,-0.01457441,0.40132642,0.00000000,0.00000000,-0.91593510
153.00000000,0.99114055,0.00299771,-0.01034778,0.02069657,0.66879813,0.73972033,0.24427775,0.01085741,0.00443433,0.39674174,0.00000000,0.00000000,-0.91793027
153.05000000,1.01854959,0.02470964,-0.00207267,0.00157769,0.68691722,0.70978142,0.22571103,0.00816345,-0.07001129,0.39214715,0.00000000,0.00000000,-0.91990250
153.10000000,1.00456002,0.00283140,-0.00601245,-0.00666523,0.70385902,0.73060274,0.22281679,0.03190432,-0.03521695,0.38754276,0.00000000,0.00000000,-0.92185173
153.15000000,0.99585728,0.00608017,-0.01358345,0.00207202,0.71166549,0.70709676,0.21928275,-0.00041422,-0.02582391,0.38292867,0.00000000,0.00000000,-0.92377791
153.20000000,0.98821893,-0.00090313,0.01304506,0.01024381,0.71031730,0.69671849,0.18533546,-0.02265879,0.01486855,0.37830502,0.00000000,0.00000000,-0.92568100
153.25000000,1.01057481,0.02262809,-0.00829848,0.00651180,0.72616196,0.68990946,0.15911547,0.00931506,0.09680391,0.37367190,0.00000000,0.00000000,-0.92756095
153.30000000,1.00269047,-0.00787232,-0.00157266,-0.01140174,0.72781964,0.69279908,0.17402598,-0.14859531,0.01438250,0.36902945,0.00000000,0.00000000,-0.92941770
153.35000000,0.99498447,-0.00750670,-0.00759302,0.00400252,0.73037863,0.68795894,0.24759493,-0.01510303,-0.02129383,0.36437777,0.00000000,0.00000000,-0.93125122
153.40000000,1.00127709,-0.00145393,-0.01752514,0.01914104,0.74835075,0.66664125,0.11929674,-0.01106916,-0.02429512,0.35971698,0.00000000,0.00000000,-0.93306147
153.45000000,0.99939427,-0.02163870,-0.00472247,-0.00411322,0.74596023,0.66146851,0.20733673,0.06502912,-0.02103213,0.35504719,0.00000000,0.00000000,-0.93484838
153.50000000,0.99088842,-0.01727331,-0.00511111,-0.01401251,0.76408475,0.65535763,0.24701415,0.06254797,-0.03668656,0.35036853,0.00000000,0.00000000,-0.93661192
153.55000000,0.99652640,0.01331687,0.00189218,0.00521510,0.77133891,0.65770631,0.22335184,0.05944718,-0.00105243,0.34568111,0.00000000,0.00000000,-0.93835205
153.60000000,1.00519414,-0.00176759,0.01020552,-0.00700765,0.75062983,0.64764801,0.15937802,-0.05305405,0.05856939,0.34098505,0.00000000,0.00000000,-0.94006872
153.65000000,1.00966280,-0.00342501,-0.03045463,0.00533240,0.78045595,0.63856036,0.22605721,-0.01111197,-0.01635674,0.33628046,0.00000000,0.00000000,-0.94176189
153.70000000,0.98893838,-0.00697397,0.00321485,0.00337927,0.78802427,0.61155809,0.13079717,-0.01998093,-0.04361345,0.33156747,0.00000000,0.00000000,-0.94343151
153.75000000,1.00185987,-0.01309877,0.01180232,-0.00822060,0.80226988,0.62303301,0.15780859,0.09067984,0.01387139,0.32684619,0.00000000,0.00000000,-0.94507755
153.80000000,1.00166119,-0.00065212,0.00466553,0.00525421,0.78383188,0.60776029,0.21017430,0.02306095,0.02881892,0.32211674,0.00000000,0.00000000,-0.94669996
153.85000000,1.00164542,-0.00550323,-0.00601592,-0.01191488,0.80446686,0.59578085,0.19642448,0.00763223,0.00217594,0.31737923,0.00000000,0.00000000,-0.94829870
153.90000000,0.99994389,-0.00904962,0.00268863,-0.00312829,0.80365622,0.60550494,0.22759852,-0.02852720,-0.00465963,0.31263379,0.00000000,0.00000000,-0.94987374
153.95000000,1.01599437,-0.00307382,0.00039881,0.00664146,0.81257107,0.58212231,0.17175322,-0.00345164,0.03142752,0.30788053,0.00000000,0.00000000,-0.95142502
154.00000000,1.01320900,-0.01465354,0.01762784,-0.00288409,0.82548531,0.57034179,0.13296107,-0.06171674,-0.01280084,0.30311958,0.00000000,0.00000000,-0.95295253
154.05000000,1.00524093,0.00031192,-0.00250235,0.01118023,0.82199316,0.57232387,0.34412937,-0.00335949,-0.02911914,0.29835105,0.00000000,0.00000000,-0.95445621
154.10000000,1.00480960,0.00734089,0.00300983,0.00156912,0.84244968,0.57485042,0.19976308,-0.03177795,0.02119453,0.29357506,0.00000000,0.00000000,-0.95593603
154.15000000,0.99350767,0.00885162,0.00424056,0.02670031,0.84793164,0.54218635,0.18179906,-0.08859446,-0.09360294,0.28879173,0.00000000,0.00000000,-0.95739195
154.20000000,1.00113827,-0.01192384,0.01641186,0.01157915,0.83597172,0.54133113,0.27142790,0.07367957,-0.03970705,0.28400118,0.00000000,0.00000000,-0.95882393
154.25000000,0.98938817,-0.00301091,0.00431192,-0.00513672,0.84861292,0.55570328,0.14212037,-0.02293123,-0.06002816,0.27920353,0.00000000,0.00000000,-0.96023195
154.30000000,0.99163415,-0.00294676,-0.00727211,0.00519978,0.85092005,0.53072291,0.19128406,-0.01259756,-0.01368336,0.27439890,0.00000000,0.00000000,-0.96161595
154.35000000,0.99751342,0.00419009,-0.01923491,0.00287941,0.84595795,0.51582380,0.13516613,-0.01904029,0.01442735,0.26958741,0.00000000,0.00000000,-0.96297592
154.40000000,1.00457084,-0.01186332,0.00408839,0.01139776,0.85485766,0.51064923,0.11249179,-0.04311658,0.01409803,0.26476918,0.00000000,0.00000000,-0.96431182
154.45000000,1.00955467,-0.00599278,0.02669386,0.00313890,0.85212432,0.51488860,0.14896668,0.01168770,-0.03955692,0.25994433,0.00000000,0.00000000,-0.96562360
154.50000000,0.98642566,0.00962152,-0.00259777,0.01725672,0.85965539,0.47774683,0.18354871,0.12626748,0.03929384,0.25511299,0.00000000,0.00000000,-0.96691125
154.55000000,1.00553893,0.00586939,-0.00484843,0.02729350,0.87930544,0.48826353,0.24904441,-0.05994117,-0.03732559,0.25027526,0.00000000,0.00000000,-0.96817472
154.60000000,0.99754486,0.00991328,-0.01298053,-0.00067354,0.87743848,0.46010518,0.18223989,0.02125025,-0.06433384,0.24543128,0.00000000,0.00000000,-0.96941399
154.65000000,1.01411335,0.00468045,0.00346007,0.00008188,0.87331819,0.46053315,0.22118263,-0.03214291,0.01044112,0.24058116,0.00000000,0.00000000,-0.97062902
154.70000000,0.99101119,0.00451430,0.00526081,-0.01627689,0.88954050,0.44294782,0.12177172,-0.02955967,0.12708196,0.23572503,0.00000000,0.00000000,-0.97181979
154.75000000,1.00775388,0.01392104,0.00608417,0.00205443,0.90235846,0.44285736,0.22604205,0.04964141,0.03327909,0.23086301,0.00000000,0.00000000,-0.97298626
154.80000000,1.01242780,0.00182600,0.01692081,-0.00208232,0.91902925,0.44603279,0.18782940,-0.05573230,-0.03413446,0.22599521,0.00000000,0.00000000,-0.97412841
154.85000000,0.99040638,-0.00088719,-0.01273958,0.01292758,0.90331756,0.43199782,0.15288232,-0.03739241,-0.09729785,0.22112176,0.00000000,0.00000000,-0.97524621
154.90000000,1.01617805,-0.01417717,-0.01341904,0.01413173,0.91035376,0.42346018,0.22021727,0.03965972,0.00646656,0.21624279,0.00000000,0.00000000,-0.97633962
154.95000000,0.98456465,0.00733190,0.00422344,0.01171553,0.89816426,0.40587365,0.22253475,-0.04523984,-0.10322232,0.21135841,0.00000000,0.00000000,-0.97740863
155.00000000,1.00197331,0.00895008,-0.00128932,0.00548135,0.91877499,0.40414496,0.21108046,0.05733529,-0.04112260,0.20646875,0.00000000,0.00000000,-0.97845320
155.05000000,1.00773045,-0.01180878,-0.00794780,0.01195917,0.90663760,0.39245663,0.31060265,0.04286402,-0.03096733,0.20157392,0.00000000,0.00000000,-0.97947330
155.10000000,0.99434175,-0.00170116,0.01311944,-0.01001647,0.91201694,0.39279913,0.12981727,-0.04374461,-0.00180529,0.19667405,0.00000000,0.00000000,-0.98046893
155.15000000,0.99966180,-0.01364620,0.00353740,0.00553765,0.91982420,0.39302766,0.22018765,-0.04793866,0.07448351,0.19176927,0.00000000,0.00000000,-0.98144004
155.20000000,0.99476676,0.00178873,-0.00486781,0.00624153,0.92535163,0.36292836,0.19784558,-0.02544790,0.04993301,0.18685970,0.00000000,0.00000000,-0.98238661
155.25000000,0.98742207,-0.00037148,0.00089465,-0.00124634,0.94347469,0.34277758,0.23039803,-0.05867596,-0.02075318,0.18194545,0.00000000,0.00000000,-0.98330863
155.30000000,0.98652310,-0.00332091,-0.00578211,0.01638272,0.93973679,0.35285927,0.15547093,0.03009725,0.07526369,0.17702665,0.00000000,0.00000000,-0.98420606
155.35000000,1.00869909,-0.01312013,-0.00464142,0.00108490,0.93498919,0.36440082,0.18343194,-0.00493873,-0.02484301,0.17210343,0.00000000,0.00000000,-0.98507889
155.40000000,1.00231684,0.01382350,0.00114855,-0.00219013,0.93336533,0.34173487,0.19857381,-0.01134931,-0.10260045,0.16717590,0.00000000,0.00000000,-0.98592709
155.45000000,0.99872783,-0.00401105,-0.01826004,0.00989611,0.94200121,0.33914482,0.26825575,-0.03519507,0.06323757,0.16224420,0.00000000,0.00000000,-0.98675064
155.50000000,1.01610542,-0.00559036,-0.01032660,-0.02155355,0.95431253,0.30096649,0.22335780,-0.02839507,-0.03287066,0.15730844,0.00000000,0.00000000,-0.98754952
155.55000000,0.99438509,-0.01299817,-0.00561953,-0.00736613,0.95342597,0.30222187,0.15709559,0.04622950,-0.00513613,0.15236875,0.00000000,0.00000000,-0.98832371
155.60000000,1.01502439,0.00241082,0.00069104,-0.00490978,0.96267999,0.29196438,0.24339175,0.06876268,-0.03050585,0.14742524,0.00000000,0.00000000,-0.98907320
155.65000000,1.00613464,0.00585116,0.00458112,-0.00433199,0.95527034,0.27621016,0.17800095,-0.04057151,-0.00267326,0.14247806,0.00000000,0.00000000,-0.98979796
155.70000000,0.99242182,0.00435644,0.00056954,0.00169123,0.95943759,0.27313002,0.19393940,0.03186223,-0.01778425,0.13752731,0.00000000,0.00000000,-0.99049798
155.75000000,1.00375524,-0.01306371,0.00712075,-0.00559261,0.95572602,0.25141786,0.15053290,-0.02453205,0.06902067,0.13257312,0.00000000,0.00000000,-0.99117323
155.80000000,0.99356677,-0.02209171,0.00365466,-0.01114257,0.97557658,0.24893362,0.19274599,0.05054537,0.02962570,0.12761562,0.00000000,0.00000000,-0.99182370
155.85000000,0.98753623,-0.01099259,-0.01783530,0.02603221,0.96128447,0.25515574,0.18119596,-0.05129261,0.00296423,0.12265492,0.00000000,0.00000000,-0.99244938
155.90000000,0.99673336,0.00801875,0.00814384,-0.00590141,0.95789804,0.22177484,0.10292538,-0.01527421,0.00147227,0.11769117,0.00000000,0.00000000,-0.99305025
155.95000000,0.98857172,-0.01263651,-0.00016084,-0.00631955,0.97245710,0.22033973,0.21612355,-0.02828005,-0.01985731,0.11272446,0.00000000,0.00000000,-0.99362629
156.00000000,0.98118201,-0.00050333,0.00088692,-0.00177699,0.99589608,0.21588287,0.19800213,0.01932244,0.09649013,0.10775494,0.00000000,0.00000000,-0.99417749
156.05000000,1.00252723,-0.02223483,0.00432059,-0.00879235,0.95964667,0.22145237,0.27125230,-0.04348077,-0.03818801,0.10278273,0.00000000,0.00000000,-0.99470383
156.10000000,1.00160167,-0.00885179,-0.00135074,-0.00713182,0.97686319,0.18063443,0.24198002,0.05083508,-0.00248126,0.09780795,0.00000000,0.00000000,-0.99520531
156.15000000,0.99963757,0.00629157,0.00001901,0.01729564,0.96960129,0.19346916,0.19989271,-0.05314215,0.10249286,0.09283072,0.00000000,0.00000000,-0.99568191
156.20000000,1.02385200,-0.00207870,0.00444725,-0.00471186,0.98146139,0.16369802,0.14774493,0.07947289,0.00026625,0.08785117,0.00000000,0.00000000,-0.99613361
156.25000000,1.00050585,-0.00810518,0.00189970,-0.01503794,0.97852793,0.15317103,0.26281954,-0.07687514,-0.05073612,0.08286943,0.00000000,0.00000000,-0.99656041
156.30000000,0.97952411,-0.00890012,-0.00459521,0.00977780,0.98564769,0.15119217,0.21841230,-0.02280723,0.10977436,0.07788561,0.00000000,0.00000000,-0.99696230
156.35000000,0.99408997,0.00413712,0.00826456,-0.00619714,0.99102495,0.14040330,0.21725458,0.00151347,-0.00427365,0.07289985,0.00000000,0.00000000,-0.99733927
156.40000000,0.98844436,0.01863695,0.00586399,-0.01588637,0.98657215,0.11981698,0.23908131,-0.00397415,0.00218236,0.06791226,0.00000000,0.00000000,-0.99769130
156.45000000,0.99157633,-0.00315564,0.00787184,0.01055832,1.00054561,0.11007490,0.19667664,0.00832852,-0.03086016,0.06292298,0.00000000,0.00000000,-0.99801839
156.50000000,0.98340984,-0.01286631,0.01499775,-0.01191461,0.99376335,0.11410630,0.19812267,-0.01730464,0.03729128,0.05793212,0.00000000,0.00000000,-0.99832052
156.55000000,1.00035613,-0.00625655,0.00051344,-0.01277544,0.99915420,0.09892148,0.17712199,0.01994418,-0.01621572,0.05293981,0.00000000,0.00000000,-0.99859770
156.60000000,0.99648984,0.01167630,-0.00973188,0.00498385,1.00489757,0.10745106,0.30233693,-0.03171738,-0.03681527,0.04794618,0.00000000,0.00000000,-0.99884992
156.65000000,1.00817215,0.00940241,-0.00790735,0.00484804,1.02355243,0.08687008,0.24630012,0.06751384,0.11397093,0.04295136,0.00000000,0.00000000,-0.99907716
156.70000000,1.00245700,0.01253034,-0.00788494,0.00024881,0.99265424,0.05700280,0.13331015,0.01623164,0.02211070,0.03795545,0.00000000,0.00000000,-0.99927943
156.75000000,0.98958371,0.01557385,-0.01109982,0.00257269,0.99367507,0.06695088,0.24518363,0.03086936,0.03365567,0.03295860,0.00000000,0.00000000,-0.99945672
156.80000000,1.00580156,-0.01272744,0.01134530,-0.01060288,0.99737603,0.05238673,0.22065799,-0.02467712,-0.00508881,0.02796093,0.00000000,0.00000000,-0.99960902
156.85000000,1.01618868,-0.01295253,-0.00002466,-0.01114127,1.00568894,0.03864572,0.20672340,-0.06224082,0.05975942,0.02296256,0.00000000,0.00000000,-0.99973633
156.90000000,1.00072790,0.00137766,0.00829062,-0.01251409,0.99320439,0.03762196,0.12620149,-0.07699715,-0.03472797,0.01796361,0.00000000,0.00000000,-0.99983864
156.95000000,0.98859002,-0.00343863,0.00522432,0.00749880,1.01775796,0.02570000,0.21190314,-0.00411269,0.01632283,0.01296421,0.00000000,0.00000000,-0.99991596
157.00000000,1.00398367,0.00922118,0.00918208,0.00519363,1.01497486,0.01619605,0.17764986,-0.02303718,-0.00273308,0.00796449,0.00000000,0.00000000,-0.99996828
157.05000000,0.98916365,-0.00613368,-0.01139838,0.00343960,1.00352063,-0.01176003,0.17574856,0.07862493,0.03016462,0.00296457,0.00000000,0.00000000,-0.99999561
157.10000000,1.00454337,-0.00664253,0.00287283,-0.00014510,0.99202425,-0.00900873,0.18392491,-0.06957549,-0.05719173,-0.00203542,0.00000000,0.00000000,-0.99999793
157.15000000,0.99800531,-0.00847998,-0.00300918,-0.01605653,1.00791427,0.00673441,0.25094653,0.04755905,0.03000105,-0.00703536,0.00000000,0.00000000,-0.99997525
157.20000000,1.00265586,0.00086523,-0.00914527,0.00690056,1.00601740,-0.02869862,0.22852362,-0.03403418,-0.02618588,-0.01203513,0.00000000,0.00000000,-0.99992758
157.25000000,1.00775105,0.00430527,-0.00231944,-0.00347666,1.00116737,-0.05241826,0.17111152,-0.05957740,0.00253009,-0.01703460,0.00000000,0.00000000,-0.99985490
157.30000000,1.01088618,0.00477159,-0.00511498,-0.00706597,0.99149037,-0.02406041,0.20804384,0.00593313,-0.09241259,-0.02203364,0.00000000,0.00000000,-0.99975723
157.35000000,0.98819061,-0.00044177,-0.00498162,0.00133058,0.99973732,-0.04803998,0.12140855,-0.05242732,-0.00245480,-0.02703213,0.00000000,0.00000000,-0.99963457
157.40000000,0.99352597,-0.00310278,0.00109027,-0.00744933,0.99987087,-0.05858717,0.20791042,0.02923193,-0.09517689,-0.03202994,0.00000000,0.00000000,-0.99948691
157.45000000,0.99413965,0.00892331,-0.00864353,-0.01000059,0.99599533,-0.07417632,0.18108763,0.07944713,0.01481226,-0.03702695,0.00000000,0.00000000,-0.99931427
157.50000000,0.99097117,-0.01439507,0.00405577,-0.00926579,1.01799432,-0.07969241,0.23004271,0.00812163,0.05215811,-0.04202304,0.00000000,0.00000000,-0.99911664
157.55000000,0.97604651,-0.01203270,0.01034138,0.01500580,0.98322578,-0.11211847,0.21249180,0.01870830,0.00859114,-0.04701808,0.00000000,0.00000000,-0.99889404
157.60000000,0.99940371,-0.01851855,-0.00375010,-0.00225901,0.98910711,-0.12307046,0.23115021,0.03571808,-0.03353759,-0.05201194,0.00000000,0.00000000,-0.99864646
157.65000000,0.99814028,-0.00496912,-0.00487192,0.00493166,0.99867416,-0.10307590,0.25213314,-0.01068340,0.12910277,-0.05700450,0.00000000,0.00000000,-0.99837392
157.70000000,1.01549952,-0.00658140,0.00126599,-0.01985813,0.99258566,-0.10701582,0.32938372,-0.00842374,0.01697640,-0.06199564,0.00000000,0.00000000,-0.99807642
157.75000000,1.00605312,0.01979704,-0.00982974,0.02655513,0.98785524,-0.14537108,0.19090109,-0.03920664,0.02074968,-0.06698522,0.00000000,0.00000000,-0.99775397
157.80000000,0.98347606,0.00141640,0.00663969,0.01482834,0.99644580,-0.12936021,0.17791372,0.01462872,-0.09769406,-0.07197313,0.00000000,0.00000000,-0.99740657
157.85000000,0.99886012,0.00386751,0.00477233,-0.01574077,0.98425289,-0.15596961,0.18581118,0.02942325,-0.00769682,-0.07695925,0.00000000,0.00000000,-0.99703424
157.90000000,1.00099327,-0.00489620,0.01064824,0.01139234,0.98348713,-0.13482982,0.17072207,0.04204322,-0.04053004,-0.08194343,0.00000000,0.00000000,-0.99663698
157.95000000,1.00773024,0.00695004,-0.01011738,-0.00130603,1.00356528,-0.18133610,0.22297199,0.01200330,0.00010905,-0.08692557,0.00000000,0.00000000,-0.99621481
158.00000000,0.98268870,0.00828625,0.00011616,0.01103846,0.98542432,-0.18238845,0.22166054,-0.04716372,0.07168063,-0.09190554,0.00000000,0.00000000,-0.99576773
158.05000000,0.99624586,-0.00362562,0.01292296,0.00247342,0.97886279,-0.18871669,0.23299486,-0.00829231,0.04324786,-0.09688321,0.00000000,0.00000000,-0.99529576
158.10000000,0.98729446,0.00261810,0.00800270,0.00621795,0.95683922,-0.20392328,0.15070662,0.05450146,-0.01547147,-0.10185845,0.00000000,0.00000000,-0.99479890
158.15000000,1.01174704,-0.01217044,0.00390643,0.00007941,1.00481490,-0.20066028,0.25481442,0.08768632,0.01469047,-0.10683115,0.00000000,0.00000000,-0.99427718
158.20000000,0.99900494,-0.00213524,0.00327817,-0.02770123,0.97502425,-0.21993260,0.19803015,-0.07146427,-0.00470090,-0.11180118,0.00000000,0.00000000,-0.99373059
158.25000000,0.98466301,0.01773758,-0.00257350,-0.02062704,0.97066516,-0.22298527,0.21287445,-0.04386889,-0.02833218,-0.11676842,0.00000000,0.00000000,-0.99315917
158.30000000,0.99713153,-0.00439663,-0.01259566,-0.00067598,0.95702494,-0.23216435,0.25290131,-0.04786391,-0.03004929,-0.12173273,0.00000000,0.00000000,-0.99256292
158.35000000,0.99577000,-0.00031518,0.00256848,0.00463053,0.97229448,-0.23580752,0.20769956,-0.06124874,-0.06996478,-0.12669401,0.00000000,0.00000000,-0.99194185
158.40000000,1.01635787,0.00509656,0.00206452,0.00449011,0.96693813,-0.25668053,0.18833734,0.04418983,-0.02147269,-0.13165211,0.00000000,0.00000000,-0.99129598
158.45000000,0.99096713,-0.01690845,-0.00237725,0.01267503,0.95810360,-0.28443804,0.21773790,-0.03211664,0.07124061,-0.13660692,0.00000000,0.00000000,-0.99062533
158.50000000,1.01074598,-0.01270895,-0.00173895,-0.00755271,0.94831744,-0.28082498,0.24159248,-0.00665406,-0.02108299,-0.14155832,0.00000000,0.00000000,-0.98992992
158.55000000,0.97793763,-0.00665815,0.00551805,-0.01341941,0.96989750,-0.29568703,0.21366341,-0.02085005,-0.05060648,-0.14650618,0.00000000,0.00000000,-0.98920975
158.60000000,1.00440296,-0.00598013,-0.00833031,-0.02376149,0.96715243,-0.29934526,0.25448729,0.02473585,0.05148116,-0.15145038,0.00000000,0.00000000,-0.98846486
158.65000000,0.99435855,-0.01372456,0.00762693,0.00130199,0.94642018,-0.30150574,0.21878002,0.02557420,-0.04372287,-0.15639079,0.00000000,0.00000000,-0.98769526
158.70000000,1.00977616,-0.00004631,0.01084870,0.00968253,0.95480999,-0.31953937,0.23673290,0.04667584,0.02913392,-0.16132729,0.00000000,0.00000000,-0.98690096
158.75000000,1.00202597,0.00711849,-0.00525704,0.01513990,0.92789711,-0.32754747,0.18684501,-0.03166155,0.01564878,-0.16625975,0.00000000,0.00000000,-0.98608199
158.80000000,0.98874524,0.02151932,-0.01352105,-0.00951268,0.93093246,-0.33533712,0.25037179,0.02052374,0.06784524,-0.17118807,0.00000000,0.00000000,-0.98523837
158.85000000,0.99172732,0.00658721,-0.00303537,0.00228074,0.94905587,-0.36364167,0.29404061,-0.00949551,-0.06985057,-0.17611210,0.00000000,0.00000000,-0.98437012
158.90000000,0.99307152,0.00102305,-0.00693076,-0.02047893,0.93542302,-0.36329866,0.23411986,-0.05077974,0.10313868,-0.18103172,0.00000000,0.00000000,-0.98347726
158.95000000,1.00513629,0.00196794,0.00623123,-0.01821512,0.92587797,-0.34757755,0.19068323,-0.00580966,-0.01886249,-0.18594683,0.00000000,0.00000000,-0.98255981
159.00000000,1.01464508,-0.00244634,-0.01251835,0.02578815,0.91339676,-0.37567161,0.16735381,-0.03437655,-0.04539715,-0.19085728,0.00000000,0.00000000,-0.98161780
159.05000000,0.99460008,0.00984033,-0.01901986,0.01260808,0.93423771,-0.37885979,0.21064252,0.00937168,0.06565694,-0.19576296,0.00000000,0.00000000,-0.98065124
159.10000000,0.98254215,0.00727290,-0.00746172,0.00825748,0.91333211,-0.38609587,0.13574963,-0.07869418,-0.00305632,-0.20066375,0.00000000,0.00000000,-0.97966018
159.15000000,1.01435530,0.00536284,0.00529114,0.00860194,0.91152080,-0.39623195,0.17907624,-0.01704317,-0.00649033,-0.20555952,0.00000000,0.00000000,-0.97864461
159.20000000,0.99454472,-0.00066051,-0.00254558,-0.00707665,0.91001545,-0.40992142,0.15581257,0.01566922,-0.02007805,-0.21045016,0.00000000,0.00000000,-0.97760459
159.25000000,1.00198204,-0.00665297,0.01050495,0.00956116,0.89676733,-0.41531757,0.26967923,-0.04540384,-0.03686082,-0.21533553,0.00000000,0.00000000,-0.97654012
159.30000000,1.00735059,-0.01307178,-0.00777513,-0.01014665,0.91048510,-0.43654329,0.19227215,-0.03646608,0.05336309,-0.22021552,0.00000000,0.00000000,-0.97545124
159.35000000,0.99140613,-0.01407600,-0.01446792,0.00693660,0.90632764,-0.42614192,0.14860756,-0.01334012,0.11055213,-0.22509000,0.00000000,0.00000000,-0.97433798
159.40000000,0.99697683,-0.00563409,-0.00021010,0.00529951,0.89937018,-0.45373639,0.17883643,-0.01625810,-0.03065047,-0.22995885,0.00000000,0.00000000,-0.97320035
159.45000000,0.98765237,0.01807952,-0.00406925,-0.00350243,0.88652643,-0.45731702,0.22444305,-0.02380401,0.05295344,-0.23482196,0.00000000,0.00000000,-0.97203840
159.50000000,1.00597816,-0.00190899,-0.00666235,0.01084927,0.88348734,-0.47781364,0.25066339,-0.03548240,0.04084054,-0.23967920,0.00000000,0.00000000,-0.97085214
159.55000000,0.97485732,-0.00368663,0.01159969,0.00005131,0.88639108,-0.48323309,0.22054985,-0.00283219,0.01288223,-0.24453044,0.00000000,0.00000000,-0.96964162
159.60000000,1.02039280,0.01304590,0.00791993,0.00804619,0.86653209,-0.48770631,0.13646086,-0.05977758,-0.03764700,-0.24937557,0.00000000,0.00000000,-0.96840685
159.65000000,0.99970875,-0.01225009,-0.00039170,-0.00154030,0.85940772,-0.47647009,0.14576541,0.04696828,-0.09881430,-0.25421447,0.00000000,0.00000000,-0.96714787
159.70000000,0.99857767,-0.01197625,-0.00654455,0.01810154,0.86231962,-0.51145422,0.22680774,-0.01890949,0.00874010,-0.25904701,0.00000000,0.00000000,-0.96586471
159.75000000,0.99085545,-0.00865216,-0.00787681,0.00798433,0.85847370,-0.51952406,0.21223679,0.00055443,0.02765230,-0.26387307,0.00000000,0.00000000,-0.96455741
159.80000000,0.99518199,-0.00077572,0.00421679,-0.01009353,0.86447086,-0.51745885,0.15576121,-0.05257015,-0.00244524,-0.26869254,0.00000000,0.00000000,-0.96322600
159.85000000,0.99449774,0.00754607,-0.00286752,0.00303047,0.84190350,-0.52638331,0.26383256,-0.00962450,-0.02272931,-0.27350529,0.00000000,0.00000000,-0.96187050
159.90000000,0.99136195,-0.00018771,0.01409315,-0.01363594,0.84458657,-0.55176951,0.18664536,0.00875140,-0.06867652,-0.27831121,0.00000000,0.00000000,-0.96049095
159.95000000,0.99555190,0.00290519,0.00131138,0.00338958,0.82995131,-0.54015370,0.17816682,0.02893236,-0.10133547,-0.28311016,0.00000000,0.00000000,-0.95908740
160.00000000,0.99710391,0.00098877,0.01349432,0.00086797,0.83610769,-0.54766955,0.26103976,-0.02007884,-0.06074858,-0.28790204,0.00000000,0.00000000,-0.95765986
160.05000000,0.98405453,0.00664195,0.00223207,-0.00256342,0.82280802,-0.55793067,0.21437911,0.01845864,-0.04758109,-0.29268672,0.00000000,0.00000000,-0.95620839
160.10000000,0.98235694,-0.00913527,-0.01351129,-0.01402926,0.83872760,-0.59066758,0.22600583,0.03756219,0.04616076,-0.29746408,0.00000000,0.00000000,-0.95473301
160.15000000,1.00277232,0.01319910,0.01783400,-0.00302231,0.82178392,-0.56344138,0.16645201,-0.01395261,-0.02598759,-0.30223401,0.00000000,0.00000000,-0.95323376
160.20000000,1.00460978,-0.01898099,0.01436627,0.00533797,0.81740586,-0.60797661,0.15848357,0.06365581,-0.00593383,-0.30699638,0.00000000,0.00000000,-0.95171068
160.25000000,0.98275936,0.00221622,0.00679158,0.00531492,0.80411848,-0.58107354,0.17360507,0.02115352,0.00803817,-0.31175108,0.00000000,0.00000000,-0.95016381
160.30000000,0.99866914,-0.00378997,-0.00343592,0.00032253,0.79673085,-0.59312495,0.18103001,0.06713611,-0.02396829,-0.31649798,0.00000000,0.00000000,-0.94859318
160.35000000,1.00920081,0.00963217,0.00165862,0.00076760,0.78632395,-0.61359279,0.21482902,-0.00501853,0.05490913,-0.32123697,0.00000000,0.00000000,-0.94699884
160.40000000,0.99545410,-0.00394064,-0.01664731,0.00643528,0.79302201,-0.60655684,0.25121667,0.03228276,0.03916864,-0.32596793,0.00000000,0.00000000,-0.94538083
160.45000000,1.00610069,0.00764093,-0.01841962,-0.01099791,0.76865533,-0.61146988,0.16998498,-0.03085524,0.00229772,-0.33069074,0.00000000,0.00000000,-0.94373918
160.50000000,0.98756321,0.00380545,-0.02130390,-0.01177490,0.77699476,-0.64436950,0.26309810,-0.00093032,0.05262772,-0.33540528,0.00000000,0.00000000,-0.94207394
160.55000000,1.00357917,-0.00011930,-0.00996562,0.00929146,0.77306097,-0.61882500,0.24204719,-0.02077240,0.01494333,-0.34011143,0.00000000,0.00000000,-0.94038514
160.60000000,1.00422138,0.01162958,0.01321870,-0.00161975,0.75005817,-0.66586424,0.15403780,-0.02946505,0.06927592,-0.34480909,0.00000000,0.00000000,-0.93867284
160.65000000,1.01519505,0.00960160,0.01230399,-0.00707393,0.74054897,-0.66498078,0.11400015,-0.05281759,-0.02062664,-0.34949812,0.00000000,0.00000000,-0.93693706
160.70000000,1.00166704,0.00135457,-0.00689637,0.00568948,0.74241090,-0.66233919,0.15536009,0.04568668,0.00293175,-0.35417842,0.00000000,0.00000000,-0.93517787
160.75000000,1.00678825,-0.01216193,0.00174424,0.00572334,0.72201488,-0.65821658,0.14912403,0.00643174,0.08194850,-0.35884986,0.00000000,0.00000000,-0.93339529
160.80000000,1.00954903,-0.01489938,-0.00178035,0.01233430,0.72754982,-0.68088726,0.18765337,0.02249292,-0.06673635,-0.36351233,0.00000000,0.00000000,-0.93158939
160.85000000,1.00626110,-0.00622799,-0.00011337,-0.00224871,0.73490568,-0.68482205,0.26941819,0.04124861,-0.03356791,-0.36816572,0.00000000,0.00000000,-0.92976019
160.90000000,1.01365298,0.00319406,0.00169883,0.00848209,0.71161408,-0.70566076,0.20611542,-0.03011464,0.09473951,-0.37280990,0.00000000,0.00000000,-0.92790774
160.95000000,0.99235677,0.00040247,0.00191964,0.01231274,0.70512530,-0.71517257,0.26736102,0.00060091,0.03821279,-0.37744475,0.00000000,0.00000000,-0.92603210
161.00000000,1.00856697,0.01030009,-0.00377863,-0.00648935,0.68808219,-0.71611657,0.20777948,-0.03436739,-0.04902264,-0.38207018,0.00000000,0.00000000,-0.92413331
161.05000000,1.00050422,0.01342942,-0.00056016,-0.01132820,0.71367205,-0.72095375,0.27115951,-0.01476769,0.00661212,-0.38668605,0.00000000,0.00000000,-0.92221142
161.10000000,1.01560893,-0.01351497,-0.01050105,-0.00326548,0.69238107,-0.69376558,0.16528469,-0.06132772,-0.03985181,-0.39129225,0.00000000,0.00000000,-0.92026647
161.15000000,1.00232133,0.00492036,-0.00707087,0.00021036,0.70599634,-0.72673628,0.21935511,0.08147812,-0.02921666,-0.39588867,0.00000000,0.00000000,-0.91829851
161.20000000,0.99236591,-0.00469682,-0.00527911,-0.01821013,0.68061917,-0.73174752,0.19668815,0.00806723,0.01354298,-0.40047520,0.00000000,0.00000000,-0.91630760
161.25000000,0.98683848,0.00288640,0.00558512,-0.01597101,0.68649738,-0.75303048,0.15409644,0.00603172,0.02591246,-0.40505171,0.00000000,0.00000000,-0.91429378
161.30000000,1.00777671,0.00560992,-0.00519703,0.00108561,0.66125932,-0.74561144,0.20806147,-0.02558020,-0.01352806,-0.40961810,0.00000000,0.00000000,-0.91225710
161.35000000,0.98147796,0.00830130,0.00297558,-0.02306680,0.66485100,-0.75449109,0.16310404,-0.04885841,-0.02877823,-0.41417424,0.00000000,0.00000000,-0.91019761
161.40000000,0.99068475,-0.00797188,0.01700634,0.00371126,0.66970717,-0.75823482,0.23090555,-0.04238633,-0.00551446,-0.41872003,0.00000000,0.00000000,-0.90811537
161.45000000,0.99918320,0.00620092,-0.00049484,0.00351327,0.64486508,-0.76997612,0.18685694,-0.03291828,0.05040209,-0.42325536,0.00000000,0.00000000,-0.90601043
161.50000000,0.99697568,0.00328898,-0.00156555,0.01062617,0.61412749,-0.77029648,0.14887870,0.01447270,-0.00455376,-0.42778010,0.00000000,0.00000000,-0.90388284
161.55000000,0.98521639,0.00337640,0.00224182,-0.00231221,0.62519788,-0.77801238,0.25769161,-0.01705712,0.04730417,-0.43229415,0.00000000,0.00000000,-0.90173265
161.60000000,0.99962550,0.01295735,-0.00235142,-0.00666324,0.60743932,-0.78618900,0.16952822,0.05981063,-0.03696181,-0.43679739,0.00000000,0.00000000,-0.89955992
161.65000000,0.99309977,0.00581083,0.01185792,0.00731045,0.62111363,-0.79279777,0.20204279,0.08696855,0.07759111,-0.44128971,0.00000000,0.00000000,-0.89736469
161.70000000,1.00714202,0.01106607,0.00858533,-0.01205974,0.60217991,-0.78309343,0.23721455,-0.00584382,0.06947370,-0.44577100,0.00000000,0.00000000,-0.89514704
161.75000000,1.00369302,0.00755580,0.00374531,0.00541162,0.60069252,-0.79105020,0.26894960,-0.02317341,0.01789894,-0.45024114,0.00000000,0.00000000,-0.89290700
161.80000000,1.01271009,-0.00131559,-0.01308896,-0.00908648,0.57809998,-0.81453408,0.17162766,0.04302302,-0.01037995,-0.45470003,0.00000000,0.00000000,-0.89064464
161.85000000,1.01261102,-0.01130293,-0.00353323,0.00104277,0.58647367,-0.80434039,0.18092572,0.04142703,-0.07321653,-0.45914755,0.00000000,0.00000000,-0.88836002
161.90000000,1.00871331,-0.01341065,0.00446644,0.01129187,0.57905281,-0.83791122,0.18499916,0.02906222,0.03278148,-0.46358359,0.00000000,0.00000000,-0.88605319
161.95000000,1.00275931,-0.02201607,0.01198049,0.01376260,0.56357434,-0.82489429,0.22749754,0.06231299,0.01320512,-0.46800804,0.00000000,0.00000000,-0.88372420
162.00000000,0.99808825,0.00381520,-0.00011110,0.00000249,0.53597859,-0.82752967,0.25738906,0.04263246,0.04452963,-0.47242080,0.00000000,0.00000000,-0.88137313
162.05000000,0.99946998,0.00145676,0.01191403,0.00867354,0.56014562,-0.84497980,0.17463617,-0.01787291,-0.04017370,-0.47682174,0.00000000,0.00000000,-0.87900002
162.10000000,0.98678545,0.00468637,0.00400550,0.00246226,0.54040986,-0.85830057,0.18353140,-0.01612431,0.00416926,-0.48121076,0.00000000,0.00000000,-0.87660493
162.15000000,0.98540237,-0.00927791,-0.00436478,0.01058285,0.53102778,-0.83877424,0.19952471,-0.00295578,0.02431935,-0.48558775,0.00000000,0.00000000,-0.87418793
162.20000000,0.99822789,-0.00624725,-0.01489785,-0.00597917,0.52825477,-0.84162471,0.17042337,-0.08053510,0.04343930,-0.48995260,0.00000000,0.00000000,-0.87174907
162.25000000,1.00069299,-0.01347047,-0.03110789,-0.00963411,0.50669527,-0.87090409,0.23594299,-0.03933914,0.00255463,-0.49430520,0.00000000,0.00000000,-0.86928842
162.30000000,1.02373489,0.00117461,-0.00115518,-0.00092928,0.50939558,-0.85900693,0.16011968,-0.02138732,-0.02784386,-0.49864545,0.00000000,0.00000000,-0.86680604
162.35000000,0.99717357,0.01826621,0.00617448,-0.00079763,0.50648119,-0.86755681,0.13174416,0.07141476,-0.00499437,-0.50297323,0.00000000,0.00000000,-0.86430199
162.40000000,0.97743973,-0.01599626,0.01127685,-0.01583400,0.49880914,-0.87352785,0.23692632,-0.01448473,0.02540559,-0.50728843,0.00000000,0.00000000,-0.86177633
162.45000000,1.00316567,-0.00038530,-0.01065439,0.00358528,0.45837915,-0.86983269,0.21380989,0.01775950,-0.11503162,-0.51159095,0.00000000,0.00000000,-0.85922913
162.50000000,0.98874266,-0.00505766,0.00673678,-0.00942811,0.49321427,-0.88650228,0.15956330,-0.01135618,-0.04052766,-0.51588069,0.00000000,0.00000000,-0.85666044
162.55000000,0.98815659,0.01010980,0.00513241,0.00516144,0.47163983,-0.88363551,0.15726410,0.02869150,-0.04838392,-0.52015752,0.00000000,0.00000000,-0.85407034
162.60000000,0.99521961,-0.00045718,-0.00147180,-0.01791183,0.44028844,-0.89327154,0.17768926,0.04736778,0.06002533,-0.52442135,0.00000000,0.00000000,-0.85145889
162.65000000,0.98879614,0.00059755,0.01582717,-0.00134218,0.43694188,-0.88889916,0.19273732,0.05383504,-0.02459787,-0.52867208,0.00000000,0.00000000,-0.84882615
162.70000000,0.99525412,0.00790156,0.00100544,0.00108406,0.41292145,-0.90540067,0.24364093,-0.03804858,0.03333483,-0.53290958,0.00000000,0.00000000,-0.84617219
162.75000000,1.00267990,-0.00199715,0.01357755,-0.00339844,0.42027318,-0.90825288,0.20860118,0.03129939,-0.06385467,-0.53713376,0.00000000,0.00000000,-0.84349708
162.80000000,1.00868045,0.00068098,0.00554035,0.02391850,0.40877563,-0.92257259,0.21366696,0.01274938,0.04097955,-0.54134451,0.00000000,0.00000000,-0.84080088
162.85000000,0.99461623,-0.00830107,-0.01532971,-0.01367494,0.40060881,-0.91558507,0.29735561,-0.07869463,0.01699960,-0.54554173,0.00000000,0.00000000,-0.83808366
162.90000000,0.99274064,0.00222867,-0.00553236,0.01035385,0.40589606,-0.91955213,0.26935904,0.03099309,0.06427713,-0.54972532,0.00000000,0.00000000,-0.83534548
162.95000000,0.99956863,0.00951799,-0.00768263,-0.00869659,0.40819857,-0.93318989,0.18549676,-0.08788145,-0.03582815,-0.55389515,0.00000000,0.00000000,-0.83258643
163.00000000,0.99005764,-0.00670291,0.00299884,0.00541035,0.36708975,-0.93404566,0.25345605,0.07326302,0.05816631,-0.55805114,0.00000000,0.00000000,-0.82980656
163.05000000,0.98353669,0.01189407,0.01853689,-0.01695949,0.37870465,-0.92762204,0.19036996,0.00174864,0.02182322,-0.56219318,0.00000000,0.00000000,-0.82700594
163.10000000,1.01157585,0.01106015,-0.01506927,-0.00648672,0.35949632,-0.91778424,0.08302287,-0.03031739,-0.06632935,-0.56632117,0.00000000,0.00000000,-0.82418465
163.15000000,0.98630622,0.00985735,-0.00531886,-0.02333698,0.34762344,-0.91668670,0.12420231,0.02083368,0.07210985,-0.57043500,0.00000000,0.00000000,-0.82134275
163.20000000,0.99950577,0.01928000,-0.00659811,0.01445940,0.35191945,-0.94081579,0.13849021,-0.04779872,-0.10283523,-0.57453456,0.00000000,0.00000000,-0.81848032
163.25000000,1.00594150,0.00474301,0.00079217,-0.00122714,0.34397426,-0.94086360,0.18019551,0.00358425,0.09356721,-0.57861976,0.00000000,0.00000000,-0.81559743
163.30000000,1.00622167,-0.00389918,-0.00044472,0.00463379,0.31673270,-0.95219377,0.20449367,0.06493578,0.03737355,-0.58269050,0.00000000,0.00000000,-0.81269415
163.35000000,0.99590471,0.00869013,0.00008573,0.00344588,0.31399293,-0.97136292,0.06871452,0.00713482,-0.03614112,-0.58674667,0.00000000,0.00000000,-0.80977055
163.40000000,0.98360737,-0.00822009,0.00924643,0.00357826,0.30965628,-0.94879640,0.16390858,0.03172814,0.02819507,-0.59078817,0.00000000,0.00000000,-0.80682671
163.45000000,0.99882517,0.00058840,0.00792466,-0.00749449,0.30326929,-0.95064808,0.20510098,0.06547897,-0.05588427,-0.59481490,0.00000000,0.00000000,-0.80386269
163.50000000,0.99539815,-0.00682251,0.00358091,0.01182413,0.27298279,-0.92612008,0.17536064,0.01313026,0.00212014,-0.59882676,0.00000000,0.00000000,-0.80087858
163.55000000,1.00046157,-0.00792411,0.01067546,-0.00853921,0.25551799,-0.97317516,0.26963648,0.05292273,-0.08776631,-0.60282366,0.00000000,0.00000000,-0.79787445
163.60000000,1.00813730,-0.01981933,-0.00027228,-0.01207752,0.27248205,-0.95909251,0.24880812,-0.01620353,-0.00655649,-0.60680548,0.00000000,0.00000000,-0.79485037
163.65000000,0.98500754,-0.01030485,0.00948533,0.00367265,0.25495817,-0.95460545,0.14685587,0.02920599,-0.05073349,-0.61077213,0.00000000,0.00000000,-0.79180642
163.70000000,1.01477874,0.00544474,0.00964501,-0.00701647,0.26605101,-0.94973175,0.22424713,0.04955930,-0.01150079,-0.61472351,0.00000000,0.00000000,-0.78874268
163.75000000,0.98731519,0.00795791,-0.00919310,0.01310220,0.24499938,-0.96975888,0.21301836,0.04124233,0.01427888,-0.61865952,0.00000000,0.00000000,-0.78565921
163.80000000,0.99595538,-0.01514507,0.00958900,0.00366439,0.25234473,-0.97536678,0.21850746,0.01155696,0.03110271,-0.62258006,0.00000000,0.00000000,-0.78255611
163.85000000,0.99033121,-0.00077215,0.00827659,-0.00332763,0.22293486,-0.97563963,0.22297222,0.04848039,-0.00816765,-0.62648505,0.00000000,0.00000000,-0.77943344
163.90000000,0.98548149,-0.00266340,-0.00825555,-0.02125736,0.20418950,-0.97671795,0.25064984,-0.05395151,0.00595900,-0.63037437,0.00000000,0.00000000,-0.77629128
163.95000000,1.01128091,-0.00574647,0.00536222,0.01597718,0.17683499,-0.97798530,0.25700602,-0.01868436,0.06401779,-0.63424793,0.00000000,0.00000000,-0.77312972
164.00000000,1.00634222,0.01769357,0.00582465,0.01852539,0.18864241,-0.99629533,0.17678081,0.04254260,0.04666276,-0.63810563,0.00000000,0.00000000,-0.76994883
164.05000000,0.99689399,0.01804301,-0.00353968,0.00461977,0.18014995,-0.99772933,0.20005865,0.10345157,-0.03924503,-0.64194738,0.00000000,0.00000000,-0.76674869
164.10000000,1.00625158,-0.01154383,-0.00932689,-0.01414288,0.17536496,-0.99484733,0.26168406,-0.02676136,0.00772430,-0.64577308,0.00000000,0.00000000,-0.76352939
164.15000000,1.00411381,-0.01616876,0.00203649,0.00349898,0.16748495,-0.99733870,0.16846167,0.02649588,0.06516409,-0.64958264,0.00000000,0.00000000,-0.76029099
164.20000000,0.99407497,-0.01235204,-0.00316728,-0.01013323,0.15017752,-1.00005344,0.24850962,0.00650851,0.04690471,-0.65337596,0.00000000,0.00000000,-0.75703359
164.25000000,0.97576691,-0.01758151,0.01292673,-0.00719521,0.12163618,-0.99269459,0.21583803,-0.01006662,0.02293023,-0.65715295,0.00000000,0.00000000,-0.75375726
164.30000000,1.00332500,0.00280151,0.01348371,-0.00014180,0.12595088,-0.98395294,0.22971569,-0.04337705,-0.00211945,-0.66091350,0.00000000,0.00000000,-0.75046209
164.35000000,1.00438229,-0.00586828,-0.00539175,-0.01391458,0.08763293,-0.99693608,0.21069239,-0.05198841,0.06362032,-0.66465754,0.00000000,0.00000000,-0.74714815
164.40000000,0.98953300,0.00912531,0.00418670,0.02176335,0.11192150,-1.00877299,0.25215271,0.07291817,-0.07725574,-0.66838495,0.00000000,0.00000000,-0.74381554
164.45000000,1.00639129,0.00860315,-0.00212828,-0.02421955,0.09361527,-1.00113642,0.27341366,-0.00696192,-0.01643912,-0.67209566,0.00000000,0.00000000,-0.74046433
164.50000000,0.99413488,0.00325748,0.00056868,-0.00789945,0.08925714,-1.00181424,0.08907062,0.02687489,0.02763357,-0.67578956,0.00000000,0.00000000,-0.73709461
164.55000000,1.00199739,-0.00442468,-0.00072060,0.00819283,0.07033223,-0.98846158,0.13904281,0.00452046,0.00315191,-0.67946657,0.00000000,0.00000000,-0.73370646
164.60000000,1.01002685,-0.00918929,-0.00809810,-0.01394494,0.06100876,-0.99522049,0.12459800,-0.02280765,0.02931537,-0.68312660,0.00000000,0.00000000,-0.73029997
164.65000000,0.99897121,0.00075206,-0.01506099,-0.00100046,0.05698205,-1.00002883,0.21183350,-0.01682451,-0.01839461,-0.68676954,0.00000000,0.00000000,-0.72687523
164.70000000,0.98960229,0.00974462,-0.01226658,0.00157947,0.06484058,-0.98789421,0.22777948,0.00816881,-0.00371410,-0.69039532,0.00000000,0.00000000,-0.72343231
164.75000000,0.99098650,-0.00253831,0.00574876,0.00389715,0.04460458,-0.98712897,0.19791358,0.00557986,-0.08292905,-0.69400384,0.00000000,0.00000000,-0.71997130
164.80000000,1.02256198,-0.00413849,0.00651693,-0.00414527,0.02234497,-1.00201291,0.14931660,-0.11391848,0.05386292,-0.69759500,0.00000000,0.00000000,-0.71649230
164.85000000,1.00545703,-0.00915855,0.00451910,0.00823934,0.00979463,-0.99574165,0.25002561,-0.06732507,0.02585487,-0.70116873,0.00000000,0.00000000,-0.71299538
164.90000000,1.00364387,0.01880451,0.00557035,-0.00410881,0.00377367,-0.97974345,0.18913060,0.02321325,-0.00866070,-0.70472492,0.00000000,0.00000000,-0.70948064
164.95000000,1.01081262,0.01130670,-0.00022668,-0.00406761,-0.00758046,-1.01726724,0.20949713,0.00059543,-0.03449853,-0.70826350,0.00000000,0.00000000,-0.70594816
165.00000000,0.98165189,0.00206285,0.00332623,0.00394645,-0.02317338,-0.99594417,0.19701355,0.03566107,-0.04159532,-0.71178438,0.00000000,0.00000000,-0.70239804
165.05000000,1.01150203,0.01509986,0.00116079,0.00403674,-0.01543336,-1.00998618,0.18325358,0.00523877,0.09264548,-0.71528745,0.00000000,0.00000000,-0.69883035
165.10000000,0.98803894,0.01637725,-0.00193226,-0.00034437,-0.02108780,-0.97923196,0.22391024,0.04908907,-0.03915741,-0.71877265,0.00000000,0.00000000,-0.69524519
165.15000000,0.99470532,-0.01352448,-0.00515588,0.00565235,-0.04113943,-0.98179278,0.29688947,-0.00910466,-0.02839641,-0.72223988,0.00000000,0.00000000,-0.69164265
165.20000000,1.01160036,0.01264224,0.00441248,0.00705561,-0.04775766,-1.00846882,0.15050382,-0.00527640,-0.00698521,-0.72568905,0.00000000,0.00000000,-0.68802282
165.25000000,1.00276944,-0.00131225,-0.01703265,-0.02112193,-0.05585787,-1.00462675,0.19461908,-0.02795338,-0.03883280,-0.72912008,0.00000000,0.00000000,-0.68438579
165.30000000,0.99060148,0.01019836,-0.00239150,0.00634764,-0.06551798,-0.99415099,0.24086847,-0.00236007,0.06299168,-0.73253288,0.00000000,0.00000000,-0.68073165
165.35000000,1.00823416,0.00956443,-0.00938518,0.00263244,-0.10152840,-0.98252446,0.17712398,-0.02467653,-0.05915034,-0.73592736,0.00000000,0.00000000,-0.67706050
165.40000000,0.99963728,-0.00268252,0.01822698,0.00859235,-0.09828570,-1.01231543,0.10287115,-0.04889544,-0.05753381,-0.73930345,0.00000000,0.00000000,-0.67337241
165.45000000,1.00348613,-0.00144947,0.00017326,-0.00948922,-0.10157057,-1.00887600,0.20105111,0.03412978,-0.01434265,-0.74266106,0.00000000,0.00000000,-0.66966749
165.50000000,1.00443644,-0.01976865,-0.02057085,0.00327259,-0.10256211,-0.99597365,0.30093664,-0.06755072,-0.02840980,-0.74600010,0.00000000,0.00000000,-0.66594583
165.55000000,1.00140092,0.00464375,-0.00583903,-0.01059265,-0.11675976,-0.99107892,0.18958808,0.01930767,-0.00409766,-0.74932049,0.00000000,0.00000000,-0.66220752
165.60000000,0.99860258,-0.00176577,-0.00821058,-0.00922743,-0.13813721,-0.99081140,0.12131410,0.03925027,0.00282472,-0.75262215,0.00000000,0.00000000,-0.65845266
165.65000000,0.98934910,0.01616595,0.00041792,-0.01335149,-0.12706749,-0.97620509,0.16435808,-0.01744411,-0.01846391,-0.75590499,0.00000000,0.00000000,-0.65468133
165.70000000,0.98110531,0.00324688,0.00845145,0.00656889,-0.15234740,-0.97885487,0.15422579,0.07831602,-0.03252856,-0.75916893,0.00000000,0.00000000,-0.65089364
165.75000000,0.99338992,-0.00575216,-0.00648147,-0.00192724,-0.16486435,-0.98540392,0.16838675,0.00445077,-0.04676539,-0.76241390,0.00000000,0.00000000,-0.64708968
165.80000000,1.00732475,0.00720070,-0.00005787,-0.00649697,-0.16929728,-0.99390199,0.20654469,-0.00978939,0.11961308,-0.76563980,0.00000000,0.00000000,-0.64326954
165.85000000,0.98772947,-0.02667310,-0.00637580,-0.01715532,-0.18951703,-0.99622825,0.16454950,-0.05062421,0.04506450,-0.76884656,0.00000000,0.00000000,-0.63943331
165.90000000,0.99951471,0.01075453,0.00040481,0.00928590,-0.19509478,-0.96543506,0.22606234,-0.03787466,0.02968921,-0.77203411,0.00000000,0.00000000,-0.63558110
165.95000000,1.00027098,-0.00202508,0.00096021,0.00751250,-0.22305249,-0.98292021,0.23552996,0.00810106,-0.04837329,-0.77520235,0.00000000,0.00000000,-0.63171300
166.00000000,0.97632238,0.01700927,-0.00187082,0.01514050,-0.20371158,-0.98527923,0.09313248,-0.02366795,0.00033447,-0.77835121,0.00000000,0.00000000,-0.62782911
166.05000000,1.00450660,-0.01110879,0.00178007,0.00177642,-0.21156436,-0.97824572,0.22480080,0.00989929,0.04115743,-0.78148061,0.00000000,0.00000000,-0.62392952
166.10000000,0.99180090,-0.03070856,-0.00236863,-0.00230966,-0.24273963,-0.98799530,0.17929859,-0.00813747,0.00626766,-0.78459048,0.00000000,0.00000000,-0.62001434
166.15000000,0.97714694,-0.01753540,0.01129556,-0.00189608,-0.24090620,-0.98388701,0.20480306,-0.01980052,-0.02566160,-0.78768073,0.00000000,0.00000000,-0.61608365
166.20000000,0.98538166,-0.00868487,0.01972017,-0.00349471,-0.24267901,-0.97006112,0.19104175,-0.03144290,0.06217849,-0.79075129,0.00000000,0.00000000,-0.61213757
166.25000000,1.00373072,-0.00789609,-0.00394110,0.01075907,-0.28862887,-0.96243800,0.22904227,-0.03652968,0.00891367,-0.79380208,0.00000000,0.00000000,-0.60817617
166.30000000,1.00502310,-0.01231146,0.00841935,0.00297340,-0.27141548,-0.96184307,0.23662661,0.10057988,0.02927763,-0.79683303,0.00000000,0.00000000,-0.60419958
166.35000000,1.00810582,0.00193527,0.01901651,-0.01465993,-0.29687503,-0.95861507,0.23452246,-0.11814031,0.00184635,-0.79984405,0.00000000,0.00000000,-0.60020788
166.40000000,0.99819510,0.00744158,0.00428736,-0.01808222,-0.29988890,-0.96537033,0.23804663,0.01375469,-0.02575965,-0.80283508,0.00000000,0.00000000,-0.59620117
166.45000000,1.00144547,-0.01058007,0.02049639,0.00574357,-0.29078497,-0.94059562,0.25044778,-0.00159010,-0.00627188,-0.80580604,0.00000000,0.00000000,-0.59217956
166.50000000,1.01288284,0.00026535,-0.00749018,0.01966632,-0.31753456,-0.96867664,0.24939831,-0.03570233,0.02145812,-0.80875685,0.00000000,0.00000000,-0.58814315
166.55000000,1.01817211,-0.01374846,-0.00040915,0.01483409,-0.31085414,-0.94999854,0.31185630,-0.00726273,0.01974877,-0.81168744,0.00000000,0.00000000,-0.58409203
166.60000000,1.01649354,0.00980864,0.01321720,-0.00899539,-0.31485722,-0.94328032,0.17164775,0.00692565,0.01050807,-0.81459774,0.00000000,0.00000000,-0.58002631
166.65000000,1.01868089,0.00381296,-0.00780805,-0.01011428,-0.33704619,-0.95512131,0.17300831,-0.01392057,-0.01686729,-0.81748768,0.00000000,0.00000000,-0.57594608
166.70000000,1.00726908,-0.00737828,-0.02469981,-0.01685773,-0.34614999,-0.94411294,0.14969436,0.08458461,0.03906283,-0.82035718,0.00000000,0.00000000,-0.57185146
166.75000000,0.99941573,0.00233297,-0.00265141,-0.01253815,-0.34502960,-0.92622504,0.11657094,0.00712637,0.01706360,-0.82320617,0.00000000,0.00000000,-0.56774255
166.80000000,0.99678269,0.02097265,0.01988745,-0.00377508,-0.36689445,-0.93454100,0.17766039,-0.04417766,0.02466734,-0.82603458,0.00000000,0.00000000,-0.56361944
166.85000000,1.01961441,0.01550082,0.00789177,-0.02407112,-0.39260475,-0.91680350,0.27742058,0.02176377,-0.01166597,-0.82884234,0.00000000,0.00000000,-0.55948224
166.90000000,1.01352301,0.00753594,0.01137445,-0.01856569,-0.37978145,-0.90591352,0.22858821,0.03940679,0.00362665,-0.83162938,0.00000000,0.00000000,-0.55533105
166.95000000,1.00106075,0.01402528,-0.00669788,-0.00767639,-0.39721427,-0.91954650,0.13299463,0.02969395,-0.00534534,-0.83439563,0.00000000,0.00000000,-0.55116598
167.00000000,1.00853689,-0.02119070,0.00857523,0.01336895,-0.39722469,-0.91551053,0.24369307,0.05386000,0.02538599,-0.83714102,0.00000000,0.00000000,-0.54698713
167.05000000,1.00597641,0.01656942,0.00761157,-0.00800259,-0.39808162,-0.91298611,0.20648846,0.00177984,0.04532909,-0.83986548,0.00000000,0.00000000,-0.54279460
167.10000000,1.01748853,0.00024421,0.01731262,0.00164588,-0.40582316,-0.90561157,0.18297814,0.08295888,-0.02429101,-0.84256894,0.00000000,0.00000000,-0.53858851
167.15000000,0.99345191,-0.01256040,0.01267268,0.01503447,-0.42516835,-0.91319087,0.20469684,-0.01653355,-0.04408396,-0.84525134,0.00000000,0.00000000,-0.53436895
167.20000000,0.99511108,0.00505736,-0.00605169,0.00291734,-0.45567480,-0.88222624,0.18749554,0.03591871,0.01043825,-0.84791261,0.00000000,0.00000000,-0.53013603
167.25000000,1.00402498,-0.01131984,-0.00760559,-0.00737853,-0.44662624,-0.88133250,0.22437575,-0.04326445,0.00590569,-0.85055268,0.00000000,0.00000000,-0.52588986
167.30000000,0.99919366,-0.00350865,-0.00015417,0.00763712,-0.46300242,-0.89353951,0.24892178,0.01797265,0.05920362,-0.85317148,0.00000000,0.00000000,-0.52163054
167.35000000,1.01435850,-0.01360541,0.00288298,-0.00507957,-0.47666822,-0.89337008,0.19154923,-0.01617137,-0.02514089,-0.85576896,0.00000000,0.00000000,-0.51735818
167.40000000,0.99986359,0.02446646,-0.01725219,0.01137177,-0.47369617,-0.88516593,0.11474290,0.03111181,-0.06244203,-0.85834504,0.00000000,0.00000000,-0.51307289
167.45000000,1.00827894,0.01741331,-0.01282804,0.01168361,-0.48204208,-0.89695010,0.15111895,0.00497054,0.01994146,-0.86089967,0.00000000,0.00000000,-0.50877477
167.50000000,0.98419309,0.00031705,0.00823556,0.00998576,-0.49516065,-0.86675668,0.25296077,0.03512299,0.04186628,-0.86343277,0.00000000,0.00000000,-0.50446393
167.55000000,1.00113507,-0.00094518,0.00272114,-0.00763769,-0.48859806,-0.88149162,0.18244656,-0.00462083,0.02300471,-0.86594428,0.00000000,0.00000000,-0.50014048
167.60000000,1.00657529,0.01488986,0.00077752,-0.00717986,-0.50980612,-0.86434113,0.22825213,-0.05071765,-0.00584546,-0.86843415,0.00000000,0.00000000,-0.49580452
167.65000000,1.01622662,0.00179852,-0.01052933,-0.00339785,-0.53927150,-0.85660923,0.27868655,-0.05606650,-0.06311640,-0.87090231,0.00000000,0.00000000,-0.49145617
167.70000000,0.99346740,0.00921316,0.01704638,0.00448212,-0.53833498,-0.85103075,0.28502554,-0.01690390,0.00828212,-0.87334869,0.00000000,0.00000000,-0.48709554
167.75000000,1.00240560,-0.01545863,0.00997947,0.00853762,-0.55389295,-0.85881780,0.16163369,0.03046720,-0.03159075,-0.87577324,0.00000000,0.00000000,-0.48272272
167.80000000,1.00401351,-0.00181775,0.00071172,0.00495935,-0.53966248,-0.84031924,0.21962748,0.00670329,-0.00737659,-0.87817590,0.00000000,0.00000000,-0.47833784
167.85000000,0.99568765,0.01880443,-0.00442705,0.01366995,-0.55761115,-0.82656201,0.28477209,-0.01809375,-0.02784668,-0.88055660,0.00000000,0.00000000,-0.47394100
167.90000000,0.99570770,-0.00019368,0.00321871,-0.00039997,-0.56327866,-0.80956909,0.19603610,-0.03073178,0.03914159,-0.88291529,0.00000000,0.00000000,-0.46953231
167.95000000,1.00846436,0.01412489,0.01927864,0.00346272,-0.57022441,-0.84250473,0.16305801,0.00632717,-0.05081332,-0.88525190,0.00000000,0.00000000,-0.46511188
168.00000000,0.98414878,0.00065828,0.00776759,-0.00246478,-0.56658031,-0.81160204,0.25639528,0.09419912,0.11890283,-0.88756639,0.00000000,0.00000000,-0.46067983
168.05000000,1.00731671,-0.00459850,0.00061836,0.01573255,-0.59262920,-0.79749498,0.19740077,0.00715738,-0.03412089,-0.88985868,0.00000000,0.00000000,-0.45623626
168.10000000,0.98676275,-0.00278836,0.01303012,-0.00701961,-0.57566214,-0.81182286,0.15722743,0.00834299,0.03236902,-0.89212873,0.00000000,0.00000000,-0.45178128
168.15000000,1.00188088,0.00150953,0.01602960,0.00094915,-0.60452263,-0.81146574,0.26195872,-0.02203690,-0.01267321,-0.89437648,0.00000000,0.00000000,-0.44731501
168.20000000,1.01051879,0.02054148,0.00251332,-0.00136998,-0.60784633,-0.79865334,0.18908602,-0.01867435,0.04272900,-0.89660186,0.00000000,0.00000000,-0.44283755
168.25000000,0.99911829,0.01359312,-0.00116277,-0.00367029,-0.60292151,-0.78776495,0.19934569,-0.00149912,0.06759056,-0.89880483,0.00000000,0.00000000,-0.43834903
168.30000000,1.00306078,0.01249484,-0.00234624,0.01089404,-0.62117230,-0.77295840,0.24822973,-0.04511051,0.00521804,-0.90098533,0.00000000,0.00000000,-0.43384954
168.35000000,1.00957198,0.01116485,0.01253434,0.00104728,-0.61593358,-0.78208174,0.13815207,-0.01541514,0.05547969,-0.90314331,0.00000000,0.00000000,-0.42933921
168.40000000,0.98913793,-0.01469858,-0.01720509,0.00735944,-0.65353513,-0.76366735,0.19032752,-0.03746220,-0.04266422,-0.90527871,0.00000000,0.00000000,-0.42481815
168.45000000,1.00206291,-0.00754158,-0.00004973,0.00401406,-0.64059196,-0.75338551,0.21236688,-0.04996145,0.02282796,-0.90739147,0.00000000,0.00000000,-0.42028646
168.50000000,1.00656204,-0.00181559,-0.00287903,0.02475177,-0.66724391,-0.75128675,0.25177995,-0.01826185,-0.00553630,-0.90948156,0.00000000,0.00000000,-0.41574427
168.55000000,0.99598533,0.00000222,0.00899493,-0.00198208,-0.63073687,-0.75417004,0.26660435,0.02132506,0.00685107,-0.91154890,0.00000000,0.00000000,-0.41119169
168.60000000,1.01470761,-0.01600076,0.00425178,-0.00716380,-0.67366588,-0.74781689,0.16189647,-0.07690563,0.01938696,-0.91359345,0.00000000,0.00000000,-0.40662882
168.65000000,0.99934130,-0.00300591,0.00759175,0.00451935,-0.67937064,-0.70574753,0.25052584,0.10633481,-0.01655735,-0.91561517,0.00000000,0.00000000,-0.40205579
168.70000000,1.00249699,-0.01238269,-0.00330478,-0.00583959,-0.65407584,-0.73637782,0.19453369,-0.06801011,0.02586883,-0.91761400,0.00000000,0.00000000,-0.39747271
168.75000000,0.99099775,0.00918546,-0.01788325,-0.00121623,-0.70974910,-0.72748151,0.19215545,-0.02978950,-0.02037035,-0.91958988,0.00000000,0.00000000,-0.39287969
168.80000000,1.00971168,0.02174454,0.00339307,-0.00860044,-0.69784140,-0.71917014,0.24477486,0.00987355,-0.06856114,-0.92154278,0.00000000,0.00000000,-0.38827685
168.85000000,1.01097935,0.00966841,0.01495029,-0.00516441,-0.70259367,-0.72045473,0.20270826,0.01475372,-0.02644528,-0.92347263,0.00000000,0.00000000,-0.38366430
168.90000000,1.00342340,0.00168000,-0.00449836,0.01397471,-0.71499850,-0.70018713,0.13939809,0.02021893,-0.01932734,-0.92537940,0.00000000,0.00000000,-0.37904216
168.95000000,1.00957211,-0.01311146,0.00430697,-0.02182056,-0.71347480,-0.69610215,0.22285963,-0.02984008,-0.04045395,-0.92726304,0.00000000,0.00000000,-0.37441055
169.00000000,0.99565497,0.00192012,0.00576571,0.00303844,-0.73590853,-0.66874640,0.21988390,-0.03083299,0.02097170,-0.92912349,0.00000000,0.00000000,-0.36976957
169.05000000,1.00255987,-0.00175333,-0.00292789,0.00984871,-0.71609724,-0.70018359,0.26003122,-0.00210872,0.01258512,-0.93096072,0.00000000,0.00000000,-0.36511935
169.10000000,1.01351642,-0.02654809,0.00814789,0.01282497,-0.74702334,-0.68639545,0.27833985,-0.08154823,0.02072259,-0.93277467,0.00000000,0.00000000,-0.36046000
169.15000000,1.01023108,0.00396599,0.00564633,-0.00265020,-0.74219740,-0.67210574,0.17910882,-0.00141035,-0.06686391,-0.93456530,0.00000000,0.00000000,-0.35579165
169.20000000,1.00577040,-0.02480738,0.00362815,0.00456872,-0.76138257,-0.66985934,0.18674610,0.02560724,0.01746013,-0.93633257,0.00000000,0.00000000,-0.35111439
169.25000000,0.98888467,0.00105681,0.00261957,0.00219570,-0.76984070,-0.64839553,0.24604280,0.02101366,0.02040194,-0.93807643,0.00000000,0.00000000,-0.34642836
169.30000000,1.01642683,0.00167791,-0.00841909,-0.00838742,-0.76467593,-0.65669587,0.19109242,0.01775848,0.05437520,-0.93979684,0.00000000,0.00000000,-0.34173367
169.35000000,0.98455986,0.00099078,-0.00068236,0.00037506,-0.77140532,-0.63494076,0.26726148,0.05263322,0.09785081,-0.94149375,0.00000000,0.00000000,-0.33703043
169.40000000,0.99989428,-0.00410689,-0.00967762,-0.00519438,-0.77198276,-0.61817903,0.23520994,-0.03271590,-0.02747473,-0.94316713,0.00000000,0.00000000,-0.33231877
169.45000000,1.01956464,-0.00831993,0.01416525,0.00404576,-0.79268404,-0.63088664,0.17419059,0.01567705,-0.03867980,-0.94481693,0.00000000,0.00000000,-0.32759880
169.50000000,1.01554410,-0.00207860,0.00700446,0.00619711,-0.77529009,-0.61553709,0.20974414,-0.06567227,0.00661293,-0.94644310,0.00000000,0.00000000,-0.32287064
169.55000000,1.01140012,0.00219472,0.02312670,0.00519710,-0.80298512,-0.59865422,0.13955499,-0.03873151,-0.05242631,-0.94804562,0.00000000,0.00000000,-0.31813441
169.60000000,1.00016111,-0.00060523,0.01205110,-0.00099068,-0.81359833,-0.57961285,0.07331166,-0.00127977,0.01173170,-0.94962443,0.00000000,0.00000000,-0.31339022
169.65000000,0.99989712,0.00500092,0.00110690,0.00499660,-0.81550711,-0.60173120,0.20292702,-0.04890758,-0.03058062,-0.95117951,0.00000000,0.00000000,-0.30863821
169.70000000,1.01161481,0.01557998,0.01142706,0.00957382,-0.81471624,-0.56886216,0.22090376,0.08409442,-0.03905873,-0.95271080,0.00000000,0.00000000,-0.30387847
169.75000000,1.00672608,-0.01264293,0.00678349,-0.01719106,-0.83320048,-0.58366087,0.21627569,0.01285485,0.11158875,-0.95421828,0.00000000,0.00000000,-0.29911114
169.80000000,0.99908709,0.00772540,0.00160870,0.00688898,-0.82529562,-0.55159941,0.15792301,-0.11245433,0.02066684,-0.95570190,0.00000000,0.00000000,-0.29433633
169.85000000,0.98194923,0.01311738,-0.00548119,-0.01038237,-0.80531158,-0.55448476,0.19560378,0.03045048,0.03846866,-0.95716163,0.00000000,0.00000000,-0.28955416
169.90000000,1.01139127,-0.01332974,0.00536107,-0.00293186,-0.84702836,-0.54546839,0.12399879,0.03827473,-0.01099942,-0.95859743,0.00000000,0.00000000,-0.28476475
169.95000000,0.99522499,-0.00137679,-0.00167517,0.01140682,-0.85419272,-0.54136624,0.19531529,-0.05063536,0.00912471,-0.96000927,0.00000000,0.00000000,-0.27996823
170.00000000,0.99276127,-0.01404282,0.00526227,0.01547275,-0.84808457,-0.53011795,0.19943328,-0.02607402,0.05432835,-0.96139710,0.00000000,0.00000000,-0.27516470
170.05000000,1.00094050,-0.02178641,0.01198954,0.00953835,-0.84780110,-0.54812716,0.20486815,0.03695531,0.01897173,-0.96276090,0.00000000,0.00000000,-0.27035430
170.10000000,1.00205151,0.00895513,0.00139308,0.01203624,-0.85736250,-0.51118719,0.24490995,-0.02082535,-0.04707016,-0.96410063,0.00000000,0.00000000,-0.26553713
170.15000000,1.00003801,0.00590375,0.00925363,0.00930900,-0.86474360,-0.50510748,0.17851977,0.00817480,-0.07139330,-0.96541626,0.00000000,0.00000000,-0.26071333
170.20000000,1.00022759,0.02849681,-0.01503863,0.00156836,-0.86526941,-0.48966353,0.16177041,0.02005774,-0.02190386,-0.96670776,0.00000000,0.00000000,-0.25588301
170.25000000,0.98572417,0.00951957,0.00664615,-0.00966562,-0.87938949,-0.49181324,0.13149666,0.03109689,0.03777344,-0.96797508,0.00000000,0.00000000,-0.25104629
170.30000000,0.99667390,-0.00028126,0.00114698,0.00244392,-0.89224316,-0.47236500,0.15242972,0.02747203,-0.04562289,-0.96921821,0.00000000,0.00000000,-0.24620330
170.35000000,0.98699891,-0.00028039,-0.00050505,0.00103747,-0.89242370,-0.46640987,0.21828187,0.04913228,0.01027491,-0.97043710,0.00000000,0.00000000,-0.24135415
170.40000000,0.99400608,-0.01347062,-0.01530261,0.00322978,-0.88020448,-0.46848202,0.21641574,-0.01079130,0.03412190,-0.97163174,0.00000000,0.00000000,-0.23649897
170.45000000,1.00866077,-0.02266213,0.01032135,0.00252197,-0.89800135,-0.45571025,0.20641979,-0.02552833,-0.03990408,-0.97280208,0.00000000,0.00000000,-0.23163788
170.50000000,0.99292202,-0.01040162,0.01346568,0.00055905,-0.87462140,-0.43801559,0.23133678,-0.05047643,-0.00775860,-0.97394811,0.00000000,0.00000000,-0.22677099
170.55000000,1.00072691,-0.00637249,-0.00464801,0.00420148,-0.89712457,-0.44610237,0.21768928,0.02173159,-0.02439798,-0.97506978,0.00000000,0.00000000,-0.22189844
170.60000000,0.99308086,0.00441469,-0.02573087,0.00002084,-0.88946007,-0.44965981,0.24180008,0.02134731,-0.06231382,-0.97616708,0.00000000,0.00000000,-0.21702033
170.65000000,1.00520489,0.01001420,-0.01176617,-0.00707224,-0.90973488,-0.40484044,0.18080045,-0.00488235,-0.02773495,-0.97723998,0.00000000,0.00000000,-0.21213681
170.70000000,1.00024558,0.01046678,0.00105897,-0.00357459,-0.91442412,-0.41350286,0.16052943,0.05081849,0.07524060,-0.97828844,0.00000000,0.00000000,-0.20724798
170.75000000,0.98208489,0.00582129,0.00858933,-0.01211685,-0.92282330,-0.40210598,0.29001292,0.07089982,-0.03919628,-0.97931245,0.00000000,0.00000000,-0.20235396
170.80000000,0.98540752,0.00772977,0.00543948,0.01243994,-0.93261388,-0.37989938,0.17227473,0.02486872,0.00033997,-0.98031197,0.00000000,0.00000000,-0.19745489
170.85000000,1.01900618,0.00447394,-0.00313994,0.00137933,-0.92685350,-0.38943972,0.29108379,0.06849692,-0.00588453,-0.98128699,0.00000000,0.00000000,-0.19255089
170.90000000,1.00699881,0.02051429,0.01236896,-0.00307391,-0.93046048,-0.38579348,0.23964885,0.05258173,0.05788856,-0.98223747,0.00000000,0.00000000,-0.18764207
170.95000000,1.00701040,0.00352347,-0.00997812,0.00319710,-0.93953717,-0.35405226,0.17083887,0.02020216,0.06117188,-0.98316340,0.00000000,0.00000000,-0.18272855
171.00000000,1.00377152,0.00328459,0.00913027,0.01770335,-0.93783971,-0.34474382,0.27258438,0.02693151,-0.08754903,-0.98406475,0.00000000,0.00000000,-0.17781047
171.05000000,0.99284381,0.00751042,-0.00400173,0.01440355,-0.92164027,-0.34647148,0.15882508,-0.01915257,-0.01673455,-0.98494150,0.00000000,0.00000000,-0.17288795
171.10000000,1.01536088,-0.01035334,0.00742430,0.01387838,-0.93538593,-0.32678541,0.19774570,0.07968875,-0.00896817,-0.98579362,0.00000000,0.00000000,-0.16796110
171.15000000,1.00948284,-0.00158735,-0.01841703,-0.00269643,-0.94840524,-0.32313173,0.17547004,0.02498530,0.03496364,-0.98662110,0.00000000,0.00000000,-0.16303005
171.20000000,0.99694181,-0.00314216,-0.01050688,0.00254362,-0.93623279,-0.29842726,0.17820524,0.08604880,-0.01419680,-0.98742392,0.00000000,0.00000000,-0.15809493
171.25000000,0.98984060,-0.01361846,-0.01076268,0.00333750,-0.95566121,-0.30901794,0.16710334,-0.05157265,-0.03779614,-0.98820205,0.00000000,0.00000000,-0.15315586
171.30000000,1.01015394,0.01803337,0.01865160,0.00687087,-0.96098860,-0.29983016,0.23881560,-0.01401747,0.02042147,-0.98895547,0.00000000,0.00000000,-0.14821295
171.35000000,1.01930438,0.00216829,0.02277851,-0.01126875,-0.95447529,-0.28043950,0.16099055,0.03285113,0.07045990,-0.98968417,0.00000000,0.00000000,-0.14326634
171.40000000,1.02202670,0.00411290,-0.01900107,0.00476990,-0.95431769,-0.27632521,0.21462043,-0.02461948,-0.00397905,-0.99038813,0.00000000,0.00000000,-0.13831615
171.45000000,1.01017487,0.01389024,-0.01270709,-0.00511322,-0.98031343,-0.24595920,0.24394244,-0.09248759,-0.00088608,-0.99106732,0.00000000,0.00000000,-0.13336250
171.50000000,0.99716541,-0.00755939,0.01036277,0.01013387,-0.96432953,-0.26110162,0.17668029,-0.00103554,-0.01844376,-0.99172175,0.00000000,0.00000000,-0.12840552
171.55000000,0.99994179,0.00558081,-0.01533528,-0.00758184,-0.96985943,-0.22934884,0.24280447,-0.00316028,0.01999179,-0.99235137,0.00000000,0.00000000,-0.12344533
171.60000000,0.99898496,0.01077224,0.00433753,0.01278800,-0.98547739,-0.24335688,0.21727920,0.01907049,0.10934640,-0.99295619,0.00000000,0.00000000,-0.11848205
171.65000000,0.98192253,-0.00033075,-0.00077922,0.00237839,-0.95689572,-0.21680137,0.13326630,0.06559181,0.06934424,-0.99353619,0.00000000,0.00000000,-0.11351581
171.70000000,1.00263075,-0.01617765,-0.00151619,0.00468728,-0.96646970,-0.23351521,0.17060460,0.04610479,0.06916098,-0.99409135,0.00000000,0.00000000,-0.10854673
171.75000000,1.00430527,0.01148512,0.00455281,0.00963085,-0.97709324,-0.20123627,0.15036040,0.02929496,-0.05400692,-0.99462165,0.00000000,0.00000000,-0.10357494
171.80000000,1.00721016,-0.00438983,0.00369988,-0.00952797,-0.98559194,-0.19256046,0.23873474,0.04591583,-0.04943286,-0.99512709,0.00000000,0.00000000,-0.09860056
171.85000000,0.98498867,-0.00975306,-0.01065608,0.01566829,-0.96906712,-0.19639113,0.28148735,0.05426564,-0.07087806,-0.99560765,0.00000000,0.00000000,-0.09362371
171.90000000,0.98969768,-0.01659260,-0.00086582,0.00017412,-0.98412890,-0.19685839,0.14117193,0.00863448,0.02982664,-0.99606333,0.00000000,0.00000000,-0.08864452
171.95000000,0.97980189,-0.01281132,0.01022413,-0.01224353,-0.98614796,-0.17993504,0.24218500,-0.09320220,-0.01161582,-0.99649410,0.00000000,0.00000000,-0.08366312
172.00000000,1.00940306,0.00610029,-0.00464112,-0.00698682,-0.98994800,-0.16976494,0.20052753,-0.00670633,-0.01669126,-0.99689995,0.00000000,0.00000000,-0.07867962
172.05000000,1.01000348,-0.01070484,-0.01704387,-0.00525319,-0.98789836,-0.14805484,0.19823983,-0.05337255,-0.04194052,-0.99728089,0.00000000,0.00000000,-0.07369416
172.10000000,0.99511654,-0.00567197,0.01098086,0.00263916,-0.99588437,-0.12613886,0.22495819,-0.06371120,-0.14297202,-0.99763689,0.00000000,0.00000000,-0.06870686
172.15000000,0.98673765,0.00594935,0.00891485,-0.01660231,-0.98529363,-0.12096932,0.26738816,0.03950292,0.06245802,-0.99796795,0.00000000,0.00000000,-0.06371784
172.20000000,1.00488366,0.00454922,-0.00337285,0.00820256,-1.00642629,-0.11863850,0.22914433,0.05997728,-0.01937405,-0.99827407,0.00000000,0.00000000,-0.05872722
172.25000000,1.00966581,-0.00197179,0.00987059,-0.00801352,-0.98696535,-0.10826838,0.15200066,-0.00985568,0.06110872,-0.99855522,0.00000000,0.00000000,-0.05373514
172.30000000,0.98980795,-0.01484317,0.00398743,-0.01677798,-0.97961494,-0.08198595,0.25143331,-0.00350231,0.07644593,-0.99881142,0.00000000,0.00000000,-0.04874171
172.35000000,1.01345447,-0.00532719,0.01438836,-0.00911674,-0.99814272,-0.10534501,0.21152591,-0.01617082,-0.01822300,-0.99904264,0.00000000,0.00000000,-0.04374707
172.40000000,0.99834346,-0.00579545,0.00041674,0.01283569,-1.00761520,-0.06881917,0.21462592,0.01373144,0.00062666,-0.99924889,0.00000000,0.00000000,-0.03875133
172.45000000,0.99282600,0.00444864,0.00518839,-0.00800469,-1.01110640,-0.06661769,0.23875214,0.04194899,0.05581425,-0.99943015,0.00000000,0.00000000,-0.03375462
172.50000000,1.00371391,-0.00263213,-0.00002154,-0.01243177,-1.00517252,-0.05802280,0.19307555,0.00111478,-0.05948459,-0.99958643,0.00000000,0.00000000,-0.02875707
172.55000000,0.98848531,0.00775594,-0.00833345,-0.00676182,-0.99792068,-0.05681605,0.25447658,-0.05920715,0.00206815,-0.99971772,0.00000000,0.00000000,-0.02375880
172.60000000,0.99251415,0.00156187,-0.00497464,-0.00023652,-0.98708332,-0.04438773,0.17388420,-0.01712752,0.06792015,-0.99982402,0.00000000,0.00000000,-0.01875993
172.65000000,0.99910257,0.01234203,-0.00176911,0.01189637,-0.99554738,-0.02197293,0.14079050,-0.07384523,0.04986087,-0.99990532,0.00000000,0.00000000,-0.01376060
172.70000000,1.01057771,0.02421455,-0.01485953,0.00485799,-1.01008470,-0.02492718,0.18253887,0.01409944,-0.02769615,-0.99996162,0.00000000,0.00000000,-0.00876092
172.75000000,1.00033656,0.00832034,0.01127973,0.00692589,-0.99545303,-0.00893833,0.17955659,0.02110533,-0.04499808,-0.99999293,0.00000000,0.00000000,-0.00376103
172.80000000,1.00119129,-0.01075677,-0.00041278,-0.01053710,-1.00400257,-0.00428160,0.16937684,-0.00690672,-0.10639570,-0.99999923,0.00000000,0.00000000,0.00123896
172.85000000,0.98197521,0.00803713,0.00147479,-0.00723367,-0.99018312,0.00608583,0.17907533,-0.03803405,0.08726658,-0.99998054,0.00000000,0.00000000,0.00623892
172.90000000,1.00235102,0.00195711,0.00466401,-0.01852709,-1.00568747,0.02702590,0.20481626,0.09562932,-0.02193449,-0.99993684,0.00000000,0.00000000,0.01123873
172.95000000,1.00943183,0.00806004,0.00142821,0.00324403,-1.00237464,0.01274053,0.22061597,0.01615990,0.02819087,-0.99986815,0.00000000,0.00000000,0.01623825
173.00000000,1.00063096,0.00970401,-0.00865990,0.01468388,-1.00897710,0.04138676,0.23544960,-0.02602940,0.03549653,-0.99977446,0.00000000,0.00000000,0.02123737
173.05000000,0.99657215,0.00118133,-0.00181129,-0.00576816,-0.97611260,0.04405637,0.10276196,-0.03893971,0.00787173,-0.99965578,0.00000000,0.00000000,0.02623595
173.10000000,0.99623147,0.01018576,0.00982184,-0.00318391,-1.01487117,0.04960580,0.20355987,-0.07296700,-0.01444799,-0.99951210,0.00000000,0.00000000,0.03123388
173.15000000,1.01421303,0.00342833,0.00045668,-0.01040773,-0.99555725,0.06982924,0.21567216,0.02951680,0.04216531,-0.99934344,0.00000000,0.00000000,0.03623103
173.20000000,1.00128891,0.00511923,-0.00511981,0.01132569,-1.00547186,0.08030976,0.26030323,-0.02454060,-0.05796176,-0.99914979,0.00000000,0.00000000,0.04122727
173.25000000,0.99589250,0.01391734,-0.02270736,0.00102393,-1.00206700,0.09066982,0.18941264,0.03995412,0.00440637,-0.99893117,0.00000000,0.00000000,0.04622249
173.30000000,1.01010535,0.01284131,0.00029897,-0.00359498,-0.99098189,0.10800052,0.15342327,0.00755709,-0.00933953,-0.99868757,0.00000000,0.00000000,0.05121654
173.35000000,0.99579652,-0.00690945,-0.00625720,0.01255641,-0.99732095,0.12367849,0.21085969,-0.05365654,0.01053141,-0.99841901,0.00000000,0.00000000,0.05620932
173.40000000,0.98812080,0.00607146,-0.00207773,0.00855182,-0.97817349,0.10481849,0.18437694,-0.05708870,0.09852038,-0.99812548,0.00000000,0.00000000,0.06120069
173.45000000,0.99559688,-0.01315112,0.02240339,-0.00726073,-1.00745623,0.12050676,0.21140370,-0.00095411,-0.03538717,-0.99780700,0.00000000,0.00000000,0.06619053
173.50000000,0.99514952,0.00053081,0.01323913,0.00333279,-0.99549884,0.13971211,0.23942247,0.07213488,-0.04739960,-0.99746358,0.00000000,0.00000000,0.07117872
173.55000000,1.01114110,-0.00312778,-0.01624227,-0.01822235,-0.97505600,0.16642134,0.17954986,-0.01248740,-0.07770952,-0.99709522,0.00000000,0.00000000,0.07616513
173.60000000,1.00762041,-0.00028380,-0.01552277,0.00204741,-1.00072383,0.16733895,0.15657543,0.01207419,-0.02720450,-0.99670193,0.00000000,0.00000000,0.08114963
173.65000000,0.97634301,0.00996161,0.01050934,-0.00521783,-0.98241827,0.17600580,0.22604093,0.07417111,0.02063978,-0.99628373,0.00000000,0.00000000,0.08613210
173.70000000,0.99642343,0.00427916,-0.00429948,-0.01065554,-0.97119965,0.18680851,0.12174584,-0.03357445,0.03588273,-0.99584061,0.00000000,0.00000000,0.09111242
173.75000000,0.98436175,-0.00752933,0.02661510,-0.00331084,-0.97070631,0.20629631,0.16437076,0.00891222,0.09407325,-0.99537260,0.00000000,0.00000000,0.09609047
173.80000000,1.00459525,0.02365519,-0.00636892,0.01797097,-0.97940454,0.19782244,0.23362349,-0.00798457,-0.00178203,-0.99487971,0.00000000,0.00000000,0.10106611
173.85000000,1.00485193,-0.01807734,-0.00798656,0.00722643,-0.96759606,0.21445501,0.21733731,0.01499329,0.04483405,-0.99436195,0.00000000,0.00000000,0.10603922
173.90000000,0.98573772,-0.00509474,-0.00074429,0.00195790,-0.99645009,0.20807320,0.20425492,0.04230903,-0.01674004,-0.99381932,0.00000000,0.00000000,0.11100968
173.95000000,0.99333110,0.00528668,-0.00328071,0.00880898,-0.97531176,0.21923732,0.26853100,0.05233199,-0.04073034,-0.99325186,0.00000000,0.00000000,0.11597737
174.00000000,1.00395704,-0.00326669,0.00619064,-0.00875688,-0.96202757,0.25205830,0.16263354,0.00002764,0.05637961,-0.99265956,0.00000000,0.00000000,0.12094216
174.05000000,0.98998637,-0.00668827,0.00661738,-0.00160689,-0.98404915,0.24660188,0.28310319,0.08925517,-0.02649137,-0.99204244,0.00000000,0.00000000,0.12590393
174.10000000,0.99086698,-0.00458012,0.01801900,0.00842094,-0.95110914,0.26946120,0.14599624,-0.04543376,-0.02913381,-0.99140052,0.00000000,0.00000000,0.13086254
174.15000000,0.99478025,-0.00678307,-0.00561965,0.00640490,-0.96174904,0.28131653,0.21626255,-0.03324400,0.01042827,-0.99073382,0.00000000,0.00000000,0.13581789
174.20000000,0.98488690,-0.02311837,0.00643212,0.01018310,-0.95964641,0.27482315,0.14498974,0.04918647,0.02402662,-0.99004235,0.00000000,0.00000000,0.14076984
174.25000000,1.00291174,-0.00004824,-0.00469571,-0.01113283,-0.95500533,0.28294053,0.18603989,0.07382440,-0.00015009,-0.98932613,0.00000000,0.00000000,0.14571827
174.30000000,0.97547045,-0.00535458,-0.01001452,-0.00139220,-0.96884561,0.30222285,0.19175950,-0.02427451,0.00869115,-0.98858517,0.00000000,0.00000000,0.15066306
174.35000000,0.99923343,-0.00134710,-0.00224187,-0.00020314,-0.94814298,0.30959719,0.25539559,-0.02744870,0.01264931,-0.98781950,0.00000000,0.00000000,0.15560408
174.40000000,1.02446102,-0.00040954,-0.00002180,-0.01263386,-0.95558514,0.31585405,0.22885677,0.02603146,0.01659142,-0.98702914,0.00000000,0.00000000,0.16054121
174.45000000,1.00804098,-0.00999343,0.00488917,0.00013353,-0.94398754,0.32276304,0.16237919,-0.05734329,0.01634088,-0.98621410,0.00000000,0.00000000,0.16547433
174.50000000,1.00497852,-0.00129570,-0.00014814,-0.00720211,-0.93689481,0.33642838,0.18864925,0.03573243,0.03084615,-0.98537440,0.00000000,0.00000000,0.17040331
174.55000000,0.98464131,0.00049150,-0.00958236,0.00139522,-0.97003862,0.34719587,0.23684088,-0.00795474,-0.05008780,-0.98451007,0.00000000,0.00000000,0.17532803
174.60000000,1.01956370,0.01155961,-0.00531061,-0.00261024,-0.95483136,0.35932622,0.14376578,0.02680077,0.04788152,-0.98362113,0.00000000,0.00000000,0.18024837
174.65000000,0.99929736,-0.01064454,0.01249017,0.00002169,-0.93049618,0.35460920,0.21363363,-0.01207453,-0.05741178,-0.98270760,0.00000000,0.00000000,0.18516420
174.70000000,1.01339992,0.01759125,0.01018202,0.00868833,-0.91009164,0.36274549,0.15761757,-0.02153227,0.01532045,-0.98176949,0.00000000,0.00000000,0.19007540
174.75000000,0.99707376,-0.01019992,0.00005656,-0.00094380,-0.91555091,0.38292448,0.11982544,0.01423866,0.07273959,-0.98080685,0.00000000,0.00000000,0.19498185
174.80000000,1.00028927,0.00986959,-0.00505124,0.00565749,-0.92753912,0.38923445,0.19432825,0.01831823,-0.03485741,-0.97981968,0.00000000,0.00000000,0.19988343
174.85000000,0.98535115,0.00470112,0.00432525,0.00112487,-0.90680141,0.39885425,0.21758233,-0.01864884,-0.00956546,-0.97880802,0.00000000,0.00000000,0.20478001
174.90000000,1.00340216,0.02266610,0.00742298,0.00548609,-0.90434136,0.38654396,0.21927407,0.03771762,0.00577567,-0.97777189,0.00000000,0.00000000,0.20967147
174.95000000,0.99956824,-0.00939939,-0.00433410,-0.00833495,-0.89793493,0.43413852,0.29153879,-0.04101290,-0.02789231,-0.97671132,0.00000000,0.00000000,0.21455769
175.00000000,0.99250305,-0.01018556,-0.01002418,-0.00515495,-0.89494868,0.42100168,0.25209518,0.05815502,0.01474990,-0.97562633,0.00000000,0.00000000,0.21943854
175.05000000,1.01229131,-0.01361260,-0.00558187,0.00189417,-0.89713420,0.45148773,0.16033028,-0.02701338,-0.00180056,-0.97451694,0.00000000,0.00000000,0.22431391
175.10000000,0.99481381,-0.01042626,-0.00476550,-0.00245526,-0.88047425,0.43596474,0.24145616,0.05389162,-0.02092393,-0.97338320,0.00000000,0.00000000,0.22918367
175.15000000,1.00259893,0.00575936,0.00411005,0.00082143,-0.89723161,0.46171867,0.18825373,-0.00171869,0.00986283,-0.97222512,0.00000000,0.00000000,0.23404770
175.20000000,1.00855989,0.01927941,-0.00737785,0.00052575,-0.90069213,0.47879005,0.20696101,-0.01640199,0.00433562,-0.97104273,0.00000000,0.00000000,0.23890588
175.25000000,1.00102764,-0.00731839,0.01187970,0.00644740,-0.87332229,0.46601067,0.17216944,-0.00807814,0.03777520,-0.96983607,0.00000000,0.00000000,0.24375808
175.30000000,1.00501696,-0.00777685,0.00667761,-0.00972121,-0.88300810,0.48317585,0.15261013,-0.04609031,0.07141299,-0.96860516,0.00000000,0.00000000,0.24860420
175.35000000,1.01366266,0.02289716,0.00450573,0.00644764,-0.87308176,0.48683388,0.24399325,0.05790947,0.03718021,-0.96735004,0.00000000,0.00000000,0.25344410
175.40000000,0.99160186,0.00391624,-0.00770151,-0.00324500,-0.85022304,0.48703316,0.30198706,0.02157592,-0.01884520,-0.96607073,0.00000000,0.00000000,0.25827766
175.45000000,1.00068216,-0.00684964,-0.00546914,0.00073296,-0.86484098,0.49834005,0.19509822,-0.06179136,-0.05487728,-0.96476727,0.00000000,0.00000000,0.26310476
175.50000000,0.98717946,0.01671325,0.00405624,0.00595857,-0.85631947,0.52132254,0.25758543,0.01523824,0.07535779,-0.96343969,0.00000000,0.00000000,0.26792529
175.55000000,0.99962815,0.00598913,0.00704013,-0.00932045,-0.85079934,0.50638387,0.19919183,-0.01548252,-0.01315824,-0.96208803,0.00000000,0.00000000,0.27273912
175.60000000,0.99592486,0.00511974,-0.00885831,0.01859990,-0.84026148,0.52525431,0.23394438,0.04149118,0.01850744,-0.96071231,0.00000000,0.00000000,0.27754613
175.65000000,0.98994194,0.02237287,0.00639474,-0.01247580,-0.83847010,0.53951335,0.20528744,-0.05638462,0.00442955,-0.95931258,0.00000000,0.00000000,0.28234620
175.70000000,0.99168747,-0.00349539,0.00387444,-0.00476633,-0.83800636,0.55829722,0.16526073,-0.03199826,-0.05410695,-0.95788886,0.00000000,0.00000000,0.28713921
175.75000000,0.99177137,0.00129124,0.00639464,-0.00806167,-0.82346141,0.55947044,0.14316813,0.00480658,0.05541328,-0.95644120,0.00000000,0.00000000,0.29192505
175.80000000,0.98107865,0.02005205,-0.00610518,-0.01649106,-0.82254973,0.57499669,0.19245864,0.01093514,0.09679751,-0.95496962,0.00000000,0.00000000,0.29670358
175.85000000,1.00205654,0.02982488,0.01264631,0.00051535,-0.81531063,0.57170234,0.21616147,0.02211363,-0.01607413,-0.95347418,0.00000000,0.00000000,0.30147470
175.90000000,0.98620029,0.01321279,0.00973482,-0.01417089,-0.81072631,0.59332079,0.24631040,-0.03403529,0.04592160,-0.95195489,0.00000000,0.00000000,0.30623829
175.95000000,1.00015097,0.00388677,-0.00919492,-0.04257009,-0.81433849,0.59651091,0.19581279,0.02607742,0.05146852,-0.95041181,0.00000000,0.00000000,0.31099421
176.00000000,0.99669479,-0.00428949,-0.02186856,-0.01547674,-0.81401282,0.60474749,0.19066544,-0.02689169,-0.02701279,-0.94884496,0.00000000,0.00000000,0.31574236
176.05000000,0.99221019,0.00923461,0.00093347,0.00991327,-0.81651564,0.61248448,0.18336412,-0.01558785,0.06250023,-0.94725440,0.00000000,0.00000000,0.32048262
176.10000000,0.99610150,0.00491896,-0.01017945,0.00036110,-0.80438305,0.61449936,0.22223599,0.04647857,-0.03457733,-0.94564015,0.00000000,0.00000000,0.32521487
176.15000000,0.99471036,-0.00644122,-0.00254010,-0.00963906,-0.80385272,0.61249917,0.20281035,-0.00962327,0.02669153,-0.94400226,0.00000000,0.00000000,0.32993898
176.20000000,1.00842194,-0.00449552,-0.01585739,0.00403219,-0.77611035,0.62813339,0.25957907,0.01714912,0.00749623,-0.94234077,0.00000000,0.00000000,0.33465485
176.25000000,1.00163884,0.00849706,-0.00689553,-0.00880219,-0.77200774,0.62666692,0.20296880,0.00133579,-0.00107691,-0.94065573,0.00000000,0.00000000,0.33936235
176.30000000,0.99638582,0.01653010,0.00940661,-0.00097140,-0.76231327,0.65987433,0.17885793,-0.04618286,0.01214715,-0.93894716,0.00000000,0.00000000,0.34406137
176.35000000,1.00413906,0.00488506,0.00827777,-0.00732577,-0.77082889,0.64786522,0.23102073,-0.04422847,-0.08448373,-0.93721513,0.00000000,0.00000000,0.34875178
176.40000000,1.00144269,-0.00567084,-0.01727089,0.00074451,-0.75403228,0.67800535,0.20897321,0.02321050,0.00122946,-0.93545966,0.00000000,0.00000000,0.35343348
176.45000000,0.99402470,-0.00487614,0.01080959,0.00747789,-0.75840599,0.65622797,0.15164402,0.04440910,-0.07542940,-0.93368081,0.00000000,0.00000000,0.35810634
176.50000000,1.00786488,0.00398357,0.00146813,-0.00472994,-0.72490933,0.67725035,0.14041302,-0.05717199,-0.07155580,-0.93187861,0.00000000,0.00000000,0.36277025
176.55000000,1.01200334,0.01424255,0.01086277,-0.00143133,-0.74426140,0.67290958,0.16077625,-0.00504345,0.06404833,-0.93005312,0.00000000,0.00000000,0.36742509
176.60000000,1.01383518,-0.00488336,-0.02236558,-0.01166991,-0.71124072,0.69303166,0.18909502,-0.02202293,-0.03157908,-0.92820438,0.00000000,0.00000000,0.37207074
176.65000000,0.98796227,0.02072063,0.01718483,-0.00821866,-0.73372225,0.69960217,0.19840502,0.02509138,0.04021918,-0.92633243,0.00000000,0.00000000,0.37670709
176.70000000,0.98829974,0.01280218,-0.00353162,0.00607910,-0.71178338,0.71426371,0.09935497,0.03001928,-0.03520457,-0.92443732,0.00000000,0.00000000,0.38133402
176.75000000,1.00073464,0.01244703,-0.00803150,-0.00960013,-0.70580278,0.70774442,0.15803530,0.00175262,0.00907360,-0.92251910,0.00000000,0.00000000,0.38595142
176.80000000,1.00462988,-0.00819571,-0.00944002,-0.00118597,-0.69737752,0.71682184,0.17337173,0.01175983,-0.04014897,-0.92057782,0.00000000,0.00000000,0.39055918
176.85000000,0.99877825,-0.00306368,-0.00033458,0.01185270,-0.70084663,0.70208017,0.17842695,-0.05448797,-0.13272231,-0.91861353,0.00000000,0.00000000,0.39515716
176.90000000,1.01746351,0.00559710,0.00667157,-0.00285468,-0.67619926,0.72860763,0.24141754,0.00545527,0.00036654,-0.91662627,0.00000000,0.00000000,0.39974527
176.95000000,1.00038928,0.01465450,0.00167331,-0.01029609,-0.66968329,0.74449176,0.19852838,-0.00533012,-0.04568263,-0.91461609,0.00000000,0.00000000,0.40432339
177.00000000,1.00097076,-0.01214481,-0.00250776,-0.00669323,-0.65578659,0.76179414,0.15382426,-0.00320663,-0.01187969,-0.91258305,0.00000000,0.00000000,0.40889139
177.05000000,1.00464438,0.00096242,-0.00387375,0.00093751,-0.66026607,0.76880479,0.16950710,0.00851516,0.02479150,-0.91052720,0.00000000,0.00000000,0.41344918
177.10000000,1.00438477,-0.00297890,0.01368274,-0.02088884,-0.66149700,0.76609258,0.16564039,-0.04497144,-0.01889362,-0.90844858,0.00000000,0.00000000,0.41799663
177.15000000,0.99214357,0.00637089,0.00904405,0.00088315,-0.63238441,0.75206003,0.20839380,0.05728231,0.04568632,-0.90634725,0.00000000,0.00000000,0.42253363
177.20000000,1.01436294,-0.00590046,0.00917190,-0.00426776,-0.62928788,0.78542405,0.16948822,-0.08599227,0.08462563,-0.90422326,0.00000000,0.00000000,0.42706006
177.25000000,1.00488127,-0.00107080,-0.00162007,-0.02096192,-0.62539731,0.77332330,0.20734675,-0.00164526,-0.14905797,-0.90207667,0.00000000,0.00000000,0.43157582
177.30000000,1.00489965,0.00188969,0.00323270,-0.00183420,-0.61917786,0.78659285,0.21726542,0.01826886,0.01464553,-0.89990752,0.00000000,0.00000000,0.43608079
177.35000000,1.01849729,-0.00726015,-0.00374955,0.01692956,-0.61333362,0.80033847,0.21105996,-0.01318806,0.04610636,-0.89771588,0.00000000,0.00000000,0.44057486
177.40000000,1.00518423,-0.01534010,0.00173493,-0.00995062,-0.59113539,0.81463621,0.28880658,0.01298849,-0.01864193,-0.89550179,0.00000000,0.00000000,0.44505791
177.45000000,1.00321758,-0.00939725,0.02345499,0.01194357,-0.59280059,0.81306932,0.18300943,-0.05254939,-0.09697970,-0.89326532,0.00000000,0.00000000,0.44952984
177.50000000,1.00083057,-0.00208154,0.00519289,0.00013073,-0.58304635,0.81712786,0.13969872,0.03585838,-0.01618282,-0.89100651,0.00000000,0.00000000,0.45399052
177.55000000,1.00517579,0.01022227,0.01029094,0.00129153,-0.57788102,0.82377345,0.13786536,-0.04555591,-0.01048874,-0.88872543,0.00000000,0.00000000,0.45843986
177.60000000,0.98667206,-0.00271717,-0.00326349,0.00087107,-0.57205723,0.83130363,0.23062555,-0.00617662,-0.01290395,-0.88642213,0.00000000,0.00000000,0.46287774
177.65000000,0.99952442,-0.00029861,0.02518756,-0.01457527,-0.57251661,0.81555465,0.21704220,0.00727130,-0.02362855,-0.88409667,0.00000000,0.00000000,0.46730405
177.70000000,1.00896118,0.00369657,0.00938100,0.01203454,-0.57627344,0.83873120,0.14730674,0.00815407,-0.00126001,-0.88174911,0.00000000,0.00000000,0.47171867
177.75000000,0.99969786,-0.01204621,0.01030487,-0.01290495,-0.53911130,0.82306408,0.20420145,0.07769483,0.10761533,-0.87937951,0.00000000,0.00000000,0.47612150
177.80000000,0.98381281,-0.00704538,-0.00522661,0.02255054,-0.53889888,0.85355383,0.21840331,-0.05663041,-0.08117288,-0.87698792,0.00000000,0.00000000,0.48051243
177.85000000,0.99386908,0.02316873,0.00257613,0.01054374,-0.54394320,0.84489489,0.23983096,-0.05179847,-0.00086071,-0.87457440,0.00000000,0.00000000,0.48489134
177.90000000,0.99120234,0.00826434,0.00398517,0.00683385,-0.51254220,0.85112548,0.24986589,-0.02937881,0.02998305,-0.87213902,0.00000000,0.00000000,0.48925813
177.95000000,0.98029047,-0.00746356,0.02315803,0.00610988,-0.50657954,0.85033304,0.15606542,-0.01482255,-0.00100208,-0.86968184,0.00000000,0.00000000,0.49361270
178.00000000,1.01914467,0.01018939,0.00108928,0.00065713,-0.49650039,0.85046795,0.11907462,0.03024533,0.00522050,-0.86720292,0.00000000,0.00000000,0.49795492
178.05000000,0.98687884,-0.02094881,0.00893867,-0.00521555,-0.49141758,0.86601586,0.20346879,-0.02948626,-0.00142163,-0.86470231,0.00000000,0.00000000,0.50228469
178.10000000,1.00577073,-0.00275729,-0.00332824,0.00607538,-0.47996723,0.86218925,0.20370716,-0.02642338,0.00261349,-0.86218009,0.00000000,0.00000000,0.50660190
178.15000000,1.01433967,0.00358967,0.02164245,0.00219595,-0.47961378,0.87819066,0.21137860,0.01143835,-0.04236213,-0.85963632,0.00000000,0.00000000,0.51090645
178.20000000,0.99766840,-0.00724396,0.01029622,-0.01925669,-0.46757254,0.86794128,0.22433027,-0.02083957,-0.07924952,-0.85707105,0.00000000,0.00000000,0.51519823
178.25000000,1.00942231,-0.02516387,-0.00031419,0.00691191,-0.44651971,0.87166859,0.18192271,0.04546244,0.05348505,-0.85448436,0.00000000,0.00000000,0.51947713
178.30000000,1.01280744,0.02561581,-0.00508693,0.00372382,-0.45484511,0.87257742,0.20097495,-0.09219069,-0.02129216,-0.85187630,0.00000000,0.00000000,0.52374304
178.35000000,0.98531842,0.00438857,-0.00778526,-0.01785208,-0.43378417,0.89076022,0.18567581,-0.04672663,0.05338825,-0.84924695,0.00000000,0.00000000,0.52799585
178.40000000,1.00270519,-0.00613088,-0.01914036,0.02510634,-0.41365713,0.91560825,0.17355321,-0.02540304,0.01991830,-0.84659636,0.00000000,0.00000000,0.53223547
178.45000000,0.99106146,-0.00989399,0.01458559,-0.00055140,-0.43561620,0.91499328,0.17933449,-0.09151943,-0.04875036,-0.84392462,0.00000000,0.00000000,0.53646178
178.50000000,0.99483507,0.00219959,0.00171738,0.01227770,-0.41771211,0.90500891,0.26068018,0.04076881,-0.00754612,-0.84123177,0.00000000,0.00000000,0.54067468
178.55000000,1.00292030,-0.00475322,-0.01162162,0.02197236,-0.41164340,0.91672323,0.13723160,0.02993512,-0.05192760,-0.83851789,0.00000000,0.00000000,0.54487406
178.60000000,1.01677959,0.01797410,0.00565639,0.00114882,-0.39894077,0.91731435,0.22330155,0.00101352,0.04590317,-0.83578305,0.00000000,0.00000000,0.54905982
178.65000000,0.99081702,0.01528082,-0.00422659,-0.00745879,-0.38424291,0.92598003,0.12733375,-0.02451588,-0.09513703,-0.83302732,0.00000000,0.00000000,0.55323186
178.70000000,0.99324293,-0.00632643,0.00297461,-0.00787796,-0.38414312,0.93858592,0.29731348,-0.04418410,0.04758255,-0.83025076,0.00000000,0.00000000,0.55739006
178.75000000,1.00387807,-0.01738789,-0.00791170,-0.03027833,-0.36612273,0.91851912,0.21098939,0.11197647,0.07324730,-0.82745344,0.00000000,0.00000000,0.56153433
178.80000000,0.99232994,-0.01008782,0.01292982,-0.01004801,-0.35013598,0.96029274,0.23520562,0.04995070,0.04976375,-0.82463544,0.00000000,0.00000000,0.56566456
178.85000000,0.99442902,0.00290191,-0.00956436,0.01289928,-0.36155129,0.94349774,0.25561197,-0.02498692,-0.03024390,-0.82179682,0.00000000,0.00000000,0.56978065
178.90000000,0.99830307,-0.00892432,0.00156398,-0.00916970,-0.34976333,0.94541700,0.23261804,-0.01612636,-0.07163031,-0.81893766,0.00000000,0.00000000,0.57388249
178.95000000,1.01170861,-0.00448401,0.02062315,-0.00132397,-0.33054360,0.93899658,0.21588559,0.15247682,-0.01360637,-0.81605802,0.00000000,0.00000000,0.57796999
179.00000000,1.01276329,0.00090634,0.01173793,-0.01931887,-0.30300292,0.94999614,0.19302562,0.03739725,0.00843586,-0.81315798,0.00000000,0.00000000,0.58204304
179.05000000,0.98852124,-0.02423280,0.01826059,-0.00222850,-0.31909927,0.94441085,0.27049307,-0.02491845,0.03081691,-0.81023761,0.00000000,0.00000000,0.58610154
179.10000000,0.99665370,-0.01254809,0.00901285,0.01103005,-0.31025005,0.95246761,0.20933836,0.01690659,0.09015879,-0.80729699,0.00000000,0.00000000,0.59014538
179.15000000,0.99676130,-0.00330044,-0.00175315,-0.00942215,-0.31113501,0.95716969,0.22858054,-0.00289032,-0.00080432,-0.80433618,0.00000000,0.00000000,0.59417447
179.20000000,0.99101270,0.00252402,0.00169859,0.00474892,-0.28110378,0.96266151,0.26397769,0.02258943,0.02349352,-0.80135527,0.00000000,0.00000000,0.59818871
179.25000000,0.98257489,0.01053497,-0.00297855,0.00079211,-0.28746826,0.98241751,0.09434971,0.06355041,0.02101376,-0.79835432,0.00000000,0.00000000,0.60218799
179.30000000,0.98094706,0.02036397,0.00513765,-0.02358316,-0.26933505,0.96956319,0.28161833,-0.02130213,-0.11637345,-0.79533342,0.00000000,0.00000000,0.60617222
179.35000000,1.01459021,0.00498202,-0.02232554,0.00342696,-0.25096954,0.96357373,0.16800279,-0.03026801,-0.01255026,-0.79229263,0.00000000,0.00000000,0.61014129
179.40000000,1.00354720,0.00788360,-0.02147831,0.00255972,-0.24089493,0.97101847,0.18689430,0.06049585,0.06212351,-0.78923203,0.00000000,0.00000000,0.61409511
179.45000000,0.99633787,-0.00083078,0.00771840,0.01282628,-0.24422423,0.96127431,0.21726089,-0.05324799,-0.08498293,-0.78615170,0.00000000,0.00000000,0.61803358
179.50000000,0.99179624,0.00417164,0.01553610,-0.00708765,-0.22758265,0.97560381,0.17599375,-0.03551976,0.01698098,-0.78305172,0.00000000,0.00000000,0.62195659
179.55000000,0.98802568,-0.00767414,-0.00202588,0.00322461,-0.23174082,0.97495485,0.14727118,-0.03359839,0.03726846,-0.77993216,0.00000000,0.00000000,0.62586406
179.60000000,0.99926154,0.01669070,-0.00072198,0.00968013,-0.19886731,0.97824785,0.14616222,-0.00770139,-0.02182623,-0.77679311,0.00000000,0.00000000,0.62975588
179.65000000,0.99428581,0.00155821,-0.01449571,-0.00873844,-0.20714172,0.97785701,0.17064678,-0.03441357,0.00805811,-0.77363463,0.00000000,0.00000000,0.63363196
179.70000000,0.99554315,0.00004806,-0.01115698,-0.00828422,-0.16679912,0.97534636,0.11079766,0.01230044,-0.02966134,-0.77045681,0.00000000,0.00000000,0.63749220
179.75000000,1.00243847,-0.00089535,0.00549876,-0.00099623,-0.17964052,0.99562254,0.10580167,-0.06227761,-0.03489937,-0.76725973,0.00000000,0.00000000,0.64133650
179.80000000,0.98307156,-0.00479387,-0.00578080,0.00974700,-0.16840758,0.98373774,0.18801310,-0.05004668,0.04183751,-0.76404347,0.00000000,0.00000000,0.64516476
179.85000000,1.01210077,-0.01212166,0.01620056,-0.00670983,-0.16518314,0.99222172,0.23013538,-0.00618703,-0.01348632,-0.76080811,0.00000000,0.00000000,0.64897690
179.90000000,1.01172353,-0.00623299,-0.00068769,0.01693787,-0.16114615,0.98443446,0.25084544,0.02061288,0.04198168,-0.75755373,0.00000000,0.00000000,0.65277281
179.95000000,0.98677116,0.00321115,-0.00285207,0.02272417,-0.12978411,0.99022605,0.21778577,-0.00057218,0.03326090,-0.75428041,0.00000000,0.00000000,0.65655240
180.00000000,0.99143699,0.01365217,-0.01324727,0.00205044,-0.13620946,0.99220674,0.24918554,-0.07957842,-0.00557930,-0.75098824,0.00000000,0.00000000,0.66031558
180.05000000,0.98560243,-0.00279382,-0.01442393,0.00161786,-0.12230435,1.00047975,0.25994279,-0.00252380,0.04196547,-0.74767729,0.00000000,0.00000000,0.66406225
180.10000000,1.01382459,-0.00922103,0.01434986,-0.00036939,-0.11789059,0.99712391,0.20177581,-0.06592348,-0.04724043,-0.74434764,0.00000000,0.00000000,0.66779232
180.15000000,1.01637314,0.00278575,0.01481794,-0.00416573,-0.10617649,0.97833748,0.24828924,0.01536403,-0.01622598,-0.74099939,0.00000000,0.00000000,0.67150570
180.20000000,0.99207340,0.01126870,-0.00177281,-0.00166530,-0.09421145,0.99202786,0.22960224,-0.06634513,0.00561068,-0.73763261,0.00000000,0.00000000,0.67520229
180.25000000,1.00955585,-0.00084759,0.01054226,0.01340599,-0.06920266,0.99156211,0.20341515,0.01246331,-0.01900785,-0.73424740,0.00000000,0.00000000,0.67888199
180.30000000,0.99496894,-0.00563313,0.02543561,-0.00271091,-0.05757863,0.98897317,0.28110569,-0.01993005,0.00436920,-0.73084382,0.00000000,0.00000000,0.68254473
180.35000000,0.98167277,0.01116601,0.01333220,-0.01187272,-0.04653743,0.98492708,0.23326690,-0.01587840,0.06175909,-0.72742198,0.00000000,0.00000000,0.68619040
180.40000000,1.00249191,0.00931468,0.01237757,-0.00291032,-0.04858876,0.98772107,0.19158250,0.08318132,0.03579962,-0.72398195,0.00000000,0.00000000,0.68981892
180.45000000,0.98955400,0.01631443,0.00389003,0.00830424,-0.03340386,1.00346352,0.11565952,0.04650473,-0.09881695,-0.72052382,0.00000000,0.00000000,0.69343019
180.50000000,1.01015988,0.00099567,0.00835464,0.00158401,-0.01787722,0.99976054,0.21756342,0.01510142,0.08601544,-0.71704768,0.00000000,0.00000000,0.69702412
180.55000000,1.00600275,-0.01316853,-0.00563980,0.00598004,-0.00572004,0.99261046,0.30517037,0.00485324,0.02080835,-0.71355361,0.00000000,0.00000000,0.70060063
180.60000000,0.98745927,0.01115477,-0.00445784,-0.00745883,-0.01149036,1.01379318,0.22582865,-0.04276110,-0.02171927,-0.71004170,0.00000000,0.00000000,0.70415963
180.65000000,1.01409567,-0.00236381,0.00560413,0.00805149,-0.03250640,1.01264250,0.16688168,-0.01912599,0.07084045,-0.70651204,0.00000000,0.00000000,0.70770102
180.70000000,1.01446925,0.00492780,0.00728439,0.00977962,0.02598229,1.01550596,0.20981659,-0.03597463,-0.00941078,-0.70296472,0.00000000,0.00000000,0.71122472
180.75000000,1.00127200,-0.00053067,-0.01012222,0.00436794,0.00600190,1.00061884,0.21168585,0.00215372,0.04006748,-0.69939982,0.00000000,0.00000000,0.71473064
180.80000000,1.00718606,0.02222678,-0.00517712,0.00279333,0.03382854,1.00118005,0.14843400,-0.05592665,0.00228919,-0.69581744,0.00000000,0.00000000,0.71821869
180.85000000,0.98424106,-0.00334205,-0.00647540,-0.00297977,0.05299267,0.98834810,0.24389860,-0.02854876,-0.01797939,-0.69221767,0.00000000,0.00000000,0.72168878
180.90000000,1.00465546,-0.00274149,-0.00892468,-0.00370277,0.03389213,1.00247666,0.06628105,0.03671344,0.02951535,-0.68860059,0.00000000,0.00000000,0.72514084
180.95000000,1.01601435,0.02182077,0.00935771,-0.00627405,0.08336859,0.98615897,0.11990851,0.07984471,0.02890250,-0.68496629,0.00000000,0.00000000,0.72857476
181.00000000,0.98124182,-0.01355359,0.00551285,-0.00869965,0.06435861,1.01709621,0.30107016,0.00356341,-0.00473027,-0.68131487,0.00000000,0.00000000,0.73199047
181.05000000,1.00902455,-0.00561607,-0.02230525,-0.02761530,0.08085469,1.00548471,0.20571554,0.03322255,0.04268899,-0.67764642,0.00000000,0.00000000,0.73538788
181.10000000,1.01386041,0.00186265,0.00275875,-0.00036800,0.08896905,0.98007990,0.25741272,-0.02016228,-0.01772428,-0.67396102,0.00000000,0.00000000,0.73876691
181.15000000,0.99458382,-0.01340388,-0.00085543,0.00516425,0.09445346,1.00521090,0.18852414,-0.07154238,0.06343366,-0.67025878,0.00000000,0.00000000,0.74212746
181.20000000,1.00198463,0.00863283,0.00886860,-0.00946110,0.10623031,1.00411297,0.28707342,-0.00016974,-0.02604878,-0.66653978,0.00000000,0.00000000,0.74546946
181.25000000,1.01682336,-0.00626627,0.00328971,-0.00427783,0.12407214,0.98315142,0.18824465,-0.03105359,0.03161619,-0.66280412,0.00000000,0.00000000,0.74879283
181.30000000,1.00163214,0.00880201,-0.00825760,-0.00208451,0.13755155,0.99992952,0.14034257,0.01121227,-0.03436965,-0.65905188,0.00000000,0.00000000,0.75209748
181.35000000,1.00909301,0.01860505,-0.02611918,-0.00655948,0.14384563,0.98994152,0.24702247,0.00053587,-0.02169074,-0.65528317,0.00000000,0.00000000,0.75538332
181.40000000,0.98979669,-0.01188534,-0.00742750,-0.00565098,0.15493802,0.98695114,0.17589114,-0.04813800,-0.02942250,-0.65149808,0.00000000,0.00000000,0.75865028
181.45000000,0.99435967,-0.00748126,0.00673113,0.01368044,0.14921734,0.99815054,0.23600249,0.00504397,0.07027450,-0.64769670,0.00000000,0.00000000,0.76189828
181.50000000,0.99829732,0.00401897,0.00123724,0.00049352,0.17542932,0.98576312,0.22584541,-0.03295527,-0.02655816,-0.64387913,0.00000000,0.00000000,0.76512722
181.55000000,0.99325641,-0.00364798,0.01013285,-0.00462205,0.18720822,0.98619573,0.18525902,0.05554842,0.03491989,-0.64004546,0.00000000,0.00000000,0.76833704
181.60000000,1.00001782,-0.00081139,0.00093727,-0.01529538,0.18226021,0.98631044,0.13420943,-0.03643479,-0.01555512,-0.63619579,0.00000000,0.00000000,0.77152765
181.65000000,1.02903655,0.00673737,0.01097342,-0.00805147,0.20393755,0.96212939,0.19021446,0.01960065,-0.06139601,-0.63233022,0.00000000,0.00000000,0.77469897
181.70000000,1.00393137,0.00476071,-0.00602503,-0.00834805,0.20295170,0.97420953,0.19083344,0.01979040,-0.02189921,-0.62844884,0.00000000,0.00000000,0.77785092
181.75000000,1.01602126,0.01594874,0.00236201,-0.00344634,0.21453743,0.97869671,0.22699016,-0.01198919,-0.01558129,-0.62455174,0.00000000,0.00000000,0.78098343
181.80000000,1.00352743,0.00069041,-0.00572122,0.00113040,0.22356168,0.96576510,0.20477741,-0.02869999,-0.03078069,-0.62063904,0.00000000,0.00000000,0.78409641
181.85000000,1.01045714,-0.00392205,0.01843362,0.00626639,0.23112851,0.98253451,0.17295180,0.08525078,0.01211566,-0.61671081,0.00000000,0.00000000,0.78718980
181.90000000,1.00542567,0.00030953,0.00265883,-0.00229110,0.23977470,0.97189181,0.25083042,-0.05624714,0.07089208,-0.61276717,0.00000000,0.00000000,0.79026350
181.95000000,1.00601137,-0.00436908,-0.00454778,0.01864162,0.26809237,0.97735686,0.19377218,0.02184343,0.01762469,-0.60880821,0.00000000,0.00000000,0.79331744
182.00000000,0.99825350,0.00109257,0.01110051,0.01599592,0.26583662,0.95019048,0.27850371,0.07106563,0.01990587,-0.60483403,0.00000000,0.00000000,0.79635155
182.05000000,1.01792631,0.00327615,-0.00909059,-0.01312130,0.26475434,0.96063497,0.18414886,-0.02888721,-0.00278101,-0.60084473,0.00000000,0.00000000,0.79936576
182.10000000,1.00857971,-0.00547008,-0.00715393,-0.00481011,0.29677231,0.95706153,0.21751785,0.06645332,0.12915505,-0.59684041,0.00000000,0.00000000,0.80235997
182.15000000,1.00640387,0.00541357,-0.01184527,0.00368516,0.29774609,0.96376072,0.18747608,0.00597634,0.02906681,-0.59282116,0.00000000,0.00000000,0.80533413
182.20000000,1.01898543,0.01563772,0.01266072,0.00727119,0.30234624,0.95908467,0.17046313,-0.01222239,0.08153107,-0.58878710,0.00000000,0.00000000,0.80828816
182.25000000,1.00537982,0.00227013,0.00355711,-0.00093828,0.29460402,0.93606128,0.23260374,-0.04416803,-0.00281138,-0.58473832,0.00000000,0.00000000,0.81122198
182.30000000,0.98772557,-0.00718648,-0.00004262,0.00923861,0.33687656,0.93814977,0.21871619,-0.06674711,0.00452276,-0.58067491,0.00000000,0.00000000,0.81413552
182.35000000,1.00953318,-0.00067047,0.01315687,0.00836919,0.33748506,0.93969555,0.18110405,-0.06820226,-0.05592120,-0.57659700,0.00000000,0.00000000,0.81702871
182.40000000,1.00994935,0.01513691,-0.01081037,0.00068187,0.32873209,0.92902699,0.21661992,-0.02619684,-0.08369478,-0.57250466,0.00000000,0.00000000,0.81990146
182.45000000,1.01718865,-0.00049147,-0.01104406,0.00128034,0.35303872,0.93952143,0.18980123,0.01105407,0.04420068,-0.56839802,0.00000000,0.00000000,0.82275373
182.50000000,0.98681816,-0.00693254,0.00839262,-0.00551385,0.36236585,0.92701407,0.18675257,-0.02504472,-0.05429024,-0.56427716,0.00000000,0.00000000,0.82558542
182.55000000,1.00459197,0.01062303,-0.00176491,0.00949463,0.36757061,0.92253848,0.22336692,0.01611278,-0.00304272,-0.56014220,0.00000000,0.00000000,0.82839647
182.60000000,1.00676588,-0.01286977,-0.00303972,0.00964818,0.39136432,0.93262875,0.25064884,-0.01966052,-0.07425878,-0.55599323,0.00000000,0.00000000,0.83118682
182.65000000,0.99741214,0.00635996,0.00799437,-0.00526271,0.38128634,0.91171982,0.18068640,-0.08784266,-0.02157468,-0.55183036,0.00000000,0.00000000,0.83395638
182.70000000,1.00047877,-0.00097884,-0.00330271,-0.00689260,0.39442277,0.91089804,0.23655003,-0.00304154,0.14362542,-0.54765370,0.00000000,0.00000000,0.83670510
182.75000000,0.99667663,0.00437873,-0.00310034,-0.00334335,0.42491889,0.92237751,0.12652789,-0.04872875,-0.00409291,-0.54346335,0.00000000,0.00000000,0.83943290
182.80000000,0.99482887,-0.01508327,0.00115805,-0.01878125,0.41966611,0.91556329,0.24402994,-0.00945392,0.06956573,-0.53925941,0.00000000,0.00000000,0.84213971
182.85000000,1.00331626,0.00845825,-0.00736264,0.01521635,0.42743057,0.91980191,0.26573846,0.00852192,0.02014287,-0.53504199,0.00000000,0.00000000,0.84482547
182.90000000,0.99820064,-0.00819183,0.00595198,0.00544042,0.42029224,0.89888667,0.24381878,0.06254976,0.03443714,-0.53081119,0.00000000,0.00000000,0.84749011
182.95000000,0.98482733,-0.01054444,-0.00345997,0.01398812,0.43938337,0.90589076,0.17713266,0.02081939,-0.04003935,-0.52656712,0.00000000,0.00000000,0.85013356
183.00000000,0.99806187,-0.01131612,0.01443100,-0.00694852,0.43891329,0.87454236,0.20117933,-0.02348543,0.03101181,-0.52230989,0.00000000,0.00000000,0.85275576
183.05000000,0.99764884,0.01165966,-0.00385416,0.01026482,0.45374437,0.87118389,0.16817919,-0.05347891,-0.05348271,-0.51803960,0.00000000,0.00000000,0.85535663
183.10000000,1.00413652,-0.00264317,0.00141775,0.00527549,0.45525184,0.88723959,0.15110160,-0.02879617,-0.08261843,-0.51375636,0.00000000,0.00000000,0.85793613
183.15000000,1.00654580,-0.01689063,-0.01200109,-0.01127581,0.47961285,0.87518251,0.24130918,-0.00767649,0.04519057,-0.50946028,0.00000000,0.00000000,0.86049418
183.20000000,1.00379324,-0.00945479,-0.00667194,0.01510583,0.50191832,0.88016322,0.24773078,0.01780105,0.01698643,-0.50515145,0.00000000,0.00000000,0.86303071
183.25000000,1.00049715,0.01698849,-0.00464658,0.00240300,0.48125591,0.85267531,0.28617652,0.02458325,-0.00751217,-0.50083001,0.00000000,0.00000000,0.86554567
183.30000000,1.00078325,-0.01358122,-0.00428120,-0.01458137,0.50403032,0.86875904,0.22527224,0.06806758,0.01518088,-0.49649603,0.00000000,0.00000000,0.86803899
183.35000000,0.97521518,0.01950667,-0.00840693,0.00162103,0.51659572,0.85925197,0.20714926,-0.00006287,-0.05710541,-0.49214965,0.00000000,0.00000000,0.87051061
183.40000000,1.02586983,0.00651436,0.00051881,0.01841867,0.51340070,0.86032835,0.18017222,0.01499287,0.02098210,-0.48779097,0.00000000,0.00000000,0.87296047
183.45000000,0.97663518,-0.01431664,0.01586439,-0.00252165,0.55262585,0.85946202,0.19514901,-0.01679718,0.07571942,-0.48342008,0.00000000,0.00000000,0.87538850
183.50000000,1.02103020,-0.00286602,0.01538165,0.01030019,0.55307235,0.84200389,0.17492856,-0.05015307,-0.05632857,-0.47903712,0.00000000,0.00000000,0.87779465
183.55000000,1.01910889,0.00010945,-0.01144776,0.01002427,0.54464089,0.82903025,0.29748422,-0.06251084,0.01251164,-0.47464218,0.00000000,0.00000000,0.88017885
183.60000000,0.99409080,-0.00750504,-0.01463855,0.00059584,0.54901839,0.83591781,0.20289779,-0.01698103,-0.03684249,-0.47023537,0.00000000,0.00000000,0.88254105
183.65000000,1.01430706,0.00735680,-0.00681343,-0.01359205,0.54714952,0.83575858,0.24565945,0.04380405,-0.00337945,-0.46581680,0.00000000,0.00000000,0.88488118
183.70000000,1.00806012,0.01027194,-0.00069795,-0.00358148,0.56448199,0.82294512,0.23000880,-0.02118079,-0.01091292,-0.46138659,0.00000000,0.00000000,0.88719920
183.75000000,0.99782705,0.00791241,-0.01374326,-0.01105253,0.57154536,0.81141502,0.21909963,-0.05080158,0.04265198,-0.45694485,0.00000000,0.00000000,0.88949503
183.80000000,1.01462649,0.00413798,0.01122790,-0.00915172,0.58158896,0.81218201,0.20328258,-0.04294602,0.06573007,-0.45249168,0.00000000,0.00000000,0.89176862
183.85000000,1.00298790,0.00702175,-0.00674251,0.01679908,0.59698397,0.81128106,0.17893515,0.00454216,0.02694719,-0.44802720,0.00000000,0.00000000,0.89401993
183.90000000,1.01995407,-0.00439727,0.00202563,0.00591855,0.59237570,0.77332170,0.16046480,0.04025360,0.07876005,-0.44355152,0.00000000,0.00000000,0.89624888
183.95000000,0.99077015,-0.01216725,0.01534746,-0.00565427,0.61072638,0.80355155,0.26290078,0.03877268,-0.07453932,-0.43906475,0.00000000,0.00000000,0.89845542
184.00000000,0.98741545,0.01120508,0.00317890,-0.00777735,0.61885745,0.79388628,0.27331681,-0.00326713,-0.02871991,-0.43456700,0.00000000,0.00000000,0.90063951
184.05000000,0.99724507,0.01343066,0.01323533,0.00194255,0.62480466,0.78734201,0.27758029,-0.06800281,-0.00839466,-0.43005839,0.00000000,0.00000000,0.90280107
184.10000000,1.01155959,0.00073672,-0.00488586,0.00185188,0.64154011,0.75890627,0.20906048,0.01342765,-0.01995127,-0.42553903,0.00000000,0.00000000,0.90494007
184.15000000,0.99220512,-0.00537888,-0.00970913,0.00850621,0.63566639,0.76564834,0.18826531,-0.03458152,0.06332764,-0.42100903,0.00000000,0.00000000,0.90705645
184.20000000,0.99869217,-0.00669399,-0.00765119,0.00339065,0.66137385,0.76997235,0.19750218,-0.01318444,0.00785646,-0.41646850,0.00000000,0.00000000,0.90915014
184.25000000,1.00167125,-0.00772057,0.01462412,0.00022222,0.66599524,0.75494051,0.22306443,-0.04790457,0.00171376,-0.41191757,0.00000000,0.00000000,0.91122111
184.30000000,1.02280744,0.01587169,0.00157008,-0.00366864,0.64594384,0.73907871,0.20149299,-0.01719082,-0.00907669,-0.40735633,0.00000000,0.00000000,0.91326930
184.35000000,1.00622431,-0.01000356,0.00272652,-0.00110259,0.66670559,0.75407481,0.23844307,-0.03816887,0.02513217,-0.40278491,0.00000000,0.00000000,0.91529466
184.40000000,0.98610538,-0.00663479,0.01327570,0.00351515,0.68558004,0.74041140,0.23233719,-0.01489819,0.04387729,-0.39820342,0.00000000,0.00000000,0.91729713
184.45000000,0.98311044,-0.00667475,-0.00096951,0.00547729,0.68688922,0.70583602,0.11893471,-0.00604520,-0.01936677,-0.39361198,0.00000000,0.00000000,0.91927668
184.50000000,0.99090023,-0.01077271,0.00133776,0.01302261,0.69867996,0.72989519,0.18827458,0.01683134,0.06246503,-0.38901070,0.00000000,0.00000000,0.92123324
184.55000000,0.99842125,0.00025972,-0.00374484,0.00592506,0.71349648,0.71324284,0.19473904,-0.07006968,-0.00016585,-0.38439969,0.00000000,0.00000000,0.92316677
184.60000000,0.99808046,0.00235996,0.00116792,0.01572408,0.70457162,0.68689730,0.15390426,-0.03133648,0.05038883,-0.37977907,0.00000000,0.00000000,0.92507722
184.65000000,0.98702757,-0.01163802,0.00413906,0.00849306,0.70303414,0.67777901,0.16982501,0.02639813,0.00840529,-0.37514895,0.00000000,0.00000000,0.92696454
184.70000000,0.99250026,0.00739430,0.00124305,-0.00107596,0.70930199,0.68057445,0.29251646,-0.01803949,-0.04078911,-0.37050946,0.00000000,0.00000000,0.92882869
184.75000000,0.99617749,0.00119085,0.00883344,0.00621085,0.72552593,0.69370666,0.24143397,-0.02290698,-0.00373320,-0.36586071,0.00000000,0.00000000,0.93066962
184.80000000,1.00600669,0.01074703,-0.01518668,0.00070450,0.73875382,0.66792771,0.17924939,0.04415315,0.02591153,-0.36120281,0.00000000,0.00000000,0.93248728
184.85000000,1.02106635,-0.00569793,0.00137134,0.00309700,0.75472518,0.67979397,0.20918644,-0.05195985,-0.02979144,-0.35653587,0.00000000,0.00000000,0.93428163
184.90000000,1.00142728,0.01122762,-0.01446406,-0.01170003,0.75996057,0.64578274,0.15468745,0.04782750,-0.00789781,-0.35186003,0.00000000,0.00000000,0.93605263
184.95000000,0.99702188,0.01368294,-0.01062977,-0.01263985,0.77523063,0.65349553,0.23539732,-0.01691210,-0.00276723,-0.34717539,0.00000000,0.00000000,0.93780022
185.00000000,0.99296234,0.00318120,0.00831373,0.00195982,0.77602114,0.65016445,0.15811224,-0.00947315,-0.01805282,-0.34248207,0.00000000,0.00000000,0.93952437
185.05000000,1.00753434,0.00461587,0.00127383,0.01013589,0.75315229,0.62982302,0.18182150,0.00825790,0.02672242,-0.33778018,0.00000000,0.00000000,0.94122502
185.10000000,0.99998692,-0.01314960,0.00406772,0.00128062,0.76344180,0.62515055,0.22172689,0.07093375,-0.04670473,-0.33306986,0.00000000,0.00000000,0.94290215
185.15000000,1.00790120,-0.01076474,-0.01270608,-0.01211591,0.79042111,0.62159094,0.19092667,0.01747487,0.00382559,-0.32835120,0.00000000,0.00000000,0.94455571
185.20000000,1.00110519,-0.00303526,-0.01027547,0.01691307,0.80453889,0.62831900,0.18088111,-0.03349673,-0.01653454,-0.32362434,0.00000000,0.00000000,0.94618565
185.25000000,1.01074107,-0.00000192,-0.00543192,0.00363862,0.78925463,0.59092767,0.21077956,-0.02607950,0.00138731,-0.31888939,0.00000000,0.00000000,0.94779194
185.30000000,0.97315140,-0.00892078,-0.00045057,-0.01516391,0.78780012,0.59687299,0.23637570,-0.04287876,-0.00972266,-0.31414646,0.00000000,0.00000000,0.94937453
185.35000000,0.99760977,-0.01562314,0.01183886,-0.00182957,0.80682623,0.59215920,0.13523490,0.03814071,0.04898474,-0.30939568,0.00000000,0.00000000,0.95093339
185.40000000,1.00140532,0.00462208,-0.00326079,0.00863294,0.80616300,0.57999061,0.20621926,-0.00473002,0.04981277,-0.30463717,0.00000000,0.00000000,0.95246848
185.45000000,1.02188205,-0.00109837,0.00470358,-0.00802427,0.83047394,0.56696695,0.34565441,-0.07771776,0.09803667,-0.29987104,0.00000000,0.00000000,0.95397975
185.50000000,1.00991222,-0.01122242,0.02319448,-0.00928410,0.82269173,0.55094585,0.19845047,-0.00535669,0.03912010,-0.29509741,0.00000000,0.00000000,0.95546717
185.55000000,1.02438314,-0.00512961,-0.02752630,0.00648498,0.82592966,0.57380990,0.20345333,-0.03694757,-0.04330133,-0.29031641,0.00000000,0.00000000,0.95693071
185.60000000,1.00622887,-0.00275237,0.01467707,-0.00210589,0.85109356,0.53348206,0.12724656,0.03408240,-0.01876974,-0.28552814,0.00000000,0.00000000,0.95837032
185.65000000,0.99736449,-0.01012194,-0.01085501,0.00635667,0.84218978,0.52828469,0.24035420,0.04954373,-0.00286712,-0.28073274,0.00000000,0.00000000,0.95978598
185.70000000,1.01003200,-0.01001805,0.00577209,0.00161750,0.83980930,0.55096670,0.21541001,-0.02942228,0.00287761,-0.27593032,0.00000000,0.00000000,0.96117764
185.75000000,0.99130306,-0.01156878,-0.00449420,-0.00381712,0.84494506,0.53444362,0.17075343,-0.04469055,-0.05102702,-0.27112101,0.00000000,0.00000000,0.96254527
185.80000000,0.98718017,0.01027452,0.00258167,0.00690328,0.86834744,0.51004367,0.27084056,-0.03103538,-0.04700236,-0.26630491,0.00000000,0.00000000,0.96388884
185.85000000,1.00373617,0.00144548,0.00142960,0.01015321,0.86431627,0.50790003,0.26580328,0.00892634,0.02410394,-0.26148216,0.00000000,0.00000000,0.96520831
185.90000000,0.98582286,0.03719151,-0.01590842,-0.00539329,0.86256293,0.51719203,0.17814038,0.01676145,-0.02316765,-0.25665287,0.00000000,0.00000000,0.96650365
185.95000000,0.98959903,0.00570355,-0.00718966,0.00207590,0.87944316,0.50647218,0.14855382,-0.00983410,-0.00298506,-0.25181716,0.00000000,0.00000000,0.96777483
186.00000000,1.00000928,0.02568801,-0.00173333,-0.02520590,0.87602223,0.47746487,0.19422029,-0.03513875,-0.05709041,-0.24697516,0.00000000,0.00000000,0.96902181
186.05000000,1.02159491,0.00318293,-0.00192240,0.02127626,0.87406247,0.47586887,0.14914028,0.03057494,-0.04873617,-0.24212699,0.00000000,0.00000000,0.97024457
186.10000000,1.00470463,0.01953236,0.00093450,-0.02192581,0.88776099,0.46579848,0.24529323,0.06290102,0.07018087,-0.23727276,0.00000000,0.00000000,0.97144307
186.15000000,0.99869060,-0.00659439,-0.01118511,-0.00539950,0.89673407,0.43861054,0.16354955,0.02214678,-0.02691178,-0.23241260,0.00000000,0.00000000,0.97261729
186.20000000,1.00369986,-0.00814310,0.00287798,-0.00771877,0.87742530,0.45271445,0.17387865,-0.01411908,-0.02890881,-0.22754663,0.00000000,0.00000000,0.97376719
186.25000000,1.00544478,0.00333169,0.00542093,-0.00549543,0.90033443,0.43833874,0.27410362,0.01070850,-0.04287116,-0.22267497,0.00000000,0.00000000,0.97489274
186.30000000,1.00267894,-0.00164998,-0.01998734,-0.01845157,0.90446339,0.42531654,0.19181839,0.03654181,-0.03982099,-0.21779774,0.00000000,0.00000000,0.97599393
186.35000000,0.98613805,-0.00825692,-0.00609776,-0.00058153,0.90135794,0.39464889,0.09009717,0.00250785,-0.04849138,-0.21291507,0.00000000,0.00000000,0.97707071
186.40000000,0.97994645,0.00624941,0.01545181,-0.00094459,0.91613387,0.40972132,0.10155278,0.03674175,0.05744920,-0.20802708,0.00000000,0.00000000,0.97812307
186.45000000,1.01836799,-0.00437620,-0.01135121,0.01358558,0.92246236,0.40654411,0.17606187,0.00914464,-0.04510948,-0.20313388,0.00000000,0.00000000,0.97915097
186.50000000,0.99994760,-0.00347888,0.02343554,0.00548630,0.89988522,0.38858745,0.22146511,-0.02419615,-0.04731689,-0.19823561,0.00000000,0.00000000,0.98015440
186.55000000,1.00660516,-0.00961387,0.00575444,-0.01045877,0.91990617,0.38893118,0.22687653,-0.00159480,0.00066266,-0.19333238,0.00000000,0.00000000,0.98113332
186.60000000,1.00090553,-0.00791542,-0.01516697,0.00569173,0.94429355,0.37614074,0.21636694,-0.05704684,0.04122843,-0.18842432,0.00000000,0.00000000,0.98208771
186.65000000,1.00481394,0.00760147,0.01033891,0.01586007,0.92149981,0.34790037,0.21162565,-0.04425627,-0.04700138,-0.18351154,0.00000000,0.00000000,0.98301755
186.70000000,1.01220096,-0.01009063,-0.00011067,-0.01631426,0.93683863,0.36327396,0.25925118,0.04373347,-0.00150490,-0.17859418,0.00000000,0.00000000,0.98392282
186.75000000,1.01111505,0.00430081,-0.00438946,0.00381702,0.94853256,0.32878911,0.15757670,-0.00942255,-0.05263868,-0.17367236,0.00000000,0.00000000,0.98480349
186.80000000,0.98763971,-0.00420587,0.00991989,0.00973151,0.94626025,0.33445539,0.29835487,-0.02712051,0.01278116,-0.16874619,0.00000000,0.00000000,0.98565954
186.85000000,0.99411012,-0.01287421,0.01184881,-0.00305205,0.95327698,0.32074432,0.26075131,-0.04759778,0.05405176,-0.16381580,0.00000000,0.00000000,0.98649094
186.90000000,1.00894205,-0.01794638,-0.00516858,0.01020829,0.96588673,0.32088129,0.18726538,-0.04630546,0.02734156,-0.15888132,0.00000000,0.00000000,0.98729769
186.95000000,0.99573979,-0.00383561,-0.00224157,0.00881757,0.97066764,0.31448446,0.20542715,-0.04321318,0.03185645,-0.15394287,0.00000000,0.00000000,0.98807975
187.00000000,1.01665443,0.01003538,0.00207731,-0.00489014,0.95904939,0.30622035,0.21538917,-0.00762565,-0.02873451,-0.14900057,0.00000000,0.00000000,0.98883711
187.05000000,1.02589427,-0.00890931,-0.00983357,0.00164097,0.95647730,0.29533699,0.25227549,-0.05730498,-0.03178985,-0.14405454,0.00000000,0.00000000,0.98956975
187.10000000,0.99124588,0.00784527,0.00428340,-0.00371492,0.96346364,0.26424236,0.17179203,-0.06113868,0.00850649,-0.13910491,0.00000000,0.00000000,0.99027765
187.15000000,1.00141694,-0.00984367,0.00421209,0.01057115,0.95370175,0.26261515,0.22796984,-0.00328481,-0.05935939,-0.13415181,0.00000000,0.00000000,0.99096079
187.20000000,0.99559211,-0.00473979,-0.00170418,-0.00127835,0.98227719,0.25414012,0.12816502,0.00107551,0.08016180,-0.12919535,0.00000000,0.00000000,0.99161916
187.25000000,0.99832884,-0.00438087,-0.00305124,0.00584145,0.96603725,0.23139024,0.17495722,-0.00589307,0.02595386,-0.12423566,0.00000000,0.00000000,0.99225274
187.30000000,0.99417305,-0.00296214,0.00044926,-0.00777423,0.97063050,0.24151498,0.15193826,0.01070511,-0.04676002,-0.11927286,0.00000000,0.00000000,0.99286151
187.35000000,0.98929709,-0.00662796,0.01365418,-0.01715179,0.96922830,0.22685120,0.25719776,0.08411462,-0.01687353,-0.11430708,0.00000000,0.00000000,0.99344546
187.40000000,1.00539360,-0.00094551,-0.00100971,0.00273270,0.96023556,0.21688700,0.22515853,-0.04144988,0.02245591,-0.10933845,0.00000000,0.00000000,0.99400458
187.45000000,0.98271545,0.00093567,0.01342179,-0.00218590,0.96843326,0.19334285,0.22246478,0.03850216,-0.00050862,-0.10436708,0.00000000,0.00000000,0.99453884
187.50000000,0.99536309,-0.01930908,0.00124029,-0.00689267,0.97392435,0.21396602,0.12442961,-0.07758439,0.01234520,-0.09939310,0.00000000,0.00000000,0.99504825
187.55000000,0.99614689,-0.00518801,0.00272651,0.00255909,0.97243462,0.18207273,0.20721629,0.00447185,0.02361176,-0.09441664,0.00000000,0.00000000,0.99553277
187.60000000,0.99416836,0.00347049,0.00950348,0.00046859,0.98297347,0.17580334,0.17738960,-0.04494771,-0.01133315,-0.08943782,0.00000000,0.00000000,0.99599241
187.65000000,1.00450799,-0.00889155,-0.00075400,-0.00191437,1.00351217,0.17553779,0.23659852,0.03814566,-0.02240419,-0.08445676,0.00000000,0.00000000,0.99642715
187.70000000,1.01376759,0.00159172,-0.00044665,-0.01214729,0.98335176,0.14078503,0.19390087,-0.02877296,-0.01581481,-0.07947359,0.00000000,0.00000000,0.99683697
187.75000000,0.98614044,0.00703603,0.00592533,0.01689779,1.00551763,0.15012504,0.25076796,0.00868595,-0.01711181,-0.07448843,0.00000000,0.00000000,0.99722188
187.80000000,0.99721880,0.00638921,0.04087923,0.01166874,0.99280318,0.14350461,0.22623676,-0.00703785,0.03583037,-0.06950141,0.00000000,0.00000000,0.99758185
187.85000000,0.99844537,-0.01011512,0.00481662,0.00615337,0.99021818,0.13185511,0.24797229,-0.00531702,-0.01799063,-0.06451265,0.00000000,0.00000000,0.99791689
187.90000000,0.99290684,-0.00253785,0.01534892,-0.00198359,0.99650870,0.11558872,0.18665391,-0.04232359,0.00648439,-0.05952228,0.00000000,0.00000000,0.99822698
187.95000000,0.99482914,0.01273665,-0.00107502,-0.00044531,0.99225105,0.11260922,0.27167551,-0.04950020,0.01442403,-0.05453043,0.00000000,0.00000000,0.99851211
188.00000000,0.98431220,0.01223208,-0.00108138,-0.01494913,0.98233440,0.10709168,0.13055540,0.00944545,-0.01716518,-0.04953721,0.00000000,0.00000000,0.99877228
188.05000000,0.99805242,-0.00673846,-0.00952850,-0.00487437,1.00175159,0.08607124,0.22383810,-0.01383329,0.02933569,-0.04454275,0.00000000,0.00000000,0.99900748
188.10000000,1.00414942,-0.00540721,-0.00953678,0.00955653,0.98873816,0.08404032,0.20639051,-0.02370879,0.02120636,-0.03954717,0.00000000,0.00000000,0.99921770
188.15000000,1.01367878,0.00625512,0.00129290,0.01621481,0.98086984,0.05793791,0.18422915,0.06047407,0.04416499,-0.03455061,0.00000000,0.00000000,0.99940295
188.20000000,0.98283714,-0.00436375,-0.01323827,-0.00040451,1.00727154,0.06883709,0.21698572,-0.02200749,-0.00226640,-0.02955319,0.00000000,0.00000000,0.99956321
188.25000000,1.00683280,0.02347303,-0.01185100,0.01588849,1.00123466,0.05729777,0.21328087,0.05979745,0.01674380,-0.02455502,0.00000000,0.00000000,0.99969848
188.30000000,0.99351238,0.00450114,0.01126775,0.00000214,0.97849430,0.03795567,0.20938494,-0.00500924,-0.02015844,-0.01955624,0.00000000,0.00000000,0.99980876
188.35000000,1.01323017,-0.02372968,0.00093977,0.00107982,1.02052472,0.02896651,0.22492913,0.00259073,0.00622296,-0.01455698,0.00000000,0.00000000,0.99989404
188.40000000,1.01762959,-0.01111654,-0.00667205,0.00754172,1.00238572,0.01628153,0.20184456,0.03787195,0.02369387,-0.00955735,0.00000000,0.00000000,0.99995433
188.45000000,0.99287037,0.00237776,-0.00049803,0.00470422,0.99674768,-0.00296822,0.23506935,0.02153500,0.06529410,-0.00455748,0.00000000,0.00000000,0.99998961
188.50000000,0.98683771,-0.00070382,-0.00230400,-0.00396215,0.98458941,-0.01154786,0.21709808,-0.02534947,-0.03495817,0.00044251,0.00000000,0.00000000,0.99999990
188.55000000,1.01430396,0.02373721,-0.00056430,-0.01502178,1.00390480,-0.03173850,0.14461864,0.01549894,-0.05988247,0.00544248,0.00000000,0.00000000,0.99998519
188.60000000,0.99703966,-0.01483628,0.00056260,0.01123240,0.99365343,-0.02107766,0.16851426,-0.03635271,-0.03518002,0.01044232,0.00000000,0.00000000,0.99994548
188.65000000,1.00785930,-0.01413502,-0.00331854,0.00409817,1.00862108,-0.02647403,0.20175173,-0.02844149,0.04338141,0.01544189,0.00000000,0.00000000,0.99988077
188.70000000,0.99132776,-0.00852203,0.01352499,0.00360262,1.00312039,-0.03488813,0.20075796,-0.06729559,0.01323251,0.02044108,0.00000000,0.00000000,0.99979106
188.75000000,0.99981766,-0.00859073,-0.01089052,-0.00046537,0.98512764,-0.05229713,0.19319178,-0.00832854,0.02000732,0.02543976,0.00000000,0.00000000,0.99967636
188.80000000,1.00621955,-0.00711497,0.00869792,-0.00219371,1.01568009,-0.06670161,0.13293913,0.03428161,0.02103435,0.03043780,0.00000000,0.00000000,0.99953666
188.85000000,1.01201661,0.00309644,0.02340009,-0.00188888,1.00795173,-0.07608024,0.22699291,0.02732209,0.03923334,0.03543508,0.00000000,0.00000000,0.99937198
188.90000000,1.00776327,-0.03236735,-0.00068677,-0.00575108,0.99295174,-0.08363094,0.24871397,0.00605962,-0.02069713,0.04043148,0.00000000,0.00000000,0.99918231
188.95000000,0.98531735,0.01533058,-0.00647318,-0.00130706,1.01726149,-0.09696102,0.19267125,0.00738337,-0.06982011,0.04542687,0.00000000,0.00000000,0.99896767
189.00000000,0.98278201,-0.00481613,-0.00447003,0.00134226,0.98513548,-0.09637416,0.10854869,-0.00614353,0.01810757,0.05042111,0.00000000,0.00000000,0.99872805
189.05000000,1.00328444,-0.00162776,-0.00660339,-0.00191870,1.00619815,-0.11665259,0.24874244,0.04785913,-0.07563144,0.05541410,0.00000000,0.00000000,0.99846346
189.10000000,0.99871849,-0.00977742,-0.01501834,0.00792031,0.99743553,-0.11795621,0.15645510,0.00641225,-0.05660570,0.06040571,0.00000000,0.00000000,0.99817391
189.15000000,1.00077262,-0.00661551,0.01050791,-0.00363145,0.99375920,-0.12817795,0.20161014,0.00171059,0.01558547,0.06539580,0.00000000,0.00000000,0.99785940
189.20000000,0.99103606,0.00402939,0.00863864,0.00397348,0.98655038,-0.13867539,0.18873211,-0.00831021,-0.05111499,0.07038426,0.00000000,0.00000000,0.99751995
189.25000000,1.01380066,0.01935488,-0.00703931,0.00786171,1.00321712,-0.15988941,0.10847195,0.06483333,0.00153827,0.07537096,0.00000000,0.00000000,0.99715556
189.30000000,0.99480509,0.00047339,-0.00369079,0.02959458,0.98177882,-0.15691859,0.26279099,0.05457549,0.05101407,0.08035577,0.00000000,0.00000000,0.99676625
189.35000000,0.99574324,-0.00152099,-0.02174465,-0.00074495,0.98576272,-0.16263729,0.28529664,0.02881073,0.04988071,0.08533858,0.00000000,0.00000000,0.99635201
189.40000000,0.99982534,0.01284298,0.00011132,0.01140606,0.99172986,-0.17597295,0.13609650,0.04589596,0.01891074,0.09031925,0.00000000,0.00000000,0.99591286
189.45000000,1.00702575,0.00313541,0.00485930,0.01300654,0.97709748,-0.18505151,0.17023205,0.02278992,0.01323790,0.09529766,0.00000000,0.00000000,0.99544882
189.50000000,0.99369031,0.00093664,-0.00568709,-0.00378001,0.98343844,-0.19685262,0.11911360,0.01356876,-0.01156547,0.10027370,0.00000000,0.00000000,0.99495989
189.55000000,0.99585692,-0.01127155,-0.00045391,-0.00523018,0.99058127,-0.22681969,0.16189203,-0.04913598,0.01356753,0.10524722,0.00000000,0.00000000,0.99444609
189.60000000,1.01173128,0.00503122,-0.01094647,-0.00429231,0.96761217,-0.21401589,0.18489461,-0.06618225,0.02814887,0.11021811,0.00000000,0.00000000,0.99390742
189.65000000,1.01263259,-0.00178672,0.00120400,-0.01506301,0.95287188,-0.24732996,0.20299998,-0.01677158,0.02642826,0.11518625,0.00000000,0.00000000,0.99334391
189.70000000,0.99802347,0.00987762,0.00872267,-0.00322460,0.96109284,-0.25772378,0.26911116,-0.04515104,-0.06492256,0.12015151,0.00000000,0.00000000,0.99275557
189.75000000,1.00129857,-0.01487541,0.00128851,-0.00336311,0.97792988,-0.23989438,0.25434209,0.00622430,-0.03638613,0.12511377,0.00000000,0.00000000,0.99214240
189.80000000,0.98963114,-0.00530697,0.01994275,-0.00249188,0.96777224,-0.24274974,0.21638665,-0.03648071,0.03465364,0.13007289,0.00000000,0.00000000,0.99150443
189.85000000,0.99571524,0.00289125,0.00512157,-0.00494305,0.96539818,-0.25158380,0.17698051,0.05589323,-0.02440782,0.13502877,0.00000000,0.00000000,0.99084168
189.90000000,1.01802069,-0.00855486,-0.00393856,0.01508256,0.97633282,-0.26902180,0.15661822,0.00068545,0.00205584,0.13998127,0.00000000,0.00000000,0.99015415
189.95000000,0.99144187,0.00696837,-0.00776693,-0.01290589,0.94178176,-0.26967720,0.18217049,-0.02489134,-0.04409295,0.14493027,0.00000000,0.00000000,0.98944187
190.00000000,1.01367925,-0.01380250,-0.01204134,-0.00321828,0.95485891,-0.28977920,0.17478646,0.06606471,-0.02790910,0.14987564,0.00000000,0.00000000,0.98870486
190.05000000,0.98991419,-0.01103775,-0.00773891,-0.01168542,0.95957227,-0.31590974,0.19905971,-0.04904285,-0.05052350,0.15481727,0.00000000,0.00000000,0.98794312
190.10000000,1.01106537,0.01602776,0.01269001,-0.01471336,0.93563079,-0.29562271,0.19362589,-0.06448271,0.05039911,0.15975503,0.00000000,0.00000000,0.98715669
190.15000000,1.00067385,0.00569497,-0.02237890,-0.00326275,0.95524323,-0.33128376,0.26023090,-0.06188708,-0.00303474,0.16468880,0.00000000,0.00000000,0.98634558
190.20000000,1.01644921,-0.01150859,0.00271477,0.00585100,0.94337320,-0.33682177,0.16580985,0.00578982,-0.00259095,0.16961845,0.00000000,0.00000000,0.98550981
190.25000000,0.98563705,0.01099847,-0.00910051,-0.01410316,0.93311207,-0.35265620,0.19345111,-0.05856410,0.02203389,0.17454386,0.00000000,0.00000000,0.98464940
190.30000000,1.01381051,0.00105865,-0.01444286,-0.00913220,0.93779750,-0.37277189,0.14986831,-0.07667861,0.00716215,0.17946490,0.00000000,0.00000000,0.98376438
190.35000000,1.02162179,-0.01260988,0.00816330,-0.00563876,0.91880523,-0.34679910,0.30159118,0.01541905,0.01821197,0.18438146,0.00000000,0.00000000,0.98285476
190.40000000,1.00062271,-0.00148246,0.00340079,0.00676118,0.94496942,-0.37696951,0.21069690,-0.00695570,0.04779745,0.18929341,0.00000000,0.00000000,0.98192057
190.45000000,1.02400081,0.01058564,0.00798244,0.00907874,0.93724646,-0.35686232,0.12962728,0.02381470,-0.11343520,0.19420062,0.00000000,0.00000000,0.98096183
190.50000000,1.00951354,0.00551038,-0.00546827,-0.02670031,0.92057206,-0.38800489,0.20217773,-0.03079110,-0.03810560,0.19910298,0.00000000,0.00000000,0.97997857
190.55000000,0.99948215,-0.00801877,0.00809300,-0.00078703,0.89952104,-0.39765381,0.22352321,0.06935862,0.04350764,0.20400037,0.00000000,0.00000000,0.97897081
190.60000000,0.99101309,0.01425826,-0.01386032,0.00028167,0.92026840,-0.39398140,0.28947422,0.05400738,-0.00410959,0.20889265,0.00000000,0.00000000,0.97793858
190.65000000,1.00579672,0.00224404,-0.00709435,-0.00115625,0.92657468,-0.41121344,0.29709772,-0.05141081,-0.01506377,0.21377971,0.00000000,0.00000000,0.97688189
190.70000000,1.00415258,0.00742358,-0.00116784,0.00800501,0.91230394,-0.44061921,0.23869493,0.04499784,0.01524446,0.21866143,0.00000000,0.00000000,0.97580079
190.75000000,0.98160039,-0.00276836,0.00437940,-0.00865705,0.90924489,-0.42846634,0.21101443,-0.00222005,0.01062614,0.22353768,0.00000000,0.00000000,0.97469529
190.80000000,0.99995940,-0.01285487,-0.00430107,0.00072476,0.90984529,-0.43782048,0.27084406,-0.06583150,-0.01392873,0.22840834,0.00000000,0.00000000,0.97356542
190.85000000,1.02073858,-0.00742968,-0.00762928,-0.00271755,0.91134826,-0.46039037,0.22993146,0.01453230,-0.08424464,0.23327329,0.00000000,0.00000000,0.97241122
190.90000000,0.99984323,-0.00552925,0.00677972,0.01739070,0.88314043,-0.46600987,0.31760070,-0.03482110,-0.05806086,0.23813241,0.00000000,0.00000000,0.97123270
190.95000000,1.01377572,-0.00050634,0.00283319,0.02231506,0.86788623,-0.47336117,0.14971238,0.01198986,-0.02273108,0.24298557,0.00000000,0.00000000,0.97002990
191.00000000,0.98827062,0.00732277,0.00010329,-0.01251632,0.86525431,-0.47812391,0.13028072,0.00717341,0.06190680,0.24783267,0.00000000,0.00000000,0.96880285
191.05000000,1.00667060,-0.00623325,0.00274340,-0.01251576,0.87367498,-0.49221791,0.15851879,0.02489346,-0.08643532,0.25267356,0.00000000,0.00000000,0.96755159
191.10000000,0.98814187,-0.01065581,-0.00504808,0.01299337,0.87492171,-0.49659482,0.20760118,-0.00352579,0.06334988,0.25750814,0.00000000,0.00000000,0.96627613
191.15000000,0.98184312,0.00771558,-0.00508194,0.00502990,0.86743711,-0.49896425,0.27582287,-0.06431457,0.04696485,0.26233628,0.00000000,0.00000000,0.96497652
191.20000000,0.99936145,-0.00460856,0.02033762,0.00701911,0.85308130,-0.50532171,0.20294020,-0.02235920,-0.02510504,0.26715786,0.00000000,0.00000000,0.96365278
191.25000000,1.00304563,-0.00613872,0.00155429,0.00887016,0.85316674,-0.50367647,0.20559060,0.05733084,0.04566126,0.27197277,0.00000000,0.00000000,0.96230495
191.30000000,1.01525301,0.01972104,-0.01761337,0.00265164,0.84566601,-0.53082145,0.18722773,-0.02730412,-0.04717506,0.27678087,0.00000000,0.00000000,0.96093306
191.35000000,1.00097383,0.00934015,-0.00493695,-0.00328508,0.83444236,-0.55032040,0.19443933,0.01234911,0.05823023,0.28158206,0.00000000,0.00000000,0.95953715
191.40000000,0.98807897,-0.00030385,0.01178137,-0.01178838,0.84864750,-0.55315350,0.23681202,-0.01275223,0.02251586,0.28637620,0.00000000,0.00000000,0.95811725
191.45000000,1.01609040,-0.00121414,0.00996500,0.00274637,0.82258780,-0.55855203,0.19569329,-0.06613802,0.02252882,0.29116319,0.00000000,0.00000000,0.95667340
191.50000000,1.00657971,0.00812391,0.01429790,0.00953925,0.81880534,-0.56927465,0.24251040,0.01442827,0.00120280,0.29594290,0.00000000,0.00000000,0.95520563
191.55000000,0.99125279,-0.00530717,0.00582809,-0.01950847,0.79574104,-0.56665882,0.18114203,0.01795362,0.07251093,0.30071521,0.00000000,0.00000000,0.95371398
191.60000000,0.98986934,-0.01669593,-0.00276398,-0.00684800,0.81311035,-0.57637486,0.21961021,-0.00093155,0.04932230,0.30548000,0.00000000,0.00000000,0.95219849
191.65000000,1.00670700,-0.00181399,0.00635249,-0.01545614,0.81814331,-0.58963770,0.15130398,-0.02163264,0.04840022,0.31023715,0.00000000,0.00000000,0.95065920
191.70000000,0.99232341,0.00410598,0.00878777,0.00024438,0.79292102,-0.59854406,0.14197005,-0.02485334,-0.04751680,0.31498655,0.00000000,0.00000000,0.94909614
191.75000000,0.99953091,-0.01269313,0.00083419,0.01132870,0.80750457,-0.61834510,0.17521122,0.03513682,0.03348579,0.31972807,0.00000000,0.00000000,0.94750935
191.80000000,0.99384799,-0.00486470,0.00082265,-0.01833293,0.79470264,-0.60298501,0.18759840,-0.06646940,0.06517400,0.32446160,0.00000000,0.00000000,0.94589887
191.85000000,1.00219429,0.00708960,-0.01321133,-0.01317481,0.78741302,-0.61140375,0.15449893,-0.00755273,-0.06898276,0.32918702,0.00000000,0.00000000,0.94426474
191.90000000,0.99298439,-0.00257024,0.00488805,-0.02105776,0.79021994,-0.63118639,0.26288677,0.02824670,0.04011603,0.33390421,0.00000000,0.00000000,0.94260701
191.95000000,1.02020296,-0.00781615,0.00135443,-0.00990708,0.76966031,-0.63001851,0.25541601,-0.02009517,-0.05187968,0.33861305,0.00000000,0.00000000,0.94092572
192.00000000,1.00073306,-0.00852168,-0.00577880,0.00671733,0.76912808,-0.63655226,0.18991912,0.04212268,0.00264170,0.34331343,0.00000000,0.00000000,0.93922090
192.05000000,0.99715845,-0.01098803,-0.02089935,-0.01563928,0.75993936,-0.66157983,0.13142158,-0.02175504,0.01451214,0.34800522,0.00000000,0.00000000,0.93749260
192.10000000,1.00415069,-0.00028870,-0.00060861,-0.00538410,0.75756097,-0.66181787,0.20158632,0.04341385,0.03741485,0.35268831,0.00000000,0.00000000,0.93574086
192.15000000,0.99815135,-0.00327057,-0.00334838,-0.02021266,0.75555293,-0.67437689,0.24321966,-0.00114011,0.06423724,0.35736259,0.00000000,0.00000000,0.93396573
192.20000000,1.00529485,0.00912123,-0.00592078,-0.01285409,0.73934682,-0.69411301,0.18407251,-0.05619305,-0.03555070,0.36202793,0.00000000,0.00000000,0.93216725
192.25000000,1.00595693,0.00529966,-0.00161960,0.00320009,0.72567847,-0.65801939,0.21845386,-0.02940001,0.04114759,0.36668422,0.00000000,0.00000000,0.93034546
192.30000000,1.01240186,-0.00774219,-0.01418560,-0.01220454,0.71752650,-0.69010531,0.13214309,-0.02170457,-0.00729924,0.37133134,0.00000000,0.00000000,0.92850042
192.35000000,1.00324860,0.00611782,0.00401543,0.01792173,0.72823558,-0.69455066,0.16159847,-0.03320916,-0.06189186,0.37596919,0.00000000,0.00000000,0.92663217
192.40000000,1.00153345,0.00331362,0.00892913,0.00267318,0.72083078,-0.69316328,0.15902215,-0.02616850,0.00150635,0.38059763,0.00000000,0.00000000,0.92474075
192.45000000,0.99293925,-0.00243323,0.00301259,-0.00123076,0.70321951,-0.72040225,0.22764878,0.01637605,-0.03210005,0.38521655,0.00000000,0.00000000,0.92282621
192.50000000,0.98706773,0.01230245,0.01748175,0.00234710,0.69245476,-0.70750958,0.22603469,-0.01242311,0.04529361,0.38982585,0.00000000,0.00000000,0.92088860
192.55000000,0.99190367,-0.00690805,0.00363632,0.00114241,0.69523000,-0.71296375,0.13557237,-0.00125802,0.08701890,0.39442540,0.00000000,0.00000000,0.91892796
192.60000000,0.99403446,-0.00714748,-0.02240987,0.00101748,0.68738000,-0.72596373,0.15862166,-0.00338969,0.01190784,0.39901509,0.00000000,0.00000000,0.91694436
192.65000000,1.00052108,-0.01094805,0.00077308,-0.00814565,0.65550339,-0.73171525,0.21126259,0.02347036,-0.02190154,0.40359481,0.00000000,0.00000000,0.91493783
192.70000000,1.00626542,0.01022128,0.01753989,0.00813855,0.67065149,-0.75903233,0.20023605,-0.06662335,-0.03462124,0.40816443,0.00000000,0.00000000,0.91290843
192.75000000,1.01955058,-0.01023034,-0.02342593,0.00813166,0.65258738,-0.74418408,0.15267019,-0.02204744,0.05548145,0.41272385,0.00000000,0.00000000,0.91085620
192.80000000,0.98677980,-0.00169266,0.00291304,-0.00719235,0.65418627,-0.75826316,0.22890548,0.07938548,0.12163907,0.41727295,0.00000000,0.00000000,0.90878121
192.85000000,1.00463329,-0.00110394,0.00440919,-0.00232242,0.62827608,-0.76536518,0.25339375,-0.06850548,-0.04203220,0.42181162,0.00000000,0.00000000,0.90668349
192.90000000,0.99418048,0.00372344,0.02376999,-0.00809316,0.63738099,-0.77124463,0.19152787,-0.00513333,-0.01878368,0.42633975,0.00000000,0.00000000,0.90456311
192.95000000,1.02742978,0.00749675,-0.00456144,0.01183582,0.63129104,-0.77704896,0.19686002,-0.01418185,-0.05255875,0.43085722,0.00000000,0.00000000,0.90242011
193.00000000,0.98326338,0.00370740,-0.00192082,0.00877432,0.61201751,-0.79485613,0.23971178,-0.01620794,0.04026958,0.43536391,0.00000000,0.00000000,0.90025455
193.05000000,1.00033461,0.01877523,0.00755741,0.00409748,0.62104611,-0.79277554,0.13152664,0.01314119,0.08883051,0.43985972,0.00000000,0.00000000,0.89806649
193.10000000,0.97709558,0.00469145,-0.01535190,-0.00023305,0.60591046,-0.78866889,0.21439877,0.05842562,0.05416301,0.44434454,0.00000000,0.00000000,0.89585598
193.15000000,0.99803326,0.01094393,-0.00312781,-0.00484858,0.58508053,-0.78902903,0.19158246,-0.11129296,0.02624193,0.44881825,0.00000000,0.00000000,0.89362306
193.20000000,0.99565983,-0.00298614,-0.00234017,-0.00336552,0.61635084,-0.79145265,0.23626793,0.00779238,0.05247974,0.45328073,0.00000000,0.00000000,0.89136781
193.25000000,1.00243660,0.00815866,0.00558222,0.00128345,0.59036617,-0.81813168,0.20761411,-0.04680177,-0.03663801,0.45773189,0.00000000,0.00000000,0.88909028
193.30000000,0.97470849,0.00456568,0.00731520,0.01085420,0.56177056,-0.81529969,0.20496821,0.02998565,-0.02713241,0.46217160,0.00000000,0.00000000,0.88679051
193.35000000,0.99663705,-0.01553500,-0.00716920,0.00003098,0.56631060,-0.84224447,0.18212722,0.00416953,0.06496962,0.46659975,0.00000000,0.00000000,0.88446858
193.40000000,0.99154987,0.00490064,-0.00561565,-0.00445776,0.54751168,-0.84143337,0.18376661,0.04386848,-0.03176328,0.47101625,0.00000000,0.00000000,0.88212454
193.45000000,0.99089263,0.00209128,0.00005213,-0.00068244,0.55048970,-0.84660698,0.16479987,0.04110647,-0.00452621,0.47542096,0.00000000,0.00000000,0.87975844
193.50000000,1.00596441,0.01224042,0.00845743,-0.01369788,0.53839246,-0.83154047,0.22837789,0.00522610,-0.07132291,0.47981379,0.00000000,0.00000000,0.87737035
193.55000000,0.99383481,0.00069327,-0.01425899,0.00793636,0.52993507,-0.86709869,0.17966038,-0.01580489,-0.00380813,0.48419463,0.00000000,0.00000000,0.87496032
193.60000000,1.01419621,0.00578460,-0.01365456,-0.01489508,0.51994353,-0.85130873,0.24938078,0.07436318,0.08179286,0.48856336,0.00000000,0.00000000,0.87252842
193.65000000,0.99557650,0.00934551,0.00425629,-0.01090787,0.49518105,-0.85631315,0.13813401,-0.04107842,-0.02862665,0.49291987,0.00000000,0.00000000,0.87007471
193.70000000,1.00218751,0.01280621,0.00012743,-0.00538883,0.48477222,-0.85826812,0.20627731,-0.02758275,0.05414921,0.49726407,0.00000000,0.00000000,0.86759924
193.75000000,0.98809196,-0.00684881,-0.00245028,-0.00562183,0.50231079,-0.86322406,0.25200081,0.01946445,-0.00315967,0.50159583,0.00000000,0.00000000,0.86510209
193.80000000,0.99660182,0.00455278,-0.00190306,0.00047227,0.49319675,-0.87140220,0.21880080,-0.03837109,0.06236067,0.50591505,0.00000000,0.00000000,0.86258331
193.85000000,0.98893327,0.00439198,-0.00485841,0.01082346,0.48818519,-0.87764553,0.27452921,-0.01138075,0.04143046,0.51022163,0.00000000,0.00000000,0.86004296
193.90000000,0.99273769,0.00404974,-0.00932460,0.00019471,0.47003359,-0.87358896,0.17500315,0.13444441,-0.05980880,0.51451545,0.00000000,0.00000000,0.85748111
193.95000000,1.00232949,0.00287791,0.00538094,-0.00515393,0.46411829,-0.89268031,0.28876938,-0.03140287,-0.00461969,0.51879640,0.00000000,0.00000000,0.85489783
194.00000000,0.99336666,-0.00800265,-0.01401087,0.00672067,0.44607911,-0.89957991,0.16192577,0.01061245,0.00296931,0.52306439,0.00000000,0.00000000,0.85229317
194.05000000,1.00026258,-0.00761360,0.00435233,-0.00662349,0.44457053,-0.89748916,0.12948867,0.08772998,0.02770529,0.52731930,0.00000000,0.00000000,0.84966721
194.10000000,1.00180206,0.00338036,0.02052330,0.01136866,0.43837340,-0.90756872,0.18037905,-0.08364408,-0.01447009,0.53156102,0.00000000,0.00000000,0.84702000
194.15000000,1.00661838,0.00633629,0.00616146,-0.00515364,0.43136974,-0.89654756,0.10540760,0.01061419,0.09506742,0.53578946,0.00000000,0.00000000,0.84435162
194.20000000,0.99708535,-0.02521820,-0.00812659,-0.01814539,0.41044667,-0.92124334,0.24662912,0.03181624,0.01733887,0.54000450,0.00000000,0.00000000,0.84166213
194.25000000,1.01226231,-0.00565380,0.00073551,0.02194412,0.41353237,-0.90729710,0.17067442,-0.02162977,-0.04285358,0.54420605,0.00000000,0.00000000,0.83895160
194.30000000,1.01680913,-0.01558211,0.00914139,0.00581121,0.38249444,-0.90573206,0.19343063,-0.06207188,0.01830015,0.54839398,0.00000000,0.00000000,0.83622009
194.35000000,0.99177516,-0.00204936,-0.00505750,-0.00879121,0.37745271,-0.91312714,0.21952890,0.00865716,-0.01428874,0.55256821,0.00000000,0.00000000,0.83346768
194.40000000,1.00051297,-0.00736054,-0.00753302,0.01710239,0.38895190,-0.93055726,0.13808954,-0.07907489,-0.02636120,0.55672863,0.00000000,0.00000000,0.83069443
194.45000000,1.00107704,0.00118368,0.00148320,0.00334222,0.36045458,-0.91361998,0.19617261,0.01018577,-0.02734633,0.56087512,0.00000000,0.00000000,0.82790042
194.50000000,1.00311489,0.02076973,-0.00989335,-0.01115594,0.35288748,-0.93569092,0.18168224,-0.04953976,-0.00022097,0.56500759,0.00000000,0.00000000,0.82508570
194.55000000,1.01561141,-0.00149819,-0.00096439,0.00342943,0.35866797,-0.92219575,0.21573498,-0.00311880,-0.04234268,0.56912594,0.00000000,0.00000000,0.82225036
194.60000000,1.00739961,-0.00844516,-0.00875499,0.00193134,0.35822984,-0.93213852,0.20332148,-0.04689803,0.07007097,0.57323006,0.00000000,0.00000000,0.81939447
194.65000000,0.99943420,-0.00290206,0.00555167,-0.00448051,0.32587354,-0.94935514,0.17549452,-0.05341739,-0.05340630,0.57731985,0.00000000,0.00000000,0.81651809
194.70000000,1.00972030,0.00668841,-0.00822798,0.00888402,0.32705235,-0.94930898,0.15017919,0.01226998,0.08542235,0.58139521,0.00000000,0.00000000,0.81362129
194.75000000,1.00014572,0.00998653,-0.00211718,0.00921835,0.31298036,-0.97331656,0.17272302,0.00291488,0.05041644,0.58545603,0.00000000,0.00000000,0.81070416
194.80000000,0.99846500,0.00029815,-0.00587269,0.01560927,0.31998117,-0.95912303,0.13718405,-0.08382036,0.02898525,0.58950222,0.00000000,0.00000000,0.80776676
194.85000000,1.00135221,-0.00781795,0.00271842,-0.01230325,0.30338481,-0.95918576,0.15663568,-0.01941340,-0.01595452,0.59353366,0.00000000,0.00000000,0.80480916
194.90000000,1.00365058,0.01165998,0.01114134,0.00159632,0.28399543,-0.96395564,0.12593175,-0.00385926,-0.03605839,0.59755027,0.00000000,0.00000000,0.80183145
194.95000000,1.01218339,-0.00200721,0.00747086,-0.00482513,0.26951569,-0.95503201,0.21741617,0.01140955,-0.00219394,0.60155194,0.00000000,0.00000000,0.79883369
195.00000000,1.00789390,0.00644773,-0.02176820,-0.00257453,0.27679347,-0.97398987,0.12931376,-0.00920651,0.02528802,0.60553858,0.00000000,0.00000000,0.79581595
195.05000000,0.99539519,0.01292946,0.01843622,-0.01925078,0.25315501,-0.98923116,0.23456122,-0.03340407,-0.01927867,0.60951007,0.00000000,0.00000000,0.79277833
195.10000000,1.01148092,-0.01328396,-0.01579562,-0.02277476,0.26002341,-0.95855214,0.19185693,-0.06003071,0.03930197,0.61346633,0.00000000,0.00000000,0.78972088
195.15000000,1.02754676,-0.00235688,-0.01202904,0.01241693,0.22629170,-0.97502577,0.08699331,-0.01656280,-0.05516674,0.61740725,0.00000000,0.00000000,0.78664369
195.20000000,1.01258833,-0.00976144,0.00779810,-0.00104939,0.22914492,-0.96846437,0.20260950,-0.03197069,-0.03431492,0.62133273,0.00000000,0.00000000,0.78354683
195.25000000,1.00508980,-0.01901739,0.01678164,0.00131822,0.21476923,-0.97325593,0.17842220,-0.01096256,-0.04861219,0.62524268,0.00000000,0.00000000,0.78043039
195.30000000,1.00375086,-0.00078456,0.00187469,0.01483140,0.20033119,-0.97933821,0.13114645,0.02159819,0.00121806,0.62913700,0.00000000,0.00000000,0.77729443
195.35000000,1.00017346,-0.00157361,-0.00578190,0.02496028,0.19896469,-0.97711900,0.15404356,0.03658318,-0.00352154,0.63301559,0.00000000,0.00000000,0.77413904
195.40000000,1.00445813,0.00902334,-0.00103908,-0.00676994,0.16549455,-0.98589276,0.17448183,-0.05411890,0.06698398,0.63687836,0.00000000,0.00000000,0.77096430
195.45000000,1.00982766,-0.01829839,0.00153710,-0.00817244,0.18261037,-0.99185602,0.18089533,0.04006843,0.03864204,0.64072520,0.00000000,0.00000000,0.76777029
195.50000000,1.01509480,-0.00217048,-0.01455662,0.00921294,0.17836593,-0.97931704,0.17173845,-0.05088773,0.02596905,0.64455603,0.00000000,0.00000000,0.76455708
195.55000000,0.99113847,-0.00307973,0.02906510,0.02128949,0.16715767,-0.99386406,0.17269666,0.02901113,0.06894745,0.64837074,0.00000000,0.00000000,0.76132476
195.60000000,0.99488365,-0.00456801,0.00087712,-0.01388966,0.13576665,-1.00054437,0.22942046,0.00916397,0.05284595,0.65216924,0.00000000,0.00000000,0.75807340
195.65000000,0.98262804,-0.01516913,0.00455722,-0.00872030,0.13146110,-0.98010084,0.18027144,-0.02249467,-0.00918439,0.65595144,0.00000000,0.00000000,0.75480309
195.70000000,0.99810580,0.00684936,-0.01210004,-0.00188116,0.14117004,-0.97024585,0.14432927,0.01180305,-0.00650205,0.65971724,0.00000000,0.00000000,0.75151391
195.75000000,0.99901206,-0.00789582,0.00755804,0.00704494,0.14485303,-1.00603003,0.12683110,0.08889038,-0.00032068,0.66346655,0.00000000,0.00000000,0.74820595
195.80000000,0.99543202,0.00188241,-0.01394852,0.00375860,0.10888765,-0.98322803,0.24332679,0.03905297,0.01053444,0.66719927,0.00000000,0.00000000,0.74487928
195.85000000,1.01604346,0.00576253,-0.00533121,-0.00809224,0.09277998,-0.98912470,0.14544816,0.00393655,-0.03524725,0.67091531,0.00000000,0.00000000,0.74153398
195.90000000,0.98746879,-0.01091665,-0.00023792,0.00763775,0.08303098,-1.01672046,0.34606610,0.04698939,0.04369279,0.67461458,0.00000000,0.00000000,0.73817015
195.95000000,1.01627879,0.00092370,-0.00135001,0.01355791,0.09331684,-0.99065691,0.24446650,-0.05839958,-0.00951439,0.67829698,0.00000000,0.00000000,0.73478786
196.00000000,1.01703815,0.00804344,-0.01462021,-0.00531103,0.08526407,-0.99300502,0.21313434,0.00647918,-0.00173698,0.68196243,0.00000000,0.00000000,0.73138721
196.05000000,0.99475757,-0.00833589,0.01010325,0.00237545,0.06694613,-0.99273896,0.26799972,0.01733223,0.03883294,0.68561082,0.00000000,0.00000000,0.72796827
196.10000000,1.00167283,-0.00947444,-0.00225617,0.00589919,0.05666745,-0.98424440,0.18443173,0.00710695,-0.00377598,0.68924208,0.00000000,0.00000000,0.72453113
196.15000000,1.01624313,0.00376449,0.00395594,-0.00035660,0.03765016,-1.01369034,0.14859733,0.00499817,0.00442162,0.69285610,0.00000000,0.00000000,0.72107588
196.20000000,1.00184423,0.00941389,0.00092939,-0.00348311,0.02780722,-0.99711362,0.18800579,0.04460113,0.00149581,0.69645281,0.00000000,0.00000000,0.71760260
196.25000000,1.00251662,-0.00816567,0.01064876,0.01438966,0.00627865,-0.99579288,0.20017407,0.00970247,0.02221824,0.70003210,0.00000000,0.00000000,0.71411138
196.30000000,0.97765044,0.00759487,0.01112398,0.01224805,0.00046506,-1.00026061,0.18089895,-0.08865239,-0.02575127,0.70359389,0.00000000,0.00000000,0.71060231
196.35000000,0.98915892,0.00334526,-0.01631448,-0.00979549,-0.00528320,-0.99229839,0.32922587,0.01055459,-0.04415740,0.70713809,0.00000000,0.00000000,0.70707547
196.40000000,0.99320900,0.00658058,-0.01346004,0.01096719,-0.00735429,-1.00119983,0.12964960,0.03816096,-0.03206088,0.71066461,0.00000000,0.00000000,0.70353096
196.45000000,1.00153692,-0.00157160,-0.01583800,-0.00230686,-0.03219004,-1.00631843,0.22435449,0.02841497,0.00118398,0.71417337,0.00000000,0.00000000,0.69996885
196.50000000,0.99116057,-0.00647411,-0.00664773,-0.02137064,-0.02935141,-1.01620813,0.20840758,-0.06826793,-0.05194534,0.71766427,0.00000000,0.00000000,0.69638925
196.55000000,1.00668616,0.00024569,-0.01884842,-0.00558798,-0.03745833,-1.00538947,0.18965379,0.00791525,0.00399919,0.72113723,0.00000000,0.00000000,0.69279224
196.60000000,0.99007744,0.00022302,-0.00287344,0.01724118,-0.05109844,-0.99739610,0.21661799,-0.01741390,-0.03019593,0.72459217,0.00000000,0.00000000,0.68917791
196.65000000,1.00459768,0.00467946,0.02082577,0.00742415,-0.05245961,-0.99101787,0.17412784,-0.05925830,-0.04288203,0.72802898,0.00000000,0.00000000,0.68554635
196.70000000,1.00687972,0.01421627,0.00734003,-0.00166935,-0.05326444,-1.00198135,0.15365302,0.00831414,0.05977376,0.73144760,0.00000000,0.00000000,0.68189765
196.75000000,0.99156200,-0.01704794,0.00037704,0.00771437,-0.10964863,-0.98702094,0.14387497,0.02941537,-0.08729518,0.73484793,0.00000000,0.00000000,0.67823191
196.80000000,0.98525148,0.00618718,0.01215770,-0.00009141,-0.06601330,-1.00617073,0.15869695,-0.01651553,-0.01364387,0.73822989,0.00000000,0.00000000,0.67454920
196.85000000,1.00283482,-0.00742855,0.00567511,0.00543609,-0.08378771,-0.99989976,0.22006980,0.02409408,0.00167669,0.74159339,0.00000000,0.00000000,0.67084964
196.90000000,0.99788334,-0.02063760,0.00083393,0.00595499,-0.11044447,-1.00176912,0.12990322,0.01726137,0.00348163,0.74493836,0.00000000,0.00000000,0.66713330
196.95000000,1.01389951,-0.01449397,-0.00470309,-0.01321307,-0.10954693,-0.98040767,0.29098055,0.02031882,0.03729719,0.74826470,0.00000000,0.00000000,0.66340029
197.00000000,1.00436084,0.00573106,0.00049077,0.00618828,-0.10832201,-0.98936362,0.20607362,0.00585817,-0.00466759,0.75157233,0.00000000,0.00000000,0.65965069
197.05000000,1.00246422,-0.00182998,0.01143983,0.01044060,-0.11797144,-0.99043904,0.21790825,0.00804497,0.01092607,0.75486118,0.00000000,0.00000000,0.65588460
197.10000000,1.01129994,-0.01624984,0.00460709,0.01995769,-0.13589622,-0.97627217,0.24265811,-0.02964415,-0.03153399,0.75813115,0.00000000,0.00000000,0.65210211
197.15000000,0.99257970,-0.01138455,0.00946609,0.01468363,-0.15506135,-0.97916532,0.21812433,0.02243569,-0.09267735,0.76138217,0.00000000,0.00000000,0.64830332
197.20000000,1.00314677,-0.00425540,-0.00040160,0.00225765,-0.17642562,-0.99632588,0.17164009,-0.06777149,-0.04966242,0.76461416,0.00000000,0.00000000,0.64448832
197.25000000,0.98982109,-0.01435083,0.00528775,-0.00900497,-0.19774843,-0.98784037,0.15521517,0.06225216,0.00794411,0.76782703,0.00000000,0.00000000,0.64065721
197.30000000,0.98529520,0.00568697,0.00084976,-0.00238609,-0.17319965,-0.99174272,0.25129314,-0.02131437,0.00117907,0.77102070,0.00000000,0.00000000,0.63681008
197.35000000,0.99250174,-0.00686075,-0.00436040,-0.01900765,-0.19528961,-0.97890004,0.13802051,0.02651400,0.06716186,0.77419510,0.00000000,0.00000000,0.63294703
197.40000000,0.99335481,-0.00784770,0.01113413,0.00403251,-0.20990573,-0.96986683,0.21725859,0.06088448,0.00125072,0.77735014,0.00000000,0.00000000,0.62906816
197.45000000,1.00426472,0.01098061,-0.02447829,0.01134248,-0.22336709,-0.97087865,0.27942202,-0.01668022,-0.01837139,0.78048575,0.00000000,0.00000000,0.62517356
197.50000000,0.99945257,-0.01452290,0.02199124,-0.00042517,-0.21160782,-0.97697828,0.20652078,0.03922878,-0.04729254,0.78360185,0.00000000,0.00000000,0.62126334
197.55000000,0.99897450,0.00906802,-0.00213034,-0.00483074,-0.22663634,-0.95730577,0.27477128,-0.03318653,-0.02390780,0.78669836,0.00000000,0.00000000,0.61733758
197.60000000,0.99528420,0.00718521,-0.01196798,-0.01140336,-0.25463312,-0.97827274,0.24454980,0.03353610,-0.01954144,0.78977520,0.00000000,0.00000000,0.61339639
197.65000000,0.99806133,-0.02539733,-0.00457428,0.01243954,-0.26228431,-0.97729232,0.26654666,-0.05284107,0.07114191,0.79283230,0.00000000,0.00000000,0.60943986
197.70000000,1.02887912,-0.00109377,0.01243778,-0.01668934,-0.28394618,-0.97171455,0.24177974,-0.00292200,-0.00633614,0.79586958,0.00000000,0.00000000,0.60546810
197.75000000,0.98709164,-0.00127350,-0.00643612,-0.00922496,-0.28651435,-0.95911158,0.17278599,-0.00329147,-0.07711270,0.79888696,0.00000000,0.00000000,0.60148120
197.80000000,1.00503139,0.00240713,-0.00231369,0.00161517,-0.27669538,-0.97270666,0.20798273,-0.06136761,0.00591796,0.80188436,0.00000000,0.00000000,0.59747926
197.85000000,0.99741146,-0.00024912,0.00848413,0.00818510,-0.28473769,-0.95927410,0.23644675,0.01965755,-0.01460098,0.80486172,0.00000000,0.00000000,0.59346239
197.90000000,1.00117203,-0.00132186,0.01394886,0.00810216,-0.30850160,-0.95636099,0.24782586,0.05692525,0.01611116,0.80781896,0.00000000,0.00000000,0.58943068
197.95000000,1.00658572,0.01303131,-0.00174786,0.00083471,-0.30978331,-0.95349755,0.28098360,-0.02258807,0.00474081,0.81075600,0.00000000,0.00000000,0.58538423
198.00000000,1.01916376,-0.01861776,0.00215958,-0.00660566,-0.32412509,-0.95807245,0.18841381,-0.00189193,0.01265800,0.81367278,0.00000000,0.00000000,0.58132315
198.05000000,1.00895645,-0.02323840,-0.00125869,-0.00174692,-0.33421334,-0.94240238,0.16787599,-0.07218379,0.01170928,0.81656921,0.00000000,0.00000000,0.57724754
198.10000000,0.99005748,0.00402741,-0.00937202,0.00692722,-0.34352552,-0.93919277,0.19398312,-0.02118768,-0.00841933,0.81944523,0.00000000,0.00000000,0.57315750
198.15000000,1.01181650,-0.01534373,-0.00648136,0.01056661,-0.34415935,-0.92243033,0.20235060,-0.06195577,-0.04754419,0.82230076,0.00000000,0.00000000,0.56905312
198.20000000,0.99701289,0.00760697,-0.00254679,-0.00331682,-0.35772862,-0.93201811,0.18529630,-0.04778902,0.04434903,0.82513574,0.00000000,0.00000000,0.56493452
198.25000000,1.01047813,-0.01057687,-0.00402610,0.00666973,-0.38237930,-0.92498002,0.19039883,-0.05741504,0.08148516,0.82795008,0.00000000,0.00000000,0.56080180
198.30000000,0.99658566,0.00524307,-0.01121172,0.01552340,-0.36079643,-0.93989719,0.19764064,0.05638500,-0.01894892,0.83074373,0.00000000,0.00000000,0.55665506
198.35000000,1.00409299,-0.01680346,-0.00788302,0.00305044,-0.39539450,-0.92463187,0.13722146,0.02625074,-0.05790776,0.83351661,0.00000000,0.00000000,0.55249440
198.40000000,1.01540693,-0.00682692,0.00800703,0.00702204,-0.40854130,-0.92284310,0.18454273,-0.02042582,-0.05603349,0.83626865,0.00000000,0.00000000,0.54831993
198.45000000,1.00533869,-0.00688748,-0.00114174,0.01006353,-0.40212331,-0.91926590,0.25155190,0.02676384,-0.02956634,0.83899979,0.00000000,0.00000000,0.54413175
198.50000000,0.99485952,0.01000504,0.00778676,-0.01502565,-0.42700719,-0.90197505,0.15248037,0.03299791,0.08857103,0.84170995,0.00000000,0.00000000,0.53992997
198.55000000,1.00373290,-0.00922988,0.00176506,0.01034613,-0.42503045,-0.89987559,0.16924916,-0.03536351,0.04252010,0.84439906,0.00000000,0.00000000,0.53571468
198.60000000,0.99287938,-0.02586203,-0.00306333,0.00314196,-0.42446013,-0.88395084,0.20878790,0.02645426,0.00739457,0.84706707,0.00000000,0.00000000,0.53148601
198.65000000,1.00354070,-0.00186860,0.00386441,-0.00729923,-0.42422657,-0.91992547,0.23053083,0.01129064,0.01860423,0.84971390,0.00000000,0.00000000,0.52724405
198.70000000,0.98817183,-0.01678146,0.00605775,0.01341001,-0.45076291,-0.88347550,0.18451115,0.01182843,0.05681318,0.85233949,0.00000000,0.00000000,0.52298891
198.75000000,0.99686453,0.01185718,-0.01634572,-0.00613003,-0.45639853,-0.86792594,0.20563835,-0.04923820,0.08607968,0.85494377,0.00000000,0.00000000,0.51872069
198.80000000,0.99873858,0.00664779,-0.00334425,0.00142276,-0.47632516,-0.85971476,0.25827350,0.07607286,-0.03326108,0.85752667,0.00000000,0.00000000,0.51443951
198.85000000,0.98174977,-0.00292954,0.02516472,-0.00321873,-0.46898534,-0.88778856,0.16792568,-0.00656842,0.09634839,0.86008814,0.00000000,0.00000000,0.51014546
198.90000000,1.01100233,-0.02053187,0.00666731,-0.01148735,-0.49507011,-0.86759739,0.26753995,0.05734099,0.01682811,0.86262811,0.00000000,0.00000000,0.50583866
198.95000000,1.00345617,0.01346212,-0.01575544,0.01827355,-0.50431677,-0.86516906,0.18280689,-0.05469831,0.02264295,0.86514651,0.00000000,0.00000000,0.50151922
199.00000000,1.00236536,-0.00105393,-0.00152666,0.01525947,-0.48368168,-0.85023329,0.21740609,-0.07622080,0.03004726,0.86764328,0.00000000,0.00000000,0.49718723
199.05000000,1.00671390,0.00771333,-0.01140981,0.00850064,-0.49859605,-0.86748939,0.23561881,-0.03930375,-0.00266308,0.87011836,0.00000000,0.00000000,0.49284282
199.10000000,0.99051309,-0.00350712,-0.00342959,0.00412275,-0.51385910,-0.84031648,0.17584319,0.01309381,-0.04711140,0.87257168,0.00000000,0.00000000,0.48848609
199.15000000,0.99889312,0.00042741,-0.00922537,0.00559106,-0.53281873,-0.84566440,0.25976169,-0.02212628,0.04002202,0.87500320,0.00000000,0.00000000,0.48411714
199.20000000,1.01442878,0.01381604,-0.00188135,-0.00972662,-0.54680588,-0.85772003,0.23567969,0.03045541,0.00725023,0.87741283,0.00000000,0.00000000,0.47973609
199.25000000,0.98623864,-0.00365284,0.01380259,0.00609664,-0.54026749,-0.80333355,0.21967195,-0.09953795,-0.04724269,0.87980054,0.00000000,0.00000000,0.47534305
199.30000000,1.00305556,0.00018739,-0.00171988,-0.00154432,-0.56427892,-0.82715329,0.26735771,0.07447254,0.07820446,0.88216624,0.00000000,0.00000000,0.47093812
199.35000000,0.99044033,-0.00020175,-0.00313840,0.00591973,-0.56554248,-0.82754191,0.27005076,0.00139962,0.00755366,0.88450990,0.00000000,0.00000000,0.46652143
199.40000000,1.00413238,0.00676194,0.00681956,0.01552137,-0.58579616,-0.81635269,0.20042145,-0.01645571,0.03588898,0.88683144,0.00000000,0.00000000,0.46209306
199.45000000,1.01296543,-0.00591759,0.01686938,-0.01431648,-0.57520458,-0.82273389,0.17629909,-0.00031316,-0.01583590,0.88913081,0.00000000,0.00000000,0.45765315
199.50000000,0.97136723,0.00611470,0.00779761,-0.00161063,-0.59161266,-0.81170426,0.12846095,-0.08427160,0.03793950,0.89140795,0.00000000,0.00000000,0.45320179
199.55000000,1.01064701,0.00596830,0.00379254,0.00782720,-0.59010533,-0.80989445,0.21494875,-0.01624077,-0.01065001,0.89366281,0.00000000,0.00000000,0.44873911
199.60000000,1.01140205,0.01574661,-0.02346342,-0.00255074,-0.60833123,-0.78441552,0.14013724,-0.13669799,0.03871333,0.89589532,0.00000000,0.00000000,0.44426520
199.65000000,1.00962934,-0.01784004,-0.00124402,0.01530181,-0.62396720,-0.78892745,0.22771676,-0.06684562,-0.02321577,0.89810544,0.00000000,0.00000000,0.43978019
199.70000000,0.98309164,-0.00164532,-0.00790993,0.00207686,-0.61470710,-0.76988042,0.30930277,0.00628862,-0.01215745,0.90029311,0.00000000,0.00000000,0.43528419
199.75000000,0.99625335,-0.00964866,0.00448155,-0.00494874,-0.62368132,-0.78684733,0.18415642,0.01633543,-0.00358593,0.90245826,0.00000000,0.00000000,0.43077730
199.80000000,0.98079679,-0.00015193,-0.00801774,0.01181430,-0.62689432,-0.79401898,0.24084412,0.01441001,-0.06436841,0.90460086,0.00000000,0.00000000,0.42625964
199.85000000,1.00878323,-0.01279885,0.01145378,-0.00646188,-0.65946585,-0.74357769,0.13584609,-0.03904649,-0.02527647,0.90672084,0.00000000,0.00000000,0.42173133
199.90000000,0.99544332,0.00698781,0.00057912,0.01004303,-0.64818171,-0.77503419,0.22959036,0.00745615,-0.02593424,0.90881816,0.00000000,0.00000000,0.41719247
199.95000000,1.02073725,0.00608348,0.00941727,0.00976573,-0.66365174,-0.74541352,0.21913315,-0.02791093,-0.05263085,0.91089275,0.00000000,0.00000000,0.41264319
