t,y1_x,y1_y,y1_z,y2_x,y2_y,y2_z,w_x,w_y,w_z,q_true_1,q_true_2,q_true_3,q_true_4,r1_x,r1_y,r1_z,r2_x,r2_y,r2_z,sun_valid
0.000000,-0.308476,-0.693619,-0.650949,-63.835261,224.238334,20.908387,-0.000000,-0.001145,-0.000001,-0.011107,0.707020,0.585527,0.396432,0.188084,-0.901104,-0.390687,-52.873577,59.386369,220.692510,1
10.000000,-0.315418,-0.694376,-0.646803,-63.630519,225.440368,22.638913,-0.000001,-0.001145,-0.000000,-0.007757,0.704740,0.585581,0.400470,0.188086,-0.901103,-0.390687,-52.679596,60.937935,221.121112,1
20.000000,-0.324006,-0.693616,-0.643364,-62.492232,226.053878,25.297710,-0.000001,-0.001145,-0.000000,-0.004407,0.702438,0.585616,0.404495,0.188088,-0.901103,-0.390687,-52.472236,62.482437,221.552588,1
30.000000,-0.330978,-0.693754,-0.639655,-61.816249,226.668699,27.069068,-0.000000,-0.001145,-0.000001,-0.001057,0.700112,0.585631,0.408506,0.188090,-0.901103,-0.390687,-52.249705,64.022362,221.986905,1
40.000000,-0.337651,-0.694121,-0.635758,-61.592700,227.958379,29.044554,-0.000000,-0.001145,-0.000001,0.002293,0.697764,0.585628,0.412505,0.188092,-0.901102,-0.390687,-52.010317,65.560325,222.423914,1
50.000000,-0.346571,-0.693337,-0.631801,-60.210582,228.238937,31.005581,-0.000001,-0.001144,-0.000000,0.005643,0.695393,0.585605,0.416489,0.188094,-0.901102,-0.390686,-51.752507,67.099058,222.863342,1
60.000000,-0.353848,-0.692975,-0.628154,-59.502149,229.248224,33.593908,-0.000000,-0.001144,-0.000001,0.008993,0.692999,0.585563,0.420461,0.188096,-0.901102,-0.390686,-51.474838,68.641404,223.304791,1
70.000000,-0.360466,-0.692881,-0.624484,-59.131864,230.014556,35.503339,-0.000001,-0.001144,-0.000000,0.012343,0.690582,0.585502,0.424418,0.188098,-0.901101,-0.390686,-51.176011,70.190306,223.747733,1
80.000000,-0.368750,-0.692807,-0.619711,-58.253027,230.499055,37.375016,-0.000001,-0.001145,0.000000,0.015692,0.688143,0.585422,0.428362,0.188100,-0.901101,-0.390686,-50.854880,71.748797,224.191504,1
90.000000,-0.373805,-0.692936,-0.616530,-57.496400,231.396113,39.960386,-0.000001,-0.001145,-0.000000,0.019040,0.685681,0.585323,0.432291,0.188102,-0.901101,-0.390686,-50.510458,73.319990,224.635306,1
100.000000,-0.381361,-0.693672,-0.611051,-56.766936,232.457319,42.182840,-0.000001,-0.001145,-0.000000,0.022389,0.683197,0.585204,0.436207,0.188104,-0.901100,-0.390686,-50.141930,74.907059,225.078200,1
110.000000,-0.388061,-0.693725,-0.606757,-55.617140,232.203388,43.751128,-0.000000,-0.001145,-0.000000,0.025736,0.680691,0.585067,0.440108,0.188106,-0.901100,-0.390686,-49.748662,76.513233,225.519107,1
120.000000,-0.393876,-0.693673,-0.603059,-55.094087,233.126806,46.646406,-0.000000,-0.001145,-0.000001,0.029082,0.678162,0.584910,0.443994,0.188108,-0.901100,-0.390685,-49.330228,78.141808,225.956875,1
130.000000,-0.401676,-0.693071,-0.598590,-53.300728,233.810213,48.252964,-0.000001,-0.001145,-0.000001,0.032428,0.675611,0.584734,0.447866,0.188110,-0.901099,-0.390685,-48.886406,79.796110,226.390229,1
140.000000,-0.409086,-0.692312,-0.594434,-52.986366,234.177242,50.745960,-0.000001,-0.001145,-0.000001,0.035772,0.673038,0.584539,0.451724,0.188112,-0.901099,-0.390685,-48.417141,81.479420,226.817645,1
150.000000,-0.415408,-0.693602,-0.588517,-51.848706,235.263626,53.166324,-0.000000,-0.001145,-0.000001,0.039116,0.670443,0.584325,0.455567,0.188114,-0.901098,-0.390685,-47.922588,83.195011,227.237463,1
160.000000,-0.422012,-0.693298,-0.584160,-50.443704,236.144520,55.246521,-0.000001,-0.001145,-0.000001,0.042458,0.667826,0.584091,0.459395,0.188116,-0.901098,-0.390685,-47.403126,84.946126,227.647890,1
170.000000,-0.427861,-0.693707,-0.579402,-49.565704,237.197058,57.172459,-0.000001,-0.001145,-0.000001,0.045798,0.665187,0.583839,0.463207,0.188118,-0.901098,-0.390685,-46.859352,86.735963,228.047009,1
180.000000,-0.434507,-0.693748,-0.574384,-48.366119,237.571451,60.152420,0.000000,-0.001145,-0.000001,0.049137,0.662526,0.583567,0.467005,0.188120,-0.901097,-0.390684,-46.292095,88.567657,228.432775,1
190.000000,-0.441799,-0.693702,-0.568851,-47.270343,238.106992,62.473481,-0.000001,-0.001144,-0.000000,0.052475,0.659844,0.583277,0.470787,0.188122,-0.901097,-0.390684,-45.702409,90.444260,228.803030,1
200.000000,-0.447732,-0.693384,-0.564584,-45.539748,238.044750,64.838886,-0.000000,-0.001144,-0.000001,0.055811,0.657140,0.582967,0.474554,0.188124,-0.901097,-0.390684,-45.091583,92.368723,229.155505,1
210.000000,-0.455521,-0.693659,-0.557977,-44.555406,239.185723,66.777235,-0.000001,-0.001145,-0.000000,0.059144,0.654415,0.582638,0.478306,0.188126,-0.901096,-0.390684,-44.461133,94.343880,229.487827,1
220.000000,-0.460194,-0.693596,-0.554208,-42.380531,239.892106,69.496694,-0.000001,-0.001145,-0.000000,0.062477,0.651668,0.582290,0.482041,0.188128,-0.901096,-0.390684,-43.812805,96.372425,229.797531,1
230.000000,-0.468456,-0.693307,-0.547609,-40.456546,240.053084,71.703453,-0.000001,-0.001145,-0.000001,0.065806,0.648899,0.581923,0.485761,0.188130,-0.901096,-0.390684,-43.148572,98.456899,230.082067,1
240.000000,-0.472366,-0.694486,-0.542733,-39.403158,240.873183,74.234933,-0.000000,-0.001145,-0.000000,0.069134,0.646110,0.581537,0.489466,0.188132,-0.901095,-0.390684,-42.470627,100.599668,230.338810,1
250.000000,-0.478599,-0.693942,-0.537948,-37.088220,240.748194,76.743835,-0.000001,-0.001144,-0.000001,0.072460,0.643299,0.581132,0.493154,0.188134,-0.901095,-0.390683,-41.781380,102.802909,230.565072,1
260.000000,-0.486578,-0.693669,-0.531097,-35.012245,242.004578,79.849013,-0.000000,-0.001145,-0.000001,0.075783,0.640468,0.580708,0.496826,0.188136,-0.901095,-0.390683,-41.083453,105.068594,230.758113,1
270.000000,-0.492747,-0.692745,-0.526597,-33.797206,241.725774,81.838268,-0.000000,-0.001144,-0.000000,0.079104,0.637615,0.580265,0.500481,0.188138,-0.901094,-0.390683,-40.379666,107.398473,230.915153,1
280.000000,-0.498798,-0.692530,-0.521156,-31.564994,242.300677,84.536918,-0.000000,-0.001145,-0.000001,0.082422,0.634742,0.579803,0.504121,0.188140,-0.901094,-0.390683,-39.673032,109.794060,231.033387,1
290.000000,-0.504695,-0.692115,-0.516004,-28.653335,243.079738,87.000777,-0.000000,-0.001145,-0.000001,0.085737,0.631848,0.579322,0.507743,0.188142,-0.901093,-0.390683,-38.966747,112.256621,231.109992,1
300.000000,-0.509997,-0.693657,-0.508669,-26.510624,243.726343,89.409690,-0.000000,-0.001145,-0.000000,0.089050,0.628933,0.578822,0.511350,0.188144,-0.901093,-0.390683,-38.264174,114.787159,231.142149,1
310.000000,-0.516280,-0.694065,-0.501726,-23.619600,244.854576,91.680228,-0.000001,-0.001145,-0.000001,0.092360,0.625997,0.578304,0.514939,0.188146,-0.901093,-0.390682,-37.568833,117.386409,231.127050,1
320.000000,-0.519796,-0.694584,-0.497358,-20.884124,244.932130,93.615529,-0.000001,-0.001145,-0.000001,0.095666,0.623041,0.577766,0.518512,0.188148,-0.901092,-0.390682,-36.884385,120.054820,231.061915,1
330.000000,-0.527345,-0.693075,-0.491482,-18.080420,245.078881,96.394253,-0.000001,-0.001145,-0.000000,0.098970,0.620065,0.577209,0.522067,0.188150,-0.901092,-0.390682,-36.214621,122.792554,230.944003,1
340.000000,-0.533694,-0.693114,-0.484524,-14.932199,245.827685,99.046163,-0.000001,-0.001144,-0.000001,0.102270,0.617068,0.576633,0.525606,0.188152,-0.901092,-0.390682,-35.563441,125.599479,230.770631,1
350.000000,-0.537322,-0.693776,-0.479542,-12.001673,245.997051,101.033337,-0.000000,-0.001145,-0.000001,0.105567,0.614051,0.576039,0.529127,0.188154,-0.901091,-0.390682,-34.934838,128.475160,230.539183,1
360.000000,-0.543247,-0.693162,-0.473718,-8.583777,246.173924,103.283666,-0.000000,-0.001145,-0.000000,0.108861,0.611015,0.575426,0.532631,0.188156,-0.901091,-0.390682,-34.332886,131.418860,230.247127,1
370.000000,-0.548966,-0.694114,-0.465663,-5.894969,246.625319,105.009993,-0.000001,-0.001144,-0.000000,0.112151,0.607958,0.574793,0.536118,0.188158,-0.901091,-0.390682,-33.761714,134.429535,229.892026,1
380.000000,-0.555429,-0.692475,-0.460409,-1.986990,247.055356,108.047627,-0.000000,-0.001145,-0.000001,0.115437,0.604881,0.574143,0.539587,0.188161,-0.901090,-0.390681,-33.225494,137.505838,229.471552,1
390.000000,-0.559427,-0.693682,-0.453704,1.671715,247.621356,110.013107,-0.000000,-0.001145,0.000000,0.118719,0.601784,0.573473,0.543038,0.188163,-0.901090,-0.390681,-32.728421,140.646119,228.983498,1
400.000000,-0.564752,-0.692937,-0.448212,5.083508,247.869812,111.695568,-0.000000,-0.001144,-0.000000,0.121998,0.598668,0.572784,0.546472,0.188165,-0.901090,-0.390681,-32.274690,143.848427,228.425790,1
410.000000,-0.568682,-0.694296,-0.441083,9.633142,248.250566,113.252973,-0.000000,-0.001145,-0.000000,0.125273,0.595532,0.572077,0.549888,0.188167,-0.901089,-0.390681,-31.868484,147.110518,227.796498,1
420.000000,-0.574789,-0.693836,-0.433831,13.373792,248.594260,115.587271,-0.000001,-0.001145,-0.000001,0.128543,0.592377,0.571351,0.553285,0.188169,-0.901089,-0.390681,-31.513949,150.429860,227.093849,1
430.000000,-0.580674,-0.693025,-0.427241,18.391331,248.035295,116.763788,-0.000000,-0.001145,-0.000000,0.131810,0.589202,0.570606,0.556665,0.188171,-0.901088,-0.390681,-31.215179,153.803645,226.316231,1
440.000000,-0.584584,-0.693466,-0.421149,22.139642,249.237597,118.920801,-0.000001,-0.001144,-0.000000,0.135072,0.586008,0.569843,0.560026,0.188173,-0.901088,-0.390680,-30.976197,157.228792,225.462208,1
450.000000,-0.589095,-0.693568,-0.414644,27.088896,249.154574,120.139077,-0.000000,-0.001145,-0.000001,0.138329,0.582795,0.569061,0.563370,0.188175,-0.901088,-0.390680,-30.800935,160.701967,224.530523,1
460.000000,-0.593189,-0.693536,-0.408822,31.675640,249.515679,120.591544,-0.000001,-0.001145,-0.000001,0.141582,0.579562,0.568260,0.566694,0.188177,-0.901087,-0.390680,-30.693223,164.219588,223.520108,1
470.000000,-0.599379,-0.693175,-0.400317,36.138411,249.960369,121.605285,-0.000001,-0.001145,-0.000001,0.144831,0.576311,0.567441,0.570000,0.188179,-0.901087,-0.390680,-30.656762,167.777847,222.430089,1
480.000000,-0.602941,-0.694251,-0.393036,40.688951,249.954774,124.220438,-0.000000,-0.001145,-0.000000,0.148074,0.573041,0.566603,0.573288,0.188181,-0.901087,-0.390680,-30.695120,171.372718,221.259789,1
490.000000,-0.607288,-0.693973,-0.386785,46.361446,249.959403,123.761123,-0.000000,-0.001145,-0.000001,0.151313,0.569752,0.565747,0.576557,0.188183,-0.901086,-0.390680,-30.811709,174.999979,220.008736,1
500.000000,-0.613293,-0.692605,-0.379697,51.222183,250.693551,124.544629,-0.000000,-0.001145,-0.000001,0.154547,0.566444,0.564872,0.579806,0.188185,-0.901086,-0.390680,-31.009772,178.655224,218.676661,1
510.000000,-0.616149,-0.693122,-0.374088,56.955671,250.519194,124.925924,-0.000000,-0.001144,-0.000000,0.157776,0.563118,0.563979,0.583037,0.188187,-0.901086,-0.390679,-31.292375,182.333890,217.263502,1
520.000000,-0.620222,-0.693494,-0.366594,62.261514,250.234451,124.835167,-0.000001,-0.001145,-0.000001,0.161000,0.559774,0.563067,0.586249,0.188189,-0.901085,-0.390679,-31.662391,186.031263,215.769404,1
530.000000,-0.624382,-0.694495,-0.357525,68.038268,250.608646,124.924226,-0.000001,-0.001145,-0.000001,0.164218,0.556411,0.562137,0.589442,0.188191,-0.901085,-0.390679,-32.122491,189.742512,214.194718,1
540.000000,-0.629064,-0.692889,-0.352396,73.203858,250.497807,125.223164,-0.000000,-0.001145,-0.000001,0.167431,0.553030,0.561188,0.592615,0.188193,-0.901085,-0.390679,-32.675134,193.462696,212.540000,1
550.000000,-0.633615,-0.693687,-0.342536,78.394555,251.450082,124.496660,-0.000000,-0.001144,-0.000000,0.170639,0.549631,0.560221,0.595769,0.188195,-0.901084,-0.390679,-33.322561,197.186792,210.806008,1
560.000000,-0.636744,-0.693640,-0.336779,84.318366,250.413729,123.858983,-0.000000,-0.001144,-0.000000,0.173840,0.546214,0.559236,0.598903,0.188197,-0.901084,-0.390679,-34.066794,200.909755,208.993725,1
570.000000,-0.641339,-0.692633,-0.330066,89.563662,251.170939,123.041104,-0.000001,-0.001144,-0.000001,0.177037,0.542779,0.558232,0.602018,0.188199,-0.901084,-0.390678,-34.909671,204.626757,207.104485,1
580.000000,-0.644168,-0.693858,-0.321883,95.557709,250.479794,122.009222,-0.000000,-0.001145,-0.000000,0.180227,0.539326,0.557210,0.605113,0.188201,-0.901083,-0.390678,-35.852753,208.332657,205.139596,1
590.000000,-0.648091,-0.694000,-0.313596,101.270481,250.462733,120.175426,-0.000001,-0.001145,-0.000001,0.183412,0.535856,0.556170,0.608189,0.188203,-0.901083,-0.390678,-36.897351,212.022234,203.100506,1
600.000000,-0.653106,-0.692871,-0.305586,107.019494,250.487313,118.508124,-0.000001,-0.001144,-0.000002,0.186590,0.532368,0.555112,0.611244,0.188205,-0.901082,-0.390678,-38.044539,215.690283,200.988841,1
610.000000,-0.654832,-0.693934,-0.299417,112.660517,250.297217,116.784235,-0.000001,-0.001145,-0.000001,0.189763,0.528862,0.554036,0.614279,0.188207,-0.901082,-0.390678,-39.295153,219.331631,198.806400,1
620.000000,-0.659290,-0.693075,-0.291521,118.811173,250.644985,114.670692,-0.000001,-0.001145,-0.000001,0.192929,0.525340,0.552941,0.617295,0.188209,-0.901082,-0.390678,-40.649790,222.941157,196.555144,1
630.000000,-0.662040,-0.692620,-0.286324,123.626096,250.331175,112.430836,-0.000000,-0.001144,-0.000001,0.196089,0.521800,0.551828,0.620290,0.188211,-0.901081,-0.390678,-42.108815,226.513806,194.237189,1
640.000000,-0.665252,-0.693474,-0.276646,129.989533,250.465488,110.146172,-0.000000,-0.001145,-0.000000,0.199243,0.518243,0.550697,0.623265,0.188213,-0.901081,-0.390677,-43.672362,230.044613,191.854791,1
650.000000,-0.668801,-0.693372,-0.268217,135.758027,250.507224,106.956752,-0.000001,-0.001145,-0.000001,0.202390,0.514669,0.549549,0.626219,0.188215,-0.901081,-0.390677,-45.340340,233.528713,189.410340,1
660.000000,-0.671663,-0.693400,-0.260893,141.280671,249.576964,103.760986,-0.000001,-0.001145,-0.000001,0.205530,0.511078,0.548382,0.629153,0.188217,-0.901080,-0.390677,-47.112438,236.961356,186.906346,1
670.000000,-0.674902,-0.692821,-0.253980,146.738951,249.510106,100.900689,-0.000001,-0.001145,-0.000001,0.208664,0.507471,0.547197,0.632066,0.188219,-0.901080,-0.390677,-48.988135,240.337924,184.345428,1
680.000000,-0.676770,-0.693482,-0.247113,152.002525,250.238679,97.470539,-0.000000,-0.001145,-0.000000,0.211791,0.503847,0.545995,0.634959,0.188221,-0.901080,-0.390677,-50.966705,243.653938,181.730303,1
690.000000,-0.679806,-0.694045,-0.236993,157.527620,249.523849,94.034290,-0.000001,-0.001145,-0.000001,0.214910,0.500206,0.544774,0.637831,0.188223,-0.901079,-0.390677,-53.047229,246.905073,179.063776,1
700.000000,-0.683148,-0.693423,-0.229069,162.727220,249.224106,90.353322,-0.000000,-0.001144,0.000000,0.218023,0.496550,0.543536,0.640682,0.188225,-0.901079,-0.390676,-55.228602,250.087168,176.348725,1
710.000000,-0.685410,-0.692619,-0.224704,167.598882,249.199698,85.477145,-0.000000,-0.001144,-0.000001,0.221129,0.492876,0.542280,0.643512,0.188227,-0.901079,-0.390676,-57.509543,253.196228,173.588093,1
720.000000,-0.686971,-0.694140,-0.215037,172.557544,249.166597,80.619614,-0.000000,-0.001144,-0.000001,0.224228,0.489187,0.541006,0.646321,0.188229,-0.901078,-0.390676,-59.888611,256.228440,170.784873,1
730.000000,-0.690500,-0.692687,-0.208314,177.442893,248.538984,76.034125,0.000000,-0.001145,-0.000001,0.227319,0.485482,0.539714,0.649109,0.188231,-0.901078,-0.390676,-62.364208,259.180168,167.942101,1
740.000000,-0.692550,-0.693181,-0.199686,181.805437,248.695204,71.820785,-0.000001,-0.001144,-0.000000,0.230402,0.481761,0.538405,0.651875,0.188233,-0.901077,-0.390676,-64.934597,262.047967,165.062843,1
750.000000,-0.694762,-0.693553,-0.190499,186.739640,248.575997,66.361452,-0.000001,-0.001145,-0.000000,0.233479,0.478024,0.537078,0.654621,0.188235,-0.901077,-0.390676,-67.597911,264.828578,162.150185,1
760.000000,-0.696504,-0.693726,-0.183375,191.243229,248.190845,60.687622,-0.000001,-0.001145,-0.000000,0.236547,0.474271,0.535734,0.657344,0.188237,-0.901077,-0.390676,-70.352164,267.518936,159.207224,1
770.000000,-0.698761,-0.693626,-0.174975,195.526790,247.931065,55.602428,-0.000000,-0.001145,-0.000000,0.239608,0.470503,0.534372,0.660047,0.188239,-0.901076,-0.390675,-73.195264,270.116163,156.237058,1
780.000000,-0.700794,-0.693477,-0.167262,199.908039,247.249673,49.967828,-0.000000,-0.001145,-0.000001,0.242661,0.466719,0.532992,0.662727,0.188241,-0.901076,-0.390675,-76.125025,272.617574,153.242779,1
790.000000,-0.704148,-0.691799,-0.159968,203.221905,247.204081,44.054539,-0.000001,-0.001144,-0.000000,0.245706,0.462921,0.531596,0.665386,0.188243,-0.901076,-0.390675,-79.139175,275.020670,150.227461,1
800.000000,-0.704083,-0.693736,-0.151649,207.167939,246.796606,37.573372,-0.000001,-0.001145,-0.000000,0.248743,0.459107,0.530181,0.668024,0.188245,-0.901075,-0.390675,-82.235369,277.323138,147.194157,1
810.000000,-0.706149,-0.693159,-0.144513,210.668423,246.891814,31.228012,-0.000000,-0.001145,-0.000000,0.251772,0.455278,0.528750,0.670639,0.188247,-0.901075,-0.390675,-85.411202,279.522845,144.145891,1
820.000000,-0.708404,-0.692858,-0.134580,213.945512,246.473258,24.845194,-0.000001,-0.001145,-0.000001,0.254792,0.451434,0.527301,0.673233,0.188249,-0.901075,-0.390675,-88.664212,281.617837,141.085650,1
830.000000,-0.709839,-0.692643,-0.127958,216.380208,246.136148,18.658426,-0.000000,-0.001145,-0.000000,0.257805,0.447575,0.525835,0.675804,0.188252,-0.901074,-0.390674,-91.991898,283.606327,138.016381,1
840.000000,-0.711166,-0.692762,-0.119683,219.529778,245.796107,11.745860,0.000000,-0.001145,-0.000000,0.260808,0.443702,0.524351,0.678353,0.188254,-0.901074,-0.390674,-95.391723,285.486694,134.940986,1
850.000000,-0.711056,-0.694052,-0.112654,222.093722,245.590054,4.729978,-0.000001,-0.001145,-0.000001,0.263804,0.439814,0.522851,0.680880,0.188256,-0.901074,-0.390674,-98.861124,287.257477,131.862316,1
860.000000,-0.713050,-0.693482,-0.103163,224.038625,245.101974,-1.343258,-0.000001,-0.001145,-0.000001,0.266790,0.435912,0.521333,0.683385,0.188258,-0.901073,-0.390674,-102.397519,288.917364,128.783170,1
870.000000,-0.713476,-0.694324,-0.094163,226.194319,244.961190,-9.030563,-0.000000,-0.001145,-0.000001,0.269768,0.431996,0.519798,0.685868,0.188260,-0.901073,-0.390674,-105.998315,290.465187,125.706293,1
880.000000,-0.716273,-0.692306,-0.087552,228.570380,244.325076,-16.209291,-0.000000,-0.001145,-0.000001,0.272737,0.428065,0.518247,0.688328,0.188262,-0.901072,-0.390674,-109.660915,291.899912,122.634369,1
890.000000,-0.715606,-0.694150,-0.077870,229.783600,244.510265,-22.997144,-0.000000,-0.001144,-0.000001,0.275698,0.424120,0.516678,0.690765,0.188264,-0.901072,-0.390674,-113.382721,293.220637,119.570028,1
900.000000,-0.716731,-0.693621,-0.072023,231.262201,243.854945,-29.875918,-0.000001,-0.001145,-0.000001,0.278649,0.420162,0.515092,0.693180,0.188266,-0.901072,-0.390673,-117.161139,294.426577,116.515837,1
910.000000,-0.717382,-0.693805,-0.063232,232.235287,243.441621,-38.022479,-0.000000,-0.001145,-0.000000,0.281591,0.416190,0.513490,0.695572,0.188268,-0.901071,-0.390673,-120.993586,295.517062,113.474303,1
920.000000,-0.718425,-0.693403,-0.055304,232.820406,243.802509,-46.018921,-0.000001,-0.001144,-0.000000,0.284524,0.412204,0.511871,0.697942,0.188270,-0.901071,-0.390673,-124.877490,296.491523,110.447877,1
930.000000,-0.718824,-0.693777,-0.044343,233.381258,242.923310,-53.647339,-0.000001,-0.001145,-0.000001,0.287447,0.408205,0.510235,0.700288,0.188272,-0.901071,-0.390673,-128.810296,297.349493,107.438947,1
940.000000,-0.718152,-0.694835,-0.038248,233.954048,243.047299,-60.694804,-0.000000,-0.001144,-0.000000,0.290361,0.404192,0.508582,0.702612,0.188274,-0.901070,-0.390673,-132.789463,298.090591,104.449845,1
950.000000,-0.719241,-0.694162,-0.028831,233.539725,242.596567,-68.910086,-0.000000,-0.001145,-0.000001,0.293266,0.400166,0.506913,0.704913,0.188276,-0.901070,-0.390673,-136.812473,298.714524,101.482848,1
960.000000,-0.721348,-0.692244,-0.021333,233.793271,242.949290,-76.369986,-0.000000,-0.001145,-0.000000,0.296161,0.396127,0.505227,0.707190,0.188278,-0.901070,-0.390672,-140.876825,299.221071,98.540176,1
970.000000,-0.720204,-0.693622,-0.013952,233.193210,241.403160,-83.749361,-0.000001,-0.001145,-0.000001,0.299046,0.392075,0.503524,0.709445,0.188280,-0.901069,-0.390672,-144.980038,299.610085,95.623998,1
980.000000,-0.720924,-0.692997,-0.004903,231.968262,241.883350,-92.137940,-0.000001,-0.001145,-0.000001,0.301922,0.388010,0.501805,0.711676,0.188282,-0.901069,-0.390672,-149.119652,299.881483,92.736431,1
990.000000,-0.720204,-0.693755,0.003100,231.055604,241.607254,-99.765396,-0.000000,-0.001144,-0.000001,0.304787,0.383933,0.500070,0.713884,0.188284,-0.901069,-0.390672,-153.293227,300.035244,89.879547,1
1000.000000,-0.721330,-0.692479,0.012483,229.427660,241.367026,-106.878372,-0.000001,-0.001145,-0.000000,0.307643,0.379843,0.498318,0.716069,0.188286,-0.901068,-0.390672,-157.498341,300.071401,87.055368,1
1010.000000,-0.719687,-0.694006,0.020165,227.500478,240.880374,-115.300512,-0.000000,-0.001145,-0.000000,0.310489,0.375740,0.496550,0.718230,0.188288,-0.901068,-0.390672,-161.732591,299.990040,84.265877,1
1020.000000,-0.719501,-0.693892,0.028849,226.563329,240.566094,-122.303967,-0.000001,-0.001145,-0.000000,0.313324,0.371625,0.494766,0.720367,0.188290,-0.901068,-0.390672,-165.993589,299.791294,81.513013,1
1030.000000,-0.719674,-0.693402,0.035531,223.948081,240.668651,-129.967601,-0.000001,-0.001145,-0.000001,0.316149,0.367498,0.492965,0.722482,0.188292,-0.901067,-0.390671,-170.278962,299.475342,78.798681,1
1040.000000,-0.718506,-0.694039,0.045377,221.769349,239.775622,-137.400345,-0.000001,-0.001144,-0.000001,0.318964,0.363359,0.491149,0.724572,0.188294,-0.901067,-0.390671,-174.586352,299.042408,76.124748,1
1050.000000,-0.719011,-0.692892,0.054084,219.041590,239.597059,-145.312142,-0.000001,-0.001145,-0.000001,0.321769,0.359208,0.489316,0.726639,0.188296,-0.901066,-0.390671,-178.913410,298.492755,73.493046,1
1060.000000,-0.717159,-0.694176,0.061658,216.012660,239.587255,-152.578081,-0.000001,-0.001144,-0.000000,0.324562,0.355046,0.487468,0.728682,0.188298,-0.901066,-0.390671,-183.257799,297.826686,70.905379,1
1070.000000,-0.716800,-0.693695,0.070606,212.476651,239.450907,-159.809328,-0.000000,-0.001145,-0.000001,0.327346,0.350872,0.485603,0.730701,0.188300,-0.901066,-0.390671,-187.617189,297.044544,68.363522,1
1080.000000,-0.716134,-0.693626,0.077687,209.004520,238.556455,-166.454204,-0.000001,-0.001145,-0.000000,0.330118,0.346686,0.483722,0.732696,0.188302,-0.901065,-0.390671,-191.989256,296.146710,65.869220,1
1090.000000,-0.716151,-0.692589,0.086308,205.429127,238.949836,-174.193905,-0.000001,-0.001145,-0.000001,0.332880,0.342489,0.481826,0.734667,0.188304,-0.901065,-0.390670,-196.371680,295.133604,63.424196,1
1100.000000,-0.714284,-0.693526,0.093912,201.183485,238.728192,-181.135205,-0.000000,-0.001144,-0.000001,0.335631,0.338281,0.479914,0.736615,0.188306,-0.901065,-0.390670,-200.762146,294.005685,61.030146,1
1110.000000,-0.712915,-0.693740,0.102355,196.968612,238.469967,-188.292962,-0.000000,-0.001144,-0.000001,0.338371,0.334061,0.477986,0.738538,0.188308,-0.901064,-0.390670,-205.158339,292.763449,58.688746,1
1120.000000,-0.713071,-0.692586,0.108877,193.225217,238.247936,-194.721702,-0.000001,-0.001144,-0.000001,0.341099,0.329831,0.476043,0.740437,0.188310,-0.901064,-0.390670,-209.557946,291.407435,56.401647,1
1130.000000,-0.710975,-0.693140,0.118623,188.054154,237.971116,-201.734821,-0.000000,-0.001144,-0.000001,0.343817,0.325590,0.474083,0.742311,0.188312,-0.901064,-0.390670,-213.958654,289.938220,54.170482,1
1140.000000,-0.710042,-0.692743,0.126283,182.686232,238.433737,-208.612693,-0.000001,-0.001144,-0.000000,0.346523,0.321338,0.472109,0.744162,0.188314,-0.901063,-0.390670,-218.358219,288.356422,51.996833,1
1150.000000,-0.707794,-0.693267,0.135679,177.817480,238.301539,-214.826153,-0.000001,-0.001144,-0.000001,0.349218,0.317076,0.470119,0.745988,0.188316,-0.901063,-0.390670,-222.754396,286.662629,49.882244,1
1160.000000,-0.705338,-0.694231,0.143324,172.038882,237.406491,-220.891786,-0.000001,-0.001144,-0.000001,0.351902,0.312803,0.468113,0.747789,0.188318,-0.901063,-0.390669,-227.144755,284.857440,47.828296,1
1170.000000,-0.704353,-0.693437,0.151761,166.294242,237.645550,-227.101031,-0.000000,-0.001144,-0.000000,0.354574,0.308520,0.466093,0.749566,0.188320,-0.901062,-0.390669,-231.526859,282.941506,45.836551,1
1180.000000,-0.701748,-0.693865,0.161558,160.721710,237.473895,-232.798891,-0.000000,-0.001144,-0.000001,0.357235,0.304227,0.464057,0.751319,0.188322,-0.901062,-0.390669,-235.898269,280.915540,43.908549,1
1190.000000,-0.701029,-0.693205,0.167407,154.972032,237.558114,-238.624285,-0.000000,-0.001145,-0.000000,0.359883,0.299924,0.462006,0.753047,0.188324,-0.901061,-0.390669,-240.256540,278.780307,42.045814,1
1200.000000,-0.699045,-0.693032,0.176190,148.401317,237.189284,-243.996233,-0.000000,-0.001145,-0.000000,0.362521,0.295612,0.459939,0.754751,0.188326,-0.901061,-0.390669,-244.599227,276.536634,40.249847,1
1210.000000,-0.697548,-0.693390,0.180657,142.033295,237.001578,-249.612093,-0.000000,-0.001145,-0.000001,0.365146,0.291289,0.457858,0.756429,0.188328,-0.901061,-0.390669,-248.923883,274.185404,38.522124,1
1220.000000,-0.695003,-0.693102,0.191263,134.762931,237.089675,-254.554092,-0.000001,-0.001144,0.000000,0.367759,0.286957,0.455762,0.758083,0.188330,-0.901060,-0.390668,-253.228060,271.727560,36.864099,1
1230.000000,-0.691890,-0.693816,0.199771,128.061967,236.615805,-259.302901,-0.000001,-0.001145,-0.000001,0.370360,0.282616,0.453650,0.759712,0.188332,-0.901060,-0.390668,-257.509312,269.164105,35.277200,1
1240.000000,-0.690992,-0.692511,0.207265,121.025156,236.924987,-264.210357,-0.000000,-0.001145,0.000000,0.372949,0.278266,0.451524,0.761317,0.188334,-0.901060,-0.390668,-261.765193,266.496101,33.762828,1
1250.000000,-0.687889,-0.693689,0.213552,113.467723,236.421453,-269.180880,-0.000000,-0.001145,-0.000001,0.375526,0.273906,0.449384,0.762896,0.188336,-0.901059,-0.390668,-265.993262,263.724669,32.322355,1
1260.000000,-0.685919,-0.692942,0.222143,105.995076,237.401891,-273.037074,0.000000,-0.001144,-0.000000,0.378091,0.269537,0.447228,0.764450,0.188338,-0.901059,-0.390668,-270.191080,260.850988,30.957125,1
1270.000000,-0.682046,-0.694098,0.230307,99.068626,236.831576,-276.972362,-0.000001,-0.001145,0.000000,0.380643,0.265160,0.445058,0.765980,0.188340,-0.901059,-0.390668,-274.356215,257.876296,29.668449,1
1280.000000,-0.679905,-0.693302,0.238876,91.037991,237.215502,-280.743675,-0.000000,-0.001145,-0.000001,0.383182,0.260774,0.442873,0.767484,0.188342,-0.901058,-0.390668,-278.486242,254.801887,28.457604,1
1290.000000,-0.677487,-0.693224,0.245869,82.941540,237.623475,-284.045636,-0.000001,-0.001145,-0.000000,0.385710,0.256379,0.440674,0.768963,0.188345,-0.901058,-0.390667,-282.578740,251.629113,27.325835,1
1300.000000,-0.674686,-0.692816,0.254567,75.340702,236.835096,-287.796276,-0.000000,-0.001144,-0.000000,0.388224,0.251976,0.438460,0.770417,0.188347,-0.901058,-0.390667,-286.631300,248.359380,26.274351,1
1310.000000,-0.670818,-0.693226,0.263516,67.004328,237.065637,-290.357481,-0.000000,-0.001145,-0.000000,0.390726,0.247565,0.436232,0.771846,0.188349,-0.901057,-0.390667,-290.641521,244.994146,25.304325,1
1320.000000,-0.667302,-0.694247,0.269682,58.354444,237.079356,-293.412570,-0.000000,-0.001144,-0.000000,0.393215,0.243145,0.433990,0.773250,0.188351,-0.901057,-0.390667,-294.607011,241.534925,24.416888,1
1330.000000,-0.665156,-0.693015,0.278025,50.659358,237.269247,-295.815947,-0.000001,-0.001145,0.000000,0.395691,0.238718,0.431733,0.774628,0.188353,-0.901056,-0.390667,-298.525390,237.983277,23.613138,1
1340.000000,-0.662267,-0.693687,0.283198,41.849099,237.776597,-297.692009,-0.000000,-0.001145,-0.000001,0.398155,0.234283,0.429463,0.775981,0.188355,-0.901056,-0.390667,-302.394286,234.340815,22.894128,1
1350.000000,-0.659083,-0.693240,0.291596,33.618585,237.057026,-299.994841,-0.000001,-0.001145,-0.000000,0.400605,0.229840,0.427178,0.777308,0.188357,-0.901056,-0.390666,-306.211340,230.609196,22.260872,1
1360.000000,-0.655799,-0.693324,0.298714,24.846272,238.119235,-301.642143,-0.000000,-0.001144,-0.000000,0.403042,0.225389,0.424879,0.778610,0.188359,-0.901055,-0.390666,-309.974203,226.790123,21.714342,1
1370.000000,-0.651608,-0.693345,0.307701,15.556407,238.178008,-302.589322,-0.000000,-0.001145,-0.000000,0.405466,0.220932,0.422567,0.779887,0.188361,-0.901055,-0.390666,-313.680535,222.885345,21.255468,1
1380.000000,-0.648159,-0.693835,0.313820,6.567357,238.213832,-303.937394,-0.000001,-0.001145,-0.000001,0.407877,0.216467,0.420240,0.781138,0.188363,-0.901055,-0.390666,-317.328008,218.896651,20.885136,1
1390.000000,-0.645286,-0.692317,0.322960,-1.927348,238.558468,-305.079886,-0.000000,-0.001144,-0.000000,0.410274,0.211995,0.417900,0.782364,0.188365,-0.901054,-0.390666,-320.914300,214.825870,20.604189,1
1400.000000,-0.642134,-0.692952,0.327844,-10.908841,238.494853,-305.413650,-0.000001,-0.001145,-0.000000,0.412658,0.207516,0.415546,0.783564,0.188367,-0.901054,-0.390666,-324.437101,210.674873,20.413426,1
1410.000000,-0.637980,-0.692222,0.337358,-20.000705,239.254503,-304.795233,-0.000001,-0.001145,-0.000001,0.415028,0.203030,0.413179,0.784738,0.188369,-0.901054,-0.390665,-327.894104,206.445565,20.313600,1
1420.000000,-0.632534,-0.694372,0.343146,-28.559892,239.153368,-304.728392,-0.000001,-0.001145,-0.000000,0.417385,0.198537,0.410798,0.785886,0.188371,-0.901053,-0.390665,-331.283012,202.139891,20.305422,1
1430.000000,-0.628254,-0.694464,0.350738,-37.237729,239.229089,-304.328160,0.000000,-0.001145,-0.000000,0.419728,0.194038,0.408404,0.787009,0.188373,-0.901053,-0.390665,-334.601528,197.759832,20.389555,1
1440.000000,-0.624601,-0.694301,0.357520,-46.826439,239.597681,-303.541998,-0.000000,-0.001145,-0.000000,0.422058,0.189533,0.405996,0.788106,0.188375,-0.901053,-0.390665,-337.847362,193.307403,20.566619,1
1450.000000,-0.620742,-0.693950,0.364846,-55.887557,240.462749,-302.680137,-0.000000,-0.001144,-0.000000,0.424373,0.185022,0.403575,0.789178,0.188377,-0.901052,-0.390665,-341.018224,188.784656,20.837185,1
1460.000000,-0.617554,-0.693327,0.371382,-64.660864,240.393182,-302.034429,-0.000001,-0.001145,-0.000000,0.426675,0.180504,0.401141,0.790223,0.188379,-0.901052,-0.390665,-344.111823,184.193677,21.201783,1
1470.000000,-0.613629,-0.692298,0.379713,-73.313422,240.664572,-300.120292,-0.000001,-0.001145,0.000000,0.428963,0.175981,0.398693,0.791243,0.188381,-0.901052,-0.390665,-347.125869,179.536589,21.660892,1
1480.000000,-0.608731,-0.692870,0.386493,-82.655372,241.257338,-297.940700,0.000000,-0.001145,-0.000001,0.431236,0.171452,0.396233,0.792237,0.188383,-0.901051,-0.390664,-350.058066,174.815552,22.214947,1
1490.000000,-0.603298,-0.693236,0.394279,-91.597153,241.482445,-295.222053,-0.000001,-0.001144,-0.000001,0.433496,0.166917,0.393760,0.793205,0.188385,-0.901051,-0.390664,-352.906116,170.032760,22.864335,1
1500.000000,-0.599070,-0.693926,0.399476,-100.050644,242.034802,-292.472971,-0.000001,-0.001145,-0.000000,0.435741,0.162376,0.391273,0.794146,0.188387,-0.901050,-0.390664,-355.667714,165.190451,23.609397,1
1510.000000,-0.594944,-0.692981,0.407210,-108.741865,242.309872,-290.277218,-0.000001,-0.001144,-0.000000,0.437973,0.157831,0.388774,0.795062,0.188389,-0.901050,-0.390664,-358.340548,160.290899,24.450423,1
1520.000000,-0.589284,-0.694176,0.413357,-117.203325,242.961385,-286.840274,-0.000001,-0.001145,-0.000001,0.440189,0.153280,0.386262,0.795952,0.188391,-0.901050,-0.390664,-360.922299,155.336422,25.387657,1
1530.000000,-0.585145,-0.693176,0.420846,-126.062605,243.682517,-283.594696,-0.000001,-0.001145,-0.000000,0.442392,0.148724,0.383738,0.796816,0.188393,-0.901049,-0.390664,-363.410637,150.329384,26.421292,1
1540.000000,-0.580733,-0.693091,0.427053,-134.361675,243.637224,-279.598359,0.000000,-0.001144,-0.000000,0.444580,0.144164,0.381201,0.797654,0.188395,-0.901049,-0.390663,-365.803227,145.272194,27.551472,1
1550.000000,-0.576050,-0.692509,0.434278,-142.767159,244.463043,-275.649592,-0.000000,-0.001145,-0.000001,0.446753,0.139598,0.378652,0.798465,0.188397,-0.901049,-0.390663,-368.097720,140.167312,28.778287,1
1560.000000,-0.569189,-0.694637,0.439890,-150.857019,244.659032,-272.206157,-0.000000,-0.001144,-0.000001,0.448912,0.135028,0.376090,0.799251,0.188399,-0.901048,-0.390663,-370.291762,135.017250,30.101776,1
1570.000000,-0.566105,-0.693171,0.446137,-158.435096,245.215870,-266.795546,-0.000000,-0.001145,-0.000000,0.451056,0.130454,0.373516,0.800010,0.188401,-0.901048,-0.390663,-372.382989,129.824577,31.521923,1
1580.000000,-0.560051,-0.694103,0.452288,-166.995387,245.853607,-261.316725,-0.000001,-0.001145,-0.000000,0.453185,0.125876,0.370929,0.800743,0.188403,-0.901048,-0.390663,-374.369029,124.591921,33.038658,1
1590.000000,-0.555807,-0.692508,0.459904,-174.980312,246.358591,-256.450663,-0.000001,-0.001145,0.000000,0.455300,0.121293,0.368331,0.801450,0.188405,-0.901047,-0.390663,-376.247505,119.321972,34.651852,1
1600.000000,-0.549718,-0.693359,0.465900,-182.032346,246.848111,-250.692662,-0.000001,-0.001144,-0.000000,0.457399,0.116706,0.365720,0.802131,0.188407,-0.901047,-0.390663,-378.016038,114.017487,36.361317,1
1610.000000,-0.544238,-0.693920,0.471467,-189.865287,247.197465,-245.285071,-0.000001,-0.001144,-0.000000,0.459484,0.112116,0.363097,0.802786,0.188409,-0.901047,-0.390662,-379.672243,108.681292,38.166804,1
1620.000000,-0.538866,-0.692993,0.478940,-196.818181,247.913217,-238.689110,-0.000000,-0.001145,-0.000000,0.461554,0.107521,0.360463,0.803414,0.188411,-0.901046,-0.390662,-381.213742,103.316285,40.068001,1
1630.000000,-0.534519,-0.691326,0.486166,-204.055368,249.025774,-232.892396,-0.000001,-0.001144,-0.000000,0.463608,0.102924,0.357817,0.804016,0.188413,-0.901046,-0.390662,-382.638158,97.925442,42.064531,1
1640.000000,-0.527546,-0.693041,0.491313,-210.537953,249.943165,-226.837892,-0.000001,-0.001145,-0.000000,0.465647,0.098323,0.355159,0.804591,0.188415,-0.901045,-0.390662,-383.943125,92.511817,44.155948,1
1650.000000,-0.521707,-0.693703,0.496587,-217.147453,249.778358,-220.000187,-0.000000,-0.001145,0.000000,0.467671,0.093718,0.352489,0.805141,0.188417,-0.901045,-0.390662,-385.126290,87.078546,46.341738,1
1660.000000,-0.516142,-0.693000,0.503338,-223.762563,250.669082,-212.259432,-0.000000,-0.001144,-0.000001,0.469680,0.089111,0.349808,0.805664,0.188419,-0.901045,-0.390662,-386.185318,81.628850,48.621312,1
1670.000000,-0.509386,-0.694491,0.508143,-230.469544,251.725459,-205.537403,-0.000000,-0.001145,-0.000000,0.471674,0.084501,0.347116,0.806160,0.188421,-0.901044,-0.390661,-387.117898,76.166039,50.994007,1
1680.000000,-0.504684,-0.693848,0.513681,-235.719345,252.147658,-197.846287,-0.000001,-0.001144,-0.000001,0.473652,0.079888,0.344412,0.806630,0.188423,-0.901044,-0.390661,-387.921749,70.693511,53.459083,1
1690.000000,-0.499823,-0.692907,0.519670,-240.931780,253.231383,-189.951878,-0.000001,-0.001145,-0.000001,0.475614,0.075272,0.341697,0.807074,0.188425,-0.901044,-0.390661,-388.594628,65.214753,56.015718,1
1700.000000,-0.493294,-0.692607,0.526267,-246.490178,253.352374,-182.463310,-0.000001,-0.001145,-0.000000,0.477561,0.070654,0.338970,0.807492,0.188427,-0.901043,-0.390661,-389.134331,59.733348,58.663009,1
1710.000000,-0.485592,-0.694509,0.530903,-252.382389,254.170632,-173.569155,-0.000001,-0.001145,-0.000001,0.479492,0.066033,0.336233,0.807883,0.188429,-0.901043,-0.390661,-389.538712,54.252964,61.399968,1
1720.000000,-0.481446,-0.693263,0.536280,-256.762320,254.485238,-165.927515,-0.000001,-0.001144,-0.000001,0.481408,0.061411,0.333484,0.808247,0.188431,-0.901043,-0.390661,-389.805705,48.777226,64.225599,1
1730.000000,-0.475080,-0.692569,0.542814,-261.483018,255.444694,-157.227461,0.000000,-0.001145,-0.000001,0.483308,0.056786,0.330725,0.808585,0.188433,-0.901042,-0.390661,-389.933158,43.309948,67.138744,1
1740.000000,-0.468826,-0.692807,0.547924,-265.826709,256.840404,-148.417064,-0.000001,-0.001144,-0.000001,0.485192,0.052160,0.327955,0.808897,0.188436,-0.901042,-0.390660,-389.918946,37.855107,70.138113,1
1750.000000,-0.461339,-0.694959,0.551541,-269.823481,257.316918,-139.813613,-0.000001,-0.001144,-0.000001,0.487060,0.047532,0.325174,0.809182,0.188438,-0.901042,-0.390660,-389.761039,32.416777,73.222311,1
1760.000000,-0.455802,-0.694932,0.556160,-272.985697,257.831425,-130.676019,0.000000,-0.001144,0.000000,0.488912,0.042902,0.322382,0.809441,0.188440,-0.901041,-0.390660,-389.457503,26.999124,76.389845,1
1770.000000,-0.450207,-0.692400,0.563823,-276.498309,258.817261,-121.673080,-0.000000,-0.001145,-0.000001,0.490748,0.038271,0.319580,0.809673,0.188442,-0.901041,-0.390660,-389.006511,21.606409,79.639115,1
1780.000000,-0.442705,-0.694243,0.567484,-279.321038,259.291221,-112.060825,-0.000000,-0.001145,-0.000001,0.492568,0.033638,0.316768,0.809878,0.188444,-0.901040,-0.390660,-388.406350,16.242977,82.968418,1
1790.000000,-0.435371,-0.694113,0.573288,-282.080957,260.397249,-102.838162,-0.000001,-0.001145,-0.000000,0.494372,0.029005,0.313945,0.810058,0.188446,-0.901040,-0.390660,-387.655431,10.913255,86.375943,1
1800.000000,-0.430246,-0.692929,0.578565,-284.401370,260.452454,-93.915304,-0.000000,-0.001145,-0.000000,0.496160,0.024371,0.311112,0.810210,0.188448,-0.901040,-0.390659,-386.752298,5.621749,89.859775,1
1810.000000,-0.422514,-0.693306,0.583788,-286.094704,262.083378,-83.555043,-0.000000,-0.001145,-0.000001,0.497932,0.019735,0.308268,0.810336,0.188450,-0.901039,-0.390659,-385.695633,0.373033,93.417888,1
1820.000000,-0.417024,-0.693397,0.587615,-287.579302,262.554215,-74.317079,-0.000000,-0.001144,-0.000001,0.499687,0.015099,0.305415,0.810436,0.188452,-0.901039,-0.390659,-384.484264,-4.828252,97.048151,1
1830.000000,-0.408625,-0.693600,0.593249,-288.398964,263.446348,-64.952547,-0.000000,-0.001145,-0.000000,0.501426,0.010463,0.302551,0.810509,0.188454,-0.901039,-0.390659,-383.117177,-9.977408,100.748325,1
1840.000000,-0.403382,-0.693809,0.596583,-290.313536,263.831353,-54.730334,-0.000001,-0.001145,-0.000001,0.503149,0.005826,0.299678,0.810556,0.188456,-0.901038,-0.390659,-381.593518,-15.069688,104.516063,1
1850.000000,-0.396452,-0.693086,0.602044,-290.722201,264.406054,-44.909831,-0.000000,-0.001144,-0.000001,0.504855,0.001190,0.296795,0.810576,0.188458,-0.901038,-0.390659,-379.912603,-20.100300,108.348913,1
1860.000000,-0.387891,-0.693811,0.606767,-290.245469,265.144832,-35.397972,-0.000000,-0.001145,-0.000000,0.506544,-0.003447,0.293902,0.810569,0.188460,-0.901038,-0.390659,-378.073922,-25.064423,112.244318,1
1870.000000,-0.382259,-0.692438,0.611889,-290.445074,265.693511,-25.718123,-0.000000,-0.001145,-0.000001,0.508217,-0.008084,0.290999,0.810536,0.188462,-0.901037,-0.390658,-376.077147,-29.957205,116.199618,1
1880.000000,-0.373924,-0.693630,0.615678,-290.141929,267.054701,-15.533283,-0.000001,-0.001144,-0.000000,0.509874,-0.012721,0.288087,0.810477,0.188464,-0.901037,-0.390658,-373.922137,-34.773783,120.212052,1
1890.000000,-0.367116,-0.693281,0.620151,-288.659214,267.296637,-6.028664,-0.000000,-0.001145,-0.000001,0.511513,-0.017357,0.285166,0.810391,0.188466,-0.901037,-0.390658,-371.608942,-39.509287,124.278758,1
1900.000000,-0.359726,-0.693623,0.624087,-286.940587,268.829686,4.628636,-0.000000,-0.001144,0.000000,0.513136,-0.021993,0.282235,0.810278,0.188468,-0.901036,-0.390658,-369.137810,-44.158847,128.396780,1
1910.000000,-0.353743,-0.693324,0.627828,-285.473329,269.020247,13.613005,-0.000001,-0.001145,-0.000000,0.514742,-0.026627,0.279295,0.810139,0.188470,-0.901036,-0.390658,-366.509186,-48.717611,132.563069,1
1920.000000,-0.347331,-0.692829,0.631941,-283.004830,270.282556,23.428350,-0.000000,-0.001145,-0.000001,0.516332,-0.031261,0.276346,0.809974,0.188472,-0.901035,-0.390658,-363.723720,-53.180748,136.774483,1
1930.000000,-0.337528,-0.694568,0.635334,-280.975669,270.591032,32.832561,-0.000000,-0.001145,-0.000000,0.517904,-0.035894,0.273388,0.809782,0.188474,-0.901035,-0.390657,-360.782266,-57.543461,141.027797,1
1940.000000,-0.332011,-0.694409,0.638408,-277.733404,270.991951,42.422795,-0.000000,-0.001144,-0.000001,0.519459,-0.040526,0.270421,0.809563,0.188476,-0.901035,-0.390657,-357.685886,-61.800998,145.319703,1
1950.000000,-0.325253,-0.693757,0.642582,-275.193970,272.014569,52.529276,-0.000000,-0.001145,-0.000000,0.520998,-0.045157,0.267445,0.809318,0.188478,-0.901034,-0.390657,-354.435849,-65.948662,149.646814,1
1960.000000,-0.316672,-0.694952,0.645570,-271.870234,273.127691,61.214127,-0.000000,-0.001144,-0.000000,0.522519,-0.049786,0.264460,0.809046,0.188480,-0.901034,-0.390657,-351.033636,-69.981818,154.005671,1
1970.000000,-0.307513,-0.693661,0.651361,-267.669083,273.193360,70.815496,0.000000,-0.001144,-0.000000,0.524024,-0.054413,0.261466,0.808748,0.188482,-0.901034,-0.390657,-347.480933,-73.895910,158.392748,1
1980.000000,-0.300559,-0.693721,0.654535,-262.972143,273.865519,80.092998,-0.000000,-0.001144,-0.000001,0.525511,-0.059038,0.258464,0.808424,0.188484,-0.901033,-0.390657,-343.779636,-77.686464,162.804453,1
1990.000000,-0.295045,-0.693763,0.656994,-259.039108,274.712174,88.551599,-0.000001,-0.001145,-0.000000,0.526981,-0.063662,0.255454,0.808073,0.188486,-0.901033,-0.390657,-339.931848,-81.349103,167.237138,1
2000.000000,-0.287825,-0.693436,0.660533,-253.546463,275.361540,96.843732,-0.000000,-0.001145,-0.000000,0.528433,-0.068284,0.252435,0.807696,0.188488,-0.901033,-0.390656,-335.939874,-84.879553,171.687102,1
2010.000000,-0.280572,-0.693426,0.663656,-248.614924,275.690771,105.420877,-0.000000,-0.001144,-0.000000,0.529869,-0.072903,0.249408,0.807292,0.188490,-0.901032,-0.390656,-331.806224,-88.273655,176.150600,1
2020.000000,-0.271237,-0.693914,0.667018,-242.638801,276.592643,113.389409,-0.000000,-0.001144,-0.000000,0.531287,-0.077520,0.246373,0.806861,0.188492,-0.901032,-0.390656,-327.533602,-91.527372,180.623843,1
2030.000000,-0.265485,-0.693004,0.670271,-237.184161,276.773464,122.344087,-0.000001,-0.001144,-0.000000,0.532687,-0.082134,0.243330,0.806405,0.188494,-0.901032,-0.390656,-323.124910,-94.636799,185.103011,1
2040.000000,-0.257421,-0.693900,0.672486,-230.567691,277.504539,129.302586,-0.000000,-0.001144,-0.000000,0.534071,-0.086746,0.240278,0.805922,0.188496,-0.901031,-0.390656,-318.583239,-97.598172,189.584253,1
2050.000000,-0.249327,-0.692569,0.676893,-224.632815,278.437184,137.054889,-0.000001,-0.001145,-0.000000,0.535437,-0.091355,0.237219,0.805412,0.188498,-0.901031,-0.390656,-313.911865,-100.407872,194.063699,1
2060.000000,-0.240404,-0.693309,0.679358,-217.326064,278.904794,143.485932,-0.000000,-0.001145,0.000000,0.536785,-0.095961,0.234153,0.804877,0.188500,-0.901031,-0.390655,-309.114243,-103.062439,198.537462,1
2070.000000,-0.234179,-0.692997,0.681847,-209.905586,279.580457,151.243806,-0.000001,-0.001145,0.000000,0.538115,-0.100563,0.231078,0.804314,0.188502,-0.901030,-0.390655,-304.194003,-105.558571,203.001646,1
2080.000000,-0.226524,-0.693459,0.683960,-202.737135,279.813844,157.845417,-0.000001,-0.001145,-0.000001,0.539429,-0.105163,0.227996,0.803726,0.188504,-0.901030,-0.390655,-299.154941,-107.893137,207.452353,1
2090.000000,-0.217646,-0.692607,0.687696,-194.608810,280.338609,164.131268,-0.000001,-0.001145,-0.000000,0.540724,-0.109759,0.224906,0.803111,0.188506,-0.901029,-0.390655,-294.001015,-110.063179,211.885687,1
2100.000000,-0.209726,-0.693373,0.689383,-187.262667,280.364592,170.392221,-0.000001,-0.001144,-0.000000,0.542002,-0.114351,0.221810,0.802470,0.188508,-0.901029,-0.390655,-288.736336,-112.065921,216.297765,1
2110.000000,-0.201837,-0.693128,0.691979,-179.631660,281.128117,176.095929,-0.000000,-0.001145,-0.000001,0.543262,-0.118940,0.218705,0.801803,0.188510,-0.901029,-0.390655,-283.365163,-113.898768,220.684718,1
2120.000000,-0.192732,-0.694250,0.693448,-170.944913,281.598906,181.228919,-0.000001,-0.001145,-0.000001,0.544504,-0.123525,0.215594,0.801109,0.188512,-0.901028,-0.390655,-277.891891,-115.559319,225.042701,1
2130.000000,-0.185746,-0.692050,0.697542,-161.694204,281.779933,186.315003,-0.000000,-0.001144,-0.000001,0.545728,-0.128106,0.212476,0.800390,0.188514,-0.901028,-0.390654,-272.321049,-117.045360,229.367898,1
2140.000000,-0.177307,-0.692944,0.698850,-153.288536,282.678210,191.263309,-0.000000,-0.001145,-0.000001,0.546935,-0.132682,0.209350,0.799644,0.188516,-0.901028,-0.390654,-266.657286,-118.354878,233.656529,1
2150.000000,-0.169527,-0.692725,0.700994,-144.207082,282.995004,195.407751,-0.000001,-0.001144,-0.000000,0.548124,-0.137254,0.206218,0.798872,0.188518,-0.901027,-0.390654,-260.905370,-119.486056,237.904852,1
2160.000000,-0.162159,-0.693512,0.701959,-134.941239,282.810196,199.492989,-0.000000,-0.001144,-0.000001,0.549294,-0.141822,0.203079,0.798073,0.188520,-0.901027,-0.390654,-255.070171,-120.437280,242.109175,1
2170.000000,-0.155339,-0.692413,0.704581,-126.616716,282.906795,203.122063,-0.000001,-0.001145,-0.000001,0.550447,-0.146385,0.199934,0.797249,0.188522,-0.901027,-0.390654,-249.156659,-121.207137,246.265859,1
2180.000000,-0.145140,-0.693789,0.705401,-116.797868,283.078582,206.358469,-0.000001,-0.001145,-0.000000,0.551582,-0.150943,0.196782,0.796399,0.188524,-0.901026,-0.390654,-243.169895,-121.794419,250.371320,1
2190.000000,-0.139087,-0.693427,0.706975,-107.323010,283.876758,208.871325,-0.000000,-0.001145,-0.000000,0.552698,-0.155497,0.193623,0.795522,0.188527,-0.901026,-0.390653,-237.115016,-122.198122,254.422041,1
2200.000000,-0.129316,-0.693859,0.708404,-97.823598,283.839658,211.489777,-0.000000,-0.001144,-0.000001,0.553797,-0.160045,0.190458,0.794620,0.188529,-0.901026,-0.390653,-230.997238,-122.417447,258.414573,1
2210.000000,-0.121021,-0.693617,0.710105,-87.894381,284.148841,213.808901,-0.000001,-0.001145,-0.000000,0.554877,-0.164588,0.187287,0.793691,0.188531,-0.901025,-0.390653,-224.821835,-122.451800,262.345539,1
2220.000000,-0.112498,-0.692110,0.712971,-77.636339,284.929169,216.111183,-0.000001,-0.001144,0.000000,0.555940,-0.169126,0.184110,0.792737,0.188533,-0.901025,-0.390653,-218.594140,-122.300790,266.211643,1
2230.000000,-0.105133,-0.692806,0.713419,-68.304582,284.507262,217.118959,-0.000001,-0.001145,-0.000000,0.556984,-0.173658,0.180926,0.791756,0.188535,-0.901024,-0.390653,-212.319530,-121.964229,270.009671,1
2240.000000,-0.096960,-0.693003,0.714384,-58.089050,285.059295,217.950922,-0.000000,-0.001145,-0.000001,0.558010,-0.178184,0.177737,0.790750,0.188537,-0.901024,-0.390653,-206.003422,-121.442130,273.736499,1
2250.000000,-0.087127,-0.694695,0.714008,-48.810559,284.941642,218.900912,-0.000000,-0.001144,-0.000001,0.559017,-0.182705,0.174542,0.789717,0.188539,-0.901024,-0.390653,-199.651263,-120.734707,277.389092,1
2260.000000,-0.081090,-0.693570,0.715810,-38.740389,284.903025,218.673909,0.000000,-0.001145,-0.000000,0.560007,-0.187219,0.171342,0.788659,0.188541,-0.901023,-0.390652,-193.268521,-119.842366,280.964512,1
2270.000000,-0.070753,-0.693545,0.716931,-29.131329,285.742351,218.456422,-0.000000,-0.001144,-0.000000,0.560978,-0.191728,0.168135,0.787575,0.188543,-0.901023,-0.390652,-186.860679,-118.765713,284.459921,1
2280.000000,-0.064776,-0.693210,0.717819,-18.903336,285.765364,217.442949,-0.000000,-0.001144,0.000000,0.561930,-0.196230,0.164923,0.786466,0.188545,-0.901023,-0.390652,-180.433223,-117.505539,287.872586,1
2290.000000,-0.054913,-0.691774,0.720023,-9.382998,285.804938,216.735980,-0.000001,-0.001144,-0.000000,0.562865,-0.200726,0.161706,0.785330,0.188547,-0.901022,-0.390652,-173.991593,-116.062820,291.199915,1
2300.000000,-0.047525,-0.693052,0.719320,0.547056,285.711246,214.783696,-0.000001,-0.001145,-0.000001,0.563780,-0.205215,0.158484,0.784169,0.188549,-0.901022,-0.390652,-167.541082,-114.438662,294.439456,1
2310.000000,-0.040475,-0.694137,0.718704,10.237039,285.691583,213.387684,-0.000001,-0.001144,-0.000001,0.564678,-0.209697,0.155256,0.782983,0.188551,-0.901022,-0.390652,-161.087109,-112.634356,297.588665,1
2320.000000,-0.033459,-0.692389,0.720748,19.553807,285.741911,210.642773,-0.000000,-0.001144,-0.000001,0.565557,-0.214173,0.152023,0.781770,0.188553,-0.901021,-0.390651,-154.635096,-110.651377,300.645098,1
2330.000000,-0.023199,-0.692630,0.720920,29.276310,285.986817,208.669460,-0.000001,-0.001145,-0.000000,0.566417,-0.218642,0.148785,0.780532,0.188555,-0.901021,-0.390651,-148.190441,-108.491382,303.606431,0
2340.000000,-0.014049,-0.694276,0.719571,39.010785,285.741668,205.004366,-0.000001,-0.001145,-0.000000,0.567259,-0.223103,0.145543,0.779269,0.188557,-0.901021,-0.390651,-141.758515,-106.156202,306.470464,0
2350.000000,-0.007048,-0.693969,0.719971,47.644924,285.491720,201.653321,0.000000,-0.001144,-0.000001,0.568082,-0.227557,0.142295,0.777980,0.188559,-0.901020,-0.390651,-135.344650,-103.647839,309.235120,0
2360.000000,0.001565,-0.693082,0.720857,56.499820,285.432884,198.111904,-0.000001,-0.001144,-0.000001,0.568887,-0.232004,0.139043,0.776665,0.188561,-0.901020,-0.390651,-128.954133,-100.968459,311.898447,0
2370.000000,0.009790,-0.692376,0.721471,65.624930,286.050175,194.250915,-0.000000,-0.001145,-0.000001,0.569673,-0.236443,0.135787,0.775325,0.188563,-0.901019,-0.390651,-122.592200,-98.120389,314.458623,0
2380.000000,0.017263,-0.693827,0.719935,74.033070,285.566133,189.864259,0.000000,-0.001145,0.000000,0.570440,-0.240875,0.132526,0.773960,0.188565,-0.901019,-0.390651,-116.264025,-95.106108,316.913950,0
2390.000000,0.027084,-0.693060,0.720371,82.153369,284.948144,184.669926,-0.000000,-0.001145,-0.000000,0.571189,-0.245298,0.129260,0.772569,0.188567,-0.901019,-0.390650,-109.974720,-91.928240,319.262862,0
2400.000000,0.035223,-0.693689,0.719413,90.890866,285.168426,180.065354,-0.000001,-0.001145,0.000001,0.571919,-0.249714,0.125991,0.771154,0.188569,-0.901018,-0.390650,-103.729322,-88.589554,321.503919,0
2410.000000,0.042505,-0.693758,0.718953,98.781010,285.088795,174.421462,-0.000001,-0.001145,-0.000000,0.572631,-0.254121,0.122717,0.769712,0.188571,-0.901018,-0.390650,-97.532788,-85.092950,323.635812,0
2420.000000,0.049953,-0.695262,0.717018,106.501984,285.206594,169.165285,-0.000001,-0.001145,-0.000000,0.573323,-0.258520,0.119439,0.768246,0.188573,-0.901018,-0.390650,-91.389995,-81.441457,325.657359,0
2430.000000,0.060019,-0.694007,0.717462,114.523101,285.334920,162.139191,-0.000001,-0.001145,-0.000001,0.573997,-0.262910,0.116157,0.766755,0.188575,-0.901017,-0.390650,-85.305727,-77.638226,327.567506,0
2440.000000,0.068283,-0.694630,0.716119,121.995886,285.117797,155.885515,-0.000000,-0.001145,-0.000001,0.574652,-0.267292,0.112872,0.765238,0.188577,-0.901017,-0.390650,-79.284674,-73.686522,329.365326,0
2450.000000,0.075378,-0.692877,0.717105,128.307082,284.500443,149.211847,-0.000000,-0.001144,-0.000001,0.575289,-0.271666,0.109583,0.763697,0.188579,-0.901017,-0.390649,-73.331427,-69.589718,331.050017,0
2460.000000,0.082786,-0.693531,0.715655,135.241547,284.240858,142.636705,-0.000001,-0.001145,-0.000001,0.575906,-0.276030,0.106290,0.762130,0.188581,-0.901016,-0.390649,-67.450471,-65.351289,332.620900,0
2470.000000,0.091896,-0.692686,0.715361,141.424504,284.242457,135.741128,-0.000000,-0.001145,-0.000001,0.576505,-0.280385,0.102994,0.760539,0.188583,-0.901016,-0.390649,-61.646186,-60.974804,334.077420,0
2480.000000,0.099373,-0.693171,0.713890,148.027274,284.071416,128.743085,-0.000000,-0.001145,-0.000001,0.577084,-0.284731,0.099694,0.758922,0.188585,-0.901016,-0.390649,-55.922837,-56.463919,335.419140,0
2490.000000,0.107945,-0.693481,0.712343,152.961167,283.743954,120.438988,-0.000001,-0.001145,-0.000000,0.577645,-0.289068,0.096391,0.757281,0.188587,-0.901015,-0.390649,-50.284576,-51.822373,336.645742,0
2500.000000,0.117210,-0.692654,0.711683,159.497589,283.385747,112.511068,-0.000000,-0.001145,-0.000001,0.578187,-0.293395,0.093085,0.755615,0.188589,-0.901015,-0.390649,-44.735434,-47.053979,337.757020,0
2510.000000,0.125425,-0.692710,0.710227,164.470948,282.886827,104.092727,-0.000001,-0.001144,0.000000,0.578710,-0.297713,0.089776,0.753924,0.188591,-0.901014,-0.390649,-39.279322,-42.162616,338.752885,0
2520.000000,0.132920,-0.693837,0.707758,169.355889,282.584305,96.180908,-0.000001,-0.001144,-0.000001,0.579214,-0.302021,0.086464,0.752209,0.188593,-0.901014,-0.390648,-33.920028,-37.152228,339.633353,0
2530.000000,0.141176,-0.693801,0.706194,174.174165,282.518020,87.529483,-0.000001,-0.001145,-0.000000,0.579699,-0.306319,0.083150,0.750469,0.188595,-0.901014,-0.390648,-28.661213,-32.026811,340.398546,0
2540.000000,0.149313,-0.692983,0.705323,177.914919,282.032927,79.104531,-0.000000,-0.001145,-0.000001,0.580166,-0.310607,0.079832,0.748704,0.188597,-0.901013,-0.390648,-23.506411,-26.790414,341.048691,0
2550.000000,0.156420,-0.692919,0.703844,181.793409,281.600328,70.342172,-0.000001,-0.001145,-0.000001,0.580613,-0.314885,0.076512,0.746915,0.188599,-0.901013,-0.390648,-18.459027,-21.447124,341.584110,0
2560.000000,0.164938,-0.694147,0.700682,184.932041,281.677506,61.725892,-0.000000,-0.001144,-0.000000,0.581041,-0.319153,0.073189,0.745102,0.188601,-0.901013,-0.390648,-13.522334,-16.001071,342.005223,0
2570.000000,0.172564,-0.692692,0.700285,187.933313,280.816782,52.161541,-0.000000,-0.001145,-0.000001,0.581450,-0.323410,0.069864,0.743264,0.188603,-0.901012,-0.390648,-8.699478,-10.456411,342.312540,0
2580.000000,0.181751,-0.693670,0.696985,190.976019,280.983246,42.986748,-0.000000,-0.001145,0.000000,0.581840,-0.327656,0.066537,0.741401,0.188605,-0.901012,-0.390647,-3.993469,-4.817331,342.506658,0
2590.000000,0.189535,-0.692844,0.695733,193.658224,280.915339,33.461334,-0.000000,-0.001145,-0.000001,0.582211,-0.331892,0.063207,0.739515,0.188607,-0.901012,-0.390647,0.592810,0.911965,342.588255,0
2600.000000,0.196599,-0.693810,0.692804,195.427926,280.282992,24.234141,-0.000001,-0.001145,-0.000001,0.582563,-0.336117,0.059876,0.737604,0.188609,-0.901011,-0.390647,5.056611,6.727254,342.558091,0
2610.000000,0.204660,-0.694830,0.689438,196.833845,279.720248,14.980073,-0.000000,-0.001145,-0.000001,0.582896,-0.340331,0.056542,0.735669,0.188611,-0.901011,-0.390647,9.395316,12.624304,342.416997,0
2620.000000,0.212646,-0.693441,0.688419,198.825007,279.419857,5.850389,-0.000000,-0.001144,-0.000001,0.583210,-0.344534,0.053207,0.733710,0.188613,-0.901011,-0.390647,13.606436,18.598875,342.165878,0
2630.000000,0.220646,-0.693208,0.686133,199.183501,279.231531,-3.842506,-0.000001,-0.001144,-0.000000,0.583505,-0.348726,0.049870,0.731728,0.188615,-0.901010,-0.390647,17.687613,24.646725,341.805700,0
2640.000000,0.228249,-0.693492,0.683353,199.911787,278.786923,-12.920700,-0.000000,-0.001144,0.000000,0.583781,-0.352906,0.046531,0.729721,0.188617,-0.901010,-0.390647,21.636618,30.763614,341.337495,0
2650.000000,0.237435,-0.692802,0.680919,200.057127,278.221356,-22.786082,-0.000000,-0.001145,-0.000001,0.584038,-0.357074,0.043191,0.727690,0.188620,-0.901009,-0.390646,25.451345,36.945306,340.762349,0
2660.000000,0.243582,-0.693573,0.677956,199.749455,278.405353,-32.808122,-0.000001,-0.001144,-0.000000,0.584275,-0.361231,0.039849,0.725635,0.188622,-0.901009,-0.390646,29.129818,43.187575,340.081402,0
2670.000000,0.253165,-0.692653,0.675381,199.335967,278.095527,-41.941170,-0.000001,-0.001145,-0.000001,0.584493,-0.365376,0.036506,0.723557,0.188624,-0.901009,-0.390646,32.670181,49.486204,339.295843,0
2680.000000,0.259647,-0.693229,0.672322,198.157886,277.370956,-51.446815,-0.000001,-0.001145,-0.000000,0.584693,-0.369509,0.033162,0.721455,0.188626,-0.901008,-0.390646,36.070702,55.836994,338.406906,0
2690.000000,0.267205,-0.692347,0.670267,196.387463,277.295326,-61.316684,0.000000,-0.001144,-0.000001,0.584873,-0.373630,0.029816,0.719330,0.188628,-0.901008,-0.390646,39.329765,62.235759,337.415865,0
2700.000000,0.274907,-0.693442,0.666007,194.859611,276.636725,-70.592344,-0.000001,-0.001144,-0.000000,0.585034,-0.377739,0.026470,0.717180,0.188630,-0.901008,-0.390646,42.445874,68.678335,336.324031,0
2710.000000,0.283557,-0.694123,0.661656,193.157992,276.782421,-80.002778,-0.000001,-0.001145,-0.000001,0.585176,-0.381836,0.023123,0.715008,0.188632,-0.901007,-0.390645,45.417647,75.160576,335.132749,0
2720.000000,0.289549,-0.694422,0.658740,190.263498,275.655059,-89.259273,-0.000001,-0.001145,-0.000001,0.585298,-0.385920,0.019775,0.712812,0.188634,-0.901007,-0.390645,48.243812,81.678360,333.843393,0
2730.000000,0.297390,-0.694103,0.655576,187.734367,275.273255,-98.839809,-0.000001,-0.001144,-0.000001,0.585402,-0.389991,0.016427,0.710592,0.188636,-0.901007,-0.390645,50.923209,88.227589,332.457364,0
2740.000000,0.306050,-0.693387,0.652341,184.401222,275.511857,-107.761718,-0.000000,-0.001145,-0.000001,0.585486,-0.394050,0.013078,0.708350,0.188638,-0.901006,-0.390645,53.454785,94.804190,330.976086,0
2750.000000,0.312180,-0.693887,0.648895,180.828306,275.107216,-116.645806,-0.000001,-0.001144,-0.000001,0.585552,-0.398095,0.009728,0.706084,0.188640,-0.901006,-0.390645,55.837590,101.404112,329.401004,0
2760.000000,0.318866,-0.693273,0.646295,177.028585,274.543318,-125.364471,-0.000002,-0.001144,0.000001,0.585598,-0.402128,0.006378,0.703795,0.188642,-0.901006,-0.390645,58.070775,108.023335,327.733580,0
2770.000000,0.327010,-0.693773,0.641673,173.031589,274.413980,-133.575213,-0.000001,-0.001145,-0.000000,0.585625,-0.406147,0.003028,0.701483,0.188644,-0.901005,-0.390645,60.153592,114.657861,325.975292,0
2780.000000,0.335603,-0.692055,0.639086,168.690350,274.328628,-141.873653,-0.000001,-0.001145,-0.000001,0.585632,-0.410154,-0.000322,0.699149,0.188646,-0.901005,-0.390644,62.085390,121.303722,324.127631,0
2790.000000,0.342683,-0.693380,0.633872,163.765057,273.298094,-150.848316,0.000000,-0.001145,-0.000001,0.585621,-0.414146,-0.003672,0.696791,0.188648,-0.901005,-0.390644,63.865610,127.956974,322.192100,0
2800.000000,0.349673,-0.693162,0.630282,158.963108,272.856872,-158.958762,-0.000001,-0.001145,-0.000001,0.585590,-0.418126,-0.007022,0.694410,0.188650,-0.901004,-0.390644,65.493785,134.613699,320.170212,0
2810.000000,0.356304,-0.694348,0.625242,153.103795,273.463683,-166.942540,-0.000001,-0.001145,-0.000001,0.585541,-0.422091,-0.010372,0.692007,0.188652,-0.901004,-0.390644,66.969539,141.270008,318.063487,0
2820.000000,0.363874,-0.694177,0.621059,146.952820,272.272601,-174.789183,-0.000000,-0.001144,0.000000,0.585472,-0.426043,-0.013721,0.689581,0.188654,-0.901003,-0.390644,68.292582,147.922032,315.873453,0
2830.000000,0.370834,-0.692759,0.618520,141.346725,271.387708,-182.003822,-0.000001,-0.001145,-0.000000,0.585384,-0.429981,-0.017070,0.687133,0.188656,-0.901003,-0.390644,69.462708,154.565932,313.601645,0
2840.000000,0.377330,-0.693218,0.614061,135.014240,271.902080,-188.963805,-0.000000,-0.001145,-0.000001,0.585276,-0.433904,-0.020419,0.684662,0.188658,-0.901003,-0.390643,70.479796,161.197889,311.249603,0
2850.000000,0.383981,-0.693120,0.610035,128.458686,271.108343,-196.046937,-0.000001,-0.001145,-0.000000,0.585150,-0.437814,-0.023766,0.682168,0.188660,-0.901002,-0.390643,71.343805,167.814109,308.818873,0
2860.000000,0.390828,-0.692981,0.605830,121.615326,271.026017,-202.750634,-0.000000,-0.001145,-0.000000,0.585004,-0.441709,-0.027113,0.679653,0.188662,-0.901002,-0.390643,72.054775,174.410821,306.311006,0
2870.000000,0.398282,-0.693563,0.600285,114.690296,270.567023,-209.735514,-0.000001,-0.001145,-0.000000,0.584840,-0.445590,-0.030459,0.677115,0.188664,-0.901002,-0.390643,72.612836,180.984429,303.727520,0
2880.000000,0.405596,-0.693470,0.595476,106.733228,270.388791,-216.231263,-0.000001,-0.001145,-0.000001,0.584656,-0.449456,-0.033805,0.674555,0.188666,-0.901001,-0.390643,73.018161,187.531252,301.069866,0
2890.000000,0.412120,-0.692649,0.591941,99.325466,270.409272,-221.684373,-0.000000,-0.001145,-0.000001,0.584453,-0.453308,-0.037149,0.671972,0.188668,-0.901001,-0.390643,73.270977,194.047454,298.339509,0
2900.000000,0.418592,-0.692998,0.586971,91.361898,270.041875,-227.451407,-0.000001,-0.001144,-0.000000,0.584231,-0.457144,-0.040491,0.669368,0.188670,-0.901001,-0.390642,73.371590,200.529217,295.537930,0
2910.000000,0.425341,-0.693543,0.581448,83.089685,269.381963,-232.934399,-0.000001,-0.001145,-0.000000,0.583990,-0.460966,-0.043833,0.666742,0.188672,-0.901000,-0.390642,73.320386,206.972737,292.666628,0
2920.000000,0.432321,-0.693153,0.576748,75.592427,268.893521,-238.442140,-0.000000,-0.001145,-0.000001,0.583729,-0.464772,-0.047173,0.664094,0.188674,-0.901000,-0.390642,73.117831,213.374227,289.727120,0
2930.000000,0.438296,-0.693168,0.572202,66.362707,269.587987,-243.473539,-0.000001,-0.001145,-0.000000,0.583450,-0.468564,-0.050511,0.661425,0.188676,-0.901000,-0.390642,72.764468,219.729918,286.720941,0
2940.000000,0.444565,-0.693969,0.566365,57.317354,268.752622,-247.118241,0.000000,-0.001145,0.000000,0.583152,-0.472340,-0.053848,0.658734,0.188678,-0.900999,-0.390642,72.260920,226.036056,283.649646,0
2950.000000,0.451724,-0.693215,0.561603,49.394535,267.922079,-251.950239,-0.000000,-0.001145,-0.000000,0.582834,-0.476100,-0.057183,0.656021,0.188680,-0.900999,-0.390642,71.607888,232.288906,280.514811,0
2960.000000,0.458087,-0.693535,0.556027,39.919065,268.257225,-255.968354,-0.000000,-0.001145,-0.000001,0.582497,-0.479845,-0.060516,0.653286,0.188682,-0.900998,-0.390642,70.806152,238.484751,277.318030,0
2970.000000,0.463629,-0.693889,0.550968,30.289933,267.824669,-259.070964,-0.000001,-0.001144,0.000000,0.582142,-0.483575,-0.063847,0.650531,0.188684,-0.900998,-0.390641,69.856571,244.619892,274.060925,0
2980.000000,0.471009,-0.693456,0.545224,21.474286,267.439405,-262.294313,-0.000001,-0.001145,-0.000000,0.581767,-0.487288,-0.067177,0.647754,0.188686,-0.900998,-0.390641,68.760083,250.690652,270.745135,0
2990.000000,0.476450,-0.693800,0.540034,12.202075,267.398784,-265.390176,-0.000001,-0.001144,-0.000001,0.581373,-0.490986,-0.070503,0.644956,0.188688,-0.900997,-0.390641,67.517705,256.693376,267.372331,0
3000.000000,0.482888,-0.693626,0.534511,1.968018,266.776464,-267.847188,0.000000,-0.001144,-0.000001,0.580960,-0.494667,-0.073828,0.642136,0.188690,-0.900997,-0.390641,66.130535,262.624431,263.944203,0
3010.000000,0.486960,-0.694393,0.529800,-7.411725,266.620237,-270.239848,-0.000001,-0.001144,-0.000000,0.580528,-0.498332,-0.077150,0.639296,0.188692,-0.900997,-0.390641,64.599751,268.480207,260.462475,0
3020.000000,0.494759,-0.692715,0.524747,-17.275277,265.913940,-272.422323,-0.000000,-0.001144,-0.000001,0.580078,-0.501981,-0.080470,0.636435,0.188694,-0.900996,-0.390641,62.926611,274.257125,256.928894,0
3030.000000,0.501258,-0.693527,0.517456,-27.443293,266.162689,-273.465632,-0.000000,-0.001145,-0.000001,0.579608,-0.505614,-0.083787,0.633553,0.188696,-0.900996,-0.390640,61.112457,279.951632,253.345240,0
3040.000000,0.506292,-0.695096,0.510402,-36.666413,265.801246,-274.253239,-0.000000,-0.001144,-0.000000,0.579119,-0.509230,-0.087101,0.630650,0.188698,-0.900996,-0.390640,59.158712,285.560206,249.713324,0
3050.000000,0.512346,-0.694056,0.505755,-47.006968,264.783915,-275.447183,-0.000000,-0.001144,-0.000001,0.578611,-0.512829,-0.090413,0.627727,0.188700,-0.900995,-0.390640,57.066882,291.079359,246.034987,0
3060.000000,0.519777,-0.692670,0.500040,-56.862762,264.528450,-275.933276,-0.000000,-0.001145,-0.000001,0.578084,-0.516412,-0.093721,0.624783,0.188702,-0.900995,-0.390640,54.838557,296.505640,242.312103,0
3070.000000,0.523809,-0.694407,0.493378,-67.287163,265.237599,-275.464072,-0.000001,-0.001144,-0.000001,0.577539,-0.519977,-0.097027,0.621819,0.188704,-0.900995,-0.390640,52.475412,301.835637,238.546580,0
3080.000000,0.529789,-0.693178,0.488701,-77.331608,264.509957,-275.681026,-0.000001,-0.001144,-0.000000,0.576974,-0.523526,-0.100329,0.618834,0.188706,-0.900994,-0.390640,49.979207,307.065980,234.740362,0
3090.000000,0.535910,-0.693857,0.481001,-87.104172,264.411946,-275.015961,-0.000000,-0.001145,-0.000001,0.576391,-0.527057,-0.103628,0.615829,0.188708,-0.900994,-0.390640,47.351784,312.193346,230.895425,0
3100.000000,0.542076,-0.693000,0.475293,-97.217517,263.834597,-273.890151,-0.000000,-0.001145,-0.000000,0.575789,-0.530572,-0.106923,0.612804,0.188711,-0.900993,-0.390639,44.595077,317.214461,227.013780,0
3110.000000,0.546054,-0.693593,0.469844,-106.720409,263.865637,-272.785549,-0.000000,-0.001144,-0.000001,0.575168,-0.534068,-0.110215,0.609759,0.188713,-0.900993,-0.390639,41.711100,322.126103,223.097475,0
3120.000000,0.551697,-0.692962,0.464149,-117.343653,263.317983,-270.576586,-0.000000,-0.001145,-0.000000,0.574528,-0.537548,-0.113504,0.606694,0.188715,-0.900993,-0.390639,38.701956,326.925107,219.148593,0
3130.000000,0.558168,-0.692086,0.457675,-126.531261,263.776304,-267.653737,-0.000000,-0.001144,-0.000001,0.573869,-0.541010,-0.116789,0.603609,0.188717,-0.900992,-0.390639,35.569837,331.608371,215.169249,0
3140.000000,0.562335,-0.692728,0.451561,-136.610800,263.263672,-265.834914,-0.000000,-0.001144,-0.000001,0.573192,-0.544454,-0.120069,0.600504,0.188719,-0.900992,-0.390639,32.317016,336.172855,211.161595,0
3150.000000,0.567107,-0.694707,0.442461,-147.436466,262.105247,-262.777015,-0.000001,-0.001144,-0.000000,0.572495,-0.547880,-0.123346,0.597379,0.188721,-0.900992,-0.390639,28.945856,340.615588,207.127817,0
3160.000000,0.572104,-0.693329,0.438170,-157.054853,262.897080,-259.689253,-0.000001,-0.001144,-0.000001,0.571780,-0.551288,-0.126619,0.594236,0.188723,-0.900991,-0.390638,25.458804,344.933676,203.070133,0
3170.000000,0.577565,-0.693644,0.430438,-166.315673,262.114541,-255.598860,-0.000000,-0.001145,-0.000001,0.571047,-0.554679,-0.129888,0.591072,0.188725,-0.900991,-0.390638,21.858393,349.124296,198.990792,0
3180.000000,0.581687,-0.693858,0.424502,-175.674584,261.953943,-251.857781,-0.000000,-0.001144,-0.000001,0.570294,-0.558051,-0.133153,0.587889,0.188727,-0.900991,-0.390638,18.147241,353.184711,194.892075,0
3190.000000,0.586702,-0.693670,0.417854,-184.960960,261.860064,-248.088468,-0.000001,-0.001144,-0.000001,0.569523,-0.561405,-0.136413,0.584687,0.188729,-0.900990,-0.390638,14.328046,357.112270,190.776292,0
3200.000000,0.592303,-0.693860,0.409555,-193.914360,261.369307,-243.507320,-0.000001,-0.001145,-0.000000,0.568734,-0.564740,-0.139669,0.581466,0.188731,-0.900990,-0.390638,10.403591,360.904408,186.645779,0
3210.000000,0.597314,-0.692221,0.405025,-203.428546,261.276768,-238.329101,-0.000001,-0.001144,-0.000000,0.567925,-0.568057,-0.142920,0.578226,0.188733,-0.900990,-0.390638,6.376741,364.558659,182.502901,0
3220.000000,0.600471,-0.693566,0.397995,-212.307158,260.360017,-233.348581,-0.000001,-0.001145,-0.000000,0.567099,-0.571356,-0.146166,0.574967,0.188735,-0.900989,-0.390638,2.250436,368.072652,178.350042,0
3230.000000,0.604219,-0.694283,0.391012,-220.850368,259.953667,-227.767173,-0.000000,-0.001145,-0.000001,0.566253,-0.574636,-0.149408,0.571689,0.188737,-0.900989,-0.390637,-1.972304,371.444119,174.189610,0
3240.000000,0.610432,-0.693398,0.382849,-229.304183,260.068703,-221.481113,-0.000000,-0.001145,-0.000001,0.565389,-0.577896,-0.152645,0.568393,0.188739,-0.900988,-0.390637,-6.288383,374.670900,170.024033,0
3250.000000,0.614006,-0.693139,0.377565,-237.519666,259.648893,-215.888062,-0.000001,-0.001145,-0.000000,0.564507,-0.581139,-0.155877,0.565078,0.188741,-0.900988,-0.390637,-10.694635,377.750943,165.855752,0
3260.000000,0.617970,-0.693651,0.370082,-245.377203,259.011009,-208.747145,-0.000001,-0.001144,-0.000001,0.563606,-0.584362,-0.159103,0.561744,0.188743,-0.900988,-0.390637,-15.187821,380.682310,161.687226,0
3270.000000,0.622199,-0.694277,0.361729,-253.374726,258.933437,-202.451266,-0.000001,-0.001145,-0.000000,0.562686,-0.587565,-0.162325,0.558392,0.188745,-0.900987,-0.390637,-19.764635,383.463183,157.520921,0
3280.000000,0.626565,-0.693693,0.355254,-261.717555,258.099841,-195.441827,0.000000,-0.001144,-0.000001,0.561749,-0.590750,-0.165541,0.555022,0.188747,-0.900987,-0.390637,-24.421707,386.091861,153.359312,0
3290.000000,0.630048,-0.694140,0.348150,-268.368674,258.454612,-188.122477,-0.000000,-0.001145,-0.000000,0.560792,-0.593915,-0.168752,0.551633,0.188749,-0.900987,-0.390636,-29.155605,388.566770,149.204881,0
3300.000000,0.634082,-0.694144,0.340742,-275.464423,257.968994,-180.545134,-0.000000,-0.001145,-0.000000,0.559818,-0.597061,-0.171957,0.548227,0.188751,-0.900986,-0.390636,-33.962839,390.886462,145.060109,0
3310.000000,0.638559,-0.693463,0.333694,-282.381923,257.726323,-172.158627,-0.000000,-0.001145,-0.000000,0.558825,-0.600188,-0.175157,0.544802,0.188753,-0.900986,-0.390636,-38.839863,393.049617,140.927476,0
3320.000000,0.641957,-0.693609,0.326798,-288.770600,257.508532,-164.246390,-0.000001,-0.001144,-0.000001,0.557814,-0.603294,-0.178351,0.541360,0.188755,-0.900986,-0.390636,-43.783082,395.055051,136.809458,0
3330.000000,0.646472,-0.692825,0.319481,-295.373409,256.580775,-155.576987,-0.000000,-0.001145,-0.000000,0.556785,-0.606381,-0.181539,0.537900,0.188757,-0.900985,-0.390636,-48.788853,396.901711,132.708523,0
3340.000000,0.648691,-0.694659,0.310884,-301.690160,256.261032,-147.258833,-0.000001,-0.001145,-0.000000,0.555737,-0.609449,-0.184721,0.534422,0.188759,-0.900985,-0.390636,-53.853492,398.588682,128.627127,0
3350.000000,0.653244,-0.693581,0.303675,-307.250719,255.978509,-138.829767,-0.000000,-0.001144,-0.000001,0.554671,-0.612496,-0.187897,0.530927,0.188761,-0.900985,-0.390636,-58.973273,400.115188,124.567709,0
3360.000000,0.656543,-0.693916,0.295689,-313.351791,255.819299,-129.557212,-0.000001,-0.001145,-0.000001,0.553587,-0.615523,-0.191067,0.527415,0.188763,-0.900984,-0.390635,-64.144440,401.480592,120.532692,0
3370.000000,0.660204,-0.693295,0.288916,-317.572799,255.532239,-119.868783,-0.000001,-0.001144,-0.000001,0.552485,-0.618530,-0.194231,0.523885,0.188765,-0.900984,-0.390635,-69.363205,402.684399,116.524478,0
3380.000000,0.662953,-0.694044,0.280705,-322.457434,254.923982,-110.966619,-0.000001,-0.001144,-0.000001,0.551365,-0.621517,-0.197388,0.520338,0.188767,-0.900983,-0.390635,-74.625757,403.726257,112.545440,0
3390.000000,0.666050,-0.693555,0.274516,-327.121593,254.377554,-101.567160,-0.000000,-0.001145,-0.000000,0.550227,-0.624483,-0.200539,0.516774,0.188769,-0.900983,-0.390635,-79.928265,404.605955,108.597925,0
3400.000000,0.669746,-0.692813,0.267301,-331.260895,254.320769,-91.495277,-0.000001,-0.001144,-0.000001,0.549071,-0.627429,-0.203683,0.513193,0.188771,-0.900983,-0.390635,-85.266883,405.323427,104.684248,0
3410.000000,0.672801,-0.692720,0.259763,-335.172344,253.430768,-81.698338,-0.000000,-0.001145,-0.000001,0.547896,-0.630355,-0.206821,0.509596,0.188773,-0.900982,-0.390635,-90.637756,405.878749,100.806688,0
3420.000000,0.674452,-0.694812,0.249701,-338.305038,253.550110,-71.416398,-0.000001,-0.001144,-0.000000,0.546704,-0.633259,-0.209952,0.505981,0.188775,-0.900982,-0.390634,-96.037024,406.272143,96.967486,0
3430.000000,0.677251,-0.694516,0.242856,-341.274375,252.331248,-61.921121,-0.000000,-0.001145,-0.000000,0.545494,-0.636144,-0.213076,0.502350,0.188777,-0.900982,-0.390634,-101.460831,406.503969,93.168840,0
3440.000000,0.680679,-0.693722,0.235427,-344.236143,252.173853,-51.677107,-0.000000,-0.001144,-0.000000,0.544267,-0.639007,-0.216193,0.498703,0.188779,-0.900981,-0.390634,-106.905347,406.574741,89.412892,0
3450.000000,0.682974,-0.693671,0.228841,-346.684311,251.677062,-41.550758,0.000000,-0.001145,-0.000001,0.543021,-0.641849,-0.219303,0.495040,0.188781,-0.900981,-0.390634,-112.366895,406.485094,85.701642,0
3460.000000,0.685043,-0.694770,0.219112,-348.588280,250.652188,-31.614385,-0.000001,-0.001144,-0.000001,0.541758,-0.644671,-0.222405,0.491360,0.188783,-0.900981,-0.390634,-117.841610,406.235653,82.037125,0
3470.000000,0.688062,-0.693824,0.212553,-350.316778,250.660543,-20.286618,-0.000000,-0.001145,-0.000000,0.540476,-0.647471,-0.225501,0.487664,0.188785,-0.900980,-0.390634,-123.325596,405.827169,78.421348,0
3480.000000,0.692178,-0.692582,0.203026,-351.880527,250.381225,-9.637179,-0.000000,-0.001145,-0.000001,0.539178,-0.650250,-0.228589,0.483952,0.188787,-0.900980,-0.390634,-128.814985,405.260543,74.856266,0
3490.000000,0.693604,-0.693516,0.194806,-352.175661,249.815193,0.535946,-0.000000,-0.001145,-0.000001,0.537861,-0.653008,-0.231670,0.480224,0.188789,-0.900980,-0.390633,-134.305934,404.536816,71.343782,0
3500.000000,0.695140,-0.693960,0.187615,-353.041787,249.709170,10.871736,-0.000000,-0.001145,-0.000000,0.536527,-0.655744,-0.234743,0.476481,0.188791,-0.900979,-0.390633,-139.794636,403.657171,67.885740,0
3510.000000,0.696898,-0.694308,0.179639,-353.040967,248.840962,21.128203,-0.000000,-0.001144,-0.000001,0.535175,-0.658459,-0.237808,0.472722,0.188793,-0.900979,-0.390633,-145.277327,402.622929,64.483924,0
3520.000000,0.699382,-0.693269,0.173906,-353.466835,248.705936,31.790598,0.000000,-0.001144,-0.000001,0.533806,-0.661153,-0.240866,0.468947,0.188795,-0.900978,-0.390633,-150.750286,401.435543,61.140056,0
3530.000000,0.700778,-0.694592,0.162645,-353.187508,247.898253,42.557071,-0.000001,-0.001145,-0.000000,0.532420,-0.663825,-0.243915,0.465158,0.188797,-0.900978,-0.390633,-156.209845,400.096595,57.855794,0
3540.000000,0.702655,-0.693946,0.157211,-351.787625,247.197956,52.883142,0.000000,-0.001145,-0.000000,0.531016,-0.666475,-0.246957,0.461353,0.188799,-0.900978,-0.390633,-161.652395,398.607791,54.632731,0
3550.000000,0.705056,-0.693379,0.148734,-350.841275,247.363800,63.295255,-0.000001,-0.001144,-0.000000,0.529594,-0.669103,-0.249991,0.457533,0.188801,-0.900977,-0.390632,-167.074385,396.970955,51.472390,0
3560.000000,0.704948,-0.695185,0.140592,-349.552425,246.640485,73.877658,-0.000000,-0.001144,-0.000000,0.528155,-0.671709,-0.253016,0.453697,0.188804,-0.900977,-0.390632,-172.472334,395.188029,48.376226,0
3570.000000,0.707939,-0.693846,0.131910,-347.475440,245.707359,84.741507,-0.000001,-0.001144,-0.000001,0.526699,-0.674294,-0.256033,0.449847,0.188806,-0.900977,-0.390632,-177.842832,393.261059,45.345624,0
3580.000000,0.708893,-0.694507,0.123006,-345.829170,245.574419,94.850706,-0.000000,-0.001145,-0.000000,0.525226,-0.676856,-0.259042,0.445983,0.188808,-0.900976,-0.390632,-183.182544,391.192196,42.381897,0
3590.000000,0.710878,-0.693370,0.117858,-342.337741,244.967329,105.225263,-0.000000,-0.001144,-0.000000,0.523736,-0.679396,-0.262042,0.442104,0.188810,-0.900976,-0.390632,-188.488214,388.983690,39.486287,0
3600.000000,0.712510,-0.693376,0.107515,-340.056611,244.334604,114.822312,-0.000001,-0.001144,-0.000000,0.522228,-0.681914,-0.265034,0.438210,0.188812,-0.900976,-0.390632,-193.756671,386.637878,36.659964,0
3610.000000,0.713061,-0.693959,0.099824,-336.735843,243.744207,124.758215,-0.000000,-0.001144,-0.000001,0.520703,-0.684410,-0.268017,0.434302,0.188814,-0.900975,-0.390632,-198.984829,384.157184,33.904025,0
3620.000000,0.715347,-0.692726,0.091703,-332.567372,243.548542,135.141259,-0.000001,-0.001145,-0.000001,0.519162,-0.686883,-0.270992,0.430379,0.188816,-0.900975,-0.390631,-204.169692,381.544109,31.219497,0
3630.000000,0.714629,-0.694735,0.081542,-329.360347,243.167948,144.600107,-0.000001,-0.001145,-0.000000,0.517603,-0.689334,-0.273957,0.426443,0.188818,-0.900975,-0.390631,-209.308357,378.801227,28.607332,0
3640.000000,0.716627,-0.693502,0.074173,-325.014159,242.217279,153.628315,-0.000000,-0.001144,-0.000001,0.516027,-0.691762,-0.276913,0.422493,0.188820,-0.900974,-0.390631,-214.398015,375.931174,26.068415,0
3650.000000,0.718418,-0.692520,0.065514,-320.535530,242.205001,163.817890,-0.000000,-0.001145,-0.000001,0.514435,-0.694167,-0.279861,0.418529,0.188822,-0.900974,-0.390631,-219.435951,372.936646,23.603559,0
3660.000000,0.717982,-0.693588,0.058626,-315.088406,241.332564,172.613006,-0.000001,-0.001145,-0.000000,0.512825,-0.696550,-0.282799,0.414551,0.188824,-0.900973,-0.390631,-224.419552,369.820390,21.213506,0
3670.000000,0.717976,-0.694214,0.050761,-310.444912,240.994802,181.795099,-0.000000,-0.001145,-0.000001,0.511199,-0.698910,-0.285728,0.410559,0.188826,-0.900973,-0.390631,-229.346298,366.585197,18.898934,0
3680.000000,0.719133,-0.693612,0.041834,-305.399786,239.980305,190.963246,-0.000001,-0.001145,-0.000000,0.509556,-0.701248,-0.288648,0.406554,0.188828,-0.900973,-0.390630,-234.213772,363.233895,16.660452,0
3690.000000,0.719368,-0.693856,0.032769,-299.738052,239.749516,198.570784,-0.000000,-0.001145,0.000000,0.507897,-0.703562,-0.291558,0.402536,0.188830,-0.900972,-0.390630,-239.019653,359.769344,14.498607,0
3700.000000,0.719445,-0.694050,0.026345,-292.931930,238.490186,207.666059,-0.000000,-0.001144,-0.000001,0.506221,-0.705853,-0.294459,0.398505,0.188832,-0.900972,-0.390630,-243.761723,356.194428,12.413880,0
3710.000000,0.720293,-0.693432,0.018175,-286.658050,239.133763,215.568273,-0.000001,-0.001144,-0.000000,0.504528,-0.708121,-0.297350,0.394461,0.188834,-0.900972,-0.390630,-248.437856,352.512047,10.406695,0
3720.000000,0.720990,-0.692884,0.009265,-280.278369,237.854788,224.315974,-0.000000,-0.001144,-0.000001,0.502819,-0.710366,-0.300231,0.390403,0.188836,-0.900971,-0.390630,-253.046028,348.725114,8.477415,0
3730.000000,0.720324,-0.693636,0.001243,-274.426654,237.572096,231.890641,-0.000001,-0.001145,-0.000001,0.501093,-0.712588,-0.303102,0.386333,0.188838,-0.900971,-0.390630,-257.584306,344.836549,6.626348,0
3740.000000,0.720278,-0.693640,-0.007945,-267.154914,237.173185,239.446428,-0.000001,-0.001144,-0.000000,0.499351,-0.714786,-0.305964,0.382251,0.188840,-0.900971,-0.390630,-262.050853,340.849267,4.853749,0
3750.000000,0.720482,-0.693295,-0.015759,-259.960300,236.467667,246.901482,-0.000000,-0.001144,-0.000001,0.497592,-0.716961,-0.308816,0.378155,0.188842,-0.900970,-0.390629,-266.443920,336.766180,3.159819,0
3760.000000,0.719758,-0.693730,-0.026204,-252.395863,235.337656,254.014682,-0.000001,-0.001144,-0.000001,0.495818,-0.719113,-0.311657,0.374048,0.188844,-0.900970,-0.390629,-270.761847,332.590189,1.544715,0
3770.000000,0.719943,-0.693354,-0.030692,-245.034099,235.029259,260.852153,-0.000001,-0.001144,-0.000000,0.494027,-0.721241,-0.314488,0.369928,0.188846,-0.900970,-0.390629,-275.003056,328.324175,0.008544,1
3780.000000,0.718740,-0.694077,-0.040862,-237.325974,234.461327,268.173439,-0.000000,-0.001144,-0.000000,0.492220,-0.723345,-0.317309,0.365796,0.188848,-0.900969,-0.390629,-279.166053,323.971002,-1.448628,1
3790.000000,0.718723,-0.693626,-0.048172,-229.142287,234.100516,274.775783,-0.000001,-0.001145,-0.000001,0.490396,-0.725426,-0.320120,0.361652,0.188850,-0.900969,-0.390629,-283.249419,319.533505,-2.826775,1
3800.000000,0.718348,-0.693363,-0.056782,-220.473855,233.469224,280.219437,-0.000000,-0.001145,-0.000000,0.488557,-0.727483,-0.322920,0.357497,0.188852,-0.900968,-0.390629,-287.251806,315.014493,-4.125911,1
3810.000000,0.717644,-0.693286,-0.065898,-211.701065,232.884739,286.269613,-0.000001,-0.001145,-0.000000,0.486702,-0.729516,-0.325709,0.353329,0.188854,-0.900968,-0.390628,-291.171937,310.416741,-5.346082,1
3820.000000,0.716453,-0.693658,-0.074386,-203.792118,232.886457,291.551471,-0.000001,-0.001145,-0.000000,0.484831,-0.731525,-0.328488,0.349150,0.188856,-0.900968,-0.390628,-295.008595,305.742988,-6.487369,1
3830.000000,0.715312,-0.693965,-0.082109,-195.232190,232.326690,297.342405,-0.000001,-0.001145,-0.000000,0.482944,-0.733510,-0.331256,0.344960,0.188858,-0.900967,-0.390628,-298.760623,300.995936,-7.549882,1
3840.000000,0.714375,-0.693870,-0.090621,-186.085883,231.852340,302.294246,-0.000000,-0.001145,-0.000001,0.481041,-0.735472,-0.334014,0.340758,0.188860,-0.900967,-0.390628,-302.426919,296.178248,-8.533757,1
3850.000000,0.713859,-0.693414,-0.097889,-177.449388,230.962750,306.228856,-0.000001,-0.001145,-0.000000,0.479122,-0.737409,-0.336760,0.336545,0.188862,-0.900967,-0.390628,-306.006424,291.292546,-9.439156,1
3860.000000,0.713863,-0.692199,-0.106114,-167.623328,229.797878,311.354092,-0.000001,-0.001145,-0.000001,0.477188,-0.739322,-0.339495,0.332321,0.188864,-0.900966,-0.390628,-309.498128,286.341407,-10.266265,1
3870.000000,0.710726,-0.694260,-0.113456,-158.610924,228.984675,315.143022,-0.000001,-0.001145,-0.000001,0.475238,-0.741211,-0.342219,0.328086,0.188866,-0.900966,-0.390627,-312.901052,281.327370,-11.015289,1
3880.000000,0.709331,-0.693830,-0.124300,-149.963824,228.727894,319.118360,-0.000000,-0.001144,-0.000001,0.473273,-0.743076,-0.344932,0.323841,0.188868,-0.900966,-0.390627,-316.214255,276.252929,-11.686452,1
3890.000000,0.709098,-0.693088,-0.129652,-140.350493,228.616890,322.659258,-0.000001,-0.001144,-0.000001,0.471292,-0.744916,-0.347634,0.319585,0.188870,-0.900965,-0.390627,-319.436819,271.120538,-12.279995,1
3900.000000,0.706038,-0.694192,-0.140029,-130.212354,227.835689,325.599100,-0.000001,-0.001144,-0.000001,0.469295,-0.746732,-0.350324,0.315318,0.188872,-0.900965,-0.390627,-322.567849,265.932610,-12.796175,1
3910.000000,0.705511,-0.692973,-0.148467,-120.884180,227.284076,328.541420,-0.000001,-0.001145,-0.000000,0.467284,-0.748524,-0.353003,0.311042,0.188874,-0.900965,-0.390627,-325.606467,260.691520,-13.235264,1
3920.000000,0.704213,-0.693235,-0.153324,-111.199255,226.713421,330.957802,-0.000001,-0.001145,-0.000001,0.465257,-0.750291,-0.355671,0.306755,0.188876,-0.900964,-0.390627,-328.551808,255.399607,-13.597544,1
3930.000000,0.701906,-0.693531,-0.162304,-102.086261,226.601207,333.406000,-0.000001,-0.001144,-0.000001,0.463214,-0.752033,-0.358326,0.302457,0.188878,-0.900964,-0.390627,-331.403014,250.059175,-13.883314,1
3940.000000,0.701169,-0.692461,-0.169883,-91.712630,225.986802,334.981485,-0.000000,-0.001145,-0.000000,0.461157,-0.753751,-0.360970,0.298150,0.188880,-0.900963,-0.390626,-334.159231,244.672498,-14.092880,1
3950.000000,0.698012,-0.693464,-0.178568,-81.741972,225.105511,336.533420,-0.000000,-0.001144,-0.000001,0.459084,-0.755445,-0.363603,0.293834,0.188882,-0.900963,-0.390626,-336.819603,239.241823,-14.226562,1
3960.000000,0.695384,-0.693853,-0.187110,-72.274821,224.761511,338.189484,-0.000001,-0.001145,-0.000000,0.456997,-0.757113,-0.366223,0.289507,0.188884,-0.900963,-0.390626,-339.383275,233.769375,-14.284691,1
3970.000000,0.693550,-0.693874,-0.193720,-62.499824,224.537681,339.077012,-0.000001,-0.001145,0.000000,0.454894,-0.758757,-0.368831,0.285172,0.188886,-0.900962,-0.390626,-341.849381,228.257355,-14.267609,1
3980.000000,0.691657,-0.693355,-0.202162,-52.358805,223.474054,339.957454,-0.000001,-0.001145,-0.000000,0.452777,-0.760376,-0.371427,0.280826,0.188888,-0.900962,-0.390626,-344.217048,222.707955,-14.175671,1
3990.000000,0.688555,-0.693875,-0.210783,-42.721892,222.151994,340.492146,-0.000000,-0.001145,-0.000001,0.450645,-0.761970,-0.374011,0.276472,0.188890,-0.900962,-0.390626,-346.485392,217.123353,-14.009241,1
4000.000000,0.686863,-0.693206,-0.218371,-32.537852,222.804419,340.666023,-0.000001,-0.001145,-0.000000,0.448498,-0.763539,-0.376583,0.272109,0.188892,-0.900961,-0.390625,-348.653518,211.505723,-13.768701,1
4010.000000,0.684260,-0.692661,-0.228055,-22.561133,221.046085,339.897850,-0.000001,-0.001144,-0.000001,0.446336,-0.765083,-0.379143,0.267736,0.188895,-0.900961,-0.390625,-350.720515,205.857236,-13.454444,1
4020.000000,0.681094,-0.694137,-0.232991,-12.388752,221.493149,339.788420,-0.000001,-0.001145,-0.000001,0.444160,-0.766602,-0.381690,0.263355,0.188897,-0.900961,-0.390625,-352.685504,200.179995,-13.066873,1
4030.000000,0.678341,-0.693978,-0.241345,-2.939454,220.891913,338.860643,-0.000001,-0.001144,0.000000,0.441970,-0.768096,-0.384224,0.258966,0.188899,-0.900960,-0.390625,-354.547534,194.476028,-12.606398,1
4040.000000,0.676539,-0.692922,-0.249309,6.604833,220.304488,337.465499,-0.000000,-0.001145,-0.000000,0.439764,-0.769565,-0.386746,0.254568,0.188901,-0.900960,-0.390625,-356.305497,188.747500,-12.073456,1
4050.000000,0.673684,-0.692017,-0.259350,16.962402,219.678544,336.429021,-0.000001,-0.001145,-0.000001,0.437545,-0.771008,-0.389256,0.250161,0.188903,-0.900960,-0.390625,-357.958278,182.996610,-11.468508,1
4060.000000,0.669258,-0.693213,-0.267486,26.358638,219.545505,334.850773,-0.000000,-0.001145,-0.000000,0.435311,-0.772427,-0.391752,0.245746,0.188905,-0.900959,-0.390625,-359.504757,177.225588,-10.792039,1
4070.000000,0.666146,-0.694180,-0.272696,35.743823,219.232422,332.949579,-0.000001,-0.001144,-0.000001,0.433063,-0.773820,-0.394236,0.241324,0.188907,-0.900959,-0.390624,-360.943817,171.436699,-10.044564,1
4080.000000,0.663415,-0.693476,-0.281020,45.354593,218.502693,330.790200,-0.000000,-0.001144,0.000000,0.430800,-0.775188,-0.396707,0.236893,0.188909,-0.900958,-0.390624,-362.274338,165.632252,-9.226626,1
4090.000000,0.660603,-0.693050,-0.288592,54.384596,217.951338,327.556026,-0.000001,-0.001145,-0.000000,0.428524,-0.776530,-0.399165,0.232455,0.188911,-0.900958,-0.390624,-363.495211,159.814597,-8.338802,1
4100.000000,0.655831,-0.694235,-0.296517,64.073707,217.262507,324.890099,-0.000001,-0.001145,-0.000001,0.426234,-0.777847,-0.401610,0.228009,0.188913,-0.900958,-0.390624,-364.605332,153.986128,-7.381700,1
4110.000000,0.653294,-0.693928,-0.302772,73.063503,217.091080,321.557682,-0.000001,-0.001144,-0.000000,0.423929,-0.779139,-0.404041,0.223555,0.188915,-0.900957,-0.390624,-365.603613,148.149292,-6.355965,1
4120.000000,0.648834,-0.694416,-0.311129,82.213516,216.452471,318.212290,-0.000000,-0.001145,-0.000001,0.421611,-0.780405,-0.406460,0.219095,0.188917,-0.900957,-0.390624,-366.488986,142.306585,-5.262282,1
4130.000000,0.644907,-0.694325,-0.319386,90.622437,215.122335,314.253793,-0.000001,-0.001145,-0.000001,0.419279,-0.781646,-0.408865,0.214627,0.188919,-0.900957,-0.390623,-367.260404,136.460556,-4.101374,1
4140.000000,0.643251,-0.693081,-0.325373,100.166190,215.354256,310.318277,-0.000001,-0.001145,-0.000001,0.416933,-0.782861,-0.411257,0.210152,0.188921,-0.900956,-0.390623,-367.916853,130.613807,-2.874006,1
4150.000000,0.639613,-0.693551,-0.331484,108.453689,214.877276,306.017374,-0.000001,-0.001145,-0.000000,0.414574,-0.784050,-0.413635,0.205670,0.188923,-0.900956,-0.390623,-368.457352,124.768998,-1.580989,1
4160.000000,0.634054,-0.694674,-0.339712,116.205998,214.066580,301.393892,-0.000000,-0.001145,-0.000000,0.412201,-0.785214,-0.416000,0.201181,0.188925,-0.900956,-0.390623,-368.880963,118.928841,-0.223177,1
4170.000000,0.631364,-0.693466,-0.347108,125.210807,213.674089,296.600274,-0.000000,-0.001145,-0.000001,0.409814,-0.786352,-0.418351,0.196686,0.188927,-0.900955,-0.390623,-369.186796,113.096106,1.198529,1
4180.000000,0.627853,-0.693189,-0.353962,133.562858,212.970032,291.319835,-0.000000,-0.001144,-0.000001,0.407414,-0.787464,-0.420689,0.192185,0.188929,-0.900955,-0.390623,-369.374015,107.273614,2.683180,1
4190.000000,0.622851,-0.693241,-0.362592,141.296165,212.601956,285.923495,-0.000001,-0.001145,-0.000000,0.405001,-0.788551,-0.423012,0.187677,0.188931,-0.900955,-0.390623,-369.441846,101.464240,4.229777,1
4200.000000,0.618987,-0.693506,-0.368651,149.247655,212.071471,280.349383,-0.000001,-0.001145,-0.000001,0.402575,-0.789611,-0.425322,0.183163,0.188933,-0.900954,-0.390622,-369.389584,95.670911,5.837274,1
4210.000000,0.614697,-0.693223,-0.376284,156.754584,211.681646,274.605225,-0.000001,-0.001144,-0.000000,0.400135,-0.790646,-0.427618,0.178643,0.188935,-0.900954,-0.390622,-369.216594,89.896602,7.504574,1
4220.000000,0.609409,-0.694670,-0.382169,163.399231,210.716371,268.235278,-0.000001,-0.001144,-0.000001,0.397682,-0.791655,-0.429900,0.174117,0.188937,-0.900954,-0.390622,-368.922328,84.144330,9.230529,1
4230.000000,0.605708,-0.692878,-0.391200,170.074069,210.659504,261.781990,-0.000000,-0.001145,-0.000000,0.395216,-0.792638,-0.432168,0.169586,0.188939,-0.900953,-0.390622,-368.506319,78.417157,11.013945,1
4240.000000,0.601620,-0.693293,-0.396735,178.168597,210.125991,254.919917,-0.000001,-0.001145,-0.000000,0.392738,-0.793595,-0.434422,0.165049,0.188941,-0.900953,-0.390622,-367.968197,72.718182,12.853575,1
4250.000000,0.597864,-0.692642,-0.403491,184.380514,209.171716,248.311136,-0.000001,-0.001144,-0.000000,0.390246,-0.794527,-0.436661,0.160506,0.188943,-0.900952,-0.390622,-367.307689,67.050536,14.748128,1
4260.000000,0.591126,-0.695023,-0.409284,190.658539,208.889686,241.752778,0.000000,-0.001145,-0.000001,0.387742,-0.795432,-0.438887,0.155958,0.188945,-0.900952,-0.390621,-366.524627,61.417377,16.696264,1
4270.000000,0.588215,-0.693028,-0.416792,196.670777,208.218606,235.020695,-0.000000,-0.001144,-0.000001,0.385225,-0.796311,-0.441098,0.151406,0.188947,-0.900952,-0.390621,-365.618950,55.821888,18.696598,1
4280.000000,0.582275,-0.693746,-0.423878,202.216590,208.022336,227.626142,-0.000001,-0.001145,-0.000000,0.382695,-0.797164,-0.443294,0.146848,0.188949,-0.900951,-0.390621,-364.590714,50.267265,20.747703,1
4290.000000,0.576677,-0.694173,-0.430775,208.366042,207.245872,219.930918,-0.000000,-0.001145,-0.000001,0.380153,-0.797991,-0.445476,0.142285,0.188951,-0.900951,-0.390621,-363.440089,44.756719,22.848110,1
4300.000000,0.573108,-0.694523,-0.434954,213.242002,206.866242,211.935079,-0.000001,-0.001144,-0.000000,0.377599,-0.798792,-0.447643,0.137718,0.188953,-0.900951,-0.390621,-362.167367,39.293461,24.996314,1
4310.000000,0.567526,-0.693275,-0.444167,218.483839,205.623111,204.708967,-0.000001,-0.001144,0.000000,0.375032,-0.799567,-0.449796,0.133146,0.188955,-0.900950,-0.390621,-360.772966,33.880704,27.190772,1
4320.000000,0.562552,-0.694002,-0.449329,223.475662,205.556284,195.617675,-0.000000,-0.001145,-0.000000,0.372452,-0.800315,-0.451934,0.128570,0.188957,-0.900950,-0.390621,-359.257425,28.521648,29.429909,1
4330.000000,0.557214,-0.693780,-0.456269,228.284185,204.547750,188.351146,-0.000000,-0.001145,-0.000000,0.369861,-0.801038,-0.454057,0.123990,0.188959,-0.900950,-0.390620,-357.621416,23.219481,31.712124,1
4340.000000,0.552938,-0.692677,-0.463096,232.401382,204.386205,180.190557,-0.000000,-0.001144,-0.000000,0.367258,-0.801734,-0.456166,0.119405,0.188961,-0.900949,-0.390620,-355.865737,17.977367,34.035787,1
4350.000000,0.547523,-0.692756,-0.469369,235.824361,203.529932,171.729583,-0.000000,-0.001145,-0.000000,0.364642,-0.802404,-0.458259,0.114817,0.188963,-0.900949,-0.390620,-353.991314,12.798440,36.399249,1
4360.000000,0.541807,-0.693444,-0.474953,240.316337,203.330019,163.323652,-0.000001,-0.001145,-0.000001,0.362015,-0.803047,-0.460338,0.110225,0.188965,-0.900949,-0.390620,-351.999204,7.685802,38.800842,1
4370.000000,0.535748,-0.693107,-0.482263,243.226671,202.297756,154.890020,-0.000001,-0.001144,-0.000000,0.359375,-0.803665,-0.462401,0.105629,0.188967,-0.900948,-0.390620,-349.890589,2.642510,41.238886,1
4380.000000,0.531033,-0.693298,-0.487177,246.821602,201.961657,146.363995,-0.000001,-0.001144,-0.000001,0.356724,-0.804256,-0.464449,0.101030,0.188969,-0.900948,-0.390620,-347.666779,-2.328426,43.711692,1
4390.000000,0.524305,-0.693437,-0.494216,248.637617,201.374603,137.366256,-0.000001,-0.001145,-0.000000,0.354061,-0.804821,-0.466482,0.096428,0.188971,-0.900947,-0.390619,-345.329206,-7.224049,46.217565,1
4400.000000,0.519829,-0.693549,-0.498766,251.199738,200.651437,128.902528,-0.000000,-0.001144,-0.000000,0.351387,-0.805359,-0.468500,0.091822,0.188973,-0.900947,-0.390619,-342.879425,-12.041464,48.754808,1
4410.000000,0.513689,-0.694462,-0.503832,253.331492,200.610115,120.562050,-0.000001,-0.001145,-0.000001,0.348701,-0.805871,-0.470503,0.087214,0.188975,-0.900947,-0.390619,-340.319107,-16.777839,51.321731,1
4420.000000,0.508297,-0.692899,-0.511394,255.348641,199.861282,111.419606,-0.000001,-0.001145,0.000000,0.346004,-0.806357,-0.472490,0.082602,0.188977,-0.900946,-0.390619,-337.650036,-21.430412,53.916649,1
4430.000000,0.501096,-0.693557,-0.517573,256.598233,198.671875,102.179261,0.000000,-0.001144,-0.000001,0.343296,-0.806816,-0.474461,0.077988,0.188979,-0.900946,-0.390619,-334.874106,-25.996494,56.537890,1
4440.000000,0.495999,-0.693497,-0.522540,257.804040,197.651401,93.765511,-0.000001,-0.001145,-0.000000,0.340576,-0.807249,-0.476417,0.073371,0.188981,-0.900946,-0.390619,-331.993314,-30.473476,59.183797,1
4450.000000,0.490646,-0.693221,-0.527930,258.273053,196.954837,84.649048,-0.000000,-0.001144,-0.000001,0.337845,-0.807656,-0.478358,0.068752,0.188983,-0.900945,-0.390619,-329.009758,-34.858829,61.852734,1
4460.000000,0.484554,-0.693069,-0.533725,259.321375,196.743954,76.051899,-0.000000,-0.001145,-0.000000,0.335103,-0.808036,-0.480283,0.064131,0.188985,-0.900945,-0.390618,-325.925626,-39.150108,64.543086,1
4470.000000,0.477539,-0.693334,-0.539671,259.929724,195.739219,66.682769,-0.000000,-0.001145,-0.000000,0.332350,-0.808389,-0.482192,0.059508,0.188988,-0.900945,-0.390618,-322.743196,-43.344955,67.253265,1
4480.000000,0.471013,-0.693939,-0.544606,259.772342,195.678756,57.634355,-0.000001,-0.001144,-0.000001,0.329586,-0.808717,-0.484085,0.054882,0.188990,-0.900944,-0.390618,-319.464825,-47.441100,69.981712,1
4490.000000,0.465288,-0.693809,-0.549669,259.449492,195.323309,49.188999,0.000000,-0.001145,-0.000001,0.326812,-0.809017,-0.485962,0.050255,0.188992,-0.900944,-0.390618,-316.092945,-51.436364,72.726902,1
4500.000000,0.459075,-0.693514,-0.555237,258.836705,194.949657,40.289127,-0.000001,-0.001145,-0.000001,0.324026,-0.809292,-0.487824,0.045626,0.188994,-0.900944,-0.390618,-312.630059,-55.328657,75.487342,1
4510.000000,0.453565,-0.694197,-0.558900,257.996932,194.054106,31.841217,-0.000000,-0.001145,0.000000,0.321230,-0.809539,-0.489670,0.040996,0.188996,-0.900943,-0.390618,-309.078726,-59.115979,78.261576,1
4520.000000,0.446536,-0.693291,-0.565645,256.576359,193.062826,23.368395,-0.000001,-0.001144,-0.000001,0.318424,-0.809761,-0.491499,0.036364,0.188998,-0.900943,-0.390617,-305.441566,-62.796423,81.048185,1
4530.000000,0.438487,-0.693712,-0.571396,255.004845,192.235841,15.640398,-0.000001,-0.001144,-0.000000,0.315607,-0.809955,-0.493313,0.031731,0.189000,-0.900942,-0.390617,-301.721244,-66.368168,83.845791,1
4540.000000,0.433169,-0.693399,-0.575815,253.571686,192.403289,6.532956,-0.000001,-0.001144,-0.000000,0.312780,-0.810124,-0.495110,0.027098,0.189002,-0.900942,-0.390617,-297.920470,-69.829486,86.653054,1
4550.000000,0.426255,-0.694037,-0.580190,251.213300,191.378760,-2.031897,0.000000,-0.001145,-0.000000,0.309942,-0.810265,-0.496891,0.022463,0.189004,-0.900942,-0.390617,-294.041987,-73.178732,89.468676,1
4560.000000,0.419377,-0.693717,-0.585559,249.050703,191.671936,-9.918637,-0.000000,-0.001144,-0.000001,0.307095,-0.810381,-0.498656,0.017827,0.189006,-0.900941,-0.390617,-290.088572,-76.414347,92.291397,1
4570.000000,0.413370,-0.693486,-0.590086,246.063434,190.214358,-18.159870,-0.000001,-0.001145,0.000000,0.304237,-0.810469,-0.500405,0.013191,0.189008,-0.900941,-0.390617,-286.063025,-79.534857,95.119999,1
4580.000000,0.406837,-0.692559,-0.595689,243.408913,189.474403,-25.795722,-0.000000,-0.001145,-0.000000,0.301370,-0.810532,-0.502137,0.008555,0.189010,-0.900941,-0.390617,-281.968166,-82.538864,97.953302,1
4590.000000,0.399129,-0.694446,-0.598700,240.515122,188.904681,-33.389530,-0.000001,-0.001145,-0.000000,0.298492,-0.810567,-0.503853,0.003918,0.189012,-0.900940,-0.390616,-277.806826,-85.425054,100.790167,1
4600.000000,0.391300,-0.693801,-0.604587,236.606908,188.926626,-40.987522,-0.000000,-0.001144,-0.000000,0.295605,-0.810576,-0.505552,-0.000719,0.189014,-0.900940,-0.390616,-273.581742,-88.192262,103.629572,1
4610.000000,0.385198,-0.693540,-0.608790,233.247234,187.726621,-49.179836,-0.000001,-0.001146,-0.000001,0.292708,-0.810559,-0.507235,-0.005356,0.189016,-0.900940,-0.390616,-269.295652,-90.839292,106.470435,1
4620.000000,0.378389,-0.692597,-0.614111,229.221471,187.478347,-56.093619,-0.000000,-0.001145,-0.000001,0.289802,-0.810515,-0.508901,-0.009993,0.189018,-0.900939,-0.390616,-264.951338,-93.364971,109.311657,1
4630.000000,0.371177,-0.693320,-0.617686,225.118242,187.543921,-63.285345,-0.000000,-0.001145,-0.000001,0.286886,-0.810445,-0.510550,-0.014629,0.189020,-0.900939,-0.390616,-260.551591,-95.768192,112.152167,1
4640.000000,0.363824,-0.693450,-0.621899,220.650304,186.495275,-70.387249,-0.000001,-0.001144,-0.000001,0.283961,-0.810348,-0.512183,-0.019265,0.189022,-0.900939,-0.390616,-256.099206,-98.047913,114.990921,1
4650.000000,0.357422,-0.693665,-0.625362,215.526904,185.873398,-77.176930,-0.000001,-0.001145,-0.000001,0.281026,-0.810224,-0.513799,-0.023900,0.189024,-0.900938,-0.390615,-251.596986,-100.203152,117.826895,1
4660.000000,0.349563,-0.692757,-0.630788,211.281883,185.659488,-84.479991,-0.000001,-0.001144,-0.000000,0.278082,-0.810074,-0.515398,-0.028535,0.189026,-0.900938,-0.390615,-247.047729,-102.232987,120.659084,1
4670.000000,0.343745,-0.692982,-0.633732,206.707452,185.086892,-90.693737,-0.000001,-0.001145,-0.000000,0.275129,-0.809898,-0.516981,-0.033168,0.189028,-0.900937,-0.390615,-242.454236,-104.136551,123.486500,1
4680.000000,0.337855,-0.693054,-0.636812,201.246762,184.293409,-96.716207,-0.000001,-0.001145,-0.000000,0.272167,-0.809695,-0.518546,-0.037801,0.189030,-0.900937,-0.390615,-237.819304,-105.913033,126.308166,1
4690.000000,0.327518,-0.694133,-0.641024,195.504827,184.021135,-103.115098,-0.000001,-0.001144,-0.000001,0.269197,-0.809465,-0.520095,-0.042432,0.189032,-0.900937,-0.390615,-233.145726,-107.561671,129.123113,1
4700.000000,0.320858,-0.692900,-0.645709,189.799147,183.381683,-108.314345,-0.000000,-0.001144,-0.000001,0.266217,-0.809209,-0.521626,-0.047062,0.189034,-0.900936,-0.390615,-228.436292,-109.081755,131.930375,1
4710.000000,0.314540,-0.693364,-0.648313,184.272812,183.005276,-114.043609,-0.000001,-0.001145,-0.000000,0.263229,-0.808927,-0.523140,-0.051690,0.189036,-0.900936,-0.390614,-223.693786,-110.472623,134.728990,1
4720.000000,0.305180,-0.694229,-0.651852,178.112784,182.381175,-119.540619,-0.000000,-0.001144,-0.000000,0.260232,-0.808618,-0.524638,-0.056317,0.189038,-0.900936,-0.390614,-218.920989,-111.733661,137.517988,1
4730.000000,0.297856,-0.693131,-0.656392,171.936578,182.200910,-124.450805,0.000000,-0.001144,-0.000001,0.257226,-0.808283,-0.526118,-0.060942,0.189040,-0.900935,-0.390614,-214.120681,-112.864301,140.296397,1
4740.000000,0.291116,-0.694046,-0.658447,165.825149,181.817177,-129.508722,-0.000000,-0.001145,-0.000001,0.254212,-0.807921,-0.527581,-0.065565,0.189042,-0.900935,-0.390614,-209.295636,-113.864024,143.063231,1
4750.000000,0.283400,-0.693544,-0.662330,159.752913,181.780221,-133.854872,-0.000001,-0.001144,0.000000,0.251190,-0.807532,-0.529026,-0.070185,0.189044,-0.900935,-0.390614,-204.448630,-114.732353,145.817491,1
4760.000000,0.276341,-0.693387,-0.665470,152.052730,181.159015,-138.035436,-0.000001,-0.001144,-0.000000,0.248160,-0.807118,-0.530455,-0.074804,0.189046,-0.900934,-0.390614,-199.582438,-115.468865,148.558162,1
4770.000000,0.267194,-0.693025,-0.669570,146.288838,180.901691,-141.904567,-0.000001,-0.001145,-0.000000,0.245121,-0.806677,-0.531865,-0.079420,0.189048,-0.900934,-0.390614,-194.699840,-116.073180,151.284206,1
4780.000000,0.259659,-0.693993,-0.671529,138.997457,181.052399,-145.567089,-0.000001,-0.001145,-0.000001,0.242075,-0.806209,-0.533259,-0.084033,0.189050,-0.900934,-0.390613,-189.803617,-116.544971,153.994567,1
4790.000000,0.252625,-0.692908,-0.675321,132.660777,180.673497,-149.317228,-0.000000,-0.001145,-0.000000,0.239020,-0.805715,-0.534635,-0.088643,0.189052,-0.900933,-0.390613,-184.896558,-116.883962,156.688158,1
4800.000000,0.246992,-0.693925,-0.676361,124.628445,179.832021,-152.799041,-0.000000,-0.001145,-0.000001,0.235958,-0.805195,-0.535994,-0.093251,0.189054,-0.900933,-0.390613,-179.981460,-117.089931,159.363871,1
4810.000000,0.238249,-0.692994,-0.680439,118.176679,180.663035,-155.594844,-0.000001,-0.001144,-0.000000,0.232888,-0.804648,-0.537335,-0.097856,0.189056,-0.900932,-0.390613,-175.061129,-117.162713,162.020566,1
4820.000000,0.230474,-0.693566,-0.682530,111.069150,180.252712,-158.368025,-0.000001,-0.001144,-0.000000,0.229810,-0.804075,-0.538658,-0.102457,0.189058,-0.900932,-0.390613,-170.138383,-117.102204,164.657072,1
4830.000000,0.223458,-0.693985,-0.684435,103.661709,179.287481,-160.736726,-0.000001,-0.001144,-0.000000,0.226725,-0.803476,-0.539964,-0.107055,0.189060,-0.900932,-0.390613,-165.216054,-116.908361,167.272192,1
4840.000000,0.213899,-0.693901,-0.687567,96.404913,179.524193,-163.112843,-0.000000,-0.001144,-0.000000,0.223633,-0.802851,-0.541252,-0.111650,0.189062,-0.900931,-0.390612,-160.296987,-116.581211,169.864692,1
4850.000000,0.205244,-0.692384,-0.691722,88.637859,179.489857,-165.327391,-0.000001,-0.001145,-0.000000,0.220533,-0.802199,-0.542523,-0.116241,0.189064,-0.900931,-0.390612,-155.384045,-116.120848,172.433312,1
4860.000000,0.198358,-0.692602,-0.693510,81.339223,179.297898,-166.717794,-0.000001,-0.001145,-0.000001,0.217426,-0.801521,-0.543775,-0.120828,0.189066,-0.900931,-0.390612,-150.480105,-115.527445,174.976759,1
4870.000000,0.189823,-0.694433,-0.694068,73.987469,179.333117,-168.064603,-0.000000,-0.001144,-0.000000,0.214311,-0.800816,-0.545010,-0.125411,0.189068,-0.900930,-0.390612,-145.588066,-114.801250,177.493710,1
4880.000000,0.181784,-0.693015,-0.697628,66.876499,178.978610,-169.614998,-0.000001,-0.001145,-0.000000,0.211190,-0.800086,-0.546227,-0.129990,0.189070,-0.900930,-0.390612,-140.710840,-113.942598,179.982815,1
4890.000000,0.174685,-0.693530,-0.698929,59.115207,179.322979,-169.855447,-0.000000,-0.001144,-0.000001,0.208062,-0.799329,-0.547426,-0.134565,0.189072,-0.900930,-0.390612,-135.851360,-112.951909,182.442697,1
4900.000000,0.166579,-0.693929,-0.700510,52.277090,179.183292,-170.296150,-0.000000,-0.001145,-0.000000,0.204927,-0.798546,-0.548608,-0.139135,0.189074,-0.900929,-0.390612,-131.012575,-111.829696,184.871954,1
4910.000000,0.157923,-0.693110,-0.703320,44.393386,179.457866,-170.587413,-0.000001,-0.001144,-0.000001,0.201785,-0.797737,-0.549771,-0.143701,0.189076,-0.900929,-0.390611,-126.197451,-110.576569,187.269162,1
4920.000000,0.149908,-0.693394,-0.704792,36.349087,179.598609,-170.873357,-0.000001,-0.001145,-0.000000,0.198637,-0.796902,-0.550916,-0.148262,0.189078,-0.900929,-0.390611,-121.408969,-109.193237,189.632878,1
4930.000000,0.143180,-0.694586,-0.705018,29.359668,179.525773,-169.559189,-0.000001,-0.001145,-0.000001,0.195482,-0.796041,-0.552043,-0.152818,0.189081,-0.900928,-0.390611,-116.650124,-107.680514,191.961643,1
4940.000000,0.134086,-0.693395,-0.707972,21.930165,179.587900,-170.103673,-0.000000,-0.001144,-0.000000,0.192321,-0.795154,-0.553153,-0.157369,0.189083,-0.900928,-0.390611,-111.923923,-106.039323,194.253986,1
4950.000000,0.125275,-0.693572,-0.709411,14.838872,180.150993,-168.689587,-0.000001,-0.001145,-0.000000,0.189154,-0.794241,-0.554244,-0.161916,0.189085,-0.900927,-0.390611,-107.233382,-104.270697,196.508425,1
4960.000000,0.117617,-0.693718,-0.710578,7.486342,179.955341,-167.789252,-0.000001,-0.001144,-0.000001,0.185980,-0.793301,-0.555317,-0.166456,0.189087,-0.900927,-0.390611,-102.581523,-102.375785,198.723477,1
4970.000000,0.110097,-0.694659,-0.710864,0.286325,180.113517,-166.150976,-0.000001,-0.001144,-0.000000,0.182800,-0.792336,-0.556372,-0.170992,0.189089,-0.900927,-0.390610,-97.971372,-100.355854,200.897655,1
4980.000000,0.101821,-0.693915,-0.712821,-6.949492,180.271215,-165.079969,-0.000001,-0.001145,-0.000001,0.179614,-0.791345,-0.557408,-0.175522,0.189091,-0.900926,-0.390610,-93.405956,-98.212290,203.029476,1
4990.000000,0.091950,-0.693571,-0.714496,-13.755003,180.997655,-162.104492,-0.000000,-0.001145,-0.000001,0.176423,-0.790328,-0.558427,-0.180046,0.189093,-0.900926,-0.390610,-88.888294,-95.946603,205.117467,1
5000.000000,0.087393,-0.694150,-0.714506,-21.071902,180.673203,-159.694123,-0.000000,-0.001145,-0.000001,0.173225,-0.789285,-0.559427,-0.184564,0.189095,-0.900926,-0.390610,-84.421402,-93.560425,207.160165,1
5010.000000,0.076642,-0.692609,-0.717230,-27.244988,181.227418,-157.738855,-0.000001,-0.001144,-0.000000,0.170022,-0.788216,-0.560409,-0.189076,0.189097,-0.900925,-0.390610,-80.008279,-91.055514,209.156128,1
5020.000000,0.069285,-0.691995,-0.718570,-34.492935,181.846640,-154.774184,-0.000001,-0.001145,-0.000000,0.166814,-0.787122,-0.561372,-0.193582,0.189099,-0.900925,-0.390610,-75.651909,-88.433755,211.103933,1
5030.000000,0.061292,-0.694694,-0.716690,-40.829199,181.370423,-152.041382,-0.000000,-0.001145,-0.000000,0.163600,-0.786002,-0.562317,-0.198081,0.189101,-0.900925,-0.390610,-71.355254,-85.697157,213.002184,1
5040.000000,0.051851,-0.693299,-0.718782,-47.067687,181.890025,-148.419358,-0.000000,-0.001145,-0.000000,0.160380,-0.784856,-0.563244,-0.202574,0.189103,-0.900924,-0.390609,-67.121247,-82.847857,214.849517,1
5050.000000,0.042757,-0.692971,-0.719696,-53.191687,182.744377,-145.037045,-0.000000,-0.001144,-0.000000,0.157156,-0.783684,-0.564152,-0.207061,0.189105,-0.900924,-0.390609,-62.952791,-79.888117,216.644604,1
5060.000000,0.035039,-0.694350,-0.718784,-59.371576,183.201519,-141.782844,-0.000001,-0.001145,-0.000000,0.153926,-0.782487,-0.565042,-0.211541,0.189107,-0.900924,-0.390609,-58.852750,-76.820320,218.386155,1
5070.000000,0.027712,-0.692866,-0.720534,-64.741155,183.486180,-137.792531,-0.000001,-0.001145,-0.000000,0.150691,-0.781264,-0.565913,-0.216013,0.189109,-0.900923,-0.390609,-54.823946,-73.646976,220.072927,1
5080.000000,0.018752,-0.694673,-0.719081,-70.513186,184.087939,-132.917118,-0.000000,-0.001144,-0.000001,0.147451,-0.780015,-0.566766,-0.220479,0.189111,-0.900923,-0.390609,-50.869151,-70.370711,221.703724,1
5090.000000,0.012292,-0.693621,-0.720236,-76.364067,183.947905,-128.899300,-0.000001,-0.001144,-0.000001,0.144207,-0.778741,-0.567600,-0.224937,0.189113,-0.900922,-0.390609,-46.991087,-66.994272,223.277402,1
5100.000000,0.002551,-0.694640,-0.719353,-81.883926,184.792611,-124.353212,-0.000000,-0.001145,-0.000000,0.140957,-0.777442,-0.568416,-0.229389,0.189115,-0.900922,-0.390608,-43.192412,-63.520518,224.792876,1
5110.000000,-0.004630,-0.692548,-0.721357,-87.313012,185.150670,-119.900278,-0.000000,-0.001144,-0.000001,0.137703,-0.776117,-0.569213,-0.233832,0.189117,-0.900922,-0.390608,-39.475726,-59.952420,226.249117,1
5120.000000,-0.014323,-0.693432,-0.720380,-92.161056,185.785358,-114.518145,-0.000001,-0.001145,-0.000000,0.134445,-0.774766,-0.569991,-0.238268,0.189119,-0.900921,-0.390608,-35.843556,-56.293057,227.645161,1
5130.000000,-0.022805,-0.693077,-0.720503,-97.182275,186.065633,-109.156978,-0.000000,-0.001144,-0.000001,0.131182,-0.773391,-0.570751,-0.242696,0.189121,-0.900921,-0.390608,-32.298356,-52.545611,228.980109,1
5140.000000,-0.030685,-0.693766,-0.719546,-101.390192,187.234501,-105.344003,-0.000001,-0.001145,-0.000001,0.127915,-0.771990,-0.571492,-0.247117,0.189123,-0.900921,-0.390608,-28.842504,-48.713361,230.253134,1
5150.000000,-0.038348,-0.693471,-0.719463,-105.709982,187.672340,-98.902930,-0.000001,-0.001145,-0.000001,0.124644,-0.770563,-0.572214,-0.251529,0.189125,-0.900920,-0.390608,-25.478290,-44.799684,231.463476,1
5160.000000,-0.046922,-0.694320,-0.718135,-109.102132,188.578366,-93.625166,0.000000,-0.001145,-0.000001,0.121368,-0.769112,-0.572918,-0.255933,0.189127,-0.900920,-0.390608,-22.207921,-40.808042,232.610451,1
5170.000000,-0.054376,-0.693578,-0.718327,-113.223157,188.508067,-87.798284,-0.000001,-0.001144,0.000000,0.118089,-0.767635,-0.573603,-0.260328,0.189129,-0.900920,-0.390607,-19.033484,-36.741948,233.693469,1
5180.000000,-0.062501,-0.693463,-0.717776,-117.009334,189.414575,-81.858878,-0.000000,-0.001145,-0.000000,0.114806,-0.766134,-0.574269,-0.264715,0.189131,-0.900919,-0.390607,-15.956916,-32.604906,234.712010,1
5190.000000,-0.071858,-0.693314,-0.717044,-120.450088,190.596632,-76.078525,-0.000001,-0.001144,-0.000000,0.111519,-0.764607,-0.574916,-0.269094,0.189133,-0.900919,-0.390607,-12.980156,-28.400614,235.665529,1
5200.000000,-0.080045,-0.693935,-0.715575,-123.420619,191.175319,-69.627901,-0.000000,-0.001145,0.000000,0.108228,-0.763055,-0.575545,-0.273463,0.189135,-0.900919,-0.390607,-10.105053,-24.132854,236.553559,1
5210.000000,-0.087925,-0.692845,-0.715706,-126.045110,191.370748,-64.038483,-0.000000,-0.001144,-0.000000,0.104934,-0.761478,-0.576155,-0.277824,0.189137,-0.900918,-0.390607,-7.333345,-19.805482,237.375715,1
5220.000000,-0.095953,-0.694469,-0.713096,-128.176688,192.687216,-58.042349,-0.000001,-0.001145,-0.000001,0.101636,-0.759876,-0.576746,-0.282175,0.189139,-0.900918,-0.390607,-4.666666,-15.422412,238.131701,1
5230.000000,-0.103725,-0.694488,-0.711988,-131.063179,193.978503,-51.279188,-0.000000,-0.001145,-0.000000,0.098335,-0.758250,-0.577318,-0.286517,0.189141,-0.900917,-0.390606,-2.106533,-10.987617,238.821307,1
5240.000000,-0.112239,-0.693777,-0.711390,-132.954410,194.182686,-45.561081,-0.000001,-0.001144,-0.000000,0.095031,-0.756598,-0.577871,-0.290850,0.189143,-0.900917,-0.390606,0.345651,-6.505121,239.444408,1
5250.000000,-0.120872,-0.693962,-0.709793,-134.798805,194.942471,-38.996232,-0.000000,-0.001145,-0.000001,0.091724,-0.754922,-0.578405,-0.295174,0.189145,-0.900917,-0.390606,2.688601,-1.978988,240.000971,1
5260.000000,-0.129135,-0.693831,-0.708465,-136.361367,195.366610,-32.457552,-0.000000,-0.001145,-0.000001,0.088413,-0.753221,-0.578920,-0.299487,0.189147,-0.900916,-0.390606,4.921153,2.586679,240.491045,1
5270.000000,-0.138039,-0.692932,-0.707665,-137.487805,196.817962,-25.727257,-0.000000,-0.001144,-0.000001,0.085100,-0.751496,-0.579416,-0.303791,0.189149,-0.900916,-0.390606,7.042266,7.187748,240.914772,1
5280.000000,-0.144554,-0.693441,-0.705863,-138.406168,196.768444,-18.735487,-0.000000,-0.001145,-0.000000,0.081784,-0.749745,-0.579894,-0.308085,0.189151,-0.900916,-0.390606,9.051025,11.820062,241.272376,1
5290.000000,-0.153261,-0.693733,-0.703737,-139.501939,198.332454,-12.794111,-0.000000,-0.001144,-0.000000,0.078466,-0.747971,-0.580352,-0.312369,0.189153,-0.900915,-0.390606,10.946640,16.479446,241.564170,1
5300.000000,-0.160365,-0.693597,-0.702286,-140.076973,198.707527,-6.210466,-0.000001,-0.001145,-0.000000,0.075145,-0.746172,-0.580791,-0.316643,0.189155,-0.900915,-0.390605,12.728451,21.161717,241.790552,1
5310.000000,-0.168064,-0.694285,-0.699802,-140.119903,199.735567,0.866088,-0.000001,-0.001144,-0.000001,0.071821,-0.744348,-0.581212,-0.320906,0.189157,-0.900915,-0.390605,14.395926,25.862683,241.952007,1
5320.000000,-0.176524,-0.693943,-0.698056,-139.833493,199.848663,7.394325,-0.000000,-0.001145,-0.000000,0.068495,-0.742500,-0.581613,-0.325159,0.189159,-0.900914,-0.390605,15.948666,30.578157,242.049102,1
5330.000000,-0.186793,-0.694086,-0.695236,-139.453945,201.088301,13.256883,-0.000000,-0.001145,-0.000001,0.065167,-0.740628,-0.581995,-0.329401,0.189161,-0.900914,-0.390605,17.386403,35.303957,242.082487,1
5340.000000,-0.192259,-0.694804,-0.693025,-139.412072,201.645415,20.297921,-0.000000,-0.001144,0.000000,0.061836,-0.738731,-0.582359,-0.333633,0.189163,-0.900914,-0.390605,18.709001,40.035917,242.052898,1
5350.000000,-0.202564,-0.693607,-0.691286,-138.153602,202.720623,26.555686,-0.000001,-0.001145,-0.000001,0.058504,-0.736811,-0.582703,-0.337853,0.189165,-0.900913,-0.390605,19.916459,44.769890,241.961146,1
5360.000000,-0.208979,-0.694405,-0.688571,-137.407975,203.440769,32.687667,-0.000001,-0.001145,-0.000000,0.055170,-0.734866,-0.583028,-0.342062,0.189167,-0.900913,-0.390604,21.008911,49.501754,241.808128,1
5370.000000,-0.217818,-0.692199,-0.688052,-136.141252,204.824356,38.455553,-0.000000,-0.001145,-0.000000,0.051833,-0.732897,-0.583334,-0.346261,0.189169,-0.900912,-0.390604,21.986625,54.227422,241.594815,1
5380.000000,-0.222878,-0.693484,-0.685132,-134.321664,205.410465,44.650812,-0.000001,-0.001144,-0.000001,0.048496,-0.730904,-0.583621,-0.350447,0.189171,-0.900912,-0.390604,22.850007,58.942843,241.322257,1
5390.000000,-0.232121,-0.694292,-0.681233,-132.412486,206.860955,50.696553,-0.000000,-0.001145,-0.000001,0.045156,-0.728888,-0.583889,-0.354623,0.189174,-0.900912,-0.390604,23.599596,63.644013,240.991579,1
5400.000000,-0.239739,-0.692827,-0.680086,-130.840820,207.293016,57.317030,-0.000000,-0.001144,-0.000001,0.041815,-0.726847,-0.584138,-0.358787,0.189176,-0.900911,-0.390604,24.236071,68.326978,240.603978,1
5410.000000,-0.246336,-0.694179,-0.676338,-128.872200,207.866896,62.744278,-0.000001,-0.001144,-0.000001,0.038473,-0.724783,-0.584367,-0.362939,0.189178,-0.900911,-0.390604,24.760246,72.987842,240.160724,1
5420.000000,-0.254595,-0.693266,-0.674214,-125.971853,208.647809,68.778644,-0.000000,-0.001144,-0.000001,0.035130,-0.722695,-0.584578,-0.367079,0.189180,-0.900911,-0.390603,25.173071,77.622773,239.663157,1
5430.000000,-0.262280,-0.694289,-0.670203,-123.112589,208.837805,74.055365,-0.000001,-0.001145,-0.000001,0.031785,-0.720583,-0.584769,-0.371207,0.189182,-0.900910,-0.390603,25.475635,82.228011,239.112684,1
5440.000000,-0.270638,-0.693916,-0.667260,-120.369509,210.661680,79.490281,-0.000000,-0.001145,-0.000001,0.028439,-0.718448,-0.584941,-0.375323,0.189184,-0.900910,-0.390603,25.669161,86.799871,238.510775,1
5450.000000,-0.277921,-0.694460,-0.663691,-116.838695,211.123273,84.764365,0.000000,-0.001145,-0.000000,0.025093,-0.716289,-0.585095,-0.379427,0.189186,-0.900910,-0.390603,25.755009,91.334756,237.858965,1
5460.000000,-0.285648,-0.694215,-0.660659,-114.137232,211.970350,89.854482,-0.000001,-0.001145,-0.000001,0.021745,-0.714107,-0.585229,-0.383518,0.189188,-0.900909,-0.390603,25.734675,95.829158,237.158848,1
5470.000000,-0.292279,-0.694195,-0.657774,-110.341756,212.945879,95.441256,-0.000001,-0.001145,0.000000,0.018397,-0.711901,-0.585343,-0.387597,0.189190,-0.900909,-0.390603,25.609788,100.279668,236.412073,1
5480.000000,-0.301224,-0.693697,-0.654254,-107.182165,213.707447,99.975879,-0.000000,-0.001145,-0.000000,0.015048,-0.709672,-0.585439,-0.391663,0.189192,-0.900909,-0.390603,25.382111,104.682984,235.620345,1
5490.000000,-0.306320,-0.694292,-0.651250,-103.524305,214.741954,105.045244,-0.000001,-0.001145,-0.000000,0.011699,-0.707420,-0.585516,-0.395716,0.189194,-0.900908,-0.390602,25.053538,109.035914,234.785415,1
5500.000000,-0.315750,-0.692957,-0.648161,-98.984556,214.553258,109.071318,-0.000000,-0.001145,-0.000001,0.008349,-0.705145,-0.585573,-0.399757,0.189196,-0.900908,-0.390602,24.626092,113.335391,233.909084,1
5510.000000,-0.323039,-0.693142,-0.644360,-95.490579,215.941279,113.618581,-0.000001,-0.001145,-0.000001,0.004999,-0.702846,-0.585611,-0.403784,0.189198,-0.900907,-0.390602,24.101923,117.578473,232.993193,1
5520.000000,-0.330714,-0.694653,-0.638815,-91.208929,216.927125,117.716130,-0.000001,-0.001145,-0.000000,0.001649,-0.700525,-0.585630,-0.407798,0.189200,-0.900907,-0.390602,23.483307,121.762353,232.039620,1
5530.000000,-0.337106,-0.692814,-0.637470,-86.612793,218.243850,121.301826,-0.000000,-0.001145,-0.000000,-0.001701,-0.698181,-0.585630,-0.411799,0.189202,-0.900907,-0.390602,22.772640,125.884369,231.050277,1
5540.000000,-0.345205,-0.694004,-0.631817,-82.365874,218.839975,125.358763,-0.000001,-0.001145,-0.000001,-0.005051,-0.695814,-0.585611,-0.415786,0.189204,-0.900906,-0.390602,21.972435,129.942007,230.027104,1
5550.000000,-0.351516,-0.693549,-0.628829,-77.124280,220.124191,128.796614,-0.000001,-0.001144,-0.000001,-0.008401,-0.693424,-0.585572,-0.419760,0.189206,-0.900906,-0.390601,21.085319,133.932911,228.972062,1
5560.000000,-0.359566,-0.693342,-0.624491,-72.641194,219.857583,132.656481,-0.000000,-0.001145,-0.000001,-0.011751,-0.691011,-0.585515,-0.423719,0.189208,-0.900906,-0.390601,20.114028,137.854890,227.887131,1
5570.000000,-0.367421,-0.694673,-0.618411,-68.114960,221.238594,135.712209,-0.000001,-0.001144,-0.000000,-0.015100,-0.688576,-0.585438,-0.427666,0.189210,-0.900905,-0.390601,19.061399,141.705925,226.774301,1
5580.000000,-0.374481,-0.693590,-0.615384,-63.074096,221.814580,138.327769,-0.000000,-0.001144,-0.000000,-0.018449,-0.686118,-0.585342,-0.431598,0.189212,-0.900905,-0.390601,17.930367,145.484173,225.635568,1
5590.000000,-0.380228,-0.694477,-0.610842,-58.105168,222.020283,141.355792,-0.000000,-0.001144,-0.000000,-0.021797,-0.683638,-0.585227,-0.435515,0.189214,-0.900905,-0.390601,16.723959,149.187976,224.472926,1
5600.000000,-0.388055,-0.693785,-0.606692,-52.762313,223.580933,144.070147,-0.000000,-0.001145,-0.000000,-0.025144,-0.681136,-0.585092,-0.439419,0.189216,-0.900904,-0.390601,15.445283,152.815867,223.288361,1
5610.000000,-0.394004,-0.693994,-0.602605,-48.335738,224.731522,146.011754,-0.000001,-0.001145,-0.000000,-0.028491,-0.678611,-0.584939,-0.443308,0.189218,-0.900904,-0.390601,14.097524,156.366574,222.083845,1
5620.000000,-0.402821,-0.692932,-0.597980,-42.637945,224.834071,148.560331,-0.000001,-0.001144,0.000000,-0.031836,-0.676064,-0.584766,-0.447183,0.189220,-0.900903,-0.390600,12.683934,159.839025,220.861327,1
5630.000000,-0.409326,-0.692320,-0.594260,-37.621765,225.829041,150.422594,-0.000001,-0.001144,-0.000000,-0.035181,-0.673494,-0.584575,-0.451043,0.189222,-0.900903,-0.390600,11.207821,163.232353,219.622727,1
5640.000000,-0.415334,-0.693269,-0.588962,-31.845096,226.413443,152.233726,-0.000000,-0.001145,-0.000000,-0.038525,-0.670903,-0.584364,-0.454889,0.189224,-0.900903,-0.390600,9.672544,166.545899,218.369930,1
5650.000000,-0.422202,-0.693647,-0.583609,-26.477304,227.513073,153.700074,-0.000001,-0.001145,-0.000000,-0.041867,-0.668290,-0.584134,-0.458719,0.189226,-0.900902,-0.390600,8.081497,169.779216,217.104776,1
5660.000000,-0.428291,-0.693027,-0.579896,-21.306892,228.629272,155.067194,-0.000001,-0.001144,-0.000000,-0.045208,-0.665655,-0.583885,-0.462534,0.189228,-0.900902,-0.390600,6.438105,172.932069,215.829052,1
5670.000000,-0.436002,-0.693667,-0.573348,-16.064760,228.293253,155.885940,-0.000000,-0.001145,-0.000001,-0.048547,-0.662998,-0.583617,-0.466335,0.189230,-0.900902,-0.390600,4.745807,176.004439,214.544488,1
5680.000000,-0.440667,-0.693986,-0.569383,-11.504734,229.663511,157.686813,-0.000000,-0.001145,-0.000000,-0.051885,-0.660320,-0.583329,-0.470120,0.189232,-0.900901,-0.390599,3.008045,178.996519,213.252748,1
5690.000000,-0.447199,-0.694740,-0.563337,-5.389571,229.970334,157.833452,-0.000000,-0.001144,-0.000001,-0.055221,-0.657619,-0.583023,-0.473890,0.189234,-0.900901,-0.390599,1.228255,181.908718,211.955420,1
5700.000000,-0.452762,-0.695092,-0.558438,-0.355341,231.258221,158.980744,-0.000001,-0.001145,-0.000000,-0.058555,-0.654898,-0.582698,-0.477644,0.189236,-0.900901,-0.390599,-0.590148,184.741657,210.654015,1
5710.000000,-0.459735,-0.693894,-0.554216,5.116212,232.156941,158.567325,-0.000001,-0.001145,-0.000000,-0.061888,-0.652155,-0.582353,-0.481382,0.189238,-0.900900,-0.390599,-2.443782,187.496167,209.349953,1
5720.000000,-0.466385,-0.694076,-0.548400,10.362500,232.140992,159.210256,-0.000001,-0.001144,-0.000000,-0.065218,-0.649390,-0.581990,-0.485105,0.189240,-0.900900,-0.390599,-4.329312,190.173282,208.044560,1
5730.000000,-0.472455,-0.694064,-0.543195,15.349072,232.183768,158.947220,-0.000001,-0.001144,-0.000001,-0.068546,-0.646605,-0.581607,-0.488812,0.189242,-0.900900,-0.390599,-6.243460,192.774239,206.739063,1
5740.000000,-0.480169,-0.693924,-0.536569,21.071831,233.342805,159.981328,-0.000001,-0.001145,-0.000000,-0.071872,-0.643798,-0.581205,-0.492503,0.189244,-0.900899,-0.390599,-8.183023,195.300469,205.434582,1
5750.000000,-0.484252,-0.693454,-0.533500,26.131639,234.747262,159.446218,-0.000001,-0.001145,-0.000001,-0.075196,-0.640970,-0.580785,-0.496178,0.189246,-0.900899,-0.390598,-10.144930,197.753653,204.132110,1
5760.000000,-0.491419,-0.692755,-0.527824,31.072487,234.728501,158.356164,-0.000001,-0.001144,-0.000000,-0.078517,-0.638121,-0.580345,-0.499836,0.189248,-0.900898,-0.390598,-12.126183,200.135572,202.832475,1
5770.000000,-0.497101,-0.693896,-0.520959,36.515428,235.483981,157.952158,-0.000000,-0.001144,-0.000001,-0.081836,-0.635251,-0.579886,-0.503478,0.189250,-0.900898,-0.390598,-14.123843,202.448092,201.536381,1
5780.000000,-0.503547,-0.694165,-0.514369,41.739636,235.999588,157.358333,-0.000000,-0.001144,-0.000001,-0.085151,-0.632361,-0.579409,-0.507104,0.189252,-0.900898,-0.390598,-16.135091,204.693245,200.244410,1
5790.000000,-0.509685,-0.693412,-0.509314,45.897068,236.750017,157.024533,-0.000001,-0.001144,-0.000000,-0.088465,-0.629449,-0.578912,-0.510713,0.189254,-0.900897,-0.390598,-18.157241,206.873215,198.957018,1
5800.000000,-0.515559,-0.694298,-0.502145,51.127295,236.936711,155.716876,-0.000001,-0.001145,-0.000001,-0.091775,-0.626518,-0.578397,-0.514306,0.189256,-0.900897,-0.390598,-20.187754,208.990324,197.674532,1
5810.000000,-0.520475,-0.694420,-0.496876,55.647201,237.981986,154.854275,-0.000001,-0.001144,-0.000000,-0.095082,-0.623565,-0.577862,-0.517881,0.189258,-0.900897,-0.390597,-22.224247,211.047018,196.397150,1
5820.000000,-0.527858,-0.693721,-0.490017,60.988707,238.626030,153.509524,-0.000000,-0.001145,-0.000001,-0.098386,-0.620593,-0.577309,-0.521440,0.189260,-0.900896,-0.390597,-24.264506,213.045855,195.124938,1
5830.000000,-0.532432,-0.694039,-0.484589,65.632725,238.617939,152.105860,-0.000001,-0.001145,-0.000000,-0.101687,-0.617599,-0.576737,-0.524981,0.189262,-0.900896,-0.390597,-26.306492,214.989488,193.857831,1
5840.000000,-0.537028,-0.694451,-0.478893,69.981649,239.486953,150.578143,-0.000001,-0.001145,-0.000000,-0.104985,-0.614586,-0.576145,-0.528506,0.189264,-0.900896,-0.390597,-28.348353,216.880649,192.595630,1
5850.000000,-0.542166,-0.694066,-0.473633,74.557306,239.941838,149.009135,-0.000001,-0.001145,0.000000,-0.108279,-0.611553,-0.575535,-0.532013,0.189267,-0.900895,-0.390597,-30.388434,218.722128,191.338009,1
5860.000000,-0.547855,-0.694451,-0.466468,79.020892,240.350612,147.229310,-0.000000,-0.001145,-0.000000,-0.111569,-0.608499,-0.574907,-0.535503,0.189269,-0.900895,-0.390597,-32.425277,220.516763,190.084510,1
5870.000000,-0.553587,-0.693404,-0.461228,83.979903,241.723989,145.454354,-0.000001,-0.001144,-0.000000,-0.114856,-0.605426,-0.574259,-0.538975,0.189271,-0.900895,-0.390597,-34.457634,222.267417,188.834554,1
5880.000000,-0.559809,-0.693000,-0.454274,88.016409,241.450057,143.765556,-0.000000,-0.001145,-0.000000,-0.118139,-0.602333,-0.573593,-0.542429,0.189273,-0.900894,-0.390596,-36.484466,223.976958,187.587440,1
5890.000000,-0.563066,-0.694329,-0.448179,92.368770,241.781317,141.933420,-0.000000,-0.001144,-0.000000,-0.121419,-0.599220,-0.572907,-0.545866,0.189275,-0.900894,-0.390596,-38.504949,225.648246,186.342348,1
5900.000000,-0.568873,-0.693704,-0.441767,96.293539,242.681994,139.532877,-0.000001,-0.001144,-0.000000,-0.124694,-0.596088,-0.572203,-0.549285,0.189277,-0.900893,-0.390596,-40.518476,227.284112,185.098353,1
5910.000000,-0.575085,-0.693632,-0.433765,100.957625,242.679227,136.895028,0.000000,-0.001145,-0.000001,-0.127965,-0.592936,-0.571481,-0.552686,0.189279,-0.900893,-0.390596,-42.524655,228.887337,183.854422,1
5920.000000,-0.580387,-0.693503,-0.426853,105.800151,243.009233,134.793190,-0.000001,-0.001145,-0.000001,-0.131232,-0.589764,-0.570739,-0.556069,0.189281,-0.900893,-0.390596,-44.523310,230.460640,182.609427,1
5930.000000,-0.583528,-0.693936,-0.421838,109.146816,244.043802,132.707843,-0.000001,-0.001145,-0.000001,-0.134495,-0.586574,-0.569979,-0.559434,0.189283,-0.900892,-0.390596,-46.514482,232.006652,181.362153,1
5940.000000,-0.589881,-0.692840,-0.414745,112.638776,244.538294,130.241077,-0.000001,-0.001145,-0.000001,-0.137754,-0.583364,-0.569201,-0.562780,0.189285,-0.900892,-0.390595,-48.498419,233.527906,180.111302,1
5950.000000,-0.593893,-0.693642,-0.407617,117.085555,244.660341,127.871634,-0.000001,-0.001145,-0.000000,-0.141007,-0.580135,-0.568403,-0.566108,0.189287,-0.900892,-0.390595,-50.475575,235.026819,178.855509,1
5960.000000,-0.598364,-0.693579,-0.401135,120.468238,244.859337,124.948488,-0.000000,-0.001145,-0.000000,-0.144257,-0.576887,-0.567587,-0.569417,0.189289,-0.900891,-0.390595,-52.446604,236.505673,177.593348,1
5970.000000,-0.603482,-0.693293,-0.393896,124.773882,245.208459,122.269416,-0.000001,-0.001144,-0.000000,-0.147501,-0.573620,-0.566753,-0.572708,0.189291,-0.900891,-0.390595,-54.412353,237.966601,176.323340,1
5980.000000,-0.608944,-0.692728,-0.386414,127.995918,245.428908,119.592644,-0.000000,-0.001145,-0.000001,-0.150741,-0.570335,-0.565900,-0.575980,0.189293,-0.900891,-0.390595,-56.373849,239.411578,175.043972,1
5990.000000,-0.612473,-0.693015,-0.380273,132.439534,246.102343,117.053171,-0.000000,-0.001145,-0.000000,-0.153976,-0.567030,-0.565028,-0.579233,0.189295,-0.900890,-0.390595,-58.332297,240.842400,173.753697,1
6000.000000,-0.616052,-0.694701,-0.371310,136.232756,246.508702,114.051816,-0.000001,-0.001145,-0.000001,-0.157205,-0.563708,-0.564138,-0.582467,0.189297,-0.900890,-0.390595,-60.289062,242.260678,172.450957,1
6010.000000,-0.620487,-0.693872,-0.365429,139.969714,246.967566,110.980070,-0.000001,-0.001144,-0.000001,-0.160430,-0.560366,-0.563230,-0.585683,0.189299,-0.900890,-0.390594,-62.245661,243.667828,171.134184,1
6020.000000,-0.624148,-0.694159,-0.358583,143.481367,246.236673,107.499708,-0.000000,-0.001144,-0.000001,-0.163649,-0.557007,-0.562303,-0.588879,0.189301,-0.900889,-0.390594,-64.203750,245.065058,169.801820,1
6030.000000,-0.626915,-0.694907,-0.352253,146.349795,246.533790,104.148645,-0.000001,-0.001145,-0.000000,-0.166863,-0.553629,-0.561357,-0.592055,0.189303,-0.900889,-0.390594,-66.165108,246.453363,168.452324,1
6040.000000,-0.632804,-0.694176,-0.343044,150.170092,247.218812,101.035348,-0.000001,-0.001145,-0.000001,-0.170072,-0.550233,-0.560393,-0.595213,0.189305,-0.900888,-0.390594,-68.131628,247.833520,167.084184,1
6050.000000,-0.636132,-0.693867,-0.337469,153.719884,247.701737,97.875968,-0.000001,-0.001145,-0.000001,-0.173275,-0.546819,-0.559411,-0.598351,0.189307,-0.900888,-0.390594,-70.105295,249.206081,165.695930,1
6060.000000,-0.638697,-0.694866,-0.330496,156.482563,247.533035,94.666771,-0.000001,-0.001145,-0.000001,-0.176472,-0.543387,-0.558411,-0.601469,0.189309,-0.900888,-0.390594,-72.088179,250.571371,164.286145,1
6070.000000,-0.643537,-0.694233,-0.322336,160.172004,247.931954,91.170696,-0.000001,-0.001145,-0.000000,-0.179664,-0.539938,-0.557392,-0.604568,0.189311,-0.900887,-0.390593,-74.082412,251.929486,162.853474,1
6080.000000,-0.647978,-0.693203,-0.315584,163.594635,248.522996,87.479562,-0.000001,-0.001145,-0.000000,-0.182849,-0.536470,-0.556356,-0.607646,0.189313,-0.900887,-0.390593,-76.090176,253.280294,161.396635,1
6090.000000,-0.649826,-0.694856,-0.308062,166.180065,248.558021,84.068340,-0.000001,-0.001144,-0.000000,-0.186029,-0.532986,-0.555300,-0.610705,0.189315,-0.900887,-0.390593,-78.113688,254.623436,159.914432,1
6100.000000,-0.654375,-0.694072,-0.300095,169.426312,248.427543,80.002778,-0.000001,-0.001144,-0.000000,-0.189203,-0.529483,-0.554227,-0.613744,0.189317,-0.900886,-0.390593,-80.155179,255.958330,158.405759,1
6110.000000,-0.659152,-0.692711,-0.292693,173.034410,248.623420,75.962969,-0.000000,-0.001145,0.000000,-0.192370,-0.525964,-0.553136,-0.616763,0.189319,-0.900886,-0.390593,-82.216884,257.284174,156.869614,1
6120.000000,-0.661130,-0.693510,-0.286270,175.828690,249.006638,72.874613,-0.000001,-0.001145,-0.000001,-0.195531,-0.522427,-0.552026,-0.619762,0.189321,-0.900886,-0.390593,-84.301024,258.599954,155.305102,1
6130.000000,-0.664947,-0.693828,-0.276493,178.955888,249.757579,67.928509,-0.000001,-0.001145,-0.000001,-0.198686,-0.518873,-0.550899,-0.622740,0.189323,-0.900885,-0.390592,-86.409789,259.904448,153.711448,1
6140.000000,-0.667701,-0.694008,-0.269311,182.111202,249.439070,64.809735,-0.000000,-0.001145,-0.000001,-0.201834,-0.515302,-0.549753,-0.625698,0.189325,-0.900885,-0.390592,-88.545325,261.196240,152.087998,1
6150.000000,-0.671204,-0.693597,-0.261550,184.682102,249.463203,59.871363,-0.000000,-0.001145,-0.000001,-0.204975,-0.511714,-0.548589,-0.628636,0.189327,-0.900885,-0.390592,-90.709722,262.473723,150.434230,1
6160.000000,-0.672730,-0.694849,-0.254204,187.065575,249.365982,55.809711,-0.000000,-0.001145,-0.000000,-0.208110,-0.508110,-0.547408,-0.631553,0.189329,-0.900884,-0.390592,-92.904995,263.735117,148.749755,1
6170.000000,-0.676804,-0.693631,-0.246602,190.216263,249.044261,51.066464,-0.000000,-0.001144,-0.000000,-0.211238,-0.504489,-0.546208,-0.634449,0.189331,-0.900884,-0.390592,-95.133076,264.978477,147.034321,1
6180.000000,-0.679407,-0.694118,-0.237920,192.550163,249.036487,46.287757,-0.000001,-0.001145,-0.000001,-0.214359,-0.500851,-0.544991,-0.637325,0.189333,-0.900883,-0.390592,-97.395799,266.201705,145.287819,1
6190.000000,-0.681685,-0.694071,-0.231455,194.881084,248.922520,42.109530,-0.000001,-0.001145,-0.000000,-0.217474,-0.497197,-0.543756,-0.640179,0.189335,-0.900883,-0.390592,-99.694891,267.402567,143.510285,1
6200.000000,-0.686153,-0.693094,-0.220939,198.191355,249.017558,37.388630,-0.000000,-0.001145,-0.000000,-0.220581,-0.493527,-0.542503,-0.643013,0.189337,-0.900883,-0.390591,-102.031962,268.578705,141.701898,1
6210.000000,-0.686868,-0.693925,-0.216059,199.930896,249.682899,32.434044,-0.000001,-0.001145,-0.000000,-0.223680,-0.489840,-0.541232,-0.645826,0.189339,-0.900882,-0.390591,-104.408493,269.727652,139.862983,1
6220.000000,-0.688941,-0.694194,-0.208459,201.870778,249.361238,27.757625,-0.000000,-0.001144,-0.000000,-0.226773,-0.486138,-0.539944,-0.648617,0.189341,-0.900882,-0.390591,-106.825831,270.846848,137.994011,1
6230.000000,-0.692137,-0.693607,-0.199640,204.483896,249.429986,22.553404,-0.000000,-0.001145,-0.000001,-0.229858,-0.482420,-0.538638,-0.651388,0.189343,-0.900882,-0.390591,-109.285184,271.933655,136.095596,1
6240.000000,-0.693816,-0.694255,-0.191387,206.829626,249.151133,17.043591,-0.000001,-0.001144,-0.000001,-0.232935,-0.478685,-0.537314,-0.654137,0.189345,-0.900881,-0.390591,-111.787607,272.985374,134.168496,1
6250.000000,-0.695611,-0.694388,-0.184258,208.420010,248.968449,12.222993,-0.000001,-0.001145,-0.000000,-0.236005,-0.474936,-0.535973,-0.656864,0.189347,-0.900881,-0.390591,-114.334008,273.999259,132.213604,1
6260.000000,-0.697754,-0.694211,-0.176665,210.275267,249.108264,6.730395,-0.000001,-0.001145,-0.000001,-0.239067,-0.471170,-0.534614,-0.659571,0.189349,-0.900881,-0.390590,-116.925138,274.972532,130.231953,1
6270.000000,-0.700651,-0.693450,-0.167975,211.739779,248.986003,1.467816,-0.000001,-0.001144,-0.000000,-0.242122,-0.467389,-0.533238,-0.662255,0.189351,-0.900880,-0.390590,-119.561589,275.902403,128.224703,1
6280.000000,-0.702850,-0.693259,-0.159352,213.198554,248.992227,-4.296964,-0.000001,-0.001145,-0.000001,-0.245168,-0.463593,-0.531844,-0.664918,0.189353,-0.900880,-0.390590,-122.243796,276.786079,126.193142,1
6290.000000,-0.703567,-0.693952,-0.153048,214.907533,248.820283,-9.737678,-0.000000,-0.001145,-0.000000,-0.248207,-0.459782,-0.530433,-0.667559,0.189355,-0.900880,-0.390590,-124.972035,277.620784,124.138677,1
6300.000000,-0.705316,-0.694448,-0.142374,215.844487,248.671636,-15.706155,-0.000001,-0.001145,-0.000000,-0.251237,-0.455956,-0.529004,-0.670178,0.189357,-0.900879,-0.390590,-127.746423,278.403768,122.062831,1
6310.000000,-0.706718,-0.694237,-0.136327,217.033111,248.895285,-21.421762,-0.000000,-0.001144,-0.000001,-0.254259,-0.452115,-0.527558,-0.672776,0.189360,-0.900879,-0.390590,-130.566922,279.132325,119.967231,1
6320.000000,-0.708391,-0.694117,-0.127997,217.805423,248.481543,-27.656265,-0.000001,-0.001145,-0.000000,-0.257273,-0.448258,-0.526095,-0.675351,0.189362,-0.900878,-0.390590,-133.433355,279.803813,117.853603,1
6330.000000,-0.710587,-0.693173,-0.120736,218.550749,248.144869,-33.069714,-0.000000,-0.001145,-0.000000,-0.260278,-0.444388,-0.524615,-0.677904,0.189364,-0.900878,-0.390589,-136.345467,280.415665,115.723708,1
6340.000000,-0.712237,-0.692986,-0.111756,219.303589,247.800820,-38.899620,-0.000000,-0.001144,-0.000000,-0.263275,-0.440503,-0.523117,-0.680435,0.189366,-0.900878,-0.390589,-139.302735,280.965275,113.579407,1
6350.000000,-0.712655,-0.693869,-0.103292,219.484900,248.231652,-45.511770,-0.000000,-0.001145,-0.000001,-0.266263,-0.436603,-0.521603,-0.682944,0.189368,-0.900877,-0.390589,-142.304467,281.450111,111.422651,1
6360.000000,-0.714191,-0.693631,-0.093845,220.197941,247.965675,-51.774242,-0.000001,-0.001145,-0.000001,-0.269243,-0.432689,-0.520071,-0.685430,0.189370,-0.900877,-0.390589,-145.349838,281.867740,109.255465,1
6370.000000,-0.715296,-0.693324,-0.087482,220.256041,246.831985,-58.130535,-0.000000,-0.001145,-0.000001,-0.272213,-0.428761,-0.518522,-0.687894,0.189372,-0.900877,-0.390589,-148.437895,282.215837,107.079941,1
6380.000000,-0.715468,-0.694245,-0.078290,220.130487,247.412237,-64.349525,-0.000000,-0.001145,-0.000000,-0.275175,-0.424819,-0.516957,-0.690336,0.189374,-0.900876,-0.390589,-151.567562,282.492194,104.898227,1
6390.000000,-0.717161,-0.693252,-0.071291,219.197393,247.070653,-70.971974,-0.000001,-0.001145,-0.000000,-0.278128,-0.420863,-0.515374,-0.692755,0.189376,-0.900876,-0.390588,-154.737650,282.694727,102.712521,1
6400.000000,-0.717626,-0.693531,-0.063457,219.254856,247.058327,-76.858875,-0.000000,-0.001145,0.000000,-0.281071,-0.416893,-0.513774,-0.695151,0.189378,-0.900876,-0.390588,-157.946863,282.821477,100.525059,1
6410.000000,-0.718061,-0.693931,-0.053360,218.823283,246.922814,-83.752344,-0.000000,-0.001144,-0.000001,-0.284006,-0.412909,-0.512158,-0.697525,0.189380,-0.900875,-0.390588,-161.193810,282.870614,98.338111,1
6420.000000,-0.718758,-0.693753,-0.045758,218.000474,246.303575,-89.270728,-0.000000,-0.001145,-0.000000,-0.286931,-0.408913,-0.510525,-0.699875,0.189382,-0.900875,-0.390588,-164.477007,282.840446,96.153967,1
6430.000000,-0.719050,-0.693839,-0.039424,216.882584,246.197489,-95.884057,-0.000000,-0.001144,-0.000000,-0.289847,-0.404902,-0.508875,-0.702203,0.189384,-0.900875,-0.390588,-167.794891,282.729414,93.974936,1
6440.000000,-0.719604,-0.693794,-0.028637,215.552120,245.528898,-102.893589,-0.000001,-0.001145,-0.000001,-0.292753,-0.400879,-0.507209,-0.704508,0.189386,-0.900874,-0.390588,-171.145826,282.536094,91.803332,1
6450.000000,-0.719781,-0.693836,-0.022519,213.609981,245.894115,-108.571357,-0.000001,-0.001145,-0.000000,-0.295650,-0.396842,-0.505526,-0.706789,0.189388,-0.900874,-0.390588,-174.528111,282.259199,89.641471,1
6460.000000,-0.718966,-0.694928,-0.012751,212.511817,245.415554,-115.774275,-0.000001,-0.001144,-0.000001,-0.298537,-0.392792,-0.503826,-0.709048,0.189390,-0.900873,-0.390587,-177.939989,281.897578,87.491662,1
6470.000000,-0.720607,-0.693315,-0.006232,210.479594,245.721165,-122.119357,-0.000001,-0.001145,-0.000001,-0.301414,-0.388730,-0.502110,-0.711283,0.189392,-0.900873,-0.390587,-181.379653,281.450209,85.356202,1
6480.000000,-0.720416,-0.693528,0.004518,208.562213,245.277631,-128.374302,-0.000000,-0.001144,-0.000000,-0.304282,-0.384654,-0.500378,-0.713495,0.189394,-0.900873,-0.390587,-184.845257,280.916203,83.237369,1
6490.000000,-0.720769,-0.693101,0.010164,206.282050,244.534828,-134.823946,-0.000001,-0.001145,-0.000000,-0.307139,-0.380567,-0.498629,-0.715684,0.189396,-0.900872,-0.390587,-188.334917,280.294793,81.137416,1
6500.000000,-0.719890,-0.693803,0.019883,203.550043,244.272912,-141.419426,-0.000000,-0.001145,-0.000000,-0.309986,-0.376466,-0.496864,-0.717849,0.189398,-0.900872,-0.390587,-191.846725,279.585338,79.058570,1
6510.000000,-0.719546,-0.693903,0.027440,200.934490,244.597118,-147.616209,-0.000000,-0.001145,-0.000001,-0.312824,-0.372354,-0.495083,-0.719991,0.189400,-0.900872,-0.390587,-195.378750,278.787311,77.003022,1
6520.000000,-0.719275,-0.693734,0.037109,197.785346,243.644299,-153.733999,-0.000000,-0.001145,-0.000001,-0.315651,-0.368229,-0.493285,-0.722110,0.189402,-0.900871,-0.390586,-198.929045,277.900298,74.972926,1
6530.000000,-0.719345,-0.693255,0.044050,194.626732,243.947980,-160.017155,-0.000001,-0.001144,-0.000000,-0.318467,-0.364092,-0.491471,-0.724204,0.189404,-0.900871,-0.390586,-202.495651,276.923991,72.970396,1
6540.000000,-0.718692,-0.693337,0.052589,191.235913,243.471239,-165.860244,-0.000001,-0.001144,-0.000001,-0.321274,-0.359943,-0.489641,-0.726275,0.189406,-0.900871,-0.390586,-206.076605,275.858182,70.997503,1
6550.000000,-0.717937,-0.693269,0.062801,187.482669,244.143915,-172.498653,-0.000001,-0.001145,-0.000000,-0.324069,-0.355783,-0.487795,-0.728322,0.189408,-0.900870,-0.390586,-209.669940,274.702756,69.056271,1
6560.000000,-0.716449,-0.694338,0.067790,184.049339,243.221338,-177.888559,-0.000001,-0.001145,0.000000,-0.326854,-0.351610,-0.485934,-0.730346,0.189410,-0.900870,-0.390586,-213.273688,273.457688,67.148677,1
6570.000000,-0.715503,-0.694342,0.077105,180.354900,243.372559,-183.838245,-0.000001,-0.001145,-0.000001,-0.329629,-0.347427,-0.484056,-0.732345,0.189412,-0.900870,-0.390586,-216.885888,272.123034,65.276648,1
6580.000000,-0.714804,-0.694104,0.085293,175.612544,242.623400,-189.530873,-0.000000,-0.001145,-0.000001,-0.332393,-0.343232,-0.482162,-0.734321,0.189414,-0.900869,-0.390586,-220.504582,270.698924,63.442061,1
6590.000000,-0.713625,-0.694102,0.094667,171.236670,242.414420,-195.819120,-0.000001,-0.001144,-0.000001,-0.335145,-0.339025,-0.480253,-0.736272,0.189416,-0.900869,-0.390585,-224.127820,269.185558,61.646742,1
6600.000000,-0.712890,-0.693828,0.101935,167.007081,242.236233,-201.683181,-0.000000,-0.001145,-0.000000,-0.337887,-0.334808,-0.478328,-0.738199,0.189418,-0.900868,-0.390585,-227.753659,267.583199,59.892466,1
6610.000000,-0.711891,-0.693637,0.109900,162.010309,242.302041,-206.988328,-0.000001,-0.001144,-0.000000,-0.340618,-0.330579,-0.476387,-0.740103,0.189420,-0.900868,-0.390585,-231.380167,265.892170,58.180955,1
6620.000000,-0.709831,-0.694431,0.117924,157.477576,241.450033,-211.710537,-0.000000,-0.001144,-0.000001,-0.343337,-0.326340,-0.474431,-0.741982,0.189422,-0.900868,-0.390585,-235.005419,264.112842,56.513883,1
6630.000000,-0.709338,-0.693617,0.125441,151.333702,241.458655,-217.251395,-0.000000,-0.001145,-0.000001,-0.346046,-0.322090,-0.472459,-0.743836,0.189424,-0.900867,-0.390585,-238.627499,262.245636,54.892872,1
6640.000000,-0.706894,-0.694455,0.134288,146.178658,241.920350,-221.992447,-0.000001,-0.001144,-0.000001,-0.348743,-0.317830,-0.470472,-0.745667,0.189426,-0.900867,-0.390585,-242.244497,260.291015,53.319495,1
6650.000000,-0.706409,-0.693248,0.142806,140.724447,241.206109,-227.448572,-0.000001,-0.001145,-0.000001,-0.351429,-0.313559,-0.468469,-0.747473,0.189428,-0.900867,-0.390584,-245.854512,258.249479,51.795277,1
6660.000000,-0.704587,-0.693419,0.150756,135.895589,241.323583,-232.081912,-0.000000,-0.001145,-0.000001,-0.354103,-0.309278,-0.466451,-0.749254,0.189430,-0.900866,-0.390584,-249.455647,256.121564,50.321695,1
6670.000000,-0.702316,-0.694104,0.158025,129.490101,241.169328,-236.473320,-0.000000,-0.001144,-0.000000,-0.356765,-0.304987,-0.464418,-0.751011,0.189432,-0.900866,-0.390584,-253.046009,253.907836,48.900182,1
6680.000000,-0.701101,-0.693268,0.166843,123.179040,241.278736,-240.731876,-0.000000,-0.001145,-0.000000,-0.359416,-0.300686,-0.462369,-0.752743,0.189434,-0.900866,-0.390584,-256.623705,251.608889,47.532125,1
6690.000000,-0.698392,-0.694117,0.174499,117.111270,240.697982,-244.627514,-0.000000,-0.001145,-0.000001,-0.362055,-0.296375,-0.460306,-0.754451,0.189436,-0.900865,-0.390584,-260.186845,249.225344,46.218871,1
6700.000000,-0.696781,-0.693316,0.183872,110.641377,241.115341,-249.546878,0.000000,-0.001145,-0.000000,-0.364682,-0.292054,-0.458227,-0.756134,0.189438,-0.900865,-0.390584,-263.733533,246.757845,44.961722,1
6710.000000,-0.694286,-0.693729,0.191592,104.512296,240.480751,-253.292685,0.000000,-0.001145,-0.000001,-0.367298,-0.287724,-0.456133,-0.757793,0.189440,-0.900865,-0.390583,-267.261872,244.207058,43.761944,1
6720.000000,-0.693270,-0.692870,0.198262,97.561902,240.322727,-256.637625,-0.000001,-0.001145,-0.000000,-0.369901,-0.283384,-0.454025,-0.759426,0.189442,-0.900864,-0.390583,-270.769957,241.573672,42.620762,1
6730.000000,-0.689845,-0.693818,0.206716,90.999614,240.648486,-260.651829,0.000000,-0.001144,-0.000001,-0.372492,-0.279035,-0.451901,-0.761035,0.189444,-0.900864,-0.390583,-274.255874,238.858397,41.539368,1
6740.000000,-0.686521,-0.695129,0.213271,84.029005,240.461245,-263.340641,-0.000000,-0.001145,-0.000000,-0.375071,-0.274677,-0.449763,-0.762619,0.189446,-0.900863,-0.390583,-277.717699,236.061963,40.518916,1
6750.000000,-0.685716,-0.693464,0.221136,76.685367,240.276286,-266.994492,-0.000001,-0.001144,-0.000000,-0.377638,-0.270310,-0.447610,-0.764177,0.189448,-0.900863,-0.390583,-281.153498,233.185121,39.560526,1
6760.000000,-0.683222,-0.693048,0.229983,69.535740,240.630275,-270.165561,-0.000000,-0.001145,-0.000001,-0.380192,-0.265934,-0.445442,-0.765711,0.189450,-0.900863,-0.390583,-284.561321,230.228647,38.665289,1
6770.000000,-0.679527,-0.693846,0.238372,62.308440,240.382374,-271.931951,-0.000001,-0.001144,-0.000000,-0.382734,-0.261550,-0.443260,-0.767220,0.189453,-0.900862,-0.390583,-287.939203,227.193337,37.834261,1
6780.000000,-0.676504,-0.694351,0.245394,54.622194,240.847955,-274.708981,-0.000000,-0.001145,-0.000000,-0.385264,-0.257156,-0.441064,-0.768704,0.189455,-0.900862,-0.390582,-291.285162,224.080014,37.068470,1
6790.000000,-0.674311,-0.693692,0.253172,47.280943,240.488564,-276.811040,-0.000001,-0.001145,-0.000001,-0.387781,-0.252755,-0.438852,-0.770162,0.189457,-0.900862,-0.390582,-294.597200,220.889526,36.368914,1
6800.000000,-0.671207,-0.693659,0.261378,39.721722,240.765737,-279.241164,-0.000000,-0.001145,-0.000000,-0.390285,-0.248345,-0.436627,-0.771595,0.189459,-0.900861,-0.390582,-297.873300,217.622749,35.736563,1
6810.000000,-0.668473,-0.693380,0.269012,31.750278,241.187613,-280.770535,0.000000,-0.001144,-0.000000,-0.392776,-0.243927,-0.434387,-0.773003,0.189461,-0.900861,-0.390582,-301.111427,214.280588,35.172358,1
6820.000000,-0.665012,-0.693631,0.276830,24.567176,240.109375,-282.824471,-0.000000,-0.001145,-0.000000,-0.395255,-0.239501,-0.432133,-0.774386,0.189463,-0.900861,-0.390582,-304.309526,210.863983,34.677214,1
6830.000000,-0.661150,-0.694433,0.283978,16.102479,240.390300,-283.805830,-0.000000,-0.001144,-0.000001,-0.397720,-0.235067,-0.429865,-0.775744,0.189465,-0.900860,-0.390582,-307.465524,207.373905,34.252019,1
6840.000000,-0.658269,-0.694369,0.290749,8.319899,241.226869,-285.199898,-0.000001,-0.001145,-0.000000,-0.400173,-0.230626,-0.427583,-0.777076,0.189467,-0.900860,-0.390581,-310.577330,203.811364,33.897635,1
6850.000000,-0.654182,-0.695001,0.298361,0.216177,240.583996,-285.921711,-0.000000,-0.001144,-0.000000,-0.402612,-0.226177,-0.425287,-0.778382,0.189469,-0.900860,-0.390581,-313.642833,200.177407,33.614897,1
6860.000000,-0.651235,-0.694599,0.305655,-7.128707,241.029434,-285.920025,-0.000001,-0.001144,-0.000000,-0.405038,-0.221720,-0.422977,-0.779663,0.189471,-0.900859,-0.390581,-316.659906,196.473124,33.404615,1
6870.000000,-0.648155,-0.693421,0.314741,-15.709049,241.247222,-286.159555,-0.000001,-0.001145,-0.000001,-0.407451,-0.217256,-0.420653,-0.780919,0.189473,-0.900859,-0.390581,-319.626407,192.699647,33.267572,1
6880.000000,-0.645144,-0.693117,0.321525,-24.112288,241.569575,-286.050687,-0.000000,-0.001145,-0.000000,-0.409851,-0.212786,-0.418315,-0.782149,0.189475,-0.900858,-0.390581,-322.540179,188.858155,33.204525,1
6890.000000,-0.641527,-0.693648,0.327560,-31.464926,240.987404,-286.016768,-0.000000,-0.001144,-0.000000,-0.412237,-0.208308,-0.415964,-0.783353,0.189477,-0.900858,-0.390581,-325.399049,184.949874,33.216207,1
6900.000000,-0.636750,-0.693701,0.336641,-39.406978,241.557457,-285.173608,-0.000000,-0.001146,0.000000,-0.414610,-0.203823,-0.413599,-0.784532,0.189479,-0.900858,-0.390581,-328.200893,180.976032,33.303324,1
6910.000000,-0.633056,-0.693622,0.343699,-47.776360,241.581983,-284.294838,-0.000000,-0.001145,-0.000000,-0.416969,-0.199332,-0.411220,-0.785685,0.189481,-0.900857,-0.390580,-330.943528,176.937836,33.466560,1
6920.000000,-0.629435,-0.694472,0.348598,-56.074062,242.108647,-283.894153,-0.000001,-0.001145,-0.000000,-0.419315,-0.194834,-0.408828,-0.786813,0.189483,-0.900857,-0.390580,-333.624600,172.836615,33.706567,1
6930.000000,-0.624778,-0.694702,0.356429,-64.501398,242.177901,-282.594681,-0.000001,-0.001144,-0.000001,-0.421647,-0.190330,-0.406423,-0.787914,0.189485,-0.900857,-0.390580,-336.241748,168.673763,34.023969,1
6940.000000,-0.620366,-0.694655,0.364144,-72.578380,242.573646,-280.599160,0.000000,-0.001145,-0.000000,-0.423965,-0.185820,-0.404004,-0.788990,0.189487,-0.900856,-0.390580,-338.792607,164.450737,34.419362,1
6950.000000,-0.616504,-0.694025,0.371822,-80.065212,242.911780,-279.108538,-0.000001,-0.001145,-0.000000,-0.426269,-0.181303,-0.401572,-0.790040,0.189489,-0.900856,-0.390580,-341.274815,160.169062,34.893308,1
6960.000000,-0.612219,-0.694236,0.378449,-88.133327,242.951504,-277.178858,-0.000001,-0.001144,-0.000001,-0.428559,-0.176781,-0.399127,-0.791065,0.189491,-0.900856,-0.390580,-343.686011,155.830329,35.446341,1
6970.000000,-0.607748,-0.693866,0.386254,-96.659249,242.952531,-274.716470,-0.000001,-0.001144,-0.000001,-0.430835,-0.172253,-0.396669,-0.792063,0.189493,-0.900855,-0.390579,-346.023841,151.436193,36.078963,1
6980.000000,-0.602899,-0.693934,0.393660,-104.177803,243.808903,-272.924529,-0.000000,-0.001145,-0.000001,-0.433098,-0.167719,-0.394198,-0.793035,0.189495,-0.900855,-0.390579,-348.285954,146.988379,36.791644,1
6990.000000,-0.600142,-0.692900,0.399649,-112.232476,243.246039,-268.717316,-0.000000,-0.001145,-0.000000,-0.435345,-0.163179,-0.391714,-0.793982,0.189497,-0.900854,-0.390579,-350.470011,142.488677,37.584821,1
7000.000000,-0.593360,-0.694934,0.406189,-120.213359,244.171176,-265.897631,-0.000000,-0.001144,-0.000001,-0.437579,-0.158635,-0.389217,-0.794902,0.189499,-0.900854,-0.390579,-352.573682,137.938946,38.458898,1
7010.000000,-0.589625,-0.694305,0.412654,-128.070921,244.485507,-262.968394,-0.000000,-0.001144,-0.000001,-0.439799,-0.154085,-0.386707,-0.795797,0.189501,-0.900854,-0.390579,-354.594648,133.341111,39.414246,1
7020.000000,-0.584666,-0.694169,0.419875,-135.362049,244.791110,-258.911903,-0.000000,-0.001145,-0.000000,-0.442003,-0.149530,-0.384185,-0.796665,0.189503,-0.900853,-0.390579,-356.530608,128.697163,40.451200,1
7030.000000,-0.580565,-0.692471,0.428285,-143.517883,245.004560,-255.061761,-0.000001,-0.001144,-0.000000,-0.444194,-0.144970,-0.381650,-0.797508,0.189505,-0.900853,-0.390579,-358.379272,124.009164,41.570061,1
7040.000000,-0.575017,-0.694061,0.433169,-150.856047,245.240540,-250.421930,-0.000000,-0.001144,-0.000000,-0.446370,-0.140406,-0.379103,-0.798324,0.189507,-0.900853,-0.390578,-360.138369,119.279237,42.771094,1
7050.000000,-0.569252,-0.694871,0.439439,-157.069665,245.684349,-246.271339,-0.000001,-0.001145,-0.000000,-0.448531,-0.135837,-0.376543,-0.799114,0.189509,-0.900852,-0.390578,-361.805645,114.509577,44.054527,1
7060.000000,-0.565981,-0.694314,0.444516,-164.855033,245.820610,-241.256040,-0.000000,-0.001145,-0.000000,-0.450678,-0.131263,-0.373971,-0.799878,0.189511,-0.900852,-0.390578,-363.378867,109.702443,45.420552,1
7070.000000,-0.559804,-0.694206,0.452434,-171.063237,246.461008,-236.940322,-0.000001,-0.001145,-0.000001,-0.452810,-0.126685,-0.371387,-0.800616,0.189513,-0.900852,-0.390578,-364.855821,104.860161,46.869322,1
7080.000000,-0.553386,-0.693958,0.460636,-178.793370,247.074996,-231.700856,-0.000000,-0.001145,-0.000001,-0.454927,-0.122103,-0.368791,-0.801327,0.189515,-0.900851,-0.390578,-366.234315,99.985124,48.400952,1
7090.000000,-0.549737,-0.694040,0.464863,-185.377501,246.994288,-225.995194,-0.000000,-0.001145,-0.000001,-0.457029,-0.117517,-0.366182,-0.802013,0.189517,-0.900851,-0.390578,-367.512180,95.079791,50.015515,1
7100.000000,-0.544778,-0.693812,0.471000,-191.692990,247.978686,-220.394936,-0.000000,-0.001145,-0.000001,-0.459117,-0.112927,-0.363562,-0.802672,0.189519,-0.900851,-0.390577,-368.687269,90.146688,51.713044,1
7110.000000,-0.538910,-0.693679,0.477896,-198.386135,247.932618,-214.470307,-0.000001,-0.001145,-0.000000,-0.461189,-0.108334,-0.360930,-0.803305,0.189521,-0.900850,-0.390577,-369.757460,85.188409,53.493532,1
7120.000000,-0.532702,-0.693894,0.484499,-204.664727,247.939266,-208.829885,-0.000001,-0.001144,0.000000,-0.463246,-0.103737,-0.358285,-0.803911,0.189523,-0.900850,-0.390577,-370.720658,80.207613,55.356926,1
7130.000000,-0.528775,-0.693575,0.489235,-210.058281,248.821496,-202.319851,-0.000000,-0.001144,-0.000001,-0.465288,-0.099136,-0.355630,-0.804492,0.189525,-0.900849,-0.390577,-371.574791,75.207027,57.303129,1
7140.000000,-0.523204,-0.693087,0.495871,-216.523656,249.781454,-195.218538,-0.000000,-0.001145,-0.000000,-0.467315,-0.094532,-0.352962,-0.805046,0.189527,-0.900849,-0.390577,-372.317815,70.189448,59.331996,1
7150.000000,-0.515541,-0.693951,0.502643,-221.581421,250.462321,-188.153396,-0.000001,-0.001145,-0.000001,-0.469326,-0.089926,-0.350283,-0.805573,0.189529,-0.900849,-0.390577,-372.947717,65.157740,61.443337,1
7160.000000,-0.510368,-0.694600,0.507006,-227.315598,250.173412,-180.721137,-0.000001,-0.001145,0.000000,-0.471322,-0.085316,-0.347593,-0.806074,0.189531,-0.900848,-0.390577,-373.462510,60.114836,63.636910,1
7170.000000,-0.505116,-0.693315,0.513977,-232.047235,251.077176,-174.221847,-0.000001,-0.001145,-0.000000,-0.473303,-0.080703,-0.344891,-0.806549,0.189533,-0.900848,-0.390576,-373.860239,55.063740,65.912422,1
7180.000000,-0.499447,-0.692810,0.520160,-236.884619,250.932825,-166.732619,-0.000001,-0.001145,-0.000001,-0.475268,-0.076088,-0.342177,-0.806998,0.189535,-0.900848,-0.390576,-374.138982,50.007526,68.269526,1
7190.000000,-0.492056,-0.694340,0.525142,-242.009307,251.698373,-158.930035,-0.000001,-0.001144,-0.000000,-0.477218,-0.071470,-0.339453,-0.807420,0.189537,-0.900847,-0.390576,-374.296850,44.949338,70.707817,1
7200.000000,-0.487435,-0.693995,0.529886,-245.966453,251.901236,-150.982701,-0.000001,-0.001145,-0.000001,-0.479152,-0.066850,-0.336718,-0.807815,0.189539,-0.900847,-0.390576,-374.331991,39.892394,73.226836,1
7210.000000,-0.480903,-0.694337,0.535377,-249.919398,252.936839,-143.249024,-0.000000,-0.001144,-0.000000,-0.481070,-0.062228,-0.333971,-0.808185,0.189541,-0.900847,-0.390576,-374.242592,34.839985,75.826058,1
7220.000000,-0.473886,-0.695097,0.540623,-254.377081,253.334584,-135.110566,-0.000000,-0.001144,-0.000001,-0.482973,-0.057604,-0.331214,-0.808527,0.189543,-0.900846,-0.390576,-374.026879,29.795474,78.504897,1
7230.000000,-0.468214,-0.693758,0.547244,-257.507042,254.457129,-127.587188,-0.000000,-0.001145,-0.000000,-0.484860,-0.052978,-0.328445,-0.808844,0.189546,-0.900846,-0.390575,-373.683122,24.762300,81.262702,1
7240.000000,-0.462614,-0.693338,0.552512,-260.895800,254.463647,-117.858303,0.000000,-0.001145,-0.000001,-0.486731,-0.048350,-0.325666,-0.809133,0.189548,-0.900846,-0.390575,-373.209639,19.743973,84.098750,1
7250.000000,-0.455313,-0.693186,0.558733,-264.230193,254.838478,-109.933732,-0.000001,-0.001145,-0.000000,-0.488586,-0.043720,-0.322877,-0.809397,0.189550,-0.900845,-0.390575,-372.604797,14.744084,87.012247,1
7260.000000,-0.449016,-0.694043,0.562752,-266.623058,255.133542,-101.655098,-0.000001,-0.001145,-0.000000,-0.490425,-0.039090,-0.320076,-0.809634,0.189552,-0.900845,-0.390575,-371.867017,9.766293,90.002325,1
7270.000000,-0.441765,-0.694552,0.567839,-268.962502,255.741389,-92.432990,-0.000001,-0.001144,-0.000001,-0.492248,-0.034457,-0.317266,-0.809844,0.189554,-0.900844,-0.390575,-370.994780,4.814340,93.068037,1
7280.000000,-0.435726,-0.693122,0.574216,-271.302538,256.396399,-83.708817,-0.000001,-0.001145,-0.000000,-0.494055,-0.029824,-0.314445,-0.810028,0.189556,-0.900844,-0.390575,-369.986626,-0.107964,96.208357,1
7290.000000,-0.429129,-0.694569,0.577427,-273.310436,256.625785,-74.776015,-0.000001,-0.001145,-0.000000,-0.495845,-0.025190,-0.311613,-0.810185,0.189558,-0.900844,-0.390574,-368.841166,-4.996731,99.422172,1
7300.000000,-0.422009,-0.693884,0.583466,-274.422037,257.142829,-65.498667,-0.000001,-0.001145,-0.000001,-0.497620,-0.020555,-0.308772,-0.810316,0.189560,-0.900843,-0.390574,-367.557081,-9.848001,102.708284,1
7310.000000,-0.417615,-0.694225,0.586216,-275.249256,257.874335,-56.393884,-0.000001,-0.001144,-0.000001,-0.499378,-0.015919,-0.305920,-0.810420,0.189562,-0.900843,-0.390574,-366.133130,-14.657742,106.065406,1
7320.000000,-0.410114,-0.694533,0.591126,-276.531832,258.966245,-46.937288,-0.000000,-0.001145,-0.000001,-0.501120,-0.011283,-0.303058,-0.810498,0.189564,-0.900843,-0.390574,-364.568156,-19.421850,109.492158,1
7330.000000,-0.402274,-0.693364,0.597848,-276.067709,259.448603,-38.331484,-0.000000,-0.001145,-0.000000,-0.502845,-0.006646,-0.300187,-0.810550,0.189566,-0.900842,-0.390574,-362.861093,-24.136154,112.987063,1
7340.000000,-0.395118,-0.694189,0.601651,-276.719503,259.955619,-29.104288,-0.000001,-0.001145,-0.000001,-0.504554,-0.002009,-0.297305,-0.810574,0.189568,-0.900842,-0.390574,-361.010968,-28.796418,116.548549,1
7350.000000,-0.390475,-0.692830,0.606231,-276.908867,260.275655,-19.470497,-0.000001,-0.001145,-0.000000,-0.506247,0.002628,-0.294414,-0.810572,0.189570,-0.900842,-0.390574,-359.016912,-33.398340,120.174942,1
7360.000000,-0.381585,-0.693083,0.611579,-275.661441,261.074311,-9.799794,-0.000001,-0.001145,-0.000000,-0.507923,0.007265,-0.291513,-0.810544,0.189572,-0.900841,-0.390573,-356.878164,-37.937561,123.864467,1
7370.000000,-0.373964,-0.694016,0.615217,-274.305768,261.821005,-0.600607,-0.000001,-0.001145,-0.000001,-0.509582,0.011901,-0.288603,-0.810489,0.189574,-0.900841,-0.390573,-354.594078,-42.409666,127.615243,1
7380.000000,-0.368657,-0.693356,0.619152,-273.443897,262.092255,8.481853,-0.000001,-0.001144,-0.000000,-0.511225,0.016537,-0.285683,-0.810408,0.189576,-0.900841,-0.390573,-352.164132,-46.810187,131.425287,1
7390.000000,-0.359772,-0.694310,0.623296,-271.767957,262.668951,18.291187,-0.000001,-0.001145,-0.000001,-0.512850,0.021173,-0.282754,-0.810300,0.189578,-0.900840,-0.390573,-349.587930,-51.134614,135.292507,1
7400.000000,-0.353734,-0.694341,0.626708,-269.829503,263.812148,26.607274,-0.000001,-0.001144,-0.000001,-0.514460,0.025808,-0.279815,-0.810166,0.189580,-0.900840,-0.390573,-346.865215,-55.378391,139.214701,1
7410.000000,-0.348838,-0.693033,0.630886,-267.422057,263.911827,36.116717,-0.000000,-0.001144,-0.000000,-0.516052,0.030442,-0.276868,-0.810005,0.189582,-0.900839,-0.390573,-343.995872,-59.536930,143.189561,1
7420.000000,-0.338473,-0.693702,0.635778,-264.510201,264.018799,45.000791,-0.000000,-0.001144,-0.000001,-0.517627,0.035075,-0.273911,-0.809818,0.189584,-0.900839,-0.390572,-340.979934,-63.605616,147.214670,1
7430.000000,-0.332445,-0.693353,0.639329,-261.669718,264.817279,53.861781,-0.000001,-0.001144,-0.000000,-0.519186,0.039707,-0.270946,-0.809604,0.189586,-0.900839,-0.390572,-337.817592,-67.579810,151.287502,1
7440.000000,-0.325372,-0.692926,0.643418,-258.097597,265.422714,63.023467,-0.000000,-0.001145,-0.000001,-0.520727,0.044338,-0.267971,-0.809363,0.189588,-0.900838,-0.390572,-334.509200,-71.454860,155.405422,1
7450.000000,-0.317564,-0.693834,0.646334,-254.423774,265.989567,71.905238,-0.000001,-0.001145,-0.000000,-0.522252,0.048967,-0.264988,-0.809096,0.189590,-0.900838,-0.390572,-331.055277,-75.226109,159.565690,1
7460.000000,-0.310044,-0.693913,0.649890,-250.443449,266.636756,81.156176,-0.000000,-0.001145,-0.000000,-0.523759,0.053595,-0.261996,-0.808803,0.189592,-0.900838,-0.390572,-327.456520,-78.888902,163.765457,1
7470.000000,-0.303494,-0.693047,0.653894,-245.963875,266.604227,88.966960,-0.000000,-0.001145,-0.000000,-0.525249,0.058221,-0.258996,-0.808483,0.189594,-0.900837,-0.390572,-323.713803,-82.438599,168.001779,1
7480.000000,-0.294203,-0.693559,0.657587,-241.569497,267.814694,97.630934,-0.000000,-0.001145,-0.000001,-0.526722,0.062845,-0.255987,-0.808137,0.189596,-0.900837,-0.390572,-319.828090,-85.870673,172.271727,1
7490.000000,-0.287322,-0.694052,0.660105,-236.450840,268.137043,105.376661,-0.000000,-0.001144,-0.000000,-0.528178,0.067467,-0.252969,-0.807764,0.189598,-0.900837,-0.390571,-315.800490,-89.180510,176.572126,1
7500.000000,-0.279170,-0.693624,0.664040,-230.735811,268.690564,113.624979,-0.000001,-0.001144,-0.000001,-0.529616,0.072087,-0.249944,-0.807365,0.189600,-0.900836,-0.390571,-311.632331,-92.363478,180.899628,1
7510.000000,-0.271668,-0.694120,0.666628,-224.866930,269.183827,121.692352,-0.000001,-0.001144,-0.000001,-0.531037,0.076704,-0.246910,-0.806939,0.189602,-0.900836,-0.390571,-307.325150,-95.414997,185.250789,1
7520.000000,-0.263762,-0.693295,0.670650,-219.166469,269.732601,128.749986,-0.000001,-0.001145,-0.000001,-0.532441,0.081319,-0.243868,-0.806487,0.189604,-0.900836,-0.390571,-302.880702,-98.330545,189.622069,1
7530.000000,-0.258085,-0.693003,0.673156,-212.269831,270.400844,136.389914,-0.000001,-0.001145,-0.000000,-0.533827,0.085931,-0.240818,-0.806009,0.189606,-0.900835,-0.390571,-298.300953,-101.105671,194.009842,1
7540.000000,-0.249064,-0.693556,0.675979,-205.794372,270.467137,143.397259,-0.000001,-0.001144,-0.000000,-0.535196,0.090540,-0.237761,-0.805504,0.189608,-0.900835,-0.390571,-293.588090,-103.736007,198.410400,1
7550.000000,-0.241169,-0.694376,0.677997,-198.028316,271.323791,150.270390,0.000000,-0.001144,-0.000000,-0.536548,0.095147,-0.234695,-0.804973,0.189610,-0.900834,-0.390570,-288.744515,-106.217279,202.819956,1
7560.000000,-0.232874,-0.693875,0.681401,-191.460978,271.624469,157.069339,-0.000001,-0.001145,-0.000000,-0.537882,0.099750,-0.231622,-0.804416,0.189612,-0.900834,-0.390570,-283.772849,-108.545316,207.234652,1
7570.000000,-0.223648,-0.694212,0.684142,-184.438536,272.576709,163.395476,-0.000000,-0.001145,0.000000,-0.539198,0.104350,-0.228541,-0.803832,0.189614,-0.900834,-0.390570,-278.675929,-110.716063,211.650565,1
7580.000000,-0.217592,-0.693910,0.686398,-176.129602,272.765535,169.087260,-0.000000,-0.001145,-0.000000,-0.540496,0.108947,-0.225453,-0.803222,0.189616,-0.900833,-0.390570,-273.456808,-112.725592,216.063715,1
7590.000000,-0.210561,-0.693460,0.689040,-168.040291,273.397889,174.753479,-0.000000,-0.001145,-0.000001,-0.541777,0.113540,-0.222357,-0.802585,0.189618,-0.900833,-0.390570,-268.118751,-114.570107,220.470068,1
7600.000000,-0.202312,-0.694277,0.690687,-160.047563,273.779630,180.444064,-0.000000,-0.001145,-0.000001,-0.543040,0.118129,-0.219255,-0.801923,0.189620,-0.900833,-0.390570,-262.665234,-116.245963,224.865548,1
7610.000000,-0.193585,-0.693066,0.694395,-151.299074,274.135798,185.629008,-0.000000,-0.001145,-0.000001,-0.544286,0.122715,-0.216145,-0.801234,0.189622,-0.900832,-0.390570,-257.099939,-117.749669,229.246040,1
7620.000000,-0.185385,-0.694023,0.695676,-142.807989,274.825532,190.270740,-0.000001,-0.001145,-0.000000,-0.545513,0.127296,-0.213027,-0.800519,0.189624,-0.900832,-0.390569,-251.426750,-119.077900,233.607401,1
7630.000000,-0.178110,-0.693069,0.698521,-133.678751,275.391939,194.436222,-0.000000,-0.001145,-0.000000,-0.546723,0.131873,-0.209903,-0.799778,0.189626,-0.900832,-0.390569,-245.649751,-120.227505,237.945463,1
7640.000000,-0.169906,-0.694097,0.699544,-124.426653,275.065000,198.732840,-0.000000,-0.001144,-0.000000,-0.547915,0.136446,-0.206772,-0.799010,0.189628,-0.900831,-0.390569,-239.773215,-121.195518,242.256046,1
7650.000000,-0.162608,-0.693688,0.701680,-114.888238,275.949355,202.986322,-0.000000,-0.001145,-0.000001,-0.549089,0.141015,-0.203635,-0.798216,0.189630,-0.900831,-0.390569,-233.801602,-121.979164,246.534964,1
7660.000000,-0.154433,-0.694078,0.703140,-105.547759,275.994157,205.602926,-0.000000,-0.001145,0.000000,-0.550244,0.145579,-0.200490,-0.797397,0.189632,-0.900830,-0.390569,-227.739552,-122.575866,250.778031,1
7670.000000,-0.147109,-0.694380,0.704411,-96.961752,276.495734,208.928326,-0.000001,-0.001144,-0.000001,-0.551382,0.150138,-0.197339,-0.796551,0.189634,-0.900830,-0.390569,-221.591876,-122.983255,254.981069,1
7680.000000,-0.138230,-0.694790,0.705804,-86.343778,277.042439,211.418739,-0.000000,-0.001145,-0.000001,-0.552502,0.154692,-0.194182,-0.795679,0.189636,-0.900830,-0.390568,-215.363549,-123.199174,259.139919,1
7690.000000,-0.130068,-0.694535,0.707604,-76.330188,277.763207,212.678578,-0.000000,-0.001146,-0.000001,-0.553604,0.159241,-0.191018,-0.794781,0.189639,-0.900829,-0.390568,-209.059702,-123.221686,263.250445,1
7700.000000,-0.122141,-0.693662,0.709869,-66.633226,277.694274,214.767525,-0.000000,-0.001144,-0.000000,-0.554688,0.163785,-0.187848,-0.793857,0.189641,-0.900829,-0.390568,-202.685613,-123.049079,267.308544,1
7710.000000,-0.114596,-0.693328,0.711452,-56.346980,277.301900,216.632533,-0.000001,-0.001145,-0.000000,-0.555753,0.168324,-0.184672,-0.792907,0.189643,-0.900829,-0.390568,-196.246700,-122.679867,271.310152,1
7720.000000,-0.106156,-0.693501,0.712592,-46.283804,278.903015,216.899850,-0.000000,-0.001144,0.000000,-0.556801,0.172857,-0.181490,-0.791931,0.189645,-0.900828,-0.390568,-189.748507,-122.112800,275.251254,1
7730.000000,-0.097554,-0.693206,0.714107,-35.991485,278.482102,217.818641,-0.000000,-0.001144,0.000000,-0.557830,0.177384,-0.178301,-0.790929,0.189647,-0.900828,-0.390568,-183.196698,-121.346867,279.127886,1
7740.000000,-0.086525,-0.694369,0.714399,-25.853631,278.618213,217.431138,-0.000000,-0.001145,-0.000001,-0.558840,0.181906,-0.175107,-0.789902,0.189649,-0.900828,-0.390568,-176.597044,-120.381293,282.936149,1
7750.000000,-0.080309,-0.693078,0.716375,-15.765755,279.153239,217.535922,-0.000000,-0.001145,-0.000000,-0.559833,0.186422,-0.171908,-0.788848,0.189651,-0.900827,-0.390567,-169.955419,-119.215548,286.672208,1
7760.000000,-0.072011,-0.695117,0.715281,-6.388118,279.645948,216.405833,-0.000001,-0.001144,-0.000001,-0.560807,0.190931,-0.168702,-0.787769,0.189653,-0.900827,-0.390567,-163.277779,-117.849346,290.332306,1
7770.000000,-0.064514,-0.693291,0.717764,3.946677,279.374655,215.274949,-0.000000,-0.001145,0.000000,-0.561763,0.195435,-0.165492,-0.786664,0.189655,-0.900827,-0.390567,-156.570160,-116.282646,293.912765,1
7780.000000,-0.056408,-0.693421,0.718321,14.541026,279.994277,214.699742,-0.000001,-0.001144,-0.000000,-0.562701,0.199932,-0.162275,-0.785533,0.189657,-0.900826,-0.390567,-149.838665,-114.515653,297.409995,1
7790.000000,-0.048298,-0.693180,0.719145,24.072902,279.851456,211.238380,-0.000001,-0.001144,-0.000000,-0.563620,0.204422,-0.159054,-0.784376,0.189659,-0.900826,-0.390567,-143.089451,-112.548820,300.820497,1
7800.000000,-0.040528,-0.693617,0.719203,34.133687,279.589054,209.466907,-0.000001,-0.001145,-0.000000,-0.564520,0.208906,-0.155827,-0.783194,0.189661,-0.900825,-0.390567,-136.328719,-110.382841,304.140872,1
7810.000000,-0.032998,-0.694500,0.718735,44.374790,279.936653,206.654880,-0.000000,-0.001145,-0.000000,-0.565403,0.213382,-0.152595,-0.781986,0.189663,-0.900825,-0.390566,-129.562703,-108.018660,307.367823,1
7820.000000,-0.022560,-0.693585,0.720022,53.912921,280.135643,202.835557,-0.000001,-0.001145,-0.000000,-0.566266,0.217852,-0.149358,-0.780753,0.189665,-0.900825,-0.390566,-122.797662,-105.457458,310.498162,0
7830.000000,-0.015720,-0.693475,0.720309,63.831877,280.526910,198.603626,-0.000000,-0.001145,-0.000001,-0.567111,0.222315,-0.146116,-0.779494,0.189667,-0.900824,-0.390566,-116.039862,-102.700660,313.528813,0
7840.000000,-0.008211,-0.693633,0.720281,72.566704,280.551382,195.655916,-0.000001,-0.001145,-0.000000,-0.567938,0.226771,-0.142870,-0.778209,0.189669,-0.900824,-0.390566,-109.295572,-99.749928,316.456818,0
7850.000000,0.001165,-0.694527,0.719465,82.402628,280.345135,190.785533,-0.000000,-0.001144,-0.000000,-0.568746,0.231219,-0.139618,-0.776899,0.189671,-0.900824,-0.390566,-102.571050,-96.607158,319.279339,0
7860.000000,0.009478,-0.694252,0.719670,90.875117,280.505010,185.556284,-0.000000,-0.001145,-0.000000,-0.569535,0.235659,-0.136363,-0.775564,0.189673,-0.900823,-0.390566,-95.872532,-93.274476,321.993662,0
7870.000000,0.016799,-0.695429,0.718398,99.839449,280.503787,180.670733,-0.000000,-0.001144,-0.000001,-0.570306,0.240092,-0.133102,-0.774203,0.189675,-0.900823,-0.390565,-89.206223,-89.754235,324.597203,0
7880.000000,0.026068,-0.694222,0.719289,109.051710,280.548728,174.519843,-0.000001,-0.001145,-0.000001,-0.571058,0.244517,-0.129838,-0.772817,0.189677,-0.900823,-0.390565,-82.578285,-86.049011,327.087509,0
7890.000000,0.032465,-0.694481,0.718778,117.381553,280.478660,169.280721,-0.000000,-0.001144,-0.000000,-0.571792,0.248934,-0.126569,-0.771406,0.189679,-0.900822,-0.390565,-75.994826,-82.161596,329.462258,0
7900.000000,0.041665,-0.695201,0.717607,125.298206,280.727469,162.798974,-0.000001,-0.001144,-0.000000,-0.572506,0.253342,-0.123296,-0.769969,0.189681,-0.900822,-0.390565,-69.461895,-78.094993,331.719268,0
7910.000000,0.050836,-0.693351,0.718805,133.502007,280.871744,156.177682,-0.000001,-0.001145,-0.000000,-0.573202,0.257743,-0.120019,-0.768507,0.189683,-0.900822,-0.390565,-62.985467,-73.852411,333.856492,0
7920.000000,0.059707,-0.694897,0.716626,141.092026,280.374148,149.386825,-0.000001,-0.001145,-0.000001,-0.573879,0.262135,-0.116738,-0.767020,0.189685,-0.900821,-0.390565,-56.571433,-69.437258,335.872027,0
7930.000000,0.066924,-0.694155,0.716708,148.385719,280.657807,141.028677,-0.000001,-0.001145,-0.000000,-0.574538,0.266518,-0.113453,-0.765508,0.189687,-0.900821,-0.390565,-50.225596,-64.853135,337.764108,0
7940.000000,0.076491,-0.693218,0.716657,155.814666,279.873604,133.720900,-0.000000,-0.001145,-0.000000,-0.575177,0.270893,-0.110165,-0.763971,0.189689,-0.900820,-0.390564,-43.953657,-60.103829,339.531118,0
7950.000000,0.083214,-0.693561,0.715575,162.063652,280.572117,126.428470,-0.000001,-0.001145,-0.000000,-0.575798,0.275259,-0.106872,-0.762409,0.189691,-0.900820,-0.390564,-37.761209,-55.193304,341.171579,0
7960.000000,0.091063,-0.694373,0.713831,169.048048,280.224441,118.267559,-0.000000,-0.001145,-0.000001,-0.576400,0.279616,-0.103577,-0.760822,0.189693,-0.900820,-0.390564,-31.653728,-50.125697,342.684163,0
7970.000000,0.099969,-0.692669,0.714294,174.451489,279.769208,109.440258,-0.000001,-0.001144,-0.000000,-0.576983,0.283964,-0.100278,-0.759210,0.189695,-0.900819,-0.390564,-25.636564,-44.905306,344.067686,0
7980.000000,0.107772,-0.693552,0.712300,180.973539,280.180294,100.865364,-0.000001,-0.001145,-0.000001,-0.577547,0.288302,-0.096976,-0.757573,0.189697,-0.900819,-0.390564,-19.714935,-39.536585,345.321108,0
7990.000000,0.116268,-0.693668,0.710849,186.314416,279.387568,91.940432,-0.000001,-0.001145,-0.000001,-0.578093,0.292631,-0.093670,-0.755911,0.189699,-0.900819,-0.390564,-13.893918,-34.024132,346.443539,0
8000.000000,0.123245,-0.693319,0.710013,191.466646,279.501477,82.875946,-0.000000,-0.001145,0.000000,-0.578619,0.296950,-0.090362,-0.754225,0.189701,-0.900818,-0.390563,-8.178443,-28.372685,347.434231,0
8010.000000,0.132001,-0.693764,0.708003,195.681967,279.605639,73.409369,-0.000001,-0.001145,-0.000001,-0.579127,0.301260,-0.087050,-0.752514,0.189703,-0.900818,-0.390563,-2.573287,-22.587109,348.292583,0
8020.000000,0.140094,-0.693180,0.707018,200.358486,279.263523,63.619520,-0.000000,-0.001145,-0.000000,-0.579615,0.305560,-0.083736,-0.750778,0.189705,-0.900818,-0.390563,2.916935,-16.672388,349.018139,0
8030.000000,0.148287,-0.693781,0.704755,203.704771,279.544515,53.789145,-0.000001,-0.001144,-0.000000,-0.580085,0.309850,-0.080419,-0.749018,0.189707,-0.900817,-0.390563,8.287770,-10.633617,349.610587,0
8040.000000,0.155529,-0.694072,0.702904,207.769206,278.653318,43.879986,-0.000001,-0.001145,-0.000000,-0.580535,0.314130,-0.077099,-0.747233,0.189709,-0.900817,-0.390563,13.534939,-4.475989,350.069754,0
8050.000000,0.164945,-0.692985,0.701830,209.929917,278.657610,33.520002,-0.000001,-0.001145,-0.000000,-0.580967,0.318399,-0.073777,-0.745424,0.189711,-0.900817,-0.390563,18.654382,1.795267,350.395626,0
8060.000000,0.172478,-0.692964,0.700037,213.309595,278.079858,23.222419,-0.000000,-0.001144,-0.000000,-0.581379,0.322658,-0.070452,-0.743590,0.189713,-0.900816,-0.390563,23.642305,8.174967,350.588282,0
8070.000000,0.180618,-0.693429,0.697520,215.246806,277.597369,13.648447,-0.000001,-0.001144,-0.000000,-0.581773,0.326906,-0.067125,-0.741732,0.189715,-0.900816,-0.390562,28.494918,14.657648,350.647806,0
8080.000000,0.187064,-0.693492,0.695756,217.058960,278.042654,3.517652,-0.000001,-0.001145,-0.000001,-0.582147,0.331144,-0.063796,-0.739850,0.189717,-0.900815,-0.390562,33.208602,21.237755,350.574419,0
8090.000000,0.196344,-0.693529,0.693157,218.739266,277.435706,-7.622509,-0.000001,-0.001145,-0.000000,-0.582503,0.335371,-0.060465,-0.737944,0.189719,-0.900815,-0.390562,37.779926,27.909670,350.368485,0
8100.000000,0.203936,-0.694201,0.690287,219.571754,276.865164,-18.400204,-0.000001,-0.001145,-0.000001,-0.582839,0.339587,-0.057132,-0.736013,0.189721,-0.900815,-0.390562,42.205651,34.667727,350.030506,0
8110.000000,0.213864,-0.693194,0.688290,220.518015,277.098687,-28.597762,-0.000001,-0.001145,-0.000001,-0.583156,0.343792,-0.053797,-0.734058,0.189723,-0.900814,-0.390562,46.482735,41.506218,349.561118,0
8120.000000,0.220804,-0.693781,0.685502,220.322768,277.051965,-39.007566,-0.000000,-0.001144,-0.000001,-0.583454,0.347985,-0.050460,-0.732080,0.189725,-0.900814,-0.390562,50.608329,48.419408,348.961092,0
8130.000000,0.228674,-0.693675,0.683025,220.361336,276.319627,-49.890117,-0.000000,-0.001145,0.000000,-0.583734,0.352168,-0.047121,-0.730077,0.189727,-0.900814,-0.390561,54.579787,55.401544,348.231327,0
8140.000000,0.235700,-0.694232,0.680064,219.191987,276.801445,-60.106516,-0.000001,-0.001144,-0.000000,-0.583994,0.356338,-0.043781,-0.728051,0.189729,-0.900813,-0.390561,58.394658,62.446866,347.372844,0
8150.000000,0.243774,-0.694357,0.677084,218.209010,275.759860,-70.558579,-0.000001,-0.001144,-0.000001,-0.584234,0.360497,-0.040440,-0.726000,0.189731,-0.900813,-0.390561,62.050693,69.549620,346.386785,0
8160.000000,0.251597,-0.694248,0.674328,216.740253,275.708547,-81.180005,-0.000001,-0.001144,-0.000000,-0.584456,0.364644,-0.037097,-0.723926,0.189734,-0.900813,-0.390561,65.545839,76.704063,345.274407,0
8170.000000,0.258124,-0.694286,0.671818,214.969413,275.170443,-91.323683,-0.000000,-0.001144,-0.000001,-0.584659,0.368780,-0.033753,-0.721828,0.189736,-0.900812,-0.390561,68.878240,83.904480,344.037078,0
8180.000000,0.267371,-0.694337,0.668139,212.419531,275.286550,-101.856578,-0.000000,-0.001145,-0.000001,-0.584842,0.372903,-0.030408,-0.719707,0.189738,-0.900812,-0.390561,72.046237,91.145187,342.676270,0
8190.000000,0.273863,-0.694521,0.665312,209.335219,274.314801,-111.689256,-0.000001,-0.001145,-0.000000,-0.585007,0.377014,-0.027062,-0.717562,0.189740,-0.900812,-0.390561,75.048362,98.420545,341.193556,0
8200.000000,0.280186,-0.694062,0.663154,205.792203,274.051717,-122.444411,-0.000001,-0.001144,-0.000000,-0.585152,0.381113,-0.023715,-0.715394,0.189742,-0.900811,-0.390560,77.883335,105.724969,339.590602,0
8210.000000,0.288889,-0.694040,0.659432,202.379733,273.855216,-133.010782,-0.000001,-0.001145,-0.000001,-0.585278,0.385199,-0.020367,-0.713202,0.189744,-0.900811,-0.390560,80.550065,113.052933,337.869167,0
8220.000000,0.296292,-0.694112,0.656064,198.672352,273.634619,-142.585450,-0.000000,-0.001145,-0.000001,-0.585385,0.389272,-0.017019,-0.710986,0.189746,-0.900810,-0.390560,83.047639,120.398981,336.031089,0
8230.000000,0.304573,-0.693615,0.652789,193.873099,272.608974,-151.800440,-0.000001,-0.001144,-0.000001,-0.585473,0.393333,-0.013670,-0.708748,0.189748,-0.900810,-0.390560,85.375324,127.757735,334.078287,0
8240.000000,0.310101,-0.694499,0.649237,189.478789,272.114654,-161.427531,-0.000000,-0.001145,-0.000000,-0.585541,0.397381,-0.010320,-0.706486,0.189750,-0.900810,-0.390560,87.532554,135.123898,332.012752,0
8250.000000,0.318855,-0.694195,0.645310,184.569501,272.153081,-170.760416,-0.000000,-0.001145,-0.000001,-0.585591,0.401416,-0.006970,-0.704202,0.189752,-0.900809,-0.390560,89.518933,142.492266,329.836542,0
8260.000000,0.327454,-0.694299,0.640877,178.792125,271.590530,-180.091018,-0.000000,-0.001145,-0.000001,-0.585621,0.405438,-0.003620,-0.701894,0.189754,-0.900809,-0.390559,91.334222,149.857730,327.551774,0
8270.000000,0.332914,-0.694735,0.637582,172.893288,270.672784,-188.359903,-0.000000,-0.001144,-0.000001,-0.585632,0.409446,-0.000270,-0.699563,0.189756,-0.900809,-0.390559,92.978337,157.215280,325.160623,0
8280.000000,0.341064,-0.694264,0.633777,166.743812,270.142712,-197.414239,-0.000000,-0.001144,-0.000001,-0.585624,0.413442,0.003080,-0.697209,0.189758,-0.900808,-0.390559,94.451338,164.560016,322.665312,0
8290.000000,0.348570,-0.693626,0.630383,160.427387,270.148907,-206.229064,-0.000000,-0.001145,-0.000000,-0.585597,0.417423,0.006430,-0.694833,0.189760,-0.900808,-0.390559,95.753427,171.887143,320.068108,0
8300.000000,0.354002,-0.695055,0.625764,153.610173,270.110071,-214.141442,-0.000001,-0.001145,-0.000001,-0.585551,0.421391,0.009780,-0.692433,0.189762,-0.900808,-0.390559,96.884937,179.191982,317.371317,0
8310.000000,0.364578,-0.692432,0.622592,145.663828,269.348534,-222.689534,-0.000001,-0.001145,-0.000000,-0.585485,0.425345,0.013129,-0.690012,0.189764,-0.900807,-0.390559,97.846325,186.469967,314.577279,0
8320.000000,0.370377,-0.694077,0.617315,138.521996,268.891606,-230.259953,-0.000001,-0.001145,-0.000001,-0.585401,0.429286,0.016478,-0.687567,0.189766,-0.900807,-0.390558,98.638167,193.716649,311.688363,0
8330.000000,0.376647,-0.694156,0.613420,130.830234,268.523877,-237.814504,-0.000001,-0.001144,-0.000001,-0.585297,0.433212,0.019827,-0.685100,0.189768,-0.900806,-0.390558,99.261147,200.927697,308.706959,0
8340.000000,0.384272,-0.693938,0.608921,122.482971,268.040894,-244.589102,-0.000001,-0.001145,-0.000001,-0.585174,0.437124,0.023175,-0.682611,0.189770,-0.900806,-0.390558,99.716052,208.098900,305.635478,0
8350.000000,0.391130,-0.693947,0.604529,114.946268,267.607572,-250.941209,-0.000001,-0.001144,-0.000000,-0.585032,0.441022,0.026522,-0.680099,0.189772,-0.900806,-0.390558,100.003763,215.226163,302.476345,0
8360.000000,0.397394,-0.693387,0.601076,105.828557,266.511756,-257.996167,-0.000001,-0.001144,-0.000000,-0.584870,0.444905,0.029868,-0.677565,0.189774,-0.900805,-0.390558,100.125249,222.305509,299.231994,0
8370.000000,0.404268,-0.694395,0.595301,96.441131,266.163619,-264.451098,-0.000001,-0.001144,-0.000000,-0.584690,0.448774,0.033213,-0.675009,0.189776,-0.900805,-0.390558,100.081557,229.333076,295.904866,0
8380.000000,0.411685,-0.693324,0.591453,87.827311,265.948541,-270.100422,-0.000000,-0.001144,-0.000000,-0.584490,0.452628,0.036557,-0.672431,0.189778,-0.900805,-0.390558,99.873808,236.305117,292.497406,0
8390.000000,0.417778,-0.693227,0.587280,78.456152,265.551078,-275.818063,-0.000000,-0.001145,0.000000,-0.584272,0.456467,0.039900,-0.669830,0.189780,-0.900804,-0.390557,99.503189,243.217994,289.012056,0
8400.000000,0.423677,-0.694964,0.580968,68.923876,264.615628,-281.557782,-0.000001,-0.001145,-0.000001,-0.584034,0.460291,0.043242,-0.667208,0.189782,-0.900804,-0.390557,98.970945,250.068180,285.451256,0
8410.000000,0.432509,-0.693383,0.576330,58.431938,264.188267,-286.113617,-0.000001,-0.001145,-0.000001,-0.583777,0.464101,0.046582,-0.664564,0.189784,-0.900804,-0.390557,98.278374,256.852247,281.817440,0
8420.000000,0.437474,-0.694709,0.570960,49.469681,263.614651,-290.329093,-0.000001,-0.001145,-0.000001,-0.583501,0.467895,0.049921,-0.661898,0.189786,-0.900803,-0.390557,97.426822,263.566872,278.113032,0
8430.000000,0.444562,-0.693731,0.566659,38.414087,262.947864,-293.829738,0.000000,-0.001144,-0.000000,-0.583206,0.471673,0.053258,-0.659211,0.189788,-0.900803,-0.390557,96.417677,270.208825,274.340447,0
8440.000000,0.450257,-0.694030,0.561774,28.957018,262.466802,-298.517661,-0.000000,-0.001144,0.000000,-0.582891,0.475437,0.056594,-0.656502,0.189790,-0.900803,-0.390557,95.252362,276.774967,270.502090,0
8450.000000,0.458322,-0.693821,0.555476,17.870052,262.681492,-301.759100,-0.000000,-0.001145,-0.000001,-0.582558,0.479184,0.059927,-0.653771,0.189792,-0.900802,-0.390556,93.932334,283.262245,266.600349,0
8460.000000,0.463094,-0.693699,0.551657,7.762191,261.718037,-304.998535,-0.000001,-0.001145,-0.000001,-0.582206,0.482916,0.063259,-0.651019,0.189794,-0.900802,-0.390556,92.459077,289.667685,262.637601,0
8470.000000,0.470929,-0.694051,0.544536,-2.742352,261.307427,-307.601476,-0.000000,-0.001144,-0.000001,-0.581834,0.486633,0.066588,-0.648246,0.189796,-0.900801,-0.390556,90.834100,295.988391,258.616207,0
8480.000000,0.474783,-0.694092,0.541126,-13.573754,260.773576,-310.048012,-0.000001,-0.001144,-0.000001,-0.581444,0.490333,0.069916,-0.645452,0.189798,-0.900801,-0.390556,89.058936,302.221533,254.538516,0
8490.000000,0.481401,-0.693970,0.535405,-24.691058,259.877028,-311.196522,-0.000001,-0.001144,-0.000001,-0.581035,0.494017,0.073241,-0.642636,0.189800,-0.900801,-0.390556,87.135135,308.364347,250.406859,0
8500.000000,0.488399,-0.694444,0.528407,-35.945239,259.836592,-313.057114,-0.000001,-0.001144,-0.000001,-0.580606,0.497686,0.076563,-0.639800,0.189802,-0.900800,-0.390556,85.064266,314.414127,246.223556,0
8510.000000,0.494014,-0.694004,0.523746,-46.735309,258.887207,-314.677896,-0.000001,-0.001145,-0.000001,-0.580159,0.501337,0.079883,-0.636942,0.189804,-0.900800,-0.390556,82.847913,320.368218,241.990914,0
8520.000000,0.500846,-0.693886,0.517373,-58.032666,258.790226,-314.799178,0.000000,-0.001145,-0.000000,-0.579692,0.504973,0.083201,-0.634064,0.189806,-0.900800,-0.390555,80.487679,326.224015,237.711224,0
8530.000000,0.505564,-0.693800,0.512881,-69.423687,258.193295,-315.225976,-0.000000,-0.001144,-0.000001,-0.579207,0.508592,0.086516,-0.631165,0.189808,-0.900799,-0.390555,77.985181,331.978952,233.386772,0
8540.000000,0.512845,-0.693703,0.505733,-80.356115,257.554868,-315.433440,-0.000001,-0.001145,-0.000000,-0.578702,0.512194,0.089827,-0.628245,0.189810,-0.900799,-0.390555,75.342052,337.630505,229.019829,0
8550.000000,0.518623,-0.694218,0.499090,-91.086461,256.975587,-315.066414,-0.000000,-0.001144,-0.000001,-0.578179,0.515779,0.093136,-0.625305,0.189812,-0.900799,-0.390555,72.559944,343.176179,224.612661,0
8560.000000,0.522597,-0.695604,0.492977,-102.276439,256.984994,-314.358225,-0.000001,-0.001144,-0.000001,-0.577637,0.519348,0.096442,-0.622344,0.189814,-0.900798,-0.390555,69.640525,348.613508,220.167528,0
8570.000000,0.528233,-0.693904,0.489353,-113.736113,256.085141,-312.534810,-0.000001,-0.001145,-0.000000,-0.577076,0.522900,0.099745,-0.619363,0.189816,-0.900798,-0.390555,66.585485,353.940053,215.686685,0
8580.000000,0.535747,-0.692809,0.482691,-124.737773,255.451791,-311.098931,-0.000001,-0.001145,-0.000000,-0.576496,0.526434,0.103045,-0.616362,0.189818,-0.900798,-0.390554,63.396538,359.153396,211.172386,0
8590.000000,0.541143,-0.694112,0.474733,-135.726453,254.694309,-309.237900,-0.000001,-0.001144,-0.000001,-0.575897,0.529952,0.106341,-0.613340,0.189820,-0.900797,-0.390554,60.075421,364.251134,206.626885,0
8600.000000,0.546399,-0.694054,0.468762,-146.860750,254.441203,-306.435660,-0.000000,-0.001145,-0.000001,-0.575279,0.533452,0.109634,-0.610298,0.189822,-0.900797,-0.390554,56.623903,369.230885,202.052437,0
8610.000000,0.551308,-0.694237,0.462704,-157.836174,253.706829,-304.719951,-0.000000,-0.001145,-0.000001,-0.574642,0.536934,0.112923,-0.607237,0.189824,-0.900796,-0.390554,53.043782,374.090280,197.451303,0
8620.000000,0.556615,-0.693923,0.456782,-168.205283,252.567040,-300.590615,-0.000001,-0.001145,-0.000001,-0.573987,0.540399,0.116208,-0.604155,0.189827,-0.900796,-0.390554,49.336893,378.826960,192.825749,0
8630.000000,0.561537,-0.693959,0.450664,-180.338892,252.544878,-297.395121,-0.000000,-0.001144,-0.000000,-0.573313,0.543846,0.119490,-0.601054,0.189829,-0.900796,-0.390554,45.505022,383.438702,188.177955,0
8640.000000,0.565833,-0.693991,0.445207,-190.277411,252.265796,-293.305140,-0.000000,-0.001144,-0.000001,-0.572620,0.547276,0.122767,-0.597933,0.189831,-0.900795,-0.390554,41.550011,387.923129,183.510089,0
8650.000000,0.572086,-0.693234,0.438343,-200.899607,251.695131,-288.958579,-0.000000,-0.001145,-0.000000,-0.571908,0.550687,0.126041,-0.594793,0.189833,-0.900795,-0.390553,37.473832,392.277706,178.824412,0
8660.000000,0.577755,-0.693029,0.431174,-211.266362,250.887261,-284.264709,-0.000000,-0.001145,-0.000000,-0.571178,0.554081,0.129311,-0.591633,0.189835,-0.900795,-0.390553,33.278517,396.499919,174.123205,0
8670.000000,0.580994,-0.693799,0.425545,-221.975797,250.659375,-279.277293,0.000000,-0.001145,-0.000001,-0.570429,0.557456,0.132576,-0.588453,0.189837,-0.900794,-0.390553,28.966164,400.587272,169.408775,0
8680.000000,0.587185,-0.693284,0.417816,-231.716864,250.360453,-274.051259,0.000000,-0.001145,-0.000000,-0.569661,0.560813,0.135837,-0.585255,0.189839,-0.900794,-0.390553,24.538937,404.537294,164.683454,0
8690.000000,0.591883,-0.693954,0.410002,-241.945652,249.862140,-267.702037,-0.000000,-0.001145,-0.000000,-0.568875,0.564152,0.139093,-0.582037,0.189841,-0.900794,-0.390553,19.999075,408.347535,159.949598,0
8700.000000,0.596000,-0.694192,0.403586,-251.576302,249.205886,-262.076420,-0.000001,-0.001144,-0.000001,-0.568070,0.567472,0.142345,-0.578800,0.189843,-0.900793,-0.390553,15.348888,412.015574,155.209589,0
8710.000000,0.599221,-0.694325,0.398556,-261.182736,248.905351,-255.048895,-0.000000,-0.001144,-0.000001,-0.567246,0.570774,0.145593,-0.575545,0.189845,-0.900793,-0.390552,10.590768,415.539023,150.465835,0
8720.000000,0.605802,-0.693302,0.390303,-270.511013,247.943540,-248.514980,-0.000001,-0.001145,-0.000000,-0.566404,0.574057,0.148835,-0.572270,0.189847,-0.900793,-0.390552,5.727188,418.915528,145.720770,0
8730.000000,0.608509,-0.694379,0.384129,-280.145201,247.984058,-240.870877,-0.000001,-0.001144,-0.000001,-0.565543,0.577321,0.152073,-0.568977,0.189849,-0.900792,-0.390552,0.760704,422.142773,140.976851,0
8740.000000,0.614377,-0.693966,0.375435,-288.719643,246.858280,-234.085314,-0.000000,-0.001144,-0.000001,-0.564664,0.580567,0.155306,-0.565665,0.189851,-0.900792,-0.390552,-4.306039,425.218490,136.236561,0
8750.000000,0.618104,-0.693824,0.369534,-297.793933,247.059622,-226.696613,-0.000000,-0.001144,0.000000,-0.563766,0.583793,0.158533,-0.562335,0.189853,-0.900791,-0.390552,-9.470307,428.140457,131.502406,0
8760.000000,0.622381,-0.694161,0.361638,-306.785909,246.272552,-218.319830,0.000000,-0.001145,-0.000000,-0.562850,0.587000,0.161756,-0.558986,0.189855,-0.900791,-0.390552,-14.729275,430.906507,126.776915,0
8770.000000,0.626166,-0.693361,0.356605,-314.632326,245.512159,-209.680408,-0.000000,-0.001145,-0.000001,-0.561916,0.590189,0.164973,-0.555619,0.189857,-0.900791,-0.390552,-20.080025,433.514535,122.062637,0
8780.000000,0.631456,-0.692906,0.348059,-322.693896,245.843622,-200.527284,-0.000001,-0.001145,-0.000001,-0.560963,0.593357,0.168185,-0.552233,0.189859,-0.900790,-0.390551,-25.519546,435.962500,117.362142,0
8790.000000,0.633266,-0.694632,0.341264,-330.729879,244.857851,-191.828432,-0.000001,-0.001145,-0.000000,-0.559991,0.596507,0.171391,-0.548830,0.189861,-0.900790,-0.390551,-31.044731,438.248432,112.678016,0
8800.000000,0.637282,-0.694011,0.334994,-337.708295,244.672473,-182.912517,-0.000001,-0.001145,-0.000001,-0.559002,0.599637,0.174592,-0.545409,0.189863,-0.900790,-0.390551,-36.652381,440.370439,108.012863,0
8810.000000,0.641998,-0.693211,0.327562,-344.832406,243.444758,-172.880104,-0.000001,-0.001145,-0.000000,-0.557994,0.602747,0.177787,-0.541970,0.189865,-0.900789,-0.390551,-42.339198,442.326712,103.369297,0
8820.000000,0.645208,-0.694106,0.319255,-351.179582,243.258552,-163.481968,-0.000001,-0.001144,-0.000001,-0.556968,0.605837,0.180976,-0.538513,0.189867,-0.900789,-0.390551,-48.101795,444.115532,98.749946,0
8830.000000,0.649176,-0.694426,0.310394,-357.715395,243.342396,-153.007357,-0.000001,-0.001144,-0.000000,-0.555923,0.608908,0.184159,-0.535038,0.189869,-0.900789,-0.390551,-53.936690,445.735273,94.157445,0
8840.000000,0.651487,-0.694547,0.305236,-363.638054,242.705371,-143.051515,-0.000001,-0.001145,-0.000001,-0.554861,0.611959,0.187336,-0.531546,0.189871,-0.900788,-0.390550,-59.840310,447.184412,89.594434,0
8850.000000,0.656476,-0.693932,0.295799,-369.558870,242.754993,-132.015704,0.000000,-0.001145,-0.000001,-0.553780,0.614989,0.190507,-0.528037,0.189873,-0.900788,-0.390550,-65.808992,448.461530,85.063558,0
8860.000000,0.658785,-0.694469,0.289337,-375.076210,241.753652,-121.506810,-0.000000,-0.001144,0.000000,-0.552681,0.618000,0.193672,-0.524510,0.189875,-0.900787,-0.390550,-71.838990,449.565322,80.567457,0
8870.000000,0.662192,-0.694820,0.280584,-380.087081,240.942587,-110.438312,-0.000000,-0.001145,-0.000000,-0.551564,0.620990,0.196830,-0.520966,0.189877,-0.900787,-0.390550,-77.926469,450.494598,76.108771,0
8880.000000,0.666092,-0.693935,0.273452,-384.632833,240.534035,-99.423576,-0.000001,-0.001145,-0.000000,-0.550429,0.623960,0.199982,-0.517405,0.189879,-0.900787,-0.390550,-84.067518,451.248290,71.690131,0
8890.000000,0.668477,-0.694718,0.265529,-388.654268,240.743386,-87.530925,-0.000001,-0.001145,-0.000001,-0.549276,0.626910,0.203128,-0.513827,0.189881,-0.900786,-0.390550,-90.258147,451.825461,67.314157,0
8900.000000,0.670935,-0.695476,0.257216,-392.664352,239.486880,-76.322800,-0.000000,-0.001145,-0.000001,-0.548105,0.629839,0.206267,-0.510233,0.189883,-0.900786,-0.390549,-96.494293,452.225299,62.983456,0
8910.000000,0.675194,-0.693312,0.251858,-396.827309,239.687635,-64.342817,-0.000001,-0.001144,-0.000001,-0.546916,0.632748,0.209399,-0.506621,0.189885,-0.900786,-0.390549,-102.771824,452.447133,58.700614,0
8920.000000,0.677917,-0.693586,0.243653,-399.505579,238.819649,-53.633253,-0.000001,-0.001145,-0.000000,-0.545710,0.635635,0.212524,-0.502994,0.189887,-0.900785,-0.390549,-109.086546,452.490429,54.468199,0
8930.000000,0.680968,-0.693646,0.234815,-402.331441,238.479020,-41.309577,-0.000001,-0.001145,-0.000001,-0.544485,0.638502,0.215642,-0.499349,0.189889,-0.900785,-0.390549,-115.434203,452.354795,50.288753,0
8940.000000,0.682082,-0.694432,0.229192,-404.413488,238.125623,-29.234577,0.000000,-0.001145,-0.000000,-0.543242,0.641348,0.218753,-0.495688,0.189891,-0.900785,-0.390549,-121.810488,452.039988,46.164786,0
8950.000000,0.686185,-0.693573,0.219334,-406.588672,237.804373,-16.851389,-0.000001,-0.001145,-0.000001,-0.541982,0.644173,0.221857,-0.492011,0.189893,-0.900784,-0.390549,-128.211044,451.545911,42.098781,0
8960.000000,0.688496,-0.693597,0.211887,-407.662063,237.439915,-4.877209,-0.000000,-0.001145,-0.000000,-0.540704,0.646977,0.224954,-0.488318,0.189895,-0.900784,-0.390549,-134.631470,450.872619,38.093179,0
8970.000000,0.690042,-0.694588,0.203447,-409.147231,236.377400,6.632183,-0.000000,-0.001145,0.000000,-0.539408,0.649760,0.228044,-0.484609,0.189897,-0.900784,-0.390548,-141.067330,450.020322,34.150386,0
8980.000000,0.692045,-0.694787,0.195818,-410.209835,236.841825,19.629433,-0.000001,-0.001145,-0.000001,-0.538095,0.652522,0.231126,-0.480884,0.189899,-0.900783,-0.390548,-147.514154,448.989382,30.272761,0
8990.000000,0.694689,-0.694099,0.188769,-409.611056,236.221009,31.684723,0.000000,-0.001144,-0.000001,-0.536764,0.655262,0.234200,-0.477144,0.189901,-0.900783,-0.390548,-153.967450,447.780320,26.462620,0
9000.000000,0.697355,-0.693881,0.179515,-409.740048,235.652548,43.891948,-0.000000,-0.001145,-0.000001,-0.535416,0.657981,0.237267,-0.473388,0.189903,-0.900782,-0.390548,-160.422704,446.393813,22.722227,0
9010.000000,0.698437,-0.694246,0.173804,-409.127655,235.160802,55.708020,-0.000001,-0.001145,0.000000,-0.534050,0.660678,0.240326,-0.469616,0.189905,-0.900782,-0.390548,-166.875391,444.830695,19.053791,0
9020.000000,0.700967,-0.693874,0.164879,-408.512904,234.960653,68.022073,-0.000000,-0.001145,-0.000001,-0.532666,0.663354,0.243377,-0.465829,0.189907,-0.900782,-0.390548,-173.320979,443.091959,15.459468,0
9030.000000,0.703688,-0.693428,0.154859,-406.645626,234.839529,80.520507,0.000000,-0.001145,-0.000000,-0.531265,0.666008,0.246420,-0.462026,0.189909,-0.900781,-0.390547,-179.754935,441.178754,11.941352,0
9040.000000,0.704259,-0.694345,0.147999,-405.742844,233.931920,92.807898,0.000000,-0.001144,-0.000000,-0.529847,0.668640,0.249455,-0.458209,0.189911,-0.900781,-0.390547,-186.172733,439.092388,8.501475,0
9050.000000,0.705808,-0.694450,0.139909,-402.505111,234.236866,105.213836,-0.000001,-0.001144,-0.000001,-0.528411,0.671250,0.252482,-0.454376,0.189913,-0.900781,-0.390547,-192.569859,436.834325,5.141802,0
9060.000000,0.707726,-0.694130,0.131556,-400.187248,233.201337,117.019223,-0.000000,-0.001145,-0.000000,-0.526958,0.673838,0.255501,-0.450529,0.189915,-0.900780,-0.390547,-198.941819,434.406183,1.864233,0
9070.000000,0.708430,-0.695023,0.122765,-397.616329,232.741012,128.724761,-0.000001,-0.001144,-0.000000,-0.525488,0.676405,0.258511,-0.446667,0.189917,-0.900780,-0.390547,-205.284143,431.809734,-1.329406,0
9080.000000,0.710057,-0.694511,0.116076,-394.042447,232.635296,140.643855,-0.000000,-0.001145,-0.000001,-0.524000,0.678949,0.261513,-0.442790,0.189920,-0.900780,-0.390547,-211.592392,429.046901,-4.437362,0
9090.000000,0.712889,-0.692956,0.107710,-389.754585,232.179404,152.170718,-0.000001,-0.001145,-0.000001,-0.522496,0.681471,0.264506,-0.438899,0.189922,-0.900779,-0.390547,-217.862168,426.119757,-7.457956,0
9100.000000,0.713222,-0.693751,0.100121,-385.499605,232.014780,163.633571,-0.000001,-0.001144,-0.000001,-0.520974,0.683970,0.267491,-0.434994,0.189924,-0.900779,-0.390546,-224.089114,423.030523,-10.389590,0
9110.000000,0.714923,-0.693235,0.091162,-381.228465,230.681713,175.164805,-0.000001,-0.001145,-0.000000,-0.519435,0.686447,0.270466,-0.431074,0.189926,-0.900779,-0.390546,-230.268924,419.781563,-13.230744,0
9120.000000,0.714948,-0.694144,0.083752,-376.041114,230.930857,186.301088,-0.000000,-0.001144,-0.000000,-0.517880,0.688902,0.273433,-0.427140,0.189928,-0.900778,-0.390546,-236.397348,416.375382,-15.979982,0
9130.000000,0.716406,-0.693686,0.074577,-370.088371,230.622228,197.853097,-0.000000,-0.001144,-0.000000,-0.516307,0.691334,0.276392,-0.423192,0.189930,-0.900778,-0.390546,-242.470200,412.814624,-18.635949,0
9140.000000,0.717542,-0.693337,0.066457,-364.881468,230.275310,208.447208,-0.000000,-0.001144,-0.000001,-0.514718,0.693744,0.279341,-0.419230,0.189932,-0.900777,-0.390546,-248.483361,409.102066,-21.197381,0
9150.000000,0.717368,-0.694290,0.057822,-358.607106,230.037933,219.453788,-0.000001,-0.001145,-0.000000,-0.513111,0.696131,0.282280,-0.415255,0.189934,-0.900777,-0.390546,-254.432786,405.240617,-23.663097,0
9160.000000,0.718698,-0.693501,0.050296,-351.898910,229.663224,228.873869,-0.000001,-0.001144,-0.000000,-0.511488,0.698495,0.285211,-0.411266,0.189936,-0.900777,-0.390545,-260.314509,401.233311,-26.032007,0
9170.000000,0.719113,-0.693568,0.042891,-345.047403,228.981563,239.922512,-0.000000,-0.001144,-0.000001,-0.509848,0.700836,0.288132,-0.407263,0.189938,-0.900776,-0.390545,-266.124651,397.083303,-28.303111,0
9180.000000,0.719100,-0.694081,0.033858,-338.118421,228.444147,249.588741,-0.000000,-0.001145,-0.000001,-0.508191,0.703154,0.291044,-0.403248,0.189940,-0.900776,-0.390545,-271.859424,392.793867,-30.475499,0
9190.000000,0.719910,-0.693593,0.025674,-331.163921,228.866860,259.580276,-0.000001,-0.001145,-0.000000,-0.506518,0.705450,0.293947,-0.399219,0.189942,-0.900776,-0.390545,-277.515134,388.368389,-32.548355,0
9200.000000,0.719839,-0.693885,0.018861,-323.375612,228.345536,268.725921,-0.000001,-0.001144,-0.000000,-0.504828,0.707722,0.296839,-0.395177,0.189944,-0.900775,-0.390545,-283.088218,383.810346,-34.520964,0
9210.000000,0.719485,-0.694427,0.010614,-314.651811,227.801303,277.959640,-0.000001,-0.001145,-0.000000,-0.503122,0.709971,0.299722,-0.391122,0.189946,-0.900775,-0.390545,-288.575349,379.123176,-36.392745,0
9220.000000,0.719658,-0.694327,0.001453,-306.606417,227.442390,287.132671,-0.000001,-0.001144,-0.000001,-0.501399,0.712197,0.302596,-0.387054,0.189948,-0.900775,-0.390545,-293.973030,374.310416,-38.163135,0
9230.000000,0.720061,-0.693879,-0.006655,-297.537725,226.923897,296.348767,0.000000,-0.001145,-0.000001,-0.499660,0.714399,0.305459,-0.382973,0.189950,-0.900774,-0.390544,-299.277826,369.375727,-39.831649,0
9240.000000,0.720960,-0.692823,-0.014580,-289.172999,226.764823,303.833986,-0.000000,-0.001145,-0.000001,-0.497905,0.716578,0.308312,-0.378880,0.189952,-0.900774,-0.390544,-304.486420,364.322867,-41.397899,0
9250.000000,0.719438,-0.694137,-0.024131,-279.410604,226.676816,312.142744,-0.000001,-0.001144,0.000000,-0.496133,0.718734,0.311155,-0.374775,0.189954,-0.900773,-0.390544,-309.595622,359.155687,-42.861590,0
9260.000000,0.719034,-0.694272,-0.031254,-269.903301,225.872454,319.544390,-0.000000,-0.001145,-0.000000,-0.494345,0.720866,0.313988,-0.370657,0.189956,-0.900773,-0.390544,-314.602373,353.878122,-44.222528,1
9270.000000,0.719241,-0.693611,-0.039938,-260.286483,226.146815,326.960079,-0.000001,-0.001144,-0.000000,-0.492540,0.722975,0.316811,-0.366527,0.189958,-0.900773,-0.390544,-319.503745,348.494183,-45.480610,1
9280.000000,0.720174,-0.692234,-0.046491,-250.790298,225.111903,333.377064,-0.000000,-0.001145,-0.000000,-0.490720,0.725060,0.319624,-0.362386,0.189960,-0.900772,-0.390544,-324.296949,343.007948,-46.635830,1
9290.000000,0.718501,-0.693225,-0.056526,-240.466753,225.156050,340.151635,-0.000001,-0.001145,-0.000000,-0.488883,0.727121,0.322426,-0.358232,0.189962,-0.900772,-0.390543,-328.979335,337.423554,-47.688275,1
9300.000000,0.717436,-0.693629,-0.064540,-229.909790,223.680131,347.205711,-0.000000,-0.001145,-0.000000,-0.487031,0.729158,0.325217,-0.354067,0.189964,-0.900772,-0.390543,-333.548396,331.745192,-48.638124,1
9310.000000,0.716911,-0.693204,-0.074203,-220.015976,224.441212,352.580603,-0.000001,-0.001144,-0.000000,-0.485163,0.731172,0.327998,-0.349890,0.189966,-0.900771,-0.390543,-338.001770,325.977092,-49.485647,1
9320.000000,0.714986,-0.694216,-0.082815,-209.076029,224.624218,358.825921,-0.000000,-0.001145,-0.000000,-0.483278,0.733161,0.330768,-0.345701,0.189968,-0.900771,-0.390543,-342.337242,320.123518,-50.231202,1
9330.000000,0.714370,-0.693932,-0.090188,-198.359264,223.256890,363.933926,-0.000000,-0.001145,-0.000000,-0.481378,0.735127,0.333527,-0.341502,0.189970,-0.900771,-0.390543,-346.552743,314.188763,-50.875233,1
9340.000000,0.713498,-0.693839,-0.097510,-186.762985,223.278028,368.894724,-0.000000,-0.001144,-0.000000,-0.479463,0.737068,0.336275,-0.337291,0.189972,-0.900770,-0.390543,-350.646354,308.177131,-51.418270,1
9350.000000,0.711529,-0.694577,-0.106250,-175.443433,222.473571,373.083535,-0.000001,-0.001145,-0.000001,-0.477531,0.738986,0.339012,-0.333069,0.189974,-0.900770,-0.390542,-354.616303,302.092938,-51.860922,1
9360.000000,0.711051,-0.693942,-0.113365,-164.532860,222.026988,377.745028,-0.000001,-0.001144,-0.000001,-0.475584,0.740879,0.341739,-0.328836,0.189976,-0.900770,-0.390542,-358.460968,295.940497,-52.203875,1
9370.000000,0.709680,-0.694028,-0.121159,-153.651613,221.733850,380.999266,-0.000001,-0.001145,-0.000001,-0.473621,0.742748,0.344454,-0.324592,0.189978,-0.900769,-0.390542,-362.178873,289.724113,-52.447893,1
9380.000000,0.708903,-0.693377,-0.129165,-141.952337,221.170581,384.778267,-0.000000,-0.001145,-0.000001,-0.471643,0.744593,0.347157,-0.320338,0.189980,-0.900769,-0.390542,-365.768686,283.448072,-52.593809,1
9390.000000,0.707155,-0.693031,-0.140143,-130.607529,220.790431,387.147580,-0.000000,-0.001144,-0.000001,-0.469649,0.746413,0.349850,-0.316073,0.189982,-0.900768,-0.390542,-369.229223,277.116636,-52.642522,1
9400.000000,0.704599,-0.694605,-0.145131,-119.255267,220.317013,389.550444,-0.000000,-0.001144,-0.000001,-0.467640,0.748209,0.352531,-0.311798,0.189984,-0.900768,-0.390542,-372.559436,270.734033,-52.594998,1
9410.000000,0.703699,-0.693627,-0.153913,-107.307218,220.285410,391.936694,-0.000001,-0.001145,-0.000001,-0.465616,0.749980,0.355200,-0.307513,0.189986,-0.900768,-0.390542,-375.758420,264.304450,-52.452259,1
9420.000000,0.700864,-0.694515,-0.162599,-95.755797,219.998772,394.059911,-0.000000,-0.001144,-0.000000,-0.463576,0.751727,0.357858,-0.303218,0.189988,-0.900767,-0.390541,-378.825400,257.832026,-52.215383,1
9430.000000,0.698791,-0.694721,-0.170452,-84.485910,219.462958,395.131501,-0.000000,-0.001145,-0.000001,-0.461522,0.753449,0.360504,-0.298913,0.189990,-0.900767,-0.390541,-381.759733,251.320846,-51.885500,1
9440.000000,0.698520,-0.693435,-0.176687,-72.700754,218.841020,396.346712,-0.000001,-0.001144,-0.000001,-0.459452,0.755147,0.363138,-0.294598,0.189992,-0.900767,-0.390541,-384.560903,244.774934,-51.463783,1
9450.000000,0.695247,-0.693444,-0.189120,-60.934466,218.536550,396.852382,-0.000001,-0.001144,-0.000000,-0.457367,0.756820,0.365760,-0.290273,0.189994,-0.900766,-0.390541,-387.228513,238.198245,-50.951448,1
9460.000000,0.692618,-0.694319,-0.195451,-49.028173,218.567865,397.475266,-0.000001,-0.001144,-0.000000,-0.455267,0.758468,0.368371,-0.285939,0.189996,-0.900766,-0.390541,-389.762279,231.594664,-50.349748,1
9470.000000,0.690966,-0.694003,-0.202301,-38.003373,218.447991,397.247696,-0.000000,-0.001145,-0.000001,-0.453153,0.760091,0.370969,-0.281595,0.189998,-0.900766,-0.390541,-392.162030,224.967999,-49.659967,1
9480.000000,0.688357,-0.693936,-0.211228,-26.255420,217.078715,396.618928,-0.000000,-0.001145,-0.000000,-0.451023,0.761690,0.373555,-0.277243,0.190000,-0.900765,-0.390540,-394.427693,218.321976,-48.883417,1
9490.000000,0.686246,-0.693776,-0.218500,-14.723152,217.767402,396.077107,-0.000000,-0.001145,-0.000000,-0.448879,0.763263,0.376129,-0.272881,0.190002,-0.900765,-0.390540,-396.559294,211.660237,-48.021432,1
9500.000000,0.684162,-0.693770,-0.224957,-2.853039,217.309382,395.033830,-0.000000,-0.001145,-0.000000,-0.446720,0.764812,0.378691,-0.268510,0.190004,-0.900765,-0.390540,-398.556947,204.986338,-47.075365,1
9510.000000,0.680534,-0.694593,-0.233268,8.732552,216.715137,393.264551,-0.000000,-0.001145,0.000000,-0.444546,0.766335,0.381240,-0.264130,0.190006,-0.900764,-0.390540,-400.420847,198.303743,-46.046582,1
9520.000000,0.679611,-0.693212,-0.239971,19.894169,216.517086,391.554362,-0.000001,-0.001145,-0.000001,-0.442358,0.767834,0.383777,-0.259742,0.190008,-0.900764,-0.390540,-402.151263,191.615828,-44.936461,1
9530.000000,0.674582,-0.695273,-0.248062,30.900496,216.105862,389.220864,-0.000000,-0.001145,-0.000000,-0.440155,0.769307,0.386301,-0.255346,0.190010,-0.900763,-0.390540,-403.748532,184.925874,-43.746382,1
9540.000000,0.673233,-0.693075,-0.257690,41.774205,215.265557,386.968426,-0.000000,-0.001145,-0.000001,-0.437938,0.770755,0.388813,-0.250941,0.190012,-0.900763,-0.390540,-405.213049,178.237074,-42.477730,1
9550.000000,0.670391,-0.693414,-0.264108,52.623859,214.922324,383.882816,-0.000001,-0.001145,-0.000001,-0.435707,0.772178,0.391312,-0.246527,0.190015,-0.900763,-0.390539,-406.545261,171.552529,-41.131887,1
9560.000000,0.666222,-0.694502,-0.271689,62.947207,215.268682,380.686270,-0.000000,-0.001144,-0.000001,-0.433461,0.773576,0.393798,-0.242106,0.190017,-0.900762,-0.390539,-407.745660,164.875248,-39.710232,1
9570.000000,0.663816,-0.693634,-0.279678,73.923174,214.935810,377.232618,-0.000000,-0.001145,-0.000000,-0.431201,0.774948,0.396271,-0.237677,0.190019,-0.900762,-0.390539,-408.814773,158.208158,-38.214135,1
9580.000000,0.660551,-0.693120,-0.288541,84.541438,214.556268,373.011940,-0.000000,-0.001145,-0.000000,-0.428927,0.776295,0.398731,-0.233240,0.190021,-0.900762,-0.390539,-409.753158,151.554096,-36.644956,1
9590.000000,0.656600,-0.695068,-0.292842,94.953516,214.419565,368.322366,-0.000001,-0.001144,-0.000001,-0.426639,0.777616,0.401178,-0.228795,0.190023,-0.900761,-0.390539,-410.561397,144.915822,-35.004045,1
9600.000000,0.653613,-0.694719,-0.300260,104.748695,213.532538,363.930793,-0.000001,-0.001144,-0.000000,-0.424338,0.778913,0.403612,-0.224343,0.190025,-0.900761,-0.390539,-411.240086,138.296017,-33.292737,1
9610.000000,0.649727,-0.694016,-0.310155,114.837908,212.846283,359.213197,-0.000000,-0.001145,-0.000000,-0.422022,0.780183,0.406033,-0.219884,0.190027,-0.900761,-0.390538,-411.789832,131.697291,-31.512351,1
9620.000000,0.646685,-0.693772,-0.316982,125.002174,212.787458,354.462286,-0.000000,-0.001145,-0.000001,-0.419692,0.781428,0.408441,-0.215417,0.190029,-0.900760,-0.390538,-412.211249,125.122185,-29.664193,1
9630.000000,0.641634,-0.694090,-0.326412,134.078426,212.241937,349.186427,-0.000000,-0.001145,0.000000,-0.417349,0.782648,0.410835,-0.210943,0.190031,-0.900760,-0.390538,-412.504949,118.573180,-27.749552,1
9640.000000,0.639173,-0.693268,-0.332923,143.597259,212.243618,343.317392,-0.000001,-0.001145,-0.000001,-0.414992,0.783842,0.413216,-0.206463,0.190033,-0.900759,-0.390538,-412.671538,112.052701,-25.769700,1
9650.000000,0.635554,-0.693538,-0.339228,153.092822,211.976287,337.223002,0.000000,-0.001145,-0.000000,-0.412621,0.785010,0.415583,-0.201975,0.190035,-0.900759,-0.390538,-412.711617,105.563123,-23.725895,1
9660.000000,0.632509,-0.692842,-0.346267,162.432580,211.771640,330.899124,-0.000001,-0.001144,-0.000000,-0.410237,0.786153,0.417936,-0.197481,0.190037,-0.900759,-0.390538,-412.625772,99.106779,-21.619381,1
9670.000000,0.627711,-0.693332,-0.353934,170.388462,210.931011,325.112366,-0.000000,-0.001144,-0.000001,-0.407839,0.787269,0.420276,-0.192981,0.190039,-0.900758,-0.390537,-412.414576,92.685966,-19.451387,1
9680.000000,0.622774,-0.693770,-0.361711,179.388093,211.071694,317.568380,-0.000000,-0.001145,-0.000001,-0.405429,0.788360,0.422603,-0.188474,0.190041,-0.900758,-0.390537,-412.078588,86.302950,-17.223134,1
9690.000000,0.618459,-0.694206,-0.368221,187.214595,210.519939,310.852586,-0.000000,-0.001145,-0.000001,-0.403004,0.789426,0.424915,-0.183961,0.190043,-0.900758,-0.390537,-411.618348,79.959978,-14.935832,1
9700.000000,0.614520,-0.694700,-0.373841,195.363643,210.435363,303.589145,-0.000001,-0.001145,-0.000001,-0.400567,0.790465,0.427213,-0.179442,0.190045,-0.900757,-0.390537,-411.034381,73.659278,-12.590685,1
9710.000000,0.610132,-0.693678,-0.382818,203.024610,210.165758,296.443498,-0.000001,-0.001145,-0.000000,-0.398117,0.791479,0.429498,-0.174918,0.190047,-0.900757,-0.390537,-410.327194,67.403071,-10.188894,1
9720.000000,0.605486,-0.695059,-0.387659,211.067933,209.335556,288.455088,-0.000001,-0.001144,-0.000001,-0.395653,0.792466,0.431768,-0.170387,0.190049,-0.900757,-0.390537,-409.497283,61.193575,-7.731660,1
9730.000000,0.600882,-0.694771,-0.395264,218.163901,209.568831,280.785508,0.000000,-0.001145,-0.000000,-0.393177,0.793428,0.434025,-0.165851,0.190051,-0.900756,-0.390537,-408.545128,55.033010,-5.220187,1
9740.000000,0.596734,-0.694572,-0.401844,224.216155,208.685740,272.251219,-0.000001,-0.001145,-0.000001,-0.390688,0.794364,0.436267,-0.161309,0.190053,-0.900756,-0.390536,-407.471204,48.923606,-2.655684,1
9750.000000,0.591422,-0.693842,-0.410856,231.400363,208.647707,263.799069,-0.000001,-0.001144,-0.000000,-0.388185,0.795274,0.438494,-0.156763,0.190055,-0.900756,-0.390536,-406.275976,42.867609,-0.039375,1
9760.000000,0.587721,-0.693456,-0.416776,238.049617,207.711971,256.055629,-0.000001,-0.001145,0.000000,-0.385671,0.796157,0.440708,-0.152211,0.190057,-0.900755,-0.390536,-404.959913,36.867279,2.627504,1
9770.000000,0.582890,-0.693803,-0.422938,243.500265,207.455690,247.144912,-0.000000,-0.001145,-0.000001,-0.383143,0.797015,0.442907,-0.147654,0.190059,-0.900755,-0.390536,-403.523487,30.924904,5.343700,1
9780.000000,0.577374,-0.694401,-0.429473,249.692544,207.373881,238.538528,-0.000000,-0.001145,-0.000001,-0.380603,0.797847,0.445091,-0.143092,0.190061,-0.900754,-0.390536,-401.967168,25.042705,8.107979,1
9790.000000,0.572970,-0.695106,-0.434204,255.113179,206.853247,229.433493,-0.000000,-0.001144,-0.000001,-0.378051,0.798652,0.447261,-0.138526,0.190063,-0.900754,-0.390536,-400.291341,19.222885,10.919105,1
9800.000000,0.567498,-0.694248,-0.442680,260.569535,206.968117,220.265236,-0.000001,-0.001145,-0.000001,-0.375486,0.799432,0.449417,-0.133955,0.190065,-0.900754,-0.390535,-398.496368,13.467859,13.775724,1
9810.000000,0.561942,-0.694201,-0.449785,265.030494,206.327405,211.566459,-0.000000,-0.001145,-0.000001,-0.372909,0.800185,0.451557,-0.129379,0.190067,-0.900753,-0.390535,-396.582653,7.780076,16.676442,1
9820.000000,0.556530,-0.694006,-0.456760,269.871734,205.777211,202.207100,-0.000000,-0.001144,-0.000000,-0.370320,0.800912,0.453683,-0.124800,0.190069,-0.900753,-0.390535,-394.550649,2.162024,19.619824,1
9830.000000,0.552553,-0.692926,-0.463183,273.929108,205.899455,192.930648,-0.000001,-0.001145,-0.000001,-0.367719,0.801613,0.455794,-0.120216,0.190071,-0.900753,-0.390535,-392.400862,-3.383777,22.604391,1
9840.000000,0.547371,-0.693719,-0.468123,277.577473,205.626289,183.096161,-0.000000,-0.001144,-0.000001,-0.365105,0.802287,0.457890,-0.115628,0.190073,-0.900752,-0.390535,-390.133866,-8.854776,25.628616,1
9850.000000,0.541046,-0.693934,-0.475105,281.477366,205.011995,173.179396,-0.000000,-0.001144,-0.000000,-0.362480,0.802936,0.459971,-0.111037,0.190075,-0.900752,-0.390535,-387.750301,-14.248394,28.690923,1
9860.000000,0.536735,-0.693166,-0.481078,284.718378,204.605624,163.657129,-0.000000,-0.001145,-0.000001,-0.359843,0.803558,0.462037,-0.106442,0.190077,-0.900752,-0.390535,-385.250888,-19.562027,31.789689,1
9870.000000,0.529616,-0.694821,-0.486550,287.700935,204.198016,153.425109,-0.000001,-0.001145,0.000000,-0.357194,0.804153,0.464088,-0.101843,0.190079,-0.900751,-0.390534,-382.636431,-24.793055,34.923235,1
9880.000000,0.524616,-0.693865,-0.493285,290.297956,204.009858,143.763862,-0.000000,-0.001145,-0.000001,-0.354533,0.804723,0.466124,-0.097242,0.190081,-0.900751,-0.390534,-379.907826,-29.938842,38.089834,1
9890.000000,0.519900,-0.694217,-0.497762,292.177205,204.142445,133.783873,-0.000001,-0.001145,-0.000001,-0.351861,0.805266,0.468145,-0.092637,0.190083,-0.900751,-0.390534,-377.066066,-34.996746,41.287703,1
9900.000000,0.512476,-0.694582,-0.504900,294.911624,203.327965,123.549282,-0.000001,-0.001144,-0.000001,-0.349177,0.805783,0.470150,-0.088029,0.190085,-0.900750,-0.390534,-374.112249,-39.964126,44.515010,1
9910.000000,0.508121,-0.694407,-0.509521,296.573227,202.943813,114.624722,-0.000001,-0.001144,-0.000001,-0.346482,0.806273,0.472139,-0.083418,0.190087,-0.900750,-0.390534,-371.047583,-44.838347,47.769871,1
9920.000000,0.501542,-0.694502,-0.515871,297.393171,202.762784,103.885463,-0.000001,-0.001144,-0.000000,-0.343775,0.806737,0.474114,-0.078804,0.190089,-0.900749,-0.390534,-367.873388,-49.616792,51.050353,1
9930.000000,0.495736,-0.693784,-0.522408,298.127448,202.918202,93.698797,-0.000001,-0.001144,-0.000000,-0.341057,0.807175,0.476073,-0.074188,0.190091,-0.900749,-0.390533,-364.591105,-54.296867,54.354478,1
9940.000000,0.489741,-0.694987,-0.526448,298.992835,202.291564,83.933355,0.000000,-0.001144,-0.000000,-0.338328,0.807586,0.478016,-0.069569,0.190093,-0.900749,-0.390533,-361.202294,-58.876012,57.680222,1
9950.000000,0.482881,-0.694299,-0.533643,299.052071,201.450775,73.792038,-0.000001,-0.001145,-0.000001,-0.335588,0.807971,0.479943,-0.064948,0.190095,-0.900748,-0.390533,-357.708639,-63.351711,61.025522,1
9960.000000,0.476634,-0.696012,-0.537017,299.099823,201.753879,64.247305,-0.000001,-0.001144,-0.000000,-0.332837,0.808329,0.481855,-0.060325,0.190097,-0.900748,-0.390533,-354.111953,-67.721497,64.388280,1
9970.000000,0.471729,-0.694522,-0.543242,298.127341,201.254229,54.292992,-0.000000,-0.001144,-0.000000,-0.330075,0.808661,0.483751,-0.055700,0.190099,-0.900748,-0.390533,-350.414171,-71.982970,67.766363,1
9980.000000,0.465807,-0.693293,-0.549880,298.403603,201.022816,44.015473,-0.000000,-0.001145,-0.000000,-0.327303,0.808966,0.485632,-0.051073,0.190101,-0.900747,-0.390533,-346.617356,-76.133796,71.157616,1
9990.000000,0.456845,-0.694425,-0.555937,296.909714,200.454386,34.365021,-0.000000,-0.001145,-0.000001,-0.324519,0.809245,0.487496,-0.046445,0.190103,-0.900747,-0.390533,-342.723695,-80.171724,74.559861,1
10000.000000,0.451516,-0.694496,-0.560186,295.614385,200.015148,25.254769,-0.000001,-0.001145,-0.000001,-0.321725,0.809498,0.489345,-0.041814,0.190105,-0.900747,-0.390532,-338.735499,-84.094594,77.970905,1
10010.000000,0.446028,-0.694626,-0.564405,294.145059,199.728327,15.740954,-0.000001,-0.001145,-0.000000,-0.318921,0.809723,0.491177,-0.037183,0.190107,-0.900746,-0.390532,-334.655195,-87.900341,81.388550,1
10020.000000,0.439511,-0.693115,-0.571334,290.993733,199.435041,5.975307,-0.000001,-0.001145,-0.000001,-0.316106,0.809923,0.492993,-0.032550,0.190110,-0.900746,-0.390532,-330.485325,-91.587008,84.810595,1
10030.000000,0.432293,-0.693890,-0.575881,289.024093,199.001903,-3.612252,-0.000001,-0.001144,-0.000001,-0.313280,0.810096,0.494794,-0.027917,0.190112,-0.900745,-0.390532,-326.228542,-95.152753,88.234844,1
10040.000000,0.425772,-0.694157,-0.580400,286.625368,198.567860,-12.224893,-0.000001,-0.001145,-0.000000,-0.310445,0.810242,0.496578,-0.023282,0.190114,-0.900745,-0.390532,-321.887601,-98.595852,91.659116,1
10050.000000,0.419160,-0.694499,-0.584787,283.752904,198.010304,-22.190016,-0.000001,-0.001145,-0.000000,-0.307599,0.810362,0.498345,-0.018647,0.190116,-0.900745,-0.390532,-317.465350,-101.914711,95.081250,1
10060.000000,0.413612,-0.694631,-0.588568,280.153189,197.758591,-31.153075,-0.000000,-0.001145,-0.000000,-0.304743,0.810456,0.500097,-0.014011,0.190118,-0.900744,-0.390531,-312.964729,-105.107867,98.499115,1
10070.000000,0.405128,-0.694219,-0.594922,276.841986,197.548816,-39.805342,-0.000000,-0.001145,0.000000,-0.301877,0.810523,0.501832,-0.009374,0.190120,-0.900744,-0.390531,-308.388754,-108.173991,101.910612,1
10080.000000,0.400680,-0.692852,-0.599509,272.533307,196.716930,-48.129388,-0.000000,-0.001144,-0.000001,-0.299002,0.810563,0.503551,-0.004737,0.190122,-0.900744,-0.390531,-303.740511,-111.111898,105.313689,1
10090.000000,0.393740,-0.694198,-0.602543,268.715598,197.012795,-57.317883,-0.000000,-0.001145,-0.000001,-0.296116,0.810577,0.505253,-0.000101,0.190124,-0.900743,-0.390531,-299.023146,-113.920543,108.706341,1
10100.000000,0.385727,-0.694568,-0.607280,264.282974,196.617128,-65.132382,-0.000000,-0.001145,-0.000000,-0.293221,0.810564,0.506939,0.004536,0.190126,-0.900743,-0.390531,-294.239854,-116.599023,112.086622,1
10110.000000,0.379430,-0.693480,-0.612469,259.999017,195.720354,-73.500541,-0.000001,-0.001145,-0.000001,-0.290316,0.810525,0.508608,0.009173,0.190128,-0.900743,-0.390531,-289.393868,-119.146581,115.452649,1
10120.000000,0.371834,-0.693827,-0.616720,254.635794,196.027592,-81.526737,-0.000000,-0.001144,-0.000001,-0.287402,0.810459,0.510260,0.013810,0.190130,-0.900742,-0.390530,-284.488447,-121.562601,118.802608,1
10130.000000,0.364430,-0.694990,-0.619822,249.363033,195.392668,-88.705789,-0.000000,-0.001144,-0.000000,-0.284478,0.810367,0.511896,0.018446,0.190132,-0.900742,-0.390530,-279.526867,-123.846605,122.134760,1
10140.000000,0.358281,-0.693037,-0.625567,243.965324,194.770937,-96.531293,-0.000000,-0.001144,-0.000001,-0.281545,0.810248,0.513515,0.023081,0.190134,-0.900742,-0.390530,-274.512406,-125.998255,125.447448,1
10150.000000,0.350889,-0.692804,-0.629999,238.687329,194.010221,-104.050987,0.000000,-0.001144,0.000000,-0.278603,0.810103,0.515117,0.027716,0.190136,-0.900741,-0.390530,-269.448337,-128.017344,128.739097,1
10160.000000,0.342378,-0.693631,-0.633761,232.530395,194.388310,-110.690978,-0.000000,-0.001145,0.000000,-0.275652,0.809931,0.516702,0.032349,0.190138,-0.900741,-0.390530,-264.337915,-129.903789,132.008223,1
10170.000000,0.336976,-0.695034,-0.635118,227.174466,194.019867,-117.411562,-0.000001,-0.001145,-0.000001,-0.272692,0.809733,0.518271,0.036982,0.190140,-0.900740,-0.390530,-259.184364,-131.657632,135.253433,1
10180.000000,0.328810,-0.693839,-0.640681,220.603068,193.440376,-124.094743,-0.000000,-0.001145,-0.000001,-0.269722,0.809508,0.519822,0.041614,0.190142,-0.900740,-0.390530,-253.990869,-133.279023,138.473426,1
10190.000000,0.320576,-0.694220,-0.644430,214.071727,193.382439,-131.078428,-0.000000,-0.001145,-0.000001,-0.266744,0.809257,0.521357,0.046244,0.190144,-0.900740,-0.390529,-248.760566,-134.768218,141.666998,1
10200.000000,0.314067,-0.694075,-0.647782,207.291636,192.590992,-137.004562,-0.000000,-0.001144,-0.000000,-0.263758,0.808979,0.522874,0.050872,0.190146,-0.900739,-0.390529,-243.496532,-136.125569,144.833040,1
10210.000000,0.306795,-0.693483,-0.651888,200.619529,192.598938,-142.518436,-0.000001,-0.001144,-0.000000,-0.260762,0.808675,0.524374,0.055499,0.190148,-0.900739,-0.390529,-238.201779,-137.351511,147.970538,1
10220.000000,0.299726,-0.691747,-0.657002,193.951372,192.130983,-148.003440,-0.000000,-0.001145,-0.000001,-0.257758,0.808344,0.525857,0.060124,0.190150,-0.900739,-0.390529,-232.879241,-138.446555,151.078575,1
10230.000000,0.291626,-0.694793,-0.657432,185.745583,192.085178,-153.432612,-0.000000,-0.001145,-0.000000,-0.254746,0.807987,0.527323,0.064748,0.190152,-0.900738,-0.390529,-227.531773,-139.411275,154.156323,1
10240.000000,0.281700,-0.694239,-0.662327,179.528171,191.955939,-157.944420,0.000000,-0.001144,-0.000001,-0.251725,0.807603,0.528772,0.069369,0.190154,-0.900738,-0.390529,-222.162143,-140.246297,157.203045,1
10250.000000,0.276129,-0.693876,-0.665048,171.614285,191.925491,-163.714276,-0.000001,-0.001145,-0.000000,-0.248696,0.807193,0.530203,0.073987,0.190156,-0.900738,-0.390528,-216.773025,-140.952289,160.218092,1
10260.000000,0.269514,-0.694131,-0.667491,164.189676,190.789542,-167.113180,-0.000001,-0.001144,-0.000000,-0.245659,0.806757,0.531617,0.078604,0.190158,-0.900737,-0.390528,-211.367001,-141.529946,163.200895,1
10270.000000,0.260030,-0.694971,-0.670372,156.798343,190.322893,-171.545779,-0.000000,-0.001145,-0.000000,-0.242614,0.806294,0.533014,0.083218,0.190160,-0.900737,-0.390528,-205.946552,-141.979981,166.150961,1
10280.000000,0.253422,-0.693899,-0.674004,148.943944,189.755341,-175.280830,-0.000000,-0.001145,-0.000000,-0.239561,0.805804,0.534393,0.087829,0.190162,-0.900737,-0.390528,-200.514063,-142.303114,169.067868,1
10290.000000,0.244605,-0.694998,-0.676126,140.422634,189.315283,-179.179793,-0.000001,-0.001145,-0.000001,-0.236500,0.805289,0.535755,0.092437,0.190164,-0.900736,-0.390528,-195.071819,-142.500057,171.951259,1
10300.000000,0.235896,-0.693815,-0.680422,132.504080,189.867353,-182.768858,-0.000000,-0.001145,-0.000001,-0.233431,0.804747,0.537099,0.097042,0.190166,-0.900736,-0.390528,-189.622008,-142.571508,174.800832,1
10310.000000,0.229151,-0.694854,-0.681666,125.095146,189.443553,-185.539774,-0.000001,-0.001145,-0.000000,-0.230355,0.804179,0.538425,0.101644,0.190168,-0.900735,-0.390528,-184.166723,-142.518138,177.616337,1
10320.000000,0.222078,-0.693211,-0.685668,116.546374,188.862994,-188.344820,-0.000001,-0.001145,-0.000000,-0.227271,0.803584,0.539734,0.106243,0.190170,-0.900735,-0.390527,-178.707964,-142.340581,180.397560,1
10330.000000,0.212246,-0.694224,-0.687753,108.164060,188.018380,-190.085397,-0.000001,-0.001145,-0.000001,-0.224180,0.802963,0.541026,0.110838,0.190172,-0.900735,-0.390527,-173.247646,-142.039426,183.144325,1
10340.000000,0.205823,-0.693924,-0.690005,100.325837,188.389968,-192.854845,-0.000000,-0.001144,-0.000001,-0.221081,0.802316,0.542299,0.115429,0.190174,-0.900734,-0.390527,-167.787601,-141.615210,185.856476,1
10350.000000,0.198193,-0.694173,-0.691985,92.049355,187.878143,-194.561604,-0.000000,-0.001144,-0.000000,-0.217975,0.801642,0.543555,0.120017,0.190176,-0.900734,-0.390527,-162.329584,-141.068411,188.533877,1
10360.000000,0.192195,-0.694567,-0.693281,83.518698,188.291946,-196.301061,-0.000001,-0.001144,-0.000001,-0.214862,0.800943,0.544793,0.124601,0.190178,-0.900734,-0.390527,-156.875133,-140.399421,191.176473,1
10370.000000,0.182854,-0.693677,-0.696690,75.204480,187.617667,-197.288801,-0.000000,-0.001145,-0.000001,-0.211742,0.800217,0.546013,0.129181,0.190180,-0.900733,-0.390527,-151.425798,-139.608520,193.784080,1
10380.000000,0.174249,-0.693569,-0.698999,67.275406,186.896953,-198.704537,0.000000,-0.001144,-0.000001,-0.208615,0.799465,0.547216,0.133756,0.190182,-0.900733,-0.390526,-145.983150,-138.695916,196.356451,1
10390.000000,0.164926,-0.694782,-0.700056,58.254849,186.523646,-199.589739,-0.000001,-0.001144,-0.000001,-0.205482,0.798687,0.548400,0.138327,0.190184,-0.900733,-0.390526,-140.548726,-137.661744,198.893316,1
10400.000000,0.158937,-0.694114,-0.702100,50.859505,186.966786,-200.004281,-0.000001,-0.001145,-0.000001,-0.202341,0.797882,0.549567,0.142894,0.190186,-0.900732,-0.390526,-135.124043,-136.506070,201.394378,1
10410.000000,0.149680,-0.694667,-0.703587,42.307754,186.841917,-200.576048,-0.000000,-0.001145,-0.000001,-0.199194,0.797052,0.550715,0.147456,0.190188,-0.900732,-0.390526,-129.710606,-135.228889,203.859299,1
10420.000000,0.141545,-0.693264,-0.706647,33.683141,187.027261,-199.762173,-0.000000,-0.001144,-0.000000,-0.196040,0.796195,0.551846,0.152013,0.190190,-0.900731,-0.390526,-124.309921,-133.830126,206.287698,1
10430.000000,0.134383,-0.694491,-0.706841,25.439244,186.359220,-199.305672,-0.000000,-0.001145,-0.000001,-0.192880,0.795313,0.552958,0.156565,0.190192,-0.900731,-0.390526,-118.923502,-132.309641,208.679138,1
10440.000000,0.125588,-0.693594,-0.709334,16.885757,186.731344,-199.240418,-0.000001,-0.001145,-0.000001,-0.189714,0.794404,0.554052,0.161112,0.190194,-0.900731,-0.390526,-113.552887,-130.667230,211.033121,1
10450.000000,0.119047,-0.693173,-0.710872,8.597191,185.753887,-197.151121,-0.000000,-0.001145,-0.000001,-0.186541,0.793469,0.555128,0.165654,0.190196,-0.900730,-0.390525,-108.199644,-128.902635,213.349086,1
10460.000000,0.109799,-0.693490,-0.712050,0.823299,186.615485,-196.152256,-0.000001,-0.001145,-0.000001,-0.183363,0.792509,0.556187,0.170190,0.190198,-0.900730,-0.390525,-102.865386,-127.015547,215.626394,1
10470.000000,0.101160,-0.693139,-0.713670,-7.159769,185.919869,-194.418844,-0.000000,-0.001144,-0.000001,-0.180178,0.791522,0.557226,0.174721,0.190200,-0.900730,-0.390525,-97.551777,-125.005616,217.864333,1
10480.000000,0.094302,-0.694090,-0.713685,-15.121730,186.272618,-192.882591,-0.000000,-0.001144,-0.000000,-0.176987,0.790510,0.558248,0.179246,0.190203,-0.900729,-0.390525,-92.260549,-122.872461,220.062106,1
10490.000000,0.085809,-0.693689,-0.715145,-23.543550,185.996791,-190.517309,-0.000001,-0.001145,-0.000001,-0.173791,0.789471,0.559251,0.183765,0.190205,-0.900729,-0.390525,-86.993503,-120.615675,222.218835,1
10500.000000,0.078708,-0.694509,-0.715166,-31.236512,185.951348,-188.785663,-0.000000,-0.001144,-0.000001,-0.170589,0.788407,0.560236,0.188279,0.190207,-0.900729,-0.390525,-81.752524,-118.234846,224.333553,1
10510.000000,0.068511,-0.694030,-0.716679,-38.655236,185.779008,-185.544863,-0.000000,-0.001145,-0.000000,-0.167381,0.787317,0.561203,0.192786,0.190209,-0.900728,-0.390524,-76.539588,-115.729558,226.405204,1
10520.000000,0.061185,-0.695643,-0.715778,-46.281367,185.395210,-182.755530,-0.000000,-0.001145,-0.000000,-0.164168,0.786201,0.562151,0.197286,0.190211,-0.900728,-0.390524,-71.356766,-113.099411,228.432648,1
10530.000000,0.052310,-0.694557,-0.717533,-54.680413,185.918276,-179.504241,-0.000000,-0.001144,-0.000001,-0.160950,0.785060,0.563081,0.201781,0.190213,-0.900728,-0.390524,-66.206236,-110.344033,230.414654,1
10540.000000,0.045758,-0.693967,-0.718551,-61.382201,186.131922,-176.165047,-0.000000,-0.001145,-0.000000,-0.157726,0.783893,0.563993,0.206268,0.190215,-0.900727,-0.390524,-61.090284,-107.463090,232.349906,1
10550.000000,0.035995,-0.694593,-0.718502,-69.455743,185.781119,-172.158054,-0.000001,-0.001145,-0.000000,-0.154497,0.782700,0.564886,0.210749,0.190217,-0.900727,-0.390524,-56.011308,-104.456305,234.237005,1
10560.000000,0.028000,-0.694340,-0.719102,-76.832324,185.786036,-168.131799,-0.000000,-0.001145,-0.000001,-0.151263,0.781482,0.565760,0.215223,0.190219,-0.900726,-0.390524,-50.971823,-101.323469,236.074472,1
10570.000000,0.020838,-0.694289,-0.719395,-83.515249,186.026561,-164.038177,-0.000000,-0.001144,-0.000001,-0.148024,0.780238,0.566616,0.219690,0.190221,-0.900726,-0.390523,-45.974465,-98.064458,237.860755,1
10580.000000,0.011870,-0.693870,-0.720002,-90.602012,186.251501,-158.602478,-0.000000,-0.001145,-0.000001,-0.144781,0.778968,0.567454,0.224150,0.190223,-0.900726,-0.390523,-41.021985,-94.679242,239.594228,1
10590.000000,0.002327,-0.694972,-0.719033,-96.970299,186.295317,-153.897976,-0.000000,-0.001145,-0.000001,-0.141532,0.777673,0.568273,0.228602,0.190225,-0.900725,-0.390523,-36.117256,-91.167905,241.273205,1
10600.000000,-0.005935,-0.694662,-0.719312,-103.674124,186.413350,-148.889175,-0.000001,-0.001145,-0.000000,-0.138279,0.776353,0.569073,0.233047,0.190227,-0.900725,-0.390523,-31.263265,-87.530655,242.895940,1
10610.000000,-0.012862,-0.694321,-0.719551,-110.699214,186.719632,-142.832466,-0.000001,-0.001145,-0.000000,-0.135021,0.775007,0.569855,0.237485,0.190229,-0.900725,-0.390523,-26.463116,-83.767838,244.460640,1
10620.000000,-0.021768,-0.694349,-0.719309,-117.305488,186.534865,-136.957264,-0.000000,-0.001145,-0.000000,-0.131759,0.773636,0.570618,0.241914,0.190231,-0.900724,-0.390523,-21.720018,-79.879950,245.965468,1
10630.000000,-0.030361,-0.693432,-0.719882,-122.187432,186.450505,-132.162737,-0.000001,-0.001145,0.000000,-0.128493,0.772239,0.571362,0.246336,0.190233,-0.900724,-0.390523,-17.037289,-75.867648,247.408557,1
10640.000000,-0.038674,-0.694234,-0.718710,-128.385659,187.098402,-125.060907,-0.000000,-0.001145,-0.000000,-0.125222,0.770817,0.572088,0.250749,0.190235,-0.900724,-0.390522,-12.418344,-71.731763,248.788013,1
10650.000000,-0.046749,-0.693833,-0.718617,-133.314706,187.735761,-119.224266,-0.000000,-0.001144,-0.000000,-0.121947,0.769370,0.572795,0.255155,0.190237,-0.900723,-0.390522,-7.866687,-67.473309,250.101928,1
10660.000000,-0.054436,-0.693741,-0.718164,-138.377828,188.214227,-112.406242,-0.000000,-0.001145,-0.000000,-0.118669,0.767898,0.573483,0.259552,0.190239,-0.900723,-0.390522,-3.385905,-63.093490,251.348392,1
10670.000000,-0.062366,-0.694216,-0.717060,-144.163474,187.680819,-105.568523,-0.000001,-0.001145,-0.000001,-0.115386,0.766401,0.574153,0.263940,0.190241,-0.900723,-0.390522,1.020339,-58.593710,252.525498,1
10680.000000,-0.072145,-0.693775,-0.716569,-148.327217,188.290995,-98.897930,-0.000000,-0.001145,-0.000001,-0.112100,0.764878,0.574803,0.268320,0.190243,-0.900722,-0.390522,5.348323,-53.975581,253.631353,1
10690.000000,-0.078924,-0.694577,-0.715077,-153.075502,188.456037,-91.413154,-0.000001,-0.001145,-0.000000,-0.108810,0.763331,0.575435,0.272691,0.190245,-0.900722,-0.390522,9.594270,-49.240923,254.664092,1
10700.000000,-0.088092,-0.694705,-0.713880,-157.517481,189.098987,-83.713241,-0.000000,-0.001144,-0.000000,-0.105516,0.761759,0.576048,0.277053,0.190247,-0.900721,-0.390521,13.754362,-44.391774,255.621882,1
10710.000000,-0.097026,-0.692785,-0.714587,-160.803992,189.827558,-76.523639,-0.000000,-0.001144,-0.000001,-0.102219,0.760161,0.576642,0.281407,0.190249,-0.900721,-0.390521,17.824752,-39.430392,256.502938,1
10720.000000,-0.103898,-0.694190,-0.712254,-165.074385,189.321967,-68.805480,-0.000000,-0.001145,-0.000000,-0.098919,0.758539,0.577218,0.285751,0.190251,-0.900721,-0.390521,21.801576,-34.359254,257.305527,1
10730.000000,-0.111220,-0.695281,-0.710080,-167.894849,189.829613,-61.200906,-0.000000,-0.001145,-0.000001,-0.095615,0.756892,0.577774,0.290085,0.190253,-0.900720,-0.390521,25.680966,-29.181058,258.027983,1
10740.000000,-0.119132,-0.694466,-0.709595,-170.825116,190.131822,-53.181099,-0.000001,-0.001144,-0.000000,-0.092309,0.755220,0.578312,0.294410,0.190255,-0.900720,-0.390521,29.459060,-23.898723,258.668711,1
10750.000000,-0.128464,-0.692797,-0.709598,-174.650444,191.268003,-44.192606,-0.000001,-0.001145,-0.000000,-0.088999,0.753524,0.578830,0.298726,0.190257,-0.900720,-0.390521,33.132021,-18.515388,259.226197,1
10760.000000,-0.135498,-0.694154,-0.706959,-175.542330,191.235312,-36.711255,0.000000,-0.001145,-0.000000,-0.085686,0.751802,0.579330,0.303031,0.190259,-0.900719,-0.390521,36.696043,-13.034405,259.699020,1
10770.000000,-0.144500,-0.693686,-0.705634,-178.097807,191.485689,-28.294329,-0.000000,-0.001144,-0.000000,-0.082371,0.750057,0.579811,0.307327,0.190261,-0.900719,-0.390520,40.147366,-7.459341,260.085853,1
10780.000000,-0.152668,-0.694746,-0.702866,-179.935674,191.933924,-20.013423,-0.000001,-0.001145,-0.000000,-0.079053,0.748286,0.580272,0.311613,0.190263,-0.900719,-0.390520,43.482293,-1.793967,260.385478,1
10790.000000,-0.160725,-0.694304,-0.701505,-181.890631,192.992973,-10.976093,-0.000000,-0.001144,0.000000,-0.075732,0.746491,0.580715,0.315888,0.190265,-0.900718,-0.390520,46.697195,3.957745,260.596785,1
10800.000000,-0.169779,-0.694993,-0.698684,-182.807011,192.878540,-3.057944,-0.000001,-0.001145,-0.000001,-0.072409,0.744672,0.581139,0.320153,0.190267,-0.900718,-0.390520,49.788530,9.791632,260.718782,1
10810.000000,-0.177100,-0.693669,-0.698183,-183.866263,193.255568,6.082851,-0.000001,-0.001145,-0.000001,-0.069083,0.742828,0.581544,0.324408,0.190269,-0.900717,-0.390520,52.752848,15.703342,260.750601,1
10820.000000,-0.184280,-0.694784,-0.695209,-184.212692,193.372276,14.800249,-0.000001,-0.001144,-0.000001,-0.065755,0.740961,0.581929,0.328652,0.190271,-0.900717,-0.390520,55.586808,21.688350,260.691501,1
10830.000000,-0.192627,-0.694778,-0.692949,-184.128827,194.577754,22.977049,-0.000000,-0.001145,-0.000001,-0.062425,0.739068,0.582296,0.332885,0.190273,-0.900717,-0.390519,58.287185,27.741962,260.540873,1
10840.000000,-0.199559,-0.694757,-0.691006,-183.360047,194.988000,32.247917,-0.000001,-0.001144,-0.000001,-0.059093,0.737152,0.582643,0.337108,0.190275,-0.900716,-0.390519,60.850882,33.859328,260.298241,1
10850.000000,-0.208211,-0.693406,-0.689809,-182.307791,195.264140,40.836438,-0.000000,-0.001144,-0.000001,-0.055759,0.735212,0.582972,0.341319,0.190277,-0.900716,-0.390519,63.274936,40.035452,259.963269,1
10860.000000,-0.215591,-0.694289,-0.686647,-181.426937,196.080648,49.292779,-0.000000,-0.001144,-0.000000,-0.052423,0.733247,0.583281,0.345519,0.190279,-0.900716,-0.390519,65.556533,46.265201,259.535760,1
10870.000000,-0.223256,-0.694331,-0.684150,-180.596646,196.585974,58.780080,-0.000001,-0.001145,-0.000000,-0.049086,0.731258,0.583572,0.349708,0.190281,-0.900715,-0.390519,67.693009,52.543318,259.015659,1
10880.000000,-0.231731,-0.692854,-0.682829,-179.368624,195.895456,66.597824,-0.000000,-0.001145,-0.000000,-0.045747,0.729246,0.583843,0.353886,0.190283,-0.900715,-0.390519,69.681862,58.864433,258.403054,1
10890.000000,-0.239263,-0.694281,-0.678769,-176.560114,197.588397,75.161098,-0.000001,-0.001145,-0.000000,-0.042406,0.727210,0.584095,0.358052,0.190285,-0.900715,-0.390518,71.520758,65.223074,257.698174,1
10900.000000,-0.247553,-0.693472,-0.676620,-174.419809,197.821161,83.393422,-0.000000,-0.001145,-0.000001,-0.039064,0.725149,0.584328,0.362206,0.190287,-0.900714,-0.390518,73.207535,71.613682,256.901394,1
10910.000000,-0.255648,-0.694277,-0.672774,-171.956122,198.742900,91.673019,-0.000000,-0.001144,-0.000000,-0.035721,0.723066,0.584542,0.366348,0.190289,-0.900714,-0.390518,74.740213,78.030618,256.013228,1
10920.000000,-0.262388,-0.693272,-0.671213,-168.169851,198.781090,100.132137,-0.000000,-0.001144,-0.000000,-0.032376,0.720958,0.584737,0.370478,0.190291,-0.900714,-0.390518,76.116991,84.468175,255.034335,1
10930.000000,-0.270301,-0.694138,-0.667166,-164.675096,199.288673,108.682325,-0.000000,-0.001144,0.000000,-0.029031,0.718827,0.584912,0.374596,0.190293,-0.900713,-0.390518,77.336273,90.920656,253.965507,1
10940.000000,-0.279182,-0.694930,-0.662669,-160.805888,200.039078,116.523529,-0.000001,-0.001145,0.000000,-0.025684,0.716672,0.585069,0.378702,0.190295,-0.900713,-0.390518,78.396654,97.382437,252.807623,1
10950.000000,-0.285883,-0.694075,-0.660705,-157.030029,200.594460,124.077742,-0.000000,-0.001144,-0.000001,-0.022337,0.714494,0.585206,0.382796,0.190298,-0.900712,-0.390518,79.296854,103.847617,251.561651,1
10960.000000,-0.293499,-0.694829,-0.656560,-152.642871,200.815879,131.898002,-0.000001,-0.001145,-0.000001,-0.018989,0.712293,0.585324,0.386877,0.190300,-0.900712,-0.390517,80.035789,110.310245,250.228699,1
10970.000000,-0.300848,-0.693688,-0.654436,-147.834037,201.347549,139.802766,-0.000000,-0.001145,-0.000001,-0.015640,0.710068,0.585424,0.390945,0.190302,-0.900712,-0.390517,80.612579,116.764351,248.810013,1
10980.000000,-0.309656,-0.693222,-0.650812,-142.774064,202.576290,147.027708,-0.000001,-0.001145,-0.000001,-0.012291,0.707820,0.585503,0.395001,0.190304,-0.900711,-0.390517,81.026550,123.203960,247.306975,1
10990.000000,-0.314825,-0.693959,-0.647538,-137.309015,203.108827,153.992685,0.000000,-0.001144,0.000000,-0.008941,0.705549,0.585564,0.399044,0.190306,-0.900711,-0.390517,81.277235,129.623103,245.721096,1
11000.000000,-0.323451,-0.693374,-0.643903,-131.233414,203.871032,160.729971,-0.000000,-0.001144,-0.000000,-0.005591,0.703254,0.585606,0.403073,0.190308,-0.900711,-0.390517,81.364374,136.015824,244.054017,1
11010.000000,-0.331047,-0.692954,-0.640486,-125.788577,204.406724,167.267172,-0.000000,-0.001145,-0.000000,-0.002241,0.700937,0.585628,0.407089,0.190310,-0.900710,-0.390517,81.287917,142.376195,242.307500,1
11020.000000,-0.337007,-0.694876,-0.635274,-119.446269,205.340033,173.752446,-0.000000,-0.001145,-0.000000,0.001109,0.698597,0.585631,0.411093,0.190312,-0.900710,-0.390516,81.048020,148.698323,240.483428,1
11030.000000,-0.344969,-0.693926,-0.632031,-112.576304,206.029641,179.650633,-0.000000,-0.001144,-0.000001,0.004459,0.696234,0.585615,0.415082,0.190314,-0.900710,-0.390516,80.645051,154.976363,238.583799,1
11040.000000,-0.351715,-0.694007,-0.628213,-106.613793,206.240218,186.014858,-0.000000,-0.001144,-0.000000,0.007809,0.693848,0.585580,0.419058,0.190316,-0.900709,-0.390516,80.079584,161.204523,236.610722,1
11050.000000,-0.358783,-0.693753,-0.624485,-99.369059,206.632677,191.827140,-0.000000,-0.001144,-0.000001,0.011158,0.691439,0.585526,0.423020,0.190318,-0.900709,-0.390516,79.352400,167.377077,234.566410,1
11060.000000,-0.364718,-0.694206,-0.620531,-92.352307,207.449124,196.772390,-0.000000,-0.001144,-0.000001,0.014508,0.689008,0.585453,0.426969,0.190320,-0.900708,-0.390516,78.464487,173.488372,232.453183,1
11070.000000,-0.373837,-0.693975,-0.615341,-85.336379,207.601044,202.207022,-0.000000,-0.001145,-0.000000,0.017857,0.686554,0.585360,0.430903,0.190322,-0.900708,-0.390516,77.417038,179.532840,230.273452,1
11080.000000,-0.381833,-0.692502,-0.612082,-78.284504,208.440454,207.255109,-0.000000,-0.001145,-0.000001,0.021205,0.684078,0.585248,0.434824,0.190324,-0.900708,-0.390516,76.211450,185.505000,228.029727,1
11090.000000,-0.386501,-0.693813,-0.607652,-70.495463,209.010853,211.545187,-0.000001,-0.001144,-0.000000,0.024552,0.681580,0.585118,0.438730,0.190326,-0.900707,-0.390515,74.849323,191.399473,225.724603,1
11100.000000,-0.393638,-0.693943,-0.602903,-61.971355,209.738388,215.304624,-0.000001,-0.001144,-0.000001,0.027899,0.679059,0.584967,0.442622,0.190328,-0.900707,-0.390515,73.332456,197.210987,223.360758,1
11110.000000,-0.401089,-0.693451,-0.598543,-53.978541,210.493412,218.605723,-0.000000,-0.001145,-0.000001,0.031245,0.676515,0.584798,0.446499,0.190330,-0.900707,-0.390515,71.662848,202.934387,220.940950,1
11120.000000,-0.407266,-0.694147,-0.593544,-45.701722,210.641816,222.703983,0.000000,-0.001145,-0.000000,0.034590,0.673950,0.584610,0.450362,0.190332,-0.900706,-0.390515,69.842695,208.564641,218.468013,1
11130.000000,-0.413890,-0.694378,-0.588671,-37.658535,211.233116,225.558489,-0.000000,-0.001144,-0.000001,0.037934,0.671363,0.584403,0.454210,0.190334,-0.900706,-0.390515,67.874387,214.096849,215.944847,1
11140.000000,-0.420793,-0.693510,-0.584788,-28.705469,211.401675,228.996934,-0.000000,-0.001145,-0.000001,0.041276,0.668754,0.584176,0.458043,0.190336,-0.900706,-0.390515,65.760505,219.526254,213.374417,1
11150.000000,-0.427992,-0.693988,-0.578967,-20.150900,212.717027,231.155174,-0.000000,-0.001144,-0.000001,0.044617,0.666122,0.583930,0.461861,0.190338,-0.900705,-0.390514,63.503822,224.848245,210.759749,1
11160.000000,-0.435673,-0.692071,-0.575523,-11.783739,213.493424,233.022202,-0.000000,-0.001144,-0.000001,0.047957,0.663469,0.583666,0.465664,0.190340,-0.900705,-0.390514,61.107295,230.058368,208.103920,1
11170.000000,-0.441473,-0.693654,-0.569162,-2.624896,214.149784,234.693198,-0.000000,-0.001145,-0.000000,0.051295,0.660795,0.583382,0.469452,0.190342,-0.900705,-0.390514,58.574064,235.152337,205.410058,1
11180.000000,-0.447051,-0.694460,-0.563800,5.425464,214.262322,236.737204,-0.000001,-0.001144,-0.000000,0.054631,0.658098,0.583079,0.473224,0.190344,-0.900704,-0.390514,55.907452,240.126037,202.681333,1
11190.000000,-0.454389,-0.693584,-0.558991,14.411878,215.174186,236.901782,-0.000000,-0.001145,-0.000001,0.057966,0.655381,0.582757,0.476981,0.190346,-0.900704,-0.390514,53.110952,244.975534,199.920951,1
11200.000000,-0.459840,-0.694478,-0.553396,23.488685,215.901840,237.455939,-0.000000,-0.001145,-0.000000,0.061299,0.652641,0.582415,0.480722,0.190348,-0.900703,-0.390514,50.188233,249.697086,197.132152,1
11210.000000,-0.466131,-0.693862,-0.548887,32.019548,216.524494,237.950351,-0.000001,-0.001145,-0.000000,0.064629,0.649881,0.582055,0.484448,0.190350,-0.900703,-0.390514,47.143127,254.287149,194.318198,1
11220.000000,-0.472701,-0.693901,-0.543190,41.618549,217.046037,237.938967,-0.000001,-0.001144,-0.000001,0.067958,0.647099,0.581676,0.488158,0.190352,-0.900703,-0.390513,43.979628,258.742386,191.482373,1
11230.000000,-0.478146,-0.694445,-0.537701,50.516123,217.656593,237.291527,-0.000000,-0.001145,-0.000000,0.071284,0.644296,0.581278,0.491852,0.190354,-0.900702,-0.390513,40.701884,263.059672,188.627970,1
11240.000000,-0.484211,-0.694530,-0.532135,58.922571,217.999393,237.439853,-0.000000,-0.001145,-0.000001,0.074608,0.641471,0.580860,0.495529,0.190356,-0.900702,-0.390513,37.314192,267.236108,185.758290,1
11250.000000,-0.491414,-0.694779,-0.525161,67.164835,218.526293,236.073541,-0.000001,-0.001145,-0.000000,0.077930,0.638626,0.580424,0.499191,0.190358,-0.900702,-0.390513,33.820990,271.269024,182.876630,1
11260.000000,-0.496532,-0.694542,-0.520642,76.454067,219.085151,234.528318,-0.000000,-0.001145,-0.000001,0.081249,0.635760,0.579969,0.502836,0.190360,-0.900701,-0.390513,30.226847,275.155989,179.986279,1
11270.000000,-0.502913,-0.693959,-0.515267,84.081565,219.962096,232.693780,-0.000000,-0.001145,-0.000000,0.084566,0.632873,0.579495,0.506464,0.190362,-0.900701,-0.390513,26.536460,278.894815,177.090511,1
11280.000000,-0.509159,-0.693864,-0.509225,93.188216,220.671375,230.809412,-0.000001,-0.001144,-0.000001,0.087879,0.629966,0.579001,0.510076,0.190364,-0.900701,-0.390512,22.754639,282.483570,174.192571,1
11290.000000,-0.516623,-0.694550,-0.500700,102.704178,221.025186,228.423403,-0.000001,-0.001145,-0.000001,0.091190,0.627037,0.578489,0.513672,0.190366,-0.900700,-0.390512,18.886300,285.920576,171.295677,1
11300.000000,-0.520221,-0.694557,-0.496951,110.151387,221.711450,225.312555,-0.000000,-0.001145,-0.000001,0.094498,0.624089,0.577958,0.517250,0.190368,-0.900700,-0.390512,14.936454,289.204424,168.403004,1
11310.000000,-0.526387,-0.693729,-0.491586,117.819677,222.112241,222.687995,-0.000000,-0.001144,-0.000001,0.097802,0.621120,0.577408,0.520812,0.190370,-0.900699,-0.390512,10.910196,292.333970,165.517678,1
11320.000000,-0.531202,-0.694342,-0.485502,126.432282,223.043220,219.183352,-0.000001,-0.001145,-0.000000,0.101104,0.618130,0.576839,0.524357,0.190372,-0.900699,-0.390512,6.812693,295.308348,162.642768,1
11330.000000,-0.537205,-0.694443,-0.478707,133.927681,223.665366,216.422985,-0.000000,-0.001145,-0.000001,0.104402,0.615120,0.576251,0.527884,0.190374,-0.900699,-0.390512,2.649168,298.126966,159.781279,1
11340.000000,-0.542838,-0.694138,-0.472758,142.003346,223.399490,211.664019,-0.000001,-0.001144,-0.000001,0.107697,0.612090,0.575645,0.531394,0.190376,-0.900698,-0.390511,-1.575106,300.789516,156.936142,1
11350.000000,-0.548187,-0.694034,-0.466700,149.086238,224.272724,208.051497,-0.000000,-0.001144,-0.000000,0.110988,0.609041,0.575019,0.534887,0.190378,-0.900698,-0.390511,-5.854828,303.295968,154.110204,1
11360.000000,-0.553152,-0.695363,-0.458796,156.914040,225.019035,203.940583,-0.000001,-0.001145,0.000000,0.114276,0.605971,0.574375,0.538362,0.190380,-0.900698,-0.390511,-10.184679,305.646580,151.306225,1
11370.000000,-0.559943,-0.693149,-0.453882,163.933104,225.728146,198.341205,-0.000001,-0.001144,-0.000000,0.117559,0.602881,0.573712,0.541820,0.190382,-0.900697,-0.390511,-14.559337,307.841889,148.526862,1
11380.000000,-0.563529,-0.694187,-0.447816,170.607948,226.186478,194.057685,0.000000,-0.001144,0.000000,0.120839,0.599772,0.573030,0.545260,0.190384,-0.900697,-0.390511,-18.973493,309.882714,145.774669,1
11390.000000,-0.568640,-0.693572,-0.442274,177.153424,226.575498,188.615540,-0.000000,-0.001145,-0.000000,0.124115,0.596643,0.572329,0.548682,0.190386,-0.900697,-0.390511,-23.421868,311.770155,143.052085,1
11400.000000,-0.572621,-0.695312,-0.434335,183.797834,226.506530,183.511510,-0.000001,-0.001144,-0.000000,0.127387,0.593494,0.571610,0.552086,0.190388,-0.900696,-0.390511,-27.899226,313.505586,140.361426,1
11410.000000,-0.579714,-0.693941,-0.427057,189.913224,226.765506,177.706077,-0.000000,-0.001145,0.000001,0.130655,0.590326,0.570872,0.555472,0.190390,-0.900696,-0.390510,-32.400394,315.090649,137.704882,1
11420.000000,-0.584763,-0.693254,-0.421249,195.961400,227.662327,171.270471,-0.000001,-0.001145,-0.000000,0.133919,0.587139,0.570115,0.558840,0.190393,-0.900696,-0.390510,-36.920276,316.527251,135.084505,1
11430.000000,-0.587944,-0.694862,-0.414112,201.969407,228.306267,165.816486,-0.000000,-0.001145,-0.000001,0.137178,0.583933,0.569340,0.562190,0.190395,-0.900695,-0.390510,-41.453866,317.817556,132.502207,1
11440.000000,-0.593350,-0.693942,-0.407897,207.049634,228.358238,159.082012,-0.000001,-0.001145,0.000000,0.140433,0.580707,0.568546,0.565521,0.190397,-0.900695,-0.390510,-45.996272,318.963973,129.959755,1
11450.000000,-0.597346,-0.694108,-0.401737,212.327990,229.027140,153.742635,-0.000001,-0.001145,-0.000001,0.143683,0.577463,0.567733,0.568834,0.190399,-0.900694,-0.390510,-50.542723,319.969148,127.458763,1
11460.000000,-0.603722,-0.692677,-0.394612,217.593025,229.459650,147.198816,0.000001,-0.001144,-0.000001,0.146928,0.574199,0.566902,0.572128,0.190401,-0.900694,-0.390510,-55.088591,320.835952,125.000689,1
11470.000000,-0.607152,-0.694420,-0.386196,222.148548,230.654777,140.013530,0.000000,-0.001144,-0.000001,0.150169,0.570917,0.566052,0.575403,0.190403,-0.900694,-0.390509,-59.629401,321.567469,122.586833,1
11480.000000,-0.612289,-0.693345,-0.379967,226.432845,230.156116,133.543522,-0.000000,-0.001145,-0.000000,0.153404,0.567616,0.565184,0.578660,0.190405,-0.900693,-0.390509,-64.160848,322.166980,120.218333,1
11490.000000,-0.614178,-0.695604,-0.372720,231.395527,230.550863,126.285309,-0.000001,-0.001145,-0.000000,0.156635,0.564296,0.564297,0.581897,0.190407,-0.900693,-0.390509,-68.678811,322.637950,117.896164,1
11500.000000,-0.619182,-0.694376,-0.366683,235.049017,231.825811,118.843491,-0.000001,-0.001145,-0.000000,0.159860,0.560958,0.563391,0.585116,0.190409,-0.900693,-0.390509,-73.179365,322.984011,115.621135,1
11510.000000,-0.624108,-0.693430,-0.360061,238.392867,232.255958,112.083162,-0.000000,-0.001144,-0.000001,0.163081,0.557602,0.562468,0.588315,0.190411,-0.900692,-0.390509,-77.658897,323.208961,113.393849,1
11520.000000,-0.627932,-0.693685,-0.352850,242.218889,232.292444,105.517809,-0.000001,-0.001145,-0.000000,0.166296,0.554227,0.561526,0.591495,0.190413,-0.900692,-0.390509,-82.113944,323.316628,111.214736,1
11530.000000,-0.630972,-0.694395,-0.345962,245.509646,232.082759,97.572603,-0.000000,-0.001145,-0.000000,0.169505,0.550835,0.560565,0.594656,0.190415,-0.900692,-0.390509,-86.541152,323.310905,109.084090,1
11540.000000,-0.636881,-0.693658,-0.336482,247.810597,232.682537,90.515726,-0.000000,-0.001145,-0.000001,0.172709,0.547424,0.559586,0.597797,0.190417,-0.900691,-0.390508,-90.937399,323.195789,107.002053,1
11550.000000,-0.638945,-0.694248,-0.331315,250.806170,232.621283,82.746480,-0.000000,-0.001145,-0.000001,0.175907,0.543995,0.558589,0.600919,0.190419,-0.900691,-0.390508,-95.299804,322.975362,104.968607,1
11560.000000,-0.642429,-0.693899,-0.325254,253.118217,233.205611,75.128174,-0.000001,-0.001145,-0.000000,0.179100,0.540549,0.557574,0.604021,0.190421,-0.900691,-0.390508,-99.625737,322.653770,102.983585,1
11570.000000,-0.645107,-0.695597,-0.316199,256.194757,233.565745,67.912647,-0.000001,-0.001145,0.000000,0.182287,0.537085,0.556540,0.607104,0.190423,-0.900690,-0.390508,-103.912817,322.235200,101.046675,1
11580.000000,-0.651374,-0.693876,-0.307000,257.772019,234.507978,61.273340,-0.000000,-0.001145,-0.000001,0.185467,0.533603,0.555488,0.610166,0.190425,-0.900690,-0.390508,-108.158922,321.723862,99.157422,1
11590.000000,-0.654688,-0.693935,-0.299729,259.857688,234.263104,53.780611,-0.000001,-0.001145,-0.000001,0.188642,0.530104,0.554418,0.613209,0.190427,-0.900689,-0.390508,-112.362187,321.123964,97.315240,1
11600.000000,-0.657460,-0.694740,-0.291691,261.161631,234.902100,46.341338,-0.000000,-0.001144,-0.000000,0.191810,0.526587,0.553330,0.616231,0.190429,-0.900689,-0.390507,-116.521007,320.439697,95.519414,1
11610.000000,-0.659832,-0.694300,-0.287348,262.372421,235.574422,38.362046,-0.000001,-0.001145,-0.000000,0.194973,0.523053,0.552224,0.619233,0.190431,-0.900689,-0.390507,-120.634032,319.675207,93.769113,1
11620.000000,-0.662698,-0.694803,-0.279429,263.029747,235.530851,31.028229,0.000000,-0.001145,-0.000000,0.198128,0.519503,0.551099,0.622215,0.190433,-0.900688,-0.390507,-124.700169,318.834580,92.063398,1
11630.000000,-0.668204,-0.693437,-0.269536,264.098027,235.519877,24.359184,-0.000001,-0.001144,-0.000000,0.201278,0.515935,0.549957,0.625177,0.190435,-0.900688,-0.390507,-128.718571,317.921820,90.401228,1
11640.000000,-0.670060,-0.694699,-0.261559,264.170833,235.793868,16.111203,-0.000001,-0.001145,-0.000001,0.204421,0.512350,0.548796,0.628118,0.190437,-0.900688,-0.390507,-132.688639,316.940836,88.781476,1
11650.000000,-0.673018,-0.694371,-0.254744,264.695894,235.989821,9.052814,-0.000000,-0.001144,-0.000001,0.207557,0.508748,0.547618,0.631039,0.190439,-0.900687,-0.390507,-136.610007,315.895414,87.202935,1
11660.000000,-0.674799,-0.695462,-0.246941,264.845648,236.280300,1.702788,-0.000000,-0.001145,-0.000000,0.210686,0.505130,0.546422,0.633939,0.190441,-0.900687,-0.390506,-140.482539,314.789212,85.664331,1
11670.000000,-0.677281,-0.695300,-0.240517,265.030266,236.820672,-5.005328,0.000000,-0.001144,-0.000001,0.213808,0.501495,0.545208,0.636818,0.190443,-0.900687,-0.390506,-144.306314,313.625738,84.164334,1
11680.000000,-0.682204,-0.692844,-0.233591,264.157734,236.956320,-12.969210,-0.000001,-0.001144,-0.000000,0.216924,0.497844,0.543976,0.639676,0.190445,-0.900686,-0.390506,-148.081619,312.408336,82.701571,1
11690.000000,-0.684804,-0.693287,-0.224491,263.809861,236.809971,-19.915529,-0.000000,-0.001144,-0.000000,0.220032,0.494177,0.542726,0.642514,0.190447,-0.900686,-0.390506,-151.808935,311.140177,81.274635,1
11700.000000,-0.687790,-0.692268,-0.218428,263.624942,237.801325,-26.963224,-0.000000,-0.001145,-0.000001,0.223133,0.490493,0.541458,0.645330,0.190449,-0.900685,-0.390506,-155.488920,309.824248,79.882099,1
11710.000000,-0.689064,-0.694158,-0.208172,263.160203,237.508421,-33.868859,-0.000001,-0.001144,-0.000000,0.226227,0.486794,0.540173,0.648126,0.190451,-0.900685,-0.390506,-159.122402,308.463338,78.522526,1
11720.000000,-0.691886,-0.693652,-0.200350,261.802220,237.868801,-41.179960,-0.000000,-0.001145,-0.000000,0.229313,0.483078,0.538870,0.650900,0.190453,-0.900685,-0.390506,-162.710358,307.060034,77.194483,1
11730.000000,-0.694663,-0.693539,-0.190911,260.355947,238.547779,-48.797091,-0.000000,-0.001145,-0.000001,0.232392,0.479347,0.537549,0.653652,0.190455,-0.900684,-0.390505,-166.253900,305.616716,75.896547,1
11740.000000,-0.697108,-0.692928,-0.184095,259.098743,238.433947,-55.367413,-0.000001,-0.001145,-0.000001,0.235463,0.475600,0.536211,0.656384,0.190457,-0.900684,-0.390505,-169.754262,304.135548,74.627323,1
11750.000000,-0.697261,-0.694722,-0.176600,257.593361,238.769751,-62.050737,-0.000000,-0.001145,-0.000001,0.238527,0.471837,0.534855,0.659094,0.190459,-0.900684,-0.390505,-173.212777,302.618480,73.385450,1
11760.000000,-0.700057,-0.693976,-0.168280,256.450326,238.065296,-68.159984,-0.000001,-0.001145,-0.000001,0.241582,0.468059,0.533482,0.661782,0.190461,-0.900683,-0.390505,-176.630867,301.067244,72.169611,1
11770.000000,-0.701341,-0.694457,-0.160781,253.973903,237.956228,-75.525500,-0.000001,-0.001145,-0.000001,0.244630,0.464265,0.532091,0.664449,0.190463,-0.900683,-0.390505,-180.010024,299.483356,70.978544,1
11780.000000,-0.702836,-0.694484,-0.153992,252.253598,238.855430,-81.921762,-0.000001,-0.001145,-0.000000,0.247670,0.460457,0.530683,0.667094,0.190465,-0.900683,-0.390505,-183.351793,297.868115,69.811049,1
11790.000000,-0.703737,-0.695223,-0.146354,249.770914,238.650575,-88.958208,-0.000000,-0.001145,0.000000,0.250702,0.456633,0.529258,0.669717,0.190467,-0.900682,-0.390504,-186.657756,296.222611,68.665998,1
11800.000000,-0.707319,-0.693689,-0.136000,247.226999,239.003783,-94.871946,-0.000000,-0.001145,-0.000001,0.253725,0.452795,0.527815,0.672318,0.190469,-0.900682,-0.390504,-189.929517,294.547729,67.542342,1
11810.000000,-0.707812,-0.694797,-0.127516,245.085012,239.141645,-101.186531,-0.000000,-0.001145,-0.000001,0.256741,0.448941,0.526355,0.674897,0.190471,-0.900682,-0.390504,-193.168686,292.844151,66.439117,1
11820.000000,-0.709450,-0.694454,-0.120058,242.687561,239.325512,-107.901829,-0.000001,-0.001144,-0.000000,0.259747,0.445073,0.524878,0.677455,0.190473,-0.900681,-0.390504,-196.376863,291.112370,65.355450,1
11830.000000,-0.710582,-0.694535,-0.112669,239.109795,238.974930,-113.969281,-0.000000,-0.001144,0.000000,0.262746,0.441190,0.523383,0.679989,0.190475,-0.900681,-0.390504,-199.555626,289.352694,64.290562,1
11840.000000,-0.713127,-0.693360,-0.103450,236.378152,239.684687,-119.999074,-0.000001,-0.001145,-0.000001,0.265736,0.437293,0.521872,0.682502,0.190477,-0.900680,-0.390504,-202.706519,287.565259,63.243777,1
11850.000000,-0.713593,-0.694073,-0.095115,233.605343,239.570091,-126.537882,-0.000001,-0.001145,-0.000001,0.268717,0.433382,0.520343,0.684993,0.190479,-0.900680,-0.390504,-205.831035,285.750036,62.214521,1
11860.000000,-0.714861,-0.693714,-0.087945,230.622160,239.613195,-132.456793,-0.000000,-0.001144,-0.000000,0.271689,0.429456,0.518797,0.687461,0.190481,-0.900680,-0.390503,-208.930608,283.906848,61.202325,1
11870.000000,-0.715416,-0.694204,-0.079122,226.890461,239.400386,-138.303120,-0.000001,-0.001145,-0.000001,0.274652,0.425517,0.517235,0.689906,0.190483,-0.900679,-0.390503,-212.006604,282.035377,60.206829,1
11880.000000,-0.717390,-0.692982,-0.071604,223.522990,240.046382,-144.547158,-0.000000,-0.001144,-0.000000,0.277606,0.421563,0.515655,0.692329,0.190485,-0.900679,-0.390503,-215.060307,280.135178,59.227779,1
11890.000000,-0.716668,-0.694632,-0.062235,220.321738,239.773297,-150.255309,-0.000000,-0.001145,-0.000000,0.280552,0.417596,0.514058,0.694729,0.190488,-0.900679,-0.390503,-218.092914,278.205697,58.265031,1
11900.000000,-0.716777,-0.695147,-0.054778,216.019191,239.813751,-155.074494,-0.000001,-0.001144,-0.000000,0.283488,0.413615,0.512445,0.697107,0.190490,-0.900678,-0.390503,-221.105530,276.246275,57.318548,1
11910.000000,-0.718921,-0.693540,-0.046420,212.887725,239.956904,-160.796096,-0.000000,-0.001145,-0.000000,0.286415,0.409620,0.510815,0.699461,0.190492,-0.900678,-0.390503,-224.099158,274.256172,56.388398,1
11920.000000,-0.718908,-0.694069,-0.037945,208.855852,239.870608,-166.262108,0.000000,-0.001144,0.000000,0.289332,0.405612,0.509168,0.701793,0.190494,-0.900678,-0.390502,-227.074695,272.234571,55.474752,1
11930.000000,-0.719224,-0.694139,-0.029788,204.298155,239.995755,-171.932056,-0.000000,-0.001145,0.000000,0.292240,0.401591,0.507505,0.704102,0.190496,-0.900677,-0.390502,-230.032931,270.180598,54.577883,1
11940.000000,-0.718710,-0.694952,-0.022304,200.454314,239.981860,-176.350418,-0.000001,-0.001144,-0.000001,0.295138,0.397556,0.505825,0.706388,0.190498,-0.900677,-0.390502,-232.974544,268.093333,53.698161,1
11950.000000,-0.719355,-0.694534,-0.012244,196.282200,240.022725,-182.418069,-0.000001,-0.001145,-0.000000,0.298027,0.393509,0.504128,0.708650,0.190500,-0.900676,-0.390502,-235.900101,265.971821,52.836050,1
11960.000000,-0.719932,-0.694028,-0.004812,191.499046,240.428128,-186.933637,-0.000001,-0.001144,-0.000001,0.300906,0.389449,0.502415,0.710890,0.190502,-0.900676,-0.390502,-238.810054,263.815087,51.992100,1
11970.000000,-0.720667,-0.693275,0.002970,187.047170,240.179129,-192.260238,-0.000000,-0.001145,-0.000001,0.303775,0.385376,0.500685,0.713106,0.190504,-0.900676,-0.390502,-241.704745,261.622145,51.166949,1
11980.000000,-0.719261,-0.694644,0.011533,182.087372,239.599239,-196.712364,-0.000000,-0.001145,-0.000000,0.306635,0.381290,0.498939,0.715299,0.190506,-0.900675,-0.390502,-244.584403,259.392013,50.361312,1
11990.000000,-0.720021,-0.693673,0.019680,177.189062,240.551344,-202.053579,-0.000001,-0.001145,-0.000000,0.309484,0.377192,0.497177,0.717468,0.190508,-0.900675,-0.390501,-247.449150,257.123718,49.575978,1
12000.000000,-0.719365,-0.694110,0.026915,172.174520,240.126092,-207.161052,-0.000001,-0.001145,-0.000000,0.312323,0.373081,0.495399,0.719614,0.190510,-0.900675,-0.390501,-250.299001,254.816312,48.811803,1
12010.000000,-0.719063,-0.694038,0.035488,166.788491,240.578499,-211.082448,-0.000001,-0.001145,-0.000001,0.315152,0.368959,0.493604,0.721737,0.190512,-0.900674,-0.390501,-253.133870,252.468874,48.069709,1
12020.000000,-0.719323,-0.693338,0.043099,161.632494,239.981249,-215.243016,0.000000,-0.001145,-0.000001,0.317970,0.364824,0.491793,0.723836,0.190514,-0.900674,-0.390501,-255.953573,250.080522,47.350670,1
12030.000000,-0.718370,-0.693632,0.053095,156.498343,239.444469,-219.543617,-0.000001,-0.001144,-0.000001,0.320778,0.360677,0.489966,0.725911,0.190516,-0.900674,-0.390501,-258.757834,247.650421,46.655713,1
12040.000000,-0.717013,-0.694570,0.058866,151.337578,240.321142,-224.246516,-0.000000,-0.001145,-0.000001,0.323576,0.356519,0.488123,0.727962,0.190518,-0.900673,-0.390501,-261.546288,245.177784,45.985912,1
12050.000000,-0.717161,-0.693533,0.068495,145.279239,240.079460,-228.000338,0.000000,-0.001144,-0.000001,0.326363,0.352349,0.486264,0.729990,0.190520,-0.900673,-0.390500,-264.318488,242.661884,45.342376,1
12060.000000,-0.716469,-0.693605,0.074725,140.206158,240.001926,-231.385869,-0.000001,-0.001145,-0.000001,0.329139,0.348167,0.484389,0.731993,0.190522,-0.900673,-0.390500,-267.073912,240.102051,44.726252,1
12070.000000,-0.715013,-0.694144,0.083190,133.711733,240.021675,-235.276592,-0.000001,-0.001145,-0.000001,0.331905,0.343974,0.482498,0.733973,0.190524,-0.900672,-0.390500,-269.811963,237.497681,44.138712,1
12080.000000,-0.713257,-0.694654,0.093388,128.232892,239.944844,-239.803901,-0.000000,-0.001145,0.000000,0.334659,0.339770,0.480592,0.735929,0.190526,-0.900672,-0.390500,-272.531998,234.848231,43.580953,1
12090.000000,-0.712719,-0.694202,0.100574,121.623116,240.470790,-242.628293,-0.000001,-0.001145,-0.000000,0.337403,0.335554,0.478669,0.737860,0.190528,-0.900671,-0.390500,-275.233371,232.153147,43.054175,1
12100.000000,-0.711776,-0.693866,0.109205,115.628428,240.531546,-245.723991,-0.000001,-0.001144,-0.000000,0.340136,0.331328,0.476731,0.739768,0.190530,-0.900671,-0.390500,-277.915209,229.411940,42.559592,1
12110.000000,-0.709633,-0.694614,0.118035,109.517666,239.987194,-249.489767,-0.000001,-0.001145,-0.000000,0.342858,0.327090,0.474778,0.741651,0.190532,-0.900671,-0.390499,-280.576561,226.624208,42.098431,1
12120.000000,-0.709433,-0.693357,0.126339,103.399722,240.064425,-251.484472,-0.000001,-0.001145,-0.000001,0.345568,0.322842,0.472809,0.743510,0.190534,-0.900670,-0.390499,-283.216431,223.789624,41.671925,1
12130.000000,-0.708070,-0.693169,0.134731,97.472500,240.312307,-254.821876,-0.000001,-0.001144,-0.000000,0.348267,0.318584,0.470824,0.745345,0.190536,-0.900670,-0.390499,-285.833787,220.907933,41.281310,1
12140.000000,-0.705896,-0.693845,0.142444,90.430713,240.165957,-257.889294,-0.000000,-0.001145,-0.000000,0.350955,0.314315,0.468824,0.747155,0.190538,-0.900670,-0.390499,-288.427560,217.978956,40.927823,1
12150.000000,-0.704015,-0.694239,0.149651,83.673076,239.953947,-260.309388,0.000000,-0.001145,-0.000001,0.353631,0.310036,0.466809,0.748941,0.190540,-0.900669,-0.390499,-290.996652,215.002584,40.612696,1
12160.000000,-0.701639,-0.694626,0.158736,77.264615,240.718694,-262.617328,-0.000001,-0.001145,-0.000000,0.356295,0.305746,0.464778,0.750702,0.190542,-0.900669,-0.390499,-293.539940,211.978775,40.337157,1
12170.000000,-0.700605,-0.693737,0.166978,69.986294,240.754598,-264.787955,-0.000000,-0.001145,-0.000001,0.358948,0.301447,0.462733,0.752439,0.190544,-0.900669,-0.390499,-296.056272,208.907555,40.102421,1
12180.000000,-0.698509,-0.694333,0.173169,63.476135,240.619689,-266.210206,0.000000,-0.001144,-0.000000,0.361590,0.297138,0.460672,0.754151,0.190546,-0.900668,-0.390498,-298.544476,205.789010,39.909695,1
12190.000000,-0.697399,-0.693314,0.181522,56.726410,240.932440,-268.732263,-0.000001,-0.001145,-0.000001,0.364219,0.292819,0.458596,0.755839,0.190548,-0.900668,-0.390498,-301.003362,202.623289,39.760171,1
12200.000000,-0.695224,-0.693230,0.189989,49.524695,240.603088,-270.114836,0.000000,-0.001145,-0.000001,0.366836,0.288490,0.456505,0.757501,0.190550,-0.900667,-0.390498,-303.431716,199.410594,39.655027,1
12210.000000,-0.691874,-0.694473,0.197529,42.521687,240.879283,-271.460752,-0.000000,-0.001144,-0.000000,0.369442,0.284152,0.454399,0.759139,0.190552,-0.900667,-0.390498,-305.828310,196.151185,39.595424,1
12220.000000,-0.689038,-0.694839,0.205976,35.527329,241.054460,-273.160969,-0.000000,-0.001145,-0.000001,0.372035,0.279805,0.452278,0.760752,0.190554,-0.900667,-0.390498,-308.191894,192.845369,39.582505,1
12230.000000,-0.687229,-0.694177,0.214091,28.448940,241.081028,-273.826419,-0.000001,-0.001145,-0.000001,0.374616,0.275448,0.450142,0.762340,0.190556,-0.900666,-0.390498,-310.521203,189.493503,39.617396,1
12240.000000,-0.684182,-0.694749,0.221855,21.627975,240.839469,-274.892280,-0.000001,-0.001144,-0.000001,0.377185,0.271083,0.447992,0.763904,0.190558,-0.900666,-0.390497,-312.814950,186.095990,39.701201,1
12250.000000,-0.681786,-0.694651,0.229407,14.484067,240.994252,-275.305439,-0.000000,-0.001144,-0.000001,0.379742,0.266708,0.445827,0.765442,0.190560,-0.900666,-0.390497,-315.071832,182.653275,39.835005,1
12260.000000,-0.680000,-0.693560,0.237854,6.818077,241.219522,-275.734244,-0.000001,-0.001144,-0.000000,0.382286,0.262325,0.443647,0.766955,0.190562,-0.900665,-0.390497,-317.290522,179.165848,40.019872,1
12270.000000,-0.678225,-0.693348,0.243473,-1.107637,241.256838,-276.547928,-0.000000,-0.001145,-0.000001,0.384818,0.257934,0.441453,0.768443,0.190564,-0.900665,-0.390497,-319.469673,175.634237,40.256843,1
12280.000000,-0.674400,-0.693920,0.252309,-7.920515,241.136514,-276.481681,-0.000000,-0.001145,-0.000000,0.387337,0.253533,0.439244,0.769906,0.190566,-0.900665,-0.390497,-321.607912,172.059008,40.546937,1
12290.000000,-0.670385,-0.694305,0.261774,-15.550395,241.985900,-275.287814,-0.000000,-0.001145,-0.000001,0.389843,0.249125,0.437021,0.771344,0.190568,-0.900664,-0.390497,-323.703842,168.440770,40.891149,1
12300.000000,-0.667635,-0.694472,0.268278,-23.057555,242.080306,-275.367834,-0.000001,-0.001145,-0.000001,0.392337,0.244709,0.434784,0.772756,0.190570,-0.900664,-0.390497,-325.756037,164.780166,41.290452,1
12310.000000,-0.664361,-0.694340,0.276617,-29.906269,241.915623,-274.898175,-0.000001,-0.001145,-0.000001,0.394817,0.240284,0.432533,0.774144,0.190572,-0.900664,-0.390496,-327.763045,161.077880,41.745792,1
12320.000000,-0.661348,-0.694203,0.284079,-37.342163,242.724596,-274.431425,-0.000001,-0.001145,0.000000,0.397285,0.235852,0.430267,0.775505,0.190574,-0.900663,-0.390496,-329.723380,157.334634,42.258090,1
12330.000000,-0.658418,-0.693923,0.291474,-44.911977,242.459183,-273.273898,-0.000001,-0.001145,-0.000001,0.399740,0.231411,0.427987,0.776842,0.190576,-0.900663,-0.390496,-331.635525,153.551192,42.828241,1
12340.000000,-0.655317,-0.694041,0.298106,-52.321829,243.073695,-271.546364,-0.000000,-0.001144,-0.000000,0.402182,0.226964,0.425694,0.778153,0.190578,-0.900662,-0.390496,-333.497928,149.728357,43.457110,1
12350.000000,-0.651616,-0.694715,0.304577,-59.810363,243.225983,-270.505344,-0.000001,-0.001145,-0.000000,0.404610,0.222508,0.423386,0.779439,0.190580,-0.900662,-0.390496,-335.309003,145.866976,44.145536,1
12360.000000,-0.647620,-0.693750,0.315117,-67.407380,243.035966,-268.489650,-0.000000,-0.001145,-0.000001,0.407026,0.218046,0.421064,0.780699,0.190583,-0.900662,-0.390496,-337.067127,141.967941,44.894323,1
12370.000000,-0.643940,-0.694689,0.320545,-74.622683,243.224665,-266.851586,-0.000001,-0.001144,-0.000001,0.409428,0.213576,0.418729,0.781933,0.190585,-0.900661,-0.390495,-338.770642,138.032191,45.704246,1
12380.000000,-0.639296,-0.695457,0.328085,-81.726400,243.957416,-264.790589,0.000000,-0.001144,-0.000000,0.411817,0.209100,0.416380,0.783142,0.190587,-0.900661,-0.390495,-340.417851,134.060716,46.576044,1
12390.000000,-0.636032,-0.696140,0.332944,-88.693062,244.084810,-262.027846,-0.000001,-0.001144,-0.000001,0.414192,0.204617,0.414018,0.784326,0.190589,-0.900661,-0.390495,-342.007021,130.054555,47.510422,1
12400.000000,-0.634051,-0.693512,0.342081,-95.657125,243.972794,-260.045766,-0.000000,-0.001145,-0.000001,0.416553,0.200126,0.411641,0.785483,0.190591,-0.900660,-0.390495,-343.536385,126.014805,48.508044,1
12410.000000,-0.628279,-0.694750,0.350126,-102.721873,244.252223,-257.155796,-0.000001,-0.001145,-0.000001,0.418901,0.195630,0.409252,0.786615,0.190593,-0.900660,-0.390495,-345.004137,121.942617,49.569535,1
12420.000000,-0.625060,-0.693276,0.358703,-110.176575,245.123370,-253.509165,-0.000000,-0.001145,-0.000000,0.421236,0.191127,0.406849,0.787722,0.190595,-0.900660,-0.390495,-346.408441,117.839204,50.695480,1
12430.000000,-0.621578,-0.693486,0.364305,-116.533092,244.965774,-251.103425,-0.000001,-0.001145,-0.000000,0.423556,0.186617,0.404432,0.788802,0.190597,-0.900659,-0.390494,-347.747426,113.705842,51.886414,1
12440.000000,-0.617260,-0.694486,0.369702,-123.471543,245.250280,-247.653902,-0.000000,-0.001145,-0.000001,0.425863,0.182102,0.402003,0.789857,0.190599,-0.900659,-0.390494,-349.019195,109.543871,53.142829,1
12450.000000,-0.612393,-0.694089,0.378439,-129.929881,245.781751,-243.831924,-0.000001,-0.001145,-0.000001,0.428155,0.177581,0.399560,0.790885,0.190601,-0.900658,-0.390494,-350.221821,105.354698,54.465165,1
12460.000000,-0.607367,-0.694710,0.385336,-137.188708,246.377996,-240.054310,-0.000000,-0.001145,-0.000001,0.430434,0.173053,0.397104,0.791888,0.190603,-0.900658,-0.390494,-351.353356,101.139801,55.853810,1
12470.000000,-0.604070,-0.694095,0.391576,-143.601949,246.439873,-235.323759,-0.000000,-0.001144,-0.000001,0.432699,0.168521,0.394635,0.792865,0.190605,-0.900658,-0.390494,-352.411831,96.900728,57.309098,1
12480.000000,-0.599026,-0.693070,0.401025,-150.209183,247.160916,-231.083591,-0.000000,-0.001145,-0.000000,0.434949,0.163982,0.392154,0.793816,0.190607,-0.900657,-0.390494,-353.395262,92.639102,58.831305,1
12490.000000,-0.594996,-0.693637,0.406015,-156.167365,247.198158,-226.583172,-0.000000,-0.001145,-0.000001,0.437185,0.159439,0.389659,0.794741,0.190609,-0.900657,-0.390494,-354.301652,88.356616,60.420648,1
12500.000000,-0.590142,-0.693957,0.412500,-162.259113,247.554207,-221.814585,-0.000001,-0.001145,-0.000000,0.439407,0.154890,0.387152,0.795641,0.190611,-0.900657,-0.390493,-355.129000,84.055042,62.077282,1
12510.000000,-0.584841,-0.694618,0.418889,-168.502464,247.974975,-216.789698,-0.000001,-0.001145,0.000000,0.441615,0.150336,0.384632,0.796514,0.190613,-0.900656,-0.390493,-355.875299,79.736226,63.801299,1
12520.000000,-0.580525,-0.693699,0.426349,-173.744397,247.937498,-212.299055,-0.000001,-0.001145,-0.000000,0.443808,0.145777,0.382099,0.797361,0.190615,-0.900656,-0.390493,-356.538547,75.402089,65.592724,1
12530.000000,-0.575301,-0.694214,0.432545,-180.395894,249.265405,-206.591788,-0.000001,-0.001144,-0.000001,0.445986,0.141213,0.379554,0.798181,0.190617,-0.900656,-0.390493,-357.116751,71.054627,67.451516,1
12540.000000,-0.571370,-0.693299,0.439173,-185.831678,249.382256,-200.492757,-0.000001,-0.001145,-0.000001,0.448150,0.136645,0.376997,0.798976,0.190619,-0.900655,-0.390493,-357.607930,66.695914,69.377563,1
12550.000000,-0.566210,-0.693697,0.445187,-191.996492,249.829331,-195.114069,-0.000000,-0.001145,-0.000001,0.450300,0.132072,0.374427,0.799745,0.190621,-0.900655,-0.390493,-358.010122,62.328091,71.370685,1
12560.000000,-0.559668,-0.693637,0.453475,-196.841775,250.054230,-189.265392,-0.000001,-0.001144,-0.000000,0.452434,0.127495,0.371845,0.800487,0.190623,-0.900655,-0.390492,-358.321389,57.953378,73.430631,1
12570.000000,-0.553756,-0.694512,0.459354,-202.334096,250.790822,-182.833992,-0.000001,-0.001145,-0.000001,0.454554,0.122913,0.369251,0.801203,0.190625,-0.900654,-0.390492,-358.539822,53.574059,75.557075,1
12580.000000,-0.550001,-0.693005,0.466094,-206.700233,251.384457,-177.012393,-0.000000,-0.001145,-0.000000,0.456659,0.118328,0.366644,0.801893,0.190627,-0.900654,-0.390492,-358.663547,49.192491,77.749621,1
12590.000000,-0.542667,-0.694212,0.472845,-211.766313,252.609601,-169.795534,-0.000000,-0.001145,-0.000001,0.458749,0.113739,0.364026,0.802557,0.190629,-0.900653,-0.390492,-358.690729,44.811091,80.007801,1
12600.000000,-0.537485,-0.694612,0.478146,-216.073051,252.649104,-163.253415,-0.000001,-0.001145,-0.000001,0.460824,0.109146,0.361396,0.803195,0.190631,-0.900653,-0.390492,-358.619579,40.432344,82.331072,1
12610.000000,-0.533034,-0.695221,0.482226,-220.430896,252.912322,-156.886146,-0.000000,-0.001145,-0.000001,0.462883,0.104550,0.358754,0.803806,0.190633,-0.900653,-0.390492,-358.448355,36.058789,84.718820,1
12620.000000,-0.527644,-0.694441,0.489228,-224.277808,253.165072,-149.436687,-0.000001,-0.001144,-0.000000,0.464928,0.099950,0.356100,0.804391,0.190635,-0.900652,-0.390492,-358.175369,31.693025,87.170360,1
12630.000000,-0.521087,-0.694710,0.495829,-227.793939,253.126075,-142.606916,-0.000001,-0.001145,-0.000001,0.466958,0.095347,0.353434,0.804950,0.190637,-0.900652,-0.390491,-357.798989,27.337702,89.684935,1
12640.000000,-0.516533,-0.694110,0.501404,-231.228799,254.845859,-135.623834,-0.000001,-0.001145,-0.000001,0.468972,0.090740,0.350757,0.805482,0.190639,-0.900652,-0.390491,-357.317646,22.995519,92.261721,1
12650.000000,-0.510382,-0.694102,0.507675,-234.943761,254.466579,-127.956801,-0.000000,-0.001145,-0.000001,0.470971,0.086131,0.348069,0.805988,0.190641,-0.900651,-0.390491,-356.729833,18.669222,94.899824,1
12660.000000,-0.504837,-0.694871,0.512147,-238.375996,255.483615,-120.908478,0.000000,-0.001144,-0.000000,0.472954,0.081519,0.345369,0.806467,0.190643,-0.900651,-0.390491,-356.034117,14.361532,97.598328,1
12670.000000,-0.499815,-0.695249,0.516539,-241.040127,256.092508,-112.850599,-0.000000,-0.001145,-0.000001,0.474922,0.076904,0.342658,0.806920,0.190645,-0.900651,-0.390491,-355.229040,10.075174,100.356259,1
12680.000000,-0.493145,-0.694049,0.524504,-243.956692,256.011416,-104.717726,-0.000000,-0.001144,-0.000000,0.476874,0.072287,0.339935,0.807347,0.190647,-0.900650,-0.390491,-354.313146,5.813030,103.172480,1
12690.000000,-0.486898,-0.694908,0.529182,-246.379288,256.319084,-97.454564,-0.000001,-0.001145,-0.000001,0.478811,0.067667,0.337202,0.807747,0.190649,-0.900650,-0.390490,-353.285060,1.578024,106.045786,1
12700.000000,-0.480859,-0.694381,0.535360,-248.624116,257.764798,-89.530526,-0.000001,-0.001145,-0.000000,0.480732,0.063045,0.334457,0.808121,0.190651,-0.900649,-0.390490,-352.143491,-2.626890,108.974910,1
12710.000000,-0.474180,-0.695512,0.539830,-250.608922,257.940550,-81.551792,-0.000000,-0.001145,-0.000001,0.482638,0.058422,0.331702,0.808469,0.190653,-0.900649,-0.390490,-350.887234,-6.798728,111.958524,1
12720.000000,-0.468153,-0.694281,0.546632,-251.616999,258.819349,-73.100129,-0.000001,-0.001145,-0.000001,0.484527,0.053796,0.328936,0.808790,0.190655,-0.900649,-0.390490,-349.515168,-10.934478,114.995244,1
12730.000000,-0.462312,-0.694189,0.551696,-252.676925,258.791414,-65.591924,0.000000,-0.001145,-0.000000,0.486401,0.049168,0.326158,0.809084,0.190657,-0.900648,-0.390490,-348.026259,-15.031109,118.083630,1
12740.000000,-0.456182,-0.694092,0.556897,-253.814779,259.671703,-56.855719,-0.000000,-0.001145,-0.000001,0.488259,0.044539,0.323371,0.809352,0.190659,-0.900648,-0.390490,-346.419559,-19.085568,121.222190,1
12750.000000,-0.450477,-0.693780,0.561907,-254.590404,260.009731,-48.671459,-0.000000,-0.001145,-0.000001,0.490101,0.039908,0.320572,0.809594,0.190661,-0.900648,-0.390489,-344.694207,-23.094787,124.409379,1
12760.000000,-0.442563,-0.694228,0.567613,-255.003323,260.630606,-40.181208,-0.000000,-0.001143,-0.000000,0.491927,0.035276,0.317763,0.809809,0.190663,-0.900647,-0.390489,-342.849427,-27.055680,127.643608,1
12770.000000,-0.437374,-0.694454,0.571347,-255.305348,261.363497,-31.891036,-0.000001,-0.001145,-0.000001,0.493736,0.030643,0.314944,0.809997,0.190665,-0.900647,-0.390489,-340.884529,-30.965151,130.923239,1
12780.000000,-0.430457,-0.694136,0.576960,-254.405014,261.674925,-23.896458,-0.000002,-0.001145,-0.000000,0.495530,0.026009,0.312114,0.810159,0.190667,-0.900647,-0.390489,-338.798908,-34.820092,134.246590,1
12790.000000,-0.424147,-0.694691,0.580951,-254.572198,261.724686,-15.529568,0.000000,-0.001144,-0.000000,0.497307,0.021374,0.309275,0.810295,0.190669,-0.900646,-0.390489,-336.592045,-38.617382,137.611938,1
12800.000000,-0.416531,-0.693201,0.588196,-254.166396,262.451559,-6.939211,-0.000000,-0.001145,-0.000001,0.499068,0.016739,0.306425,0.810404,0.190671,-0.900646,-0.390489,-334.263503,-42.353895,141.017518,1
12810.000000,-0.409928,-0.695113,0.590573,-252.767831,263.686666,1.681507,-0.000001,-0.001144,-0.000001,0.500813,0.012102,0.303565,0.810486,0.190673,-0.900646,-0.390489,-331.812931,-46.026491,144.461528,1
12820.000000,-0.402661,-0.693851,0.597021,-251.480717,263.572895,10.117393,-0.000000,-0.001145,-0.000000,0.502541,0.007466,0.300695,0.810542,0.190675,-0.900645,-0.390488,-329.240060,-49.632027,147.942123,1
12830.000000,-0.394941,-0.694700,0.601176,-249.676384,264.036849,18.392054,-0.000001,-0.001145,-0.000000,0.504253,0.002829,0.297815,0.810572,0.190678,-0.900645,-0.390488,-326.544707,-53.167347,151.457426,1
12840.000000,-0.389092,-0.693532,0.606318,-247.783984,264.606308,26.716295,-0.000000,-0.001144,-0.000001,0.505949,-0.001808,0.294926,0.810575,0.190680,-0.900644,-0.390488,-323.726772,-56.629288,155.005518,1
12850.000000,-0.382846,-0.693953,0.609801,-245.644184,265.573022,35.017775,-0.000001,-0.001145,-0.000000,0.507628,-0.006445,0.292027,0.810551,0.190682,-0.900644,-0.390488,-320.786237,-60.014681,158.584445,1
12860.000000,-0.375835,-0.693765,0.614360,-243.333612,264.780081,43.434037,-0.000001,-0.001145,-0.000001,0.509290,-0.011082,0.289118,0.810501,0.190684,-0.900644,-0.390488,-317.723173,-63.320345,162.192218,1
12870.000000,-0.367956,-0.694551,0.618229,-240.066800,265.700261,50.689415,-0.000000,-0.001145,-0.000000,0.510935,-0.015718,0.286200,0.810424,0.190686,-0.900643,-0.390488,-314.537735,-66.543090,165.826809,1
12880.000000,-0.359106,-0.695330,0.622543,-237.215510,265.792786,59.136988,-0.000000,-0.001145,-0.000001,0.512564,-0.020354,0.283272,0.810321,0.190688,-0.900643,-0.390487,-311.230165,-69.679720,169.486152,1
12890.000000,-0.353871,-0.693861,0.627162,-233.300236,266.755434,67.184633,-0.000001,-0.001145,-0.000001,0.514176,-0.024989,0.280336,0.810191,0.190690,-0.900643,-0.390487,-307.800797,-72.727026,173.168143,1
12900.000000,-0.346449,-0.694603,0.630476,-229.222819,266.998407,74.700857,-0.000001,-0.001144,-0.000000,0.515772,-0.029623,0.277390,0.810035,0.190692,-0.900642,-0.390487,-304.250052,-75.681793,176.870640,1
12910.000000,-0.339272,-0.692515,0.636646,-224.713629,267.799933,82.251041,-0.000000,-0.001145,-0.000001,0.517350,-0.034256,0.274435,0.809853,0.190694,-0.900642,-0.390487,-300.578450,-78.540793,180.591460,1
12920.000000,-0.331379,-0.694141,0.639028,-220.906612,267.756757,89.650592,-0.000001,-0.001144,-0.000001,0.518911,-0.038889,0.271471,0.809643,0.190696,-0.900642,-0.390487,-296.786604,-81.300794,184.328379,1
12930.000000,-0.324041,-0.694334,0.642571,-216.289411,268.348129,97.353307,-0.000000,-0.001145,-0.000001,0.520456,-0.043520,0.268498,0.809408,0.190698,-0.900641,-0.390487,-292.875227,-83.958552,188.079128,1
12940.000000,-0.317619,-0.694514,0.645576,-211.162581,268.517783,104.402665,-0.000001,-0.001145,-0.000001,0.521983,-0.048149,0.265516,0.809145,0.190700,-0.900641,-0.390487,-288.845137,-86.510821,191.841395,1
12950.000000,-0.309835,-0.693885,0.650020,-206.135480,268.747379,110.626596,-0.000000,-0.001145,-0.000000,0.523494,-0.052777,0.262526,0.808857,0.190702,-0.900640,-0.390486,-284.697259,-88.954347,195.612825,1
12960.000000,-0.301740,-0.694821,0.652822,-200.385971,269.379484,118.007889,-0.000001,-0.001144,-0.000001,0.524987,-0.057403,0.259527,0.808542,0.190704,-0.900640,-0.390486,-280.432628,-91.285876,199.391012,1
12970.000000,-0.296994,-0.692686,0.657253,-195.070420,270.235210,124.674350,-0.000000,-0.001145,0.000000,0.526463,-0.062028,0.256519,0.808200,0.190706,-0.900640,-0.390486,-276.052396,-93.502150,203.173503,1
12980.000000,-0.286769,-0.695651,0.658660,-188.950772,269.968043,130.925823,-0.000001,-0.001145,-0.000000,0.527922,-0.066650,0.253503,0.807832,0.190708,-0.900639,-0.390486,-271.557832,-95.599920,206.957796,1
12990.000000,-0.279390,-0.693934,0.663624,-182.903965,269.367612,137.578166,-0.000001,-0.001144,-0.000000,0.529363,-0.071270,0.250479,0.807437,0.190710,-0.900639,-0.390486,-266.950332,-97.575938,210.741339,1
13000.000000,-0.272252,-0.694408,0.666090,-176.398921,269.949604,143.380162,-0.000000,-0.001145,-0.000001,0.530787,-0.075888,0.247447,0.807017,0.190712,-0.900639,-0.390486,-262.231421,-99.426972,214.521527,1
13010.000000,-0.264668,-0.694957,0.668570,-169.568883,270.108120,148.799051,0.000000,-0.001145,-0.000000,0.532194,-0.080503,0.244407,0.806569,0.190714,-0.900638,-0.390485,-257.402756,-101.149803,218.295703,1
13020.000000,-0.256687,-0.694719,0.671920,-162.127955,271.298382,154.349168,-0.000000,-0.001145,-0.000000,0.533584,-0.085116,0.241358,0.806096,0.190716,-0.900638,-0.390485,-252.466134,-102.741236,222.061159,1
13030.000000,-0.248058,-0.693793,0.676105,-155.102204,271.053550,159.878280,-0.000001,-0.001145,-0.000000,0.534956,-0.089726,0.238302,0.805595,0.190718,-0.900638,-0.390485,-247.423494,-104.198100,225.815133,1
13040.000000,-0.239501,-0.694529,0.678431,-148.202985,271.413761,164.595267,0.000000,-0.001145,-0.000000,0.536310,-0.094333,0.235238,0.805069,0.190720,-0.900637,-0.390485,-242.276920,-105.517261,229.554813,1
13050.000000,-0.233541,-0.694638,0.680394,-139.421757,271.057004,169.602983,-0.000000,-0.001145,-0.000001,0.537647,-0.098937,0.232166,0.804516,0.190722,-0.900637,-0.390485,-237.028651,-106.695624,233.277333,1
13060.000000,-0.225452,-0.694648,0.683107,-131.887432,271.460380,173.895565,-0.000001,-0.001145,-0.000000,0.538966,-0.103537,0.229086,0.803937,0.190724,-0.900637,-0.390485,-231.681077,-107.730145,236.979778,1
13070.000000,-0.218081,-0.694324,0.685825,-124.467179,271.471886,178.241507,-0.000000,-0.001145,-0.000001,0.540268,-0.108134,0.226000,0.803332,0.190726,-0.900636,-0.390484,-226.236747,-108.617834,240.659187,1
13080.000000,-0.211648,-0.693747,0.688418,-115.853054,271.370225,181.851400,-0.000001,-0.001145,-0.000000,0.541552,-0.112728,0.222905,0.802700,0.190728,-0.900636,-0.390484,-220.698371,-109.355767,244.312548,1
13090.000000,-0.201522,-0.694666,0.690527,-107.242408,271.309148,185.587351,-0.000001,-0.001144,-0.000001,0.542818,-0.117318,0.219804,0.802042,0.190730,-0.900635,-0.390484,-215.068823,-109.941094,247.936809,1
13100.000000,-0.194096,-0.694489,0.692829,-98.937212,271.683986,188.428151,-0.000000,-0.001145,-0.000000,0.544067,-0.121904,0.216695,0.801358,0.190732,-0.900635,-0.390484,-209.351139,-110.371047,251.528874,1
13110.000000,-0.187313,-0.693066,0.696113,-89.992518,271.976761,192.072919,-0.000001,-0.001144,-0.000001,0.545297,-0.126487,0.213579,0.800647,0.190734,-0.900635,-0.390484,-203.548524,-110.642949,255.085612,1
13120.000000,-0.179022,-0.693343,0.698016,-80.974427,272.157974,194.393157,-0.000000,-0.001144,-0.000001,0.546510,-0.131065,0.210456,0.799910,0.190736,-0.900634,-0.390484,-197.664349,-110.754227,258.603857,1
13130.000000,-0.172579,-0.694379,0.698608,-71.756344,271.741491,196.848291,-0.000000,-0.001145,-0.000001,0.547705,-0.135638,0.207326,0.799148,0.190738,-0.900634,-0.390484,-191.702149,-110.702415,262.080415,1
13140.000000,-0.163029,-0.693847,0.701426,-63.365965,271.368572,198.370298,-0.000001,-0.001144,-0.000001,0.548882,-0.140208,0.204190,0.798359,0.190740,-0.900634,-0.390483,-185.665627,-110.485170,265.512067,1
13150.000000,-0.154022,-0.694455,0.702858,-54.032961,271.702589,199.768989,-0.000000,-0.001144,-0.000001,0.550041,-0.144772,0.201047,0.797544,0.190742,-0.900633,-0.390483,-179.558649,-110.100277,268.895577,1
13160.000000,-0.146785,-0.694489,0.704372,-44.610914,272.160926,200.691467,-0.000000,-0.001145,-0.000001,0.551183,-0.149332,0.197897,0.796702,0.190744,-0.900633,-0.390483,-173.385243,-109.545660,272.227693,1
13170.000000,-0.138256,-0.694868,0.705723,-34.989680,272.008915,201.466190,-0.000000,-0.001145,-0.000000,0.552306,-0.153887,0.194740,0.795835,0.190746,-0.900633,-0.390483,-167.149594,-108.819391,275.505159,1
13180.000000,-0.128359,-0.695988,0.706488,-25.203772,271.279478,202.161800,0.000000,-0.001145,-0.000000,0.553411,-0.158438,0.191578,0.794942,0.190748,-0.900632,-0.390483,-160.856043,-107.919696,278.724717,1
13190.000000,-0.120829,-0.693551,0.710203,-15.550645,271.477211,201.896182,-0.000000,-0.001145,-0.000001,0.554497,-0.162982,0.188409,0.794022,0.190750,-0.900632,-0.390483,-154.509078,-106.844969,281.883116,1
13200.000000,-0.115353,-0.693893,0.710779,-6.406410,271.105940,201.676614,0.000001,-0.001145,-0.000001,0.555566,-0.167522,0.185234,0.793077,0.190752,-0.900631,-0.390482,-148.113335,-105.593773,284.977117,1
13210.000000,-0.106495,-0.694312,0.711751,3.129284,271.384651,200.754809,-0.000001,-0.001145,-0.000001,0.556617,-0.172056,0.182053,0.792106,0.190754,-0.900631,-0.390482,-141.673585,-104.164853,288.003504,1
13220.000000,-0.096856,-0.693623,0.713797,12.353671,270.942446,200.095900,-0.000000,-0.001144,-0.000000,0.557649,-0.176584,0.178865,0.791108,0.190756,-0.900631,-0.390482,-135.194732,-102.557139,290.959086,1
13230.000000,-0.089415,-0.694070,0.714333,21.858062,270.848130,198.071363,-0.000000,-0.001145,-0.000001,0.558663,-0.181107,0.175672,0.790085,0.190758,-0.900630,-0.390482,-128.681794,-100.769750,293.840714,1
13240.000000,-0.081455,-0.694129,0.715228,31.104564,270.511331,195.879097,-0.000001,-0.001145,-0.000001,0.559659,-0.185624,0.172474,0.789036,0.190760,-0.900630,-0.390482,-122.139730,-98.801951,296.645361,1
13250.000000,-0.073836,-0.694341,0.715848,40.898338,270.592582,193.197647,-0.000001,-0.001144,-0.000000,0.560636,-0.190135,0.169269,0.787962,0.190762,-0.900630,-0.390482,-115.573701,-96.653198,299.369868,1
13260.000000,-0.064852,-0.694218,0.716837,50.460463,269.945480,191.366206,0.000000,-0.001145,-0.000001,0.561596,-0.194639,0.166060,0.786861,0.190764,-0.900629,-0.390482,-108.989055,-94.323178,302.011066,1
13270.000000,-0.055696,-0.694528,0.717306,59.733697,269.773547,187.970866,-0.000001,-0.001145,0.000000,0.562536,-0.199137,0.162844,0.785735,0.190766,-0.900629,-0.390481,-102.391243,-91.811797,304.565852,1
13280.000000,-0.049599,-0.694214,0.718057,68.417864,269.182846,184.762447,-0.000000,-0.001145,-0.000001,0.563459,-0.203629,0.159624,0.784583,0.190768,-0.900629,-0.390481,-95.785804,-89.119182,307.031199,1
13290.000000,-0.040342,-0.693738,0.719096,77.607372,269.096576,180.086856,-0.000000,-0.001145,-0.000000,0.564363,-0.208113,0.156398,0.783405,0.190770,-0.900628,-0.390481,-89.178358,-86.245685,309.404165,1
13300.000000,-0.030856,-0.694288,0.719036,86.640722,268.749877,175.642145,-0.000001,-0.001145,-0.000000,0.565248,-0.212592,0.153167,0.782202,0.190772,-0.900628,-0.390481,-82.574590,-83.191879,311.681895,1
13310.000000,-0.025472,-0.694934,0.718622,95.048518,268.063522,172.027168,-0.000000,-0.001145,-0.000000,0.566115,-0.217063,0.149931,0.780973,0.190775,-0.900627,-0.390481,-75.980242,-79.958565,313.861629,0
13320.000000,-0.016250,-0.694505,0.719304,103.879939,268.590829,166.525023,-0.000000,-0.001145,-0.000001,0.566963,-0.221527,0.146690,0.779718,0.190777,-0.900627,-0.390481,-69.401100,-76.546763,315.940712,0
13330.000000,-0.007678,-0.694101,0.719836,112.336247,267.074551,161.689318,-0.000000,-0.001145,0.000000,0.567793,-0.225983,0.143444,0.778438,0.190779,-0.900627,-0.390480,-62.842980,-72.957714,317.916593,0
13340.000000,0.000992,-0.694248,0.719735,120.609733,266.900644,155.329358,-0.000000,-0.001144,-0.000001,0.568605,-0.230433,0.140194,0.777133,0.190781,-0.900626,-0.390480,-56.311721,-69.192878,319.786838,0
13350.000000,0.009858,-0.694215,0.719701,128.282039,267.051732,149.695282,-0.000001,-0.001144,-0.000000,0.569397,-0.234875,0.136939,0.775802,0.190783,-0.900626,-0.390480,-49.813169,-65.253930,321.549127,0
13360.000000,0.016904,-0.693606,0.720157,136.658818,266.072181,143.546502,0.000000,-0.001145,-0.000001,0.570171,-0.239309,0.133679,0.774446,0.190785,-0.900626,-0.390480,-43.353170,-61.142753,323.201262,0
13370.000000,0.025067,-0.695456,0.718132,144.095857,266.163865,136.286541,-0.000000,-0.001145,-0.000000,0.570927,-0.243735,0.130415,0.773064,0.190787,-0.900625,-0.390480,-36.937555,-56.861438,324.741171,0
13380.000000,0.033395,-0.693845,0.719350,150.383999,265.319922,130.346714,-0.000001,-0.001144,-0.000001,0.571663,-0.248153,0.127147,0.771657,0.190789,-0.900625,-0.390480,-30.572132,-52.412274,326.166910,0
13390.000000,0.041596,-0.694852,0.717948,157.795400,264.508697,122.014127,-0.000001,-0.001145,0.000000,0.572381,-0.252564,0.123875,0.770225,0.190791,-0.900625,-0.390479,-24.262677,-47.797747,327.476665,0
13400.000000,0.050619,-0.694214,0.717986,164.769249,263.889111,115.287042,-0.000001,-0.001145,-0.000000,0.573081,-0.256966,0.120598,0.768767,0.190793,-0.900624,-0.390479,-18.014921,-43.020528,328.668754,0
13410.000000,0.058780,-0.694229,0.717350,170.712179,264.154871,105.628188,-0.000001,-0.001145,0.000000,0.573761,-0.261359,0.117318,0.767285,0.190795,-0.900624,-0.390479,-11.834544,-38.083473,329.741629,0
13420.000000,0.066704,-0.693961,0.716916,177.927391,263.461887,98.923210,-0.000000,-0.001144,-0.000000,0.574423,-0.265744,0.114034,0.765777,0.190797,-0.900624,-0.390479,-5.727164,-32.989611,330.693878,0
13430.000000,0.074917,-0.694541,0.715542,183.348532,262.845591,89.919482,-0.000001,-0.001145,-0.000001,0.575066,-0.270120,0.110746,0.764244,0.190799,-0.900623,-0.390479,0.301670,-27.742139,331.524222,0
13440.000000,0.082740,-0.694371,0.714845,188.962435,262.185368,81.042060,-0.000001,-0.001145,-0.000001,0.575690,-0.274488,0.107455,0.762687,0.190801,-0.900623,-0.390479,6.246485,-22.344416,332.231518,0
13450.000000,0.091036,-0.693709,0.714479,193.577092,261.134152,72.376167,-0.000000,-0.001144,-0.000000,0.576295,-0.278846,0.104160,0.761104,0.190803,-0.900622,-0.390479,12.101890,-16.799955,332.814756,0
13460.000000,0.098602,-0.694958,0.712258,198.769308,261.296155,63.178559,-0.000001,-0.001145,-0.000000,0.576882,-0.283196,0.100861,0.759496,0.190805,-0.900622,-0.390478,17.862588,-11.112413,333.273060,0
13470.000000,0.105010,-0.695718,0.710597,203.650436,260.512001,53.137190,-0.000000,-0.001146,-0.000000,0.577449,-0.287536,0.097560,0.757864,0.190807,-0.900622,-0.390478,23.523373,-5.285590,333.605687,0
13480.000000,0.113936,-0.693561,0.711331,207.417877,259.359769,43.319246,-0.000001,-0.001145,-0.000001,0.577998,-0.291866,0.094255,0.756207,0.190809,-0.900621,-0.390478,29.079143,0.676585,333.812021,0
13490.000000,0.123584,-0.693627,0.709654,211.115256,258.867444,33.479464,-0.000001,-0.001145,-0.000000,0.578527,-0.296188,0.090947,0.754525,0.190811,-0.900621,-0.390478,34.524902,6.770054,333.891577,0
13500.000000,0.131644,-0.694692,0.707158,214.346524,258.311511,23.743663,-0.000001,-0.001144,-0.000000,0.579038,-0.300499,0.087636,0.752818,0.190813,-0.900621,-0.390478,39.855764,12.990641,333.843994,0
13510.000000,0.141178,-0.693214,0.706770,217.039082,257.596867,13.154694,-0.000000,-0.001144,-0.000000,0.579530,-0.304801,0.084322,0.751087,0.190815,-0.900620,-0.390478,45.066955,19.334056,333.669035,0
13520.000000,0.147489,-0.694050,0.704657,219.211284,256.612747,2.944723,-0.000001,-0.001144,-0.000001,0.580003,-0.309092,0.081005,0.749331,0.190817,-0.900620,-0.390477,50.153823,25.795902,333.366583,0
13530.000000,0.155834,-0.693459,0.703441,222.264407,255.725382,-7.083383,-0.000001,-0.001145,-0.000000,0.580457,-0.313374,0.077686,0.747550,0.190819,-0.900620,-0.390477,55.111833,32.371680,332.936640,0
13540.000000,0.164594,-0.694182,0.700728,222.876960,255.652915,-18.283883,0.000000,-0.001145,-0.000001,0.580892,-0.317645,0.074364,0.745745,0.190821,-0.900619,-0.390477,59.936577,39.056796,332.379321,0
13550.000000,0.172775,-0.693179,0.699751,224.661103,254.558574,-28.844992,-0.000000,-0.001145,-0.000000,0.581308,-0.321906,0.071040,0.743916,0.190823,-0.900619,-0.390477,64.623771,45.846563,331.694854,0
13560.000000,0.179137,-0.694493,0.696842,225.457845,254.326697,-39.824515,-0.000000,-0.001145,-0.000001,0.581705,-0.326156,0.067713,0.742063,0.190825,-0.900618,-0.390477,69.169263,52.736207,330.883578,0
13570.000000,0.188967,-0.693484,0.695249,226.350657,254.353968,-50.242340,-0.000001,-0.001145,0.000000,0.582082,-0.330396,0.064385,0.740185,0.190827,-0.900618,-0.390477,73.569030,59.720871,329.945937,0
13580.000000,0.196369,-0.694172,0.692506,225.588926,252.875911,-61.060530,0.000000,-0.001145,-0.000000,0.582441,-0.334625,0.061054,0.738282,0.190829,-0.900618,-0.390477,77.819182,66.795619,328.882477,0
13590.000000,0.203957,-0.695173,0.689301,225.650265,252.662816,-71.793659,-0.000000,-0.001144,-0.000000,0.582781,-0.338843,0.057721,0.736356,0.190831,-0.900617,-0.390476,81.915966,73.955443,327.693847,0
13600.000000,0.211988,-0.694754,0.687297,224.148259,251.810743,-82.849345,-0.000001,-0.001144,-0.000000,0.583102,-0.343049,0.054386,0.734406,0.190833,-0.900617,-0.390476,85.855767,81.195259,326.380794,0
13610.000000,0.219792,-0.694264,0.685339,223.015461,250.782345,-93.363942,-0.000001,-0.001144,-0.000000,0.583403,-0.347245,0.051050,0.732431,0.190835,-0.900617,-0.390476,89.635107,88.509917,324.944162,0
13620.000000,0.226023,-0.695369,0.682185,221.396971,250.547482,-104.221019,0.000000,-0.001144,-0.000000,0.583686,-0.351429,0.047711,0.730433,0.190837,-0.900616,-0.390476,93.250652,95.894202,323.384885,0
13630.000000,0.235609,-0.695073,0.679236,218.668944,249.678392,-115.626791,-0.000000,-0.001145,-0.000001,0.583949,-0.355602,0.044372,0.728411,0.190839,-0.900616,-0.390476,96.699212,103.342834,321.703993,0
13640.000000,0.242390,-0.695308,0.676605,216.486409,248.877073,-125.965261,-0.000000,-0.001145,-0.000000,0.584193,-0.359763,0.041030,0.726364,0.190841,-0.900616,-0.390476,99.977741,110.850476,319.902603,0
13650.000000,0.250386,-0.695395,0.673596,213.747820,248.572989,-137.208262,-0.000000,-0.001145,-0.000001,0.584418,-0.363912,0.037688,0.724295,0.190843,-0.900615,-0.390475,103.083345,118.411733,317.981922,0
13660.000000,0.258095,-0.693530,0.672609,209.734290,247.680992,-147.367483,-0.000001,-0.001145,-0.000000,0.584624,-0.368050,0.034344,0.722201,0.190845,-0.900615,-0.390475,106.013277,126.021157,315.943241,0
13670.000000,0.264820,-0.694724,0.668752,206.548431,247.717028,-157.826133,-0.000000,-0.001144,-0.000001,0.584811,-0.372175,0.030999,0.720084,0.190847,-0.900615,-0.390475,108.764949,133.673249,313.787939,0
13680.000000,0.273046,-0.694923,0.665228,201.207325,246.034211,-168.207461,-0.000001,-0.001145,-0.000000,0.584979,-0.376288,0.027653,0.717943,0.190849,-0.900614,-0.390475,111.335926,141.362461,311.517475,0
13690.000000,0.281684,-0.693919,0.662670,197.468994,245.393453,-178.249146,-0.000000,-0.001145,-0.000000,0.585128,-0.380389,0.024306,0.715779,0.190851,-0.900614,-0.390475,113.723935,149.083203,309.133396,0
13700.000000,0.286685,-0.694754,0.659643,191.439015,245.035536,-188.460266,-0.000000,-0.001145,-0.000001,0.585257,-0.384477,0.020959,0.713591,0.190853,-0.900613,-0.390475,115.926865,156.829843,306.637325,0
13710.000000,0.297613,-0.694690,0.654853,185.930798,243.833047,-197.994611,-0.000000,-0.001144,-0.000001,0.585368,-0.388553,0.017611,0.711380,0.190855,-0.900613,-0.390474,117.942771,164.596712,304.030969,0
13720.000000,0.303516,-0.694808,0.652013,179.581103,243.640389,-207.911053,-0.000001,-0.001145,-0.000001,0.585459,-0.392616,0.014262,0.709145,0.190857,-0.900613,-0.390474,119.769879,172.378109,301.316114,0
13730.000000,0.312398,-0.694255,0.648396,172.884053,243.102133,-217.592326,-0.000000,-0.001145,-0.000000,0.585531,-0.396666,0.010912,0.706888,0.190859,-0.900612,-0.390474,121.406586,180.168306,298.494626,0
13740.000000,0.318040,-0.694676,0.645195,166.604416,242.070058,-226.618146,-0.000001,-0.001145,-0.000000,0.585584,-0.400704,0.007563,0.704607,0.190861,-0.900612,-0.390474,122.851467,187.961551,295.568449,0
13750.000000,0.324164,-0.694867,0.641933,159.730940,241.912029,-235.502132,-0.000000,-0.001144,-0.000001,0.585617,-0.404728,0.004213,0.702303,0.190863,-0.900612,-0.390474,124.103276,195.752076,292.539602,0
13760.000000,0.333087,-0.694817,0.637403,152.291749,241.515753,-244.079950,-0.000001,-0.001145,0.000000,0.585632,-0.408739,0.000862,0.699977,0.190865,-0.900611,-0.390474,125.160950,203.534101,289.410183,0
13770.000000,0.339738,-0.695468,0.633169,143.672808,239.908450,-252.945569,-0.000001,-0.001144,-0.000000,0.585627,-0.412736,-0.002488,0.697627,0.190867,-0.900611,-0.390474,126.023611,211.301842,286.182365,0
13780.000000,0.348225,-0.694273,0.629860,135.384772,239.845345,-261.404965,-0.000000,-0.001144,-0.000001,0.585603,-0.416720,-0.005838,0.695254,0.190870,-0.900611,-0.390473,126.690570,219.049517,282.858394,0
13790.000000,0.355930,-0.693158,0.626774,127.281592,239.259979,-268.436157,-0.000001,-0.001145,-0.000000,0.585560,-0.420691,-0.009188,0.692859,0.190872,-0.900610,-0.390473,127.161331,226.771354,279.440591,0
13800.000000,0.362778,-0.695199,0.620556,118.553651,238.532060,-276.936785,-0.000001,-0.001145,0.000000,0.585498,-0.424647,-0.012537,0.690441,0.190874,-0.900610,-0.390473,127.435591,234.461598,275.931345,0
13810.000000,0.369816,-0.694178,0.617538,110.081131,237.631511,-283.434421,-0.000001,-0.001145,-0.000001,0.585417,-0.428590,-0.015886,0.688001,0.190876,-0.900609,-0.390473,127.513245,242.114596,272.333091,0
13820.000000,0.377277,-0.694182,0.613003,99.779940,237.861982,-290.917199,-0.000001,-0.001145,-0.000001,0.585316,-0.432519,-0.019235,0.685538,0.190878,-0.900609,-0.390473,127.394354,249.724845,268.648218,0
13830.000000,0.383455,-0.694119,0.609230,90.159726,237.134125,-297.013194,-0.000001,-0.001145,-0.000001,0.585197,-0.436433,-0.022583,0.683052,0.190880,-0.900609,-0.390473,127.079129,257.286529,264.879216,0
13840.000000,0.389580,-0.695123,0.604179,80.345611,236.498269,-303.858529,-0.000001,-0.001144,-0.000000,0.585058,-0.440334,-0.025930,0.680545,0.190882,-0.900608,-0.390472,126.567982,264.793854,261.028658,0
13850.000000,0.397704,-0.695086,0.598904,69.602732,236.077065,-309.246063,-0.000001,-0.001145,-0.000001,0.584900,-0.444220,-0.029277,0.678015,0.190884,-0.900608,-0.390472,125.861539,272.241079,257.099191,0
13860.000000,0.405072,-0.694420,0.594725,58.880616,235.657438,-315.069871,-0.000000,-0.001145,-0.000000,0.584723,-0.448091,-0.032622,0.675462,0.190886,-0.900608,-0.390472,124.960632,279.622537,253.093527,0
13870.000000,0.410841,-0.693469,0.591871,47.962997,234.198773,-319.903069,-0.000001,-0.001145,-0.000000,0.584527,-0.451948,-0.035966,0.672888,0.190888,-0.900607,-0.390472,123.866299,286.932636,249.014444,0
13880.000000,0.417190,-0.693442,0.587445,37.804280,233.938929,-324.470404,0.000000,-0.001145,-0.000000,0.584312,-0.455789,-0.039310,0.670291,0.190890,-0.900607,-0.390472,122.579785,294.165877,244.864778,0
13890.000000,0.424161,-0.694299,0.581409,26.409783,233.434072,-328.815480,-0.000001,-0.001145,0.000000,0.584077,-0.459616,-0.042652,0.667673,0.190892,-0.900607,-0.390472,121.102536,301.316858,240.647420,0
13900.000000,0.430212,-0.695693,0.575265,15.387422,232.917805,-332.812794,-0.000001,-0.001145,-0.000001,0.583824,-0.463428,-0.045992,0.665033,0.190894,-0.900606,-0.390472,119.436200,308.380292,236.365311,0
13910.000000,0.436236,-0.694541,0.572112,3.220286,232.349892,-335.767752,-0.000000,-0.001145,-0.000001,0.583551,-0.467225,-0.049331,0.662371,0.190896,-0.900606,-0.390471,117.582613,315.351009,232.021433,0
13920.000000,0.444065,-0.694102,0.566594,-8.028442,232.096165,-339.091345,-0.000001,-0.001145,-0.000001,0.583259,-0.471007,-0.052669,0.659687,0.190898,-0.900606,-0.390471,115.543807,322.223971,227.618808,0
13930.000000,0.450117,-0.695337,0.560269,-19.537739,231.544969,-341.654401,-0.000000,-0.001145,-0.000001,0.582948,-0.474773,-0.056004,0.656982,0.190900,-0.900605,-0.390471,113.321992,328.994278,223.160490,0
13940.000000,0.456614,-0.694360,0.556208,-31.910591,231.685424,-343.733100,-0.000000,-0.001145,-0.000001,0.582618,-0.478523,-0.059338,0.654256,0.190902,-0.900605,-0.390471,110.919555,335.657181,218.649560,0
13950.000000,0.464934,-0.694146,0.549543,-44.124791,230.885007,-346.149248,-0.000001,-0.001144,-0.000000,0.582270,-0.482258,-0.062670,0.651507,0.190904,-0.900604,-0.390471,108.339055,342.208083,214.089117,0
13960.000000,0.469439,-0.694280,0.545529,-56.735625,230.631435,-346.811837,-0.000001,-0.001144,-0.000001,0.581901,-0.485977,-0.066000,0.648738,0.190906,-0.900604,-0.390471,105.583207,348.642552,209.482276,0
13970.000000,0.474883,-0.694089,0.541043,-68.069647,230.640551,-347.694257,-0.000001,-0.001145,-0.000000,0.581514,-0.489680,-0.069327,0.645947,0.190908,-0.900604,-0.390470,102.654881,354.956328,204.832158,0
13980.000000,0.480520,-0.694465,0.535555,-80.474417,229.277682,-347.811808,-0.000000,-0.001145,-0.000001,0.581108,-0.493367,-0.072653,0.643136,0.190910,-0.900603,-0.390470,99.557090,361.145323,200.141887,0
13990.000000,0.488185,-0.693925,0.529286,-93.184417,229.328588,-347.905758,-0.000000,-0.001145,-0.000000,0.580683,-0.497038,-0.075976,0.640303,0.190912,-0.900603,-0.390470,96.292976,367.205631,195.414581,0
14000.000000,0.493186,-0.694253,0.524195,-105.077206,228.627719,-347.909935,-0.000001,-0.001145,-0.000000,0.580239,-0.500693,-0.079297,0.637449,0.190914,-0.900603,-0.390470,92.865806,373.133531,190.653349,0
14010.000000,0.499167,-0.694239,0.518521,-116.881231,228.667005,-346.618899,-0.000000,-0.001145,-0.000001,0.579776,-0.504331,-0.082615,0.634574,0.190916,-0.900602,-0.390470,89.278959,378.925488,185.861281,0
14020.000000,0.504846,-0.694693,0.512379,-129.682454,227.566351,-345.305976,-0.000001,-0.001144,-0.000001,0.579294,-0.507953,-0.085930,0.631679,0.190918,-0.900602,-0.390470,85.535913,384.578158,181.041447,0
14030.000000,0.511508,-0.694636,0.505806,-141.952010,227.827587,-343.160464,-0.000001,-0.001144,-0.000000,0.578793,-0.511558,-0.089242,0.628763,0.190920,-0.900602,-0.390469,81.640236,390.088386,176.196887,0
14040.000000,0.517691,-0.694214,0.500063,-153.817123,227.037667,-341.156878,-0.000000,-0.001144,-0.000001,0.578273,-0.515147,-0.092552,0.625826,0.190922,-0.900601,-0.390469,77.595576,395.453207,171.330610,0
14050.000000,0.524132,-0.694145,0.493405,-166.322674,226.870409,-338.347021,-0.000001,-0.001145,-0.000000,0.577734,-0.518719,-0.095858,0.622869,0.190924,-0.900601,-0.390469,73.405644,400.669847,166.445586,0
14060.000000,0.528901,-0.694322,0.488037,-178.750971,226.740960,-335.363053,-0.000001,-0.001145,-0.000000,0.577176,-0.522273,-0.099162,0.619891,0.190926,-0.900600,-0.390469,69.074212,405.735720,161.544743,0
14070.000000,0.533878,-0.694048,0.482982,-190.451819,226.745482,-331.543024,-0.000001,-0.001145,-0.000001,0.576599,-0.525811,-0.102462,0.616894,0.190928,-0.900600,-0.390469,64.605092,410.648423,156.630963,0
14080.000000,0.539108,-0.694675,0.476223,-201.878459,225.886515,-327.481287,0.000000,-0.001145,-0.000000,0.576004,-0.529331,-0.105759,0.613876,0.190930,-0.900600,-0.390469,60.002134,415.405734,151.707078,0
14090.000000,0.543313,-0.695009,0.470929,-214.070160,225.748554,-322.894355,-0.000001,-0.001145,-0.000001,0.575389,-0.532834,-0.109052,0.610838,0.190932,-0.900599,-0.390469,55.269208,420.005608,146.775867,0
14100.000000,0.551779,-0.694833,0.461246,-224.933099,225.493475,-318.250485,-0.000000,-0.001145,-0.000001,0.574756,-0.536320,-0.112342,0.607779,0.190934,-0.900599,-0.390468,50.410200,424.446170,141.840054,0
14110.000000,0.555014,-0.694483,0.457879,-236.661097,224.499171,-313.125077,-0.000000,-0.001145,-0.000000,0.574104,-0.539788,-0.115628,0.604701,0.190936,-0.900599,-0.390468,45.429000,428.725711,136.902303,0
14120.000000,0.560955,-0.694395,0.450717,-247.917430,223.936986,-307.026822,-0.000001,-0.001144,-0.000000,0.573433,-0.543238,-0.118910,0.601604,0.190938,-0.900598,-0.390468,40.329491,432.842678,131.965221,0
14130.000000,0.566070,-0.694431,0.444219,-258.870477,224.125802,-300.690793,-0.000000,-0.001144,-0.000001,0.572744,-0.546671,-0.122188,0.598486,0.190940,-0.900598,-0.390468,35.115546,436.795667,127.031355,0
14140.000000,0.569885,-0.694542,0.439138,-269.840930,224.297272,-294.660127,-0.000000,-0.001144,-0.000001,0.572035,-0.550085,-0.125463,0.595349,0.190942,-0.900598,-0.390468,29.791013,440.583417,122.103189,0
14150.000000,0.576485,-0.693450,0.432194,-280.615666,223.748638,-287.961489,-0.000001,-0.001144,-0.000000,0.571308,-0.553482,-0.128733,0.592193,0.190944,-0.900597,-0.390468,24.359718,444.204801,117.183146,0
14160.000000,0.581006,-0.693634,0.425799,-290.699428,224.021941,-280.320669,-0.000000,-0.001145,-0.000000,0.570562,-0.556861,-0.131999,0.589017,0.190946,-0.900597,-0.390467,18.825448,447.658815,112.273593,0
14170.000000,0.587351,-0.692893,0.418232,-300.611973,223.020373,-273.365086,-0.000000,-0.001144,-0.000001,0.569798,-0.560221,-0.135261,0.585822,0.190948,-0.900596,-0.390467,13.191955,450.944569,107.376831,0
14180.000000,0.590740,-0.693715,0.412051,-310.424950,222.880614,-265.473460,-0.000001,-0.001144,-0.000000,0.569015,-0.563563,-0.138518,0.582607,0.190950,-0.900596,-0.390467,7.462947,454.061282,102.495110,0
14190.000000,0.594255,-0.694653,0.405361,-320.780218,223.105619,-257.028235,0.000000,-0.001145,-0.000001,0.568213,-0.566887,-0.141771,0.579374,0.190952,-0.900596,-0.390467,1.642085,457.008267,97.630620,0
14200.000000,0.599821,-0.694312,0.397675,-329.710671,222.709952,-248.969466,-0.000000,-0.001145,-0.000000,0.567393,-0.570192,-0.145019,0.576122,0.190954,-0.900595,-0.390467,-4.267019,459.784924,92.785498,0
14210.000000,0.604902,-0.693837,0.390748,-339.363429,222.043229,-239.292289,-0.000001,-0.001144,-0.000001,0.566554,-0.573478,-0.148263,0.572850,0.190956,-0.900595,-0.390467,-10.260801,462.390734,87.961833,0
14220.000000,0.609088,-0.693444,0.384899,-347.477833,221.796340,-230.081246,-0.000001,-0.001145,-0.000001,0.565697,-0.576746,-0.151501,0.569560,0.190958,-0.900595,-0.390467,-16.335751,464.825243,83.161665,0
14230.000000,0.613162,-0.693861,0.377609,-356.371475,221.801954,-221.038662,-0.000000,-0.001145,-0.000001,0.564821,-0.579994,-0.154735,0.566252,0.190960,-0.900594,-0.390466,-22.488408,467.088061,78.386991,0
14240.000000,0.617247,-0.694088,0.370471,-364.509409,221.451439,-210.867846,-0.000000,-0.001144,-0.000001,0.563926,-0.583224,-0.157963,0.562925,0.190962,-0.900594,-0.390466,-28.715362,469.178847,73.639767,0
14250.000000,0.620486,-0.695376,0.362560,-371.940296,221.020715,-200.379136,-0.000001,-0.001144,-0.000001,0.563014,-0.586435,-0.161187,0.559579,0.190965,-0.900594,-0.390466,-35.013251,471.097307,68.921914,0
14260.000000,0.625488,-0.693846,0.356851,-380.628524,220.634046,-190.314230,-0.000001,-0.001145,-0.000001,0.562082,-0.589626,-0.164405,0.556215,0.190967,-0.900593,-0.390466,-41.378757,472.843184,64.235321,0
14270.000000,0.629679,-0.694545,0.348012,-387.184621,220.483972,-179.335365,-0.000001,-0.001145,-0.000000,0.561133,-0.592799,-0.167617,0.552833,0.190969,-0.900593,-0.390466,-47.808605,474.416252,59.581850,0
14280.000000,0.633037,-0.694735,0.341480,-394.412974,220.104531,-168.838455,-0.000001,-0.001145,-0.000000,0.560165,-0.595951,-0.170825,0.549433,0.190971,-0.900593,-0.390466,-54.299560,475.816309,54.963339,0
14290.000000,0.638219,-0.694000,0.333228,-401.070245,220.420989,-157.379076,0.000000,-0.001144,-0.000000,0.559178,-0.599085,-0.174026,0.546015,0.190973,-0.900592,-0.390465,-60.848418,477.043174,50.381609,0
14300.000000,0.641783,-0.693985,0.326344,-406.567068,219.667379,-146.061791,-0.000001,-0.001144,-0.000000,0.558173,-0.602198,-0.177222,0.542579,0.190975,-0.900592,-0.390465,-67.452003,478.096684,45.838463,0
14310.000000,0.643921,-0.695322,0.319206,-412.667970,219.505259,-134.544503,-0.000001,-0.001145,-0.000000,0.557151,-0.605292,-0.180412,0.539125,0.190977,-0.900591,-0.390465,-74.107167,478.976686,41.335697,0
14320.000000,0.647923,-0.694973,0.311783,-418.081961,220.113135,-122.577839,-0.000000,-0.001144,-0.000000,0.556109,-0.608367,-0.183597,0.535654,0.190979,-0.900591,-0.390465,-80.810773,479.683039,36.875099,0
14330.000000,0.652269,-0.694112,0.304556,-422.969791,220.080493,-110.699885,-0.000001,-0.001145,-0.000000,0.555050,-0.611421,-0.186775,0.532165,0.190981,-0.900591,-0.390465,-87.559699,480.215609,32.458455,0
14340.000000,0.656215,-0.693516,0.297352,-427.773315,219.913826,-98.946001,-0.000000,-0.001144,-0.000000,0.553972,-0.614455,-0.189947,0.528658,0.190983,-0.900590,-0.390465,-94.350828,480.574271,28.087553,0
14350.000000,0.657319,-0.695234,0.290829,-432.067132,218.826865,-86.074062,-0.000001,-0.001145,-0.000000,0.552877,-0.617469,-0.193113,0.525135,0.190985,-0.900590,-0.390464,-101.181041,480.758908,23.764184,0
14360.000000,0.661611,-0.694280,0.283278,-435.493133,218.395680,-73.634838,-0.000000,-0.001145,-0.000000,0.551763,-0.620463,-0.196272,0.521594,0.190987,-0.900590,-0.390464,-108.047210,480.769411,19.490147,0
14370.000000,0.665746,-0.693622,0.275083,-439.456700,219.012706,-61.050191,-0.000000,-0.001144,-0.000001,0.550631,-0.623437,-0.199426,0.518036,0.190989,-0.900589,-0.390464,-114.946194,480.605684,15.267251,0
14380.000000,0.668808,-0.693414,0.268090,-442.338434,217.988764,-48.234168,-0.000001,-0.001145,-0.000001,0.549481,-0.626390,-0.202572,0.514461,0.190991,-0.900589,-0.390464,-121.874832,480.267642,11.097317,0
14390.000000,0.672467,-0.693610,0.258252,-444.750154,218.287387,-35.166177,-0.000001,-0.001145,-0.000000,0.548314,-0.629323,-0.205712,0.510869,0.190993,-0.900589,-0.390464,-128.830108,479.755218,6.982085,0
14400.000000,0.674657,-0.693933,0.251585,-447.360679,218.375159,-22.913041,-0.000001,-0.001144,0.000000,0.547128,-0.632235,-0.208845,0.507261,0.190995,-0.900588,-0.390464,-135.808867,479.068202,2.923352,0
14410.000000,0.677214,-0.694351,0.243428,-448.924760,217.985594,-8.939592,-0.000000,-0.001145,-0.000001,0.545924,-0.635126,-0.211972,0.503636,0.190997,-0.900588,-0.390464,-142.807733,478.206352,-1.076972,0
14420.000000,0.679249,-0.694993,0.235807,-450.113593,217.267718,3.950985,-0.000000,-0.001145,-0.000001,0.544703,-0.637997,-0.215091,0.499995,0.190999,-0.900587,-0.390463,-149.823278,477.169469,-5.016956,0
14430.000000,0.683248,-0.693241,0.229325,-451.209313,217.397211,16.779253,-0.000000,-0.001145,-0.000001,0.543463,-0.640847,-0.218204,0.496337,0.191001,-0.900587,-0.390463,-156.852020,475.957408,-8.894649,0
14440.000000,0.684845,-0.694585,0.220316,-451.006696,217.626704,30.809759,-0.000001,-0.001145,-0.000001,0.542206,-0.643676,-0.221309,0.492663,0.191003,-0.900587,-0.390463,-163.890425,474.570078,-12.708085,0
14450.000000,0.687751,-0.694362,0.211802,-452.267395,217.216444,43.470151,-0.000000,-0.001144,-0.000000,0.540931,-0.646483,-0.224407,0.488972,0.191005,-0.900586,-0.390463,-170.934897,473.007453,-16.455278,0
14460.000000,0.690445,-0.694448,0.202553,-451.230612,216.980503,56.715683,-0.000000,-0.001144,-0.000001,0.539639,-0.649270,-0.227498,0.485266,0.191007,-0.900586,-0.390463,-177.981781,471.269576,-20.134229,0
14470.000000,0.692883,-0.693800,0.196354,-450.532706,216.653261,70.163363,-0.000000,-0.001144,-0.000000,0.538329,-0.652035,-0.230581,0.481544,0.191009,-0.900586,-0.390463,-185.027360,469.356565,-23.742925,0
14480.000000,0.694510,-0.694062,0.189563,-449.809957,216.652007,83.083925,-0.000000,-0.001144,-0.000001,0.537001,-0.654779,-0.233657,0.477806,0.191011,-0.900585,-0.390462,-192.067851,467.268623,-27.279344,0
14490.000000,0.696656,-0.694234,0.180859,-448.094532,216.851194,96.725790,-0.000000,-0.001144,0.000000,0.535655,-0.657502,-0.236725,0.474053,0.191013,-0.900585,-0.390462,-199.099413,465.006040,-30.741457,0
14500.000000,0.698030,-0.694821,0.173141,-445.822685,216.261808,110.346962,-0.000000,-0.001145,-0.000001,0.534292,-0.660203,-0.239785,0.470284,0.191015,-0.900585,-0.390462,-206.118139,462.569205,-34.127232,0
14510.000000,0.700173,-0.694798,0.164358,-443.335665,216.544018,122.847541,-0.000001,-0.001145,-0.000000,0.532912,-0.662882,-0.242838,0.466499,0.191017,-0.900584,-0.390462,-213.120061,459.958609,-37.434635,0
14520.000000,0.702685,-0.694382,0.155134,-440.411497,216.113702,135.719726,-0.000001,-0.001145,-0.000000,0.531514,-0.665540,-0.245883,0.462700,0.191019,-0.900584,-0.390462,-220.101152,457.174855,-40.661638,0
14530.000000,0.704847,-0.693970,0.146956,-437.480935,215.904988,148.732439,-0.000000,-0.001145,-0.000001,0.530099,-0.668176,-0.248919,0.458885,0.191021,-0.900583,-0.390462,-227.057329,454.218659,-43.806222,0
14540.000000,0.704107,-0.695821,0.141659,-432.698251,215.431261,161.986991,-0.000000,-0.001145,-0.000000,0.528666,-0.670790,-0.251947,0.455055,0.191023,-0.900583,-0.390462,-233.984453,451.090863,-46.866378,0
14550.000000,0.706133,-0.695785,0.131373,-429.118862,215.167969,174.978635,-0.000000,-0.001144,-0.000001,0.527216,-0.673382,-0.254968,0.451210,0.191025,-0.900583,-0.390461,-240.878339,447.792437,-49.840117,0
14560.000000,0.708745,-0.694488,0.123963,-424.295673,215.185730,187.125174,-0.000000,-0.001144,-0.000000,0.525749,-0.675953,-0.257979,0.447351,0.191027,-0.900582,-0.390461,-247.734751,444.324485,-52.725471,0
14570.000000,0.708669,-0.695664,0.117639,-419.164449,215.095794,200.408808,-0.000000,-0.001145,-0.000000,0.524265,-0.678501,-0.260983,0.443477,0.191029,-0.900582,-0.390461,-254.549418,440.688248,-55.520500,0
14580.000000,0.711583,-0.694127,0.108800,-413.486323,215.222993,211.904333,-0.000001,-0.001145,-0.000000,0.522763,-0.681026,-0.263977,0.439588,0.191031,-0.900582,-0.390461,-261.318030,436.885113,-58.223295,0
14590.000000,0.713331,-0.693582,0.100513,-407.710697,215.207494,225.203792,-0.000000,-0.001145,-0.000000,0.521244,-0.683530,-0.266964,0.435685,0.191033,-0.900581,-0.390461,-268.036249,432.916615,-60.831985,0
14600.000000,0.713507,-0.694626,0.091667,-401.487342,214.535572,236.669864,-0.000001,-0.001145,-0.000001,0.519709,-0.686011,-0.269941,0.431768,0.191035,-0.900581,-0.390461,-274.699715,428.784438,-63.344742,0
14610.000000,0.713610,-0.695451,0.084316,-395.280147,214.029827,247.543156,-0.000001,-0.001145,0.000000,0.518156,-0.688470,-0.272910,0.427836,0.191037,-0.900581,-0.390460,-281.304051,424.490421,-65.759783,0
14620.000000,0.715687,-0.694319,0.075585,-387.476649,213.994008,260.055859,-0.000001,-0.001144,-0.000001,0.516586,-0.690906,-0.275869,0.423891,0.191039,-0.900580,-0.390460,-287.844873,420.036561,-68.075379,0
14630.000000,0.716638,-0.694178,0.067433,-379.812757,214.744641,271.395355,-0.000001,-0.001145,-0.000000,0.515000,-0.693320,-0.278820,0.419932,0.191041,-0.900580,-0.390460,-294.317792,415.425012,-70.289857,0
14640.000000,0.718520,-0.693168,0.056987,-372.869278,213.787444,282.603436,-0.000000,-0.001145,-0.000001,0.513396,-0.695710,-0.281761,0.415959,0.191043,-0.900580,-0.390460,-300.718428,410.658086,-72.401607,0
14650.000000,0.718256,-0.693869,0.051516,-364.677340,213.388671,292.851064,-0.000001,-0.001145,-0.000000,0.511776,-0.698079,-0.284694,0.411972,0.191045,-0.900579,-0.390460,-307.042414,405.738257,-74.409083,0
14660.000000,0.718627,-0.694008,0.043906,-355.659780,213.627670,304.015821,-0.000001,-0.001145,-0.000000,0.510139,-0.700424,-0.287617,0.407972,0.191047,-0.900579,-0.390460,-313.285406,400.668157,-76.310812,0
14670.000000,0.719467,-0.693664,0.034588,-346.683898,213.550465,313.808366,-0.000001,-0.001145,-0.000000,0.508486,-0.702746,-0.290530,0.403958,0.191049,-0.900578,-0.390459,-319.443086,395.450579,-78.105393,0
14680.000000,0.719443,-0.694062,0.026082,-337.693031,213.356805,324.580528,-0.000000,-0.001145,-0.000000,0.506815,-0.705046,-0.293434,0.399932,0.191051,-0.900578,-0.390459,-325.511179,390.088473,-79.791506,0
14690.000000,0.719158,-0.694609,0.018199,-328.012533,212.526724,333.964314,-0.000000,-0.001145,-0.000001,0.505128,-0.707322,-0.296329,0.395892,0.191053,-0.900578,-0.390459,-331.485452,384.584944,-81.367912,0
14700.000000,0.720047,-0.693867,0.009039,-317.937161,212.760265,343.223254,-0.000000,-0.001144,-0.000000,0.503425,-0.709575,-0.299213,0.391839,0.191055,-0.900577,-0.390459,-337.361727,378.943251,-82.833461,0
14710.000000,0.719337,-0.694659,0.001867,-308.081451,212.873685,352.247906,-0.000001,-0.001145,-0.000001,0.501705,-0.711805,-0.302088,0.387774,0.191057,-0.900577,-0.390459,-343.135890,373.166805,-84.187087,0
14720.000000,0.718864,-0.695110,-0.007456,-296.974240,212.152093,360.429391,-0.000000,-0.001144,-0.000000,0.499969,-0.714012,-0.304953,0.383695,0.191059,-0.900577,-0.390459,-348.803893,367.259164,-85.427819,0
14730.000000,0.720349,-0.693449,-0.015023,-286.380801,213.088810,368.795728,-0.000001,-0.001144,-0.000001,0.498216,-0.716195,-0.307809,0.379605,0.191062,-0.900576,-0.390459,-354.361768,361.224028,-86.554783,0
14740.000000,0.719276,-0.694314,-0.023866,-275.290144,212.057169,377.477885,-0.000000,-0.001145,-0.000000,0.496447,-0.718355,-0.310654,0.375501,0.191064,-0.900576,-0.390458,-359.805630,355.065237,-87.567197,0
14750.000000,0.718222,-0.695072,-0.032137,-263.537425,212.130370,384.746393,-0.000001,-0.001145,-0.000001,0.494662,-0.720491,-0.313488,0.371386,0.191066,-0.900576,-0.390458,-365.131688,348.786765,-88.464382,1
14760.000000,0.717758,-0.695154,-0.039809,-252.689521,211.957891,392.150814,-0.000001,-0.001144,-0.000001,0.492860,-0.722604,-0.316313,0.367258,0.191068,-0.900575,-0.390458,-370.336248,342.392717,-89.245760,1
14770.000000,0.716860,-0.695552,-0.048157,-240.204444,212.315965,398.244968,0.000000,-0.001144,0.000000,0.491043,-0.724693,-0.319127,0.363119,0.191070,-0.900575,-0.390458,-375.415722,335.887318,-89.910855,1
14780.000000,0.717690,-0.694196,-0.054894,-228.353722,212.039073,405.078341,-0.000001,-0.001145,-0.000001,0.489209,-0.726758,-0.321931,0.358967,0.191072,-0.900574,-0.390458,-380.366634,329.274914,-90.459294,1
14790.000000,0.716895,-0.694264,-0.063710,-216.523235,211.690177,411.034279,-0.000001,-0.001145,-0.000000,0.487360,-0.728800,-0.324724,0.354804,0.191074,-0.900574,-0.390458,-385.185628,322.559961,-90.890811,1
14800.000000,0.716679,-0.693673,-0.072029,-203.999330,211.431254,416.255970,-0.000001,-0.001144,-0.000000,0.485494,-0.730817,-0.327507,0.350629,0.191076,-0.900574,-0.390457,-389.869471,315.747021,-91.205244,1
14810.000000,0.715772,-0.693544,-0.081651,-191.121016,211.443528,421.529173,-0.000000,-0.001145,-0.000000,0.483613,-0.732811,-0.330279,0.346442,0.191078,-0.900573,-0.390457,-394.415058,308.840752,-91.402539,1
14820.000000,0.713377,-0.694957,-0.090154,-178.750262,211.672809,426.565816,-0.000001,-0.001145,-0.000000,0.481715,-0.734781,-0.333040,0.342245,0.191080,-0.900573,-0.390457,-398.819422,301.845906,-91.482749,1
14830.000000,0.713082,-0.694229,-0.097779,-165.871508,211.233671,431.005494,-0.000001,-0.001145,-0.000000,0.479802,-0.736727,-0.335790,0.338036,0.191082,-0.900573,-0.390457,-403.079734,294.767318,-91.446032,1
14840.000000,0.712069,-0.694381,-0.103887,-152.940437,210.816971,434.050288,-0.000001,-0.001144,-0.000000,0.477874,-0.738649,-0.338529,0.333816,0.191084,-0.900572,-0.390457,-407.193309,287.609900,-91.292653,1
14850.000000,0.710013,-0.694949,-0.113697,-140.023982,211.170375,438.304425,-0.000001,-0.001145,-0.000000,0.475929,-0.740546,-0.341258,0.329585,0.191086,-0.900572,-0.390457,-411.157612,280.378632,-91.022984,1
14860.000000,0.708875,-0.694705,-0.121993,-126.462251,210.555769,440.921369,-0.000001,-0.001145,-0.000001,0.473969,-0.742419,-0.343975,0.325343,0.191088,-0.900572,-0.390456,-414.970258,273.078556,-90.637500,1
14870.000000,0.707561,-0.694601,-0.129950,-113.346484,210.389424,443.406712,-0.000001,-0.001145,-0.000000,0.471994,-0.744268,-0.346680,0.321091,0.191090,-0.900571,-0.390456,-418.629021,265.714768,-90.136783,1
14880.000000,0.706001,-0.694458,-0.138892,-99.851712,210.391624,445.717243,0.000000,-0.001144,-0.000000,0.470003,-0.746093,-0.349375,0.316828,0.191092,-0.900571,-0.390456,-422.131831,258.292409,-89.521518,1
14890.000000,0.705452,-0.693603,-0.145780,-87.181882,211.035009,447.150885,-0.000000,-0.001144,-0.000001,0.467997,-0.747893,-0.352058,0.312555,0.191094,-0.900571,-0.390456,-425.476779,250.816657,-88.792489,1
14900.000000,0.703095,-0.694069,-0.154683,-73.556319,210.890827,448.541918,-0.000000,-0.001145,-0.000001,0.465975,-0.749669,-0.354729,0.308271,0.191096,-0.900570,-0.390456,-428.662122,243.292720,-87.950583,1
14910.000000,0.701237,-0.694517,-0.160973,-60.165712,209.994568,449.070666,-0.000000,-0.001144,-0.000001,0.463938,-0.751420,-0.357389,0.303978,0.191098,-0.900570,-0.390456,-431.686283,235.725824,-86.996786,1
14920.000000,0.698638,-0.695004,-0.169925,-46.993816,210.096426,449.375348,-0.000001,-0.001145,-0.000001,0.461886,-0.753147,-0.360037,0.299674,0.191100,-0.900569,-0.390456,-434.547848,228.121211,-85.932178,1
14930.000000,0.697502,-0.694302,-0.177301,-33.364729,209.681171,449.338020,-0.000000,-0.001144,-0.000001,0.459819,-0.754849,-0.362673,0.295361,0.191102,-0.900569,-0.390455,-437.245576,220.484125,-84.757934,1
14940.000000,0.695756,-0.693873,-0.185644,-20.311071,209.537538,448.738635,-0.000001,-0.001145,-0.000000,0.457737,-0.756526,-0.365298,0.291038,0.191104,-0.900569,-0.390455,-439.778392,212.819807,-83.475323,1
14950.000000,0.692411,-0.695036,-0.193629,-7.631837,209.303567,447.738897,-0.000000,-0.001145,-0.000001,0.455640,-0.758178,-0.367910,0.286706,0.191106,-0.900568,-0.390455,-442.145392,205.133484,-82.085700,1
14960.000000,0.691934,-0.693681,-0.200083,5.692834,208.835953,446.032904,-0.000001,-0.001145,0.000000,0.453527,-0.759806,-0.370511,0.282364,0.191108,-0.900568,-0.390455,-444.345854,197.430330,-80.590503,1
14970.000000,0.687905,-0.695159,-0.208666,18.646319,208.594359,444.100164,-0.000000,-0.001144,-0.000000,0.451400,-0.761409,-0.373099,0.278013,0.191110,-0.900568,-0.390455,-446.379247,189.715268,-78.991198,1
14980.000000,0.686164,-0.694110,-0.217693,31.903100,208.646309,442.111323,-0.000000,-0.001145,-0.000001,0.449259,-0.762987,-0.375675,0.273652,0.191112,-0.900567,-0.390455,-448.244974,181.993370,-77.289348,1
14990.000000,0.682911,-0.695441,-0.223595,44.458178,209.026308,439.249090,-0.000001,-0.001144,-0.000000,0.447102,-0.764540,-0.378239,0.269283,0.191114,-0.900567,-0.390454,-449.942576,174.269726,-75.486606,1
15000.000000,0.681387,-0.693771,-0.233224,56.658210,209.192920,436.246173,-0.000001,-0.001144,-0.000000,0.444931,-0.766068,-0.380791,0.264905,0.191116,-0.900567,-0.390454,-451.471767,166.549385,-73.584707,1
15010.000000,0.677623,-0.694773,-0.241077,69.620408,208.753536,432.705455,-0.000000,-0.001144,-0.000001,0.442746,-0.767571,-0.383330,0.260519,0.191118,-0.900566,-0.390454,-452.832433,158.837348,-71.585462,1
15020.000000,0.676087,-0.693552,-0.248781,82.622566,207.929020,428.232816,-0.000000,-0.001145,-0.000000,0.440546,-0.769048,-0.385856,0.256123,0.191120,-0.900566,-0.390454,-454.024632,151.138555,-69.490753,1
15030.000000,0.672959,-0.693776,-0.256515,94.279788,208.234395,423.718819,-0.000001,-0.001144,-0.000000,0.438331,-0.770501,-0.388370,0.251720,0.191122,-0.900565,-0.390454,-455.048581,143.457881,-67.302532,1
15040.000000,0.669414,-0.693828,-0.265496,107.190581,207.720153,419.866163,-0.000000,-0.001144,-0.000000,0.436102,-0.771928,-0.390871,0.247308,0.191124,-0.900565,-0.390454,-455.904662,135.800123,-65.022812,1
15050.000000,0.666125,-0.694567,-0.271761,117.687931,208.497290,414.136500,-0.000001,-0.001144,-0.000000,0.433859,-0.773330,-0.393359,0.242888,0.191126,-0.900565,-0.390454,-456.593410,128.169996,-62.653664,1
15060.000000,0.662253,-0.695535,-0.278660,129.600437,207.860071,408.082598,-0.000001,-0.001145,-0.000001,0.431602,-0.774707,-0.395835,0.238460,0.191128,-0.900564,-0.390453,-457.115513,120.572122,-60.197215,1
15070.000000,0.660564,-0.694392,-0.285436,141.280810,207.478756,402.914002,-0.000000,-0.001145,-0.000000,0.429330,-0.776059,-0.398297,0.234025,0.191130,-0.900564,-0.390453,-457.471801,113.011028,-57.655640,1
15080.000000,0.656826,-0.694440,-0.293826,152.680422,207.929139,396.648399,-0.000000,-0.001144,-0.000000,0.427045,-0.777385,-0.400747,0.229582,0.191132,-0.900564,-0.390453,-457.663244,105.491136,-55.031155,1
15090.000000,0.653278,-0.694200,-0.302182,162.961520,207.620165,389.674030,-0.000001,-0.001145,-0.000001,0.424745,-0.778685,-0.403183,0.225131,0.191134,-0.900563,-0.390453,-457.690943,98.016757,-52.326019,1
15100.000000,0.650202,-0.693488,-0.310342,173.553308,207.805628,382.622528,-0.000001,-0.001144,0.000000,0.422432,-0.779960,-0.405606,0.220673,0.191136,-0.900563,-0.390453,-457.556123,90.592088,-49.542520,1
15110.000000,0.646606,-0.693258,-0.318268,184.405353,207.548844,375.961907,-0.000001,-0.001145,-0.000000,0.420105,-0.781210,-0.408016,0.216207,0.191138,-0.900563,-0.390453,-457.260129,83.221207,-46.682978,1
15120.000000,0.643154,-0.693462,-0.324751,194.098202,207.025629,368.116301,-0.000001,-0.001144,-0.000001,0.417764,-0.782434,-0.410413,0.211735,0.191140,-0.900562,-0.390452,-456.804413,75.908068,-43.749734,1
15130.000000,0.639203,-0.693955,-0.331429,204.070916,206.969535,361.015234,-0.000001,-0.001144,-0.000000,0.415409,-0.783633,-0.412796,0.207255,0.191142,-0.900562,-0.390452,-456.190530,68.656498,-40.745151,1
15140.000000,0.634956,-0.694006,-0.339391,213.676553,206.693594,352.370014,0.000000,-0.001144,-0.000001,0.413041,-0.784805,-0.415165,0.202769,0.191144,-0.900561,-0.390452,-455.420128,61.470196,-37.671601,1
15150.000000,0.630546,-0.695298,-0.344923,222.551934,207.204040,344.120937,-0.000000,-0.001145,0.000000,0.410659,-0.785952,-0.417521,0.198276,0.191146,-0.900561,-0.390452,-454.494941,54.352730,-34.531469,1
15160.000000,0.626820,-0.694787,-0.352658,231.621317,207.231953,335.697727,-0.000001,-0.001145,-0.000001,0.408264,-0.787074,-0.419864,0.193777,0.191148,-0.900561,-0.390452,-453.416779,47.307535,-31.327142,1
15170.000000,0.622124,-0.694902,-0.360655,240.042130,206.401399,326.405642,-0.000001,-0.001145,-0.000001,0.405856,-0.788169,-0.422192,0.189271,0.191150,-0.900560,-0.390452,-452.187523,40.337917,-28.061008,1
15180.000000,0.618254,-0.694786,-0.367469,247.601571,206.587670,317.311074,-0.000000,-0.001145,-0.000000,0.403434,-0.789239,-0.424507,0.184760,0.191152,-0.900560,-0.390451,-450.809112,33.447047,-24.735451,1
15190.000000,0.613660,-0.694436,-0.375740,255.693490,206.244495,308.210074,-0.000001,-0.001144,-0.000000,0.400999,-0.790283,-0.426808,0.180242,0.191154,-0.900560,-0.390451,-449.283538,26.637969,-21.352848,1
15200.000000,0.610614,-0.694690,-0.380206,263.519688,206.019273,297.864715,-0.000000,-0.001144,-0.000000,0.398551,-0.791301,-0.429095,0.175718,0.191157,-0.900559,-0.390451,-447.612837,19.913597,-17.915564,1
15210.000000,0.605071,-0.695196,-0.388061,269.925517,206.159133,288.776733,0.000000,-0.001144,-0.000001,0.396090,-0.792294,-0.431368,0.171188,0.191159,-0.900559,-0.390451,-445.799080,13.276721,-14.425949,1
15220.000000,0.601454,-0.693865,-0.395984,277.092177,206.591592,278.799766,-0.000000,-0.001144,-0.000000,0.393616,-0.793260,-0.433627,0.166653,0.191161,-0.900559,-0.390451,-443.844370,6.730006,-10.886335,1
15230.000000,0.596355,-0.694786,-0.402037,283.038086,206.780729,269.016793,-0.000000,-0.001145,-0.000000,0.391129,-0.794200,-0.435871,0.162113,0.191163,-0.900558,-0.390451,-441.750827,0.276002,-7.299037,1
15240.000000,0.592175,-0.694179,-0.409200,289.663834,206.350217,258.230315,-0.000000,-0.001145,-0.000000,0.388629,-0.795115,-0.438102,0.157567,0.191165,-0.900558,-0.390451,-439.520589,-6.082857,-3.666346,1
15250.000000,0.587741,-0.694052,-0.415755,295.553521,205.825536,247.895373,-0.000001,-0.001145,-0.000001,0.386116,-0.796003,-0.440318,0.153016,0.191167,-0.900558,-0.390450,-437.155802,-12.344243,0.009473,1
15260.000000,0.582473,-0.695112,-0.421361,301.037104,205.689074,237.251489,0.000000,-0.001144,-0.000000,0.383591,-0.796865,-0.442519,0.148460,0.191169,-0.900557,-0.390450,-434.658613,-18.505934,3.726175,1
15270.000000,0.578398,-0.693952,-0.428820,305.761136,205.778716,225.998551,-0.000001,-0.001144,-0.000000,0.381053,-0.797702,-0.444706,0.143899,0.191171,-0.900557,-0.390450,-432.031169,-24.565801,7.481545,1
15280.000000,0.572480,-0.694247,-0.436220,309.631317,205.545508,215.910926,-0.000000,-0.001145,-0.000000,0.378503,-0.798512,-0.446879,0.139333,0.191173,-0.900556,-0.390450,-429.275608,-30.521810,11.273393,1
15290.000000,0.567590,-0.694756,-0.441764,315.261831,205.944969,204.752376,0.000000,-0.001145,-0.000001,0.375941,-0.799296,-0.449037,0.134763,0.191175,-0.900556,-0.390450,-426.394061,-36.372007,15.099555,1
15300.000000,0.562759,-0.694166,-0.448817,318.541863,205.243917,194.188143,-0.000001,-0.001145,-0.000001,0.373366,-0.800054,-0.451180,0.130188,0.191177,-0.900556,-0.390450,-423.388641,-42.114516,18.957895,1
15310.000000,0.557006,-0.694432,-0.455531,322.583419,205.612138,182.377109,-0.000000,-0.001145,-0.000001,0.370779,-0.800785,-0.453308,0.125610,0.191179,-0.900555,-0.390449,-420.261449,-47.747531,22.846301,1
15320.000000,0.552150,-0.694467,-0.461353,324.862544,204.739225,171.737115,-0.000000,-0.001145,-0.000001,0.368179,-0.801491,-0.455422,0.121027,0.191181,-0.900555,-0.390449,-417.014567,-53.269310,26.762684,1
15330.000000,0.548516,-0.693828,-0.466619,328.275450,205.162539,160.681231,-0.000001,-0.001145,-0.000001,0.365568,-0.802170,-0.457521,0.116440,0.191183,-0.900555,-0.390449,-413.650059,-58.678165,30.704981,1
15340.000000,0.541210,-0.694587,-0.473964,330.524677,205.654484,148.969043,-0.000001,-0.001144,0.000000,0.362945,-0.802823,-0.459605,0.111849,0.191185,-0.900554,-0.390449,-410.169974,-63.972459,34.671149,1
15350.000000,0.535403,-0.694968,-0.479962,332.203058,204.945086,137.965911,-0.000001,-0.001145,0.000000,0.360310,-0.803450,-0.461673,0.107255,0.191187,-0.900554,-0.390449,-406.576340,-69.150594,38.659162,1
15360.000000,0.529915,-0.695016,-0.485945,334.675185,204.938114,127.233324,-0.000000,-0.001145,-0.000000,0.357663,-0.804050,-0.463727,0.102657,0.191189,-0.900554,-0.390449,-402.871174,-74.211011,42.667012,1
15370.000000,0.525405,-0.693441,-0.493040,335.779774,204.795038,115.883863,-0.000001,-0.001144,-0.000001,0.355004,-0.804624,-0.465765,0.098055,0.191191,-0.900553,-0.390449,-399.056479,-79.152182,46.692707,1
15380.000000,0.518865,-0.695275,-0.497365,336.265755,204.413588,104.042215,-0.000001,-0.001145,-0.000001,0.352334,-0.805172,-0.467788,0.093451,0.191193,-0.900553,-0.390448,-395.134248,-83.972601,50.734262,1
15390.000000,0.512241,-0.694437,-0.505337,336.515795,204.958873,93.076875,-0.000000,-0.001144,-0.000001,0.349652,-0.805693,-0.469796,0.088843,0.191195,-0.900552,-0.390448,-391.106470,-88.670783,54.789706,1
15400.000000,0.507454,-0.695037,-0.509327,336.777576,204.608815,81.822298,-0.000000,-0.001145,-0.000000,0.346959,-0.806188,-0.471789,0.084233,0.191197,-0.900552,-0.390448,-386.975133,-93.245259,58.857068,1
15410.000000,0.500956,-0.694949,-0.515838,336.560588,204.434903,71.105014,-0.000001,-0.001145,-0.000001,0.344254,-0.806657,-0.473766,0.079620,0.191199,-0.900552,-0.390448,-382.742230,-97.694572,62.934383,1
15420.000000,0.494504,-0.694270,-0.522930,335.552244,205.009521,59.949211,-0.000000,-0.001145,-0.000000,0.341539,-0.807099,-0.475728,0.075004,0.191201,-0.900551,-0.390448,-378.409764,-102.017275,67.019686,1
15430.000000,0.489282,-0.693732,-0.528525,334.661490,203.854688,48.917452,-0.000001,-0.001145,-0.000001,0.338812,-0.807515,-0.477674,0.070386,0.191203,-0.900551,-0.390448,-373.979753,-106.211927,71.111007,1
15440.000000,0.483352,-0.694020,-0.533580,333.845449,204.591984,38.067779,-0.000000,-0.001145,-0.000000,0.336074,-0.807904,-0.479604,0.065765,0.191205,-0.900551,-0.390447,-369.454241,-110.277094,75.206372,1
15450.000000,0.477095,-0.695215,-0.537639,331.986556,204.696410,27.418810,-0.000001,-0.001145,-0.000001,0.333324,-0.808267,-0.481519,0.061142,0.191207,-0.900550,-0.390447,-364.835298,-114.211350,79.303797,1
15460.000000,0.472108,-0.695474,-0.541691,329.716913,204.047521,16.677745,-0.000000,-0.001145,-0.000001,0.330565,-0.808604,-0.483417,0.056518,0.191209,-0.900550,-0.390447,-360.125033,-118.013272,83.401289,1
15470.000000,0.464880,-0.695065,-0.548426,326.973991,203.731859,5.932298,-0.000001,-0.001144,-0.000000,0.327794,-0.808914,-0.485301,0.051891,0.191211,-0.900550,-0.390447,-355.325598,-121.681449,87.496844,1
15480.000000,0.459091,-0.693879,-0.554768,324.321318,204.401819,-4.258765,-0.000000,-0.001145,-0.000000,0.325012,-0.809198,-0.487168,0.047263,0.191213,-0.900549,-0.390447,-350.439194,-125.214478,91.588441,1
15490.000000,0.452096,-0.694602,-0.559586,321.639772,203.499398,-15.233039,-0.000001,-0.001144,-0.000001,0.322220,-0.809455,-0.489019,0.042633,0.191215,-0.900549,-0.390447,-345.468082,-128.610973,95.674046,1
15500.000000,0.445300,-0.694179,-0.565530,318.065249,203.751163,-25.235213,-0.000001,-0.001144,-0.000000,0.319417,-0.809685,-0.490854,0.038002,0.191217,-0.900548,-0.390446,-340.414583,-131.869564,99.751611,1
15510.000000,0.440940,-0.694244,-0.568856,314.182695,203.272288,-34.926096,-0.000000,-0.001145,-0.000001,0.316604,-0.809890,-0.492673,0.033369,0.191219,-0.900548,-0.390446,-335.281092,-134.988905,103.819070,1
15520.000000,0.433198,-0.694218,-0.574805,310.359766,204.000663,-45.416002,-0.000000,-0.001145,-0.000000,0.313781,-0.810067,-0.494477,0.028736,0.191221,-0.900548,-0.390446,-330.070077,-137.967680,107.874342,1
15530.000000,0.427091,-0.693933,-0.579698,305.210365,203.388633,-55.029873,-0.000001,-0.001145,-0.000001,0.310947,-0.810218,-0.496263,0.024101,0.191223,-0.900547,-0.390446,-324.784087,-140.804610,111.915334,1
15540.000000,0.419502,-0.695509,-0.583340,301.416469,203.388177,-64.535342,-0.000001,-0.001145,-0.000000,0.308103,-0.810343,-0.498034,0.019466,0.191225,-0.900547,-0.390446,-319.425680,-143.498500,115.940003,1
15550.000000,0.413121,-0.694420,-0.589162,296.037479,202.998854,-73.787774,0.000000,-0.001144,-0.000001,0.305249,-0.810441,-0.499788,0.014830,0.191227,-0.900547,-0.390446,-313.997381,-146.048189,119.946307,1
15560.000000,0.407825,-0.693480,-0.593940,290.647064,203.471887,-82.675408,-0.000000,-0.001144,-0.000000,0.302385,-0.810513,-0.501526,0.010194,0.191229,-0.900546,-0.390446,-308.501910,-148.452452,123.932032,1
15570.000000,0.399208,-0.695497,-0.597425,285.370780,202.960917,-91.873013,-0.000000,-0.001145,0.000000,0.299511,-0.810558,-0.503248,0.005557,0.191231,-0.900546,-0.390445,-302.942092,-150.710131,127.894960,1
15580.000000,0.393183,-0.693588,-0.603608,279.526256,202.706952,-100.441374,-0.000001,-0.001144,-0.000000,0.296627,-0.810576,-0.504953,0.000920,0.191233,-0.900546,-0.390445,-297.320866,-152.820152,131.832863,1
15590.000000,0.385569,-0.694607,-0.607337,273.515123,202.591409,-107.992464,-0.000001,-0.001144,-0.000000,0.293734,-0.810568,-0.506642,-0.003717,0.191235,-0.900545,-0.390445,-291.641273,-154.781528,135.743518,1
15600.000000,0.379836,-0.693315,-0.612405,267.105535,202.254990,-116.501970,-0.000000,-0.001145,-0.000001,0.290831,-0.810534,-0.508314,-0.008353,0.191237,-0.900545,-0.390445,-285.906461,-156.593370,139.624708,1
15610.000000,0.371967,-0.693399,-0.617121,260.558973,202.347540,-124.392787,-0.000000,-0.001145,-0.000000,0.287918,-0.810473,-0.509969,-0.012990,0.191239,-0.900545,-0.390445,-280.119680,-158.254896,143.474227,1
15620.000000,0.365344,-0.694985,-0.619290,253.239773,202.019477,-131.583984,-0.000000,-0.001144,-0.000000,0.284996,-0.810385,-0.511608,-0.017626,0.191241,-0.900544,-0.390445,-274.284276,-159.765443,147.289886,1
15630.000000,0.355646,-0.694585,-0.625354,245.995710,202.008914,-139.479714,-0.000000,-0.001144,-0.000001,0.282065,-0.810271,-0.513230,-0.022262,0.191243,-0.900544,-0.390444,-268.403689,-161.124469,151.069522,1
15640.000000,0.350539,-0.694027,-0.628847,238.702797,202.808209,-146.941106,-0.000000,-0.001145,-0.000001,0.279124,-0.810130,-0.514835,-0.026896,0.191245,-0.900543,-0.390444,-262.481443,-162.331564,154.811002,1
15650.000000,0.341546,-0.694716,-0.633022,231.265569,201.490353,-153.694074,-0.000001,-0.001144,-0.000000,0.276174,-0.809963,-0.516423,-0.031530,0.191247,-0.900543,-0.390444,-256.521141,-163.386457,158.512231,1
15660.000000,0.337251,-0.695312,-0.634668,223.981846,201.261229,-159.857893,-0.000001,-0.001145,-0.000000,0.273216,-0.809770,-0.517995,-0.036163,0.191249,-0.900543,-0.390444,-250.526454,-164.289021,162.171157,1
15670.000000,0.329590,-0.694526,-0.639534,215.221788,201.590231,-165.135045,-0.000000,-0.001145,-0.000001,0.270248,-0.809550,-0.519549,-0.040795,0.191251,-0.900542,-0.390444,-244.501116,-165.039279,165.785784,1
15680.000000,0.320369,-0.695196,-0.643479,207.472203,200.996456,-171.656056,-0.000000,-0.001145,-0.000001,0.267271,-0.809303,-0.521087,-0.045425,0.191254,-0.900542,-0.390444,-238.448906,-165.637409,169.354171,1
15690.000000,0.315330,-0.694188,-0.647047,199.408622,200.868089,-176.718255,-0.000000,-0.001144,-0.000001,0.264286,-0.809030,-0.522607,-0.050054,0.191256,-0.900542,-0.390443,-232.373647,-166.083744,172.874444,1
15700.000000,0.307496,-0.695211,-0.649714,191.159860,200.046556,-182.582152,-0.000001,-0.001144,-0.000000,0.261292,-0.808730,-0.524110,-0.054682,0.191258,-0.900541,-0.390443,-226.279183,-166.378777,176.344802,1
15710.000000,0.298222,-0.694012,-0.655294,182.064341,200.816728,-186.924563,-0.000000,-0.001145,-0.000001,0.258290,-0.808404,-0.525596,-0.059307,0.191260,-0.900541,-0.390443,-220.169377,-166.523160,179.763525,1
15720.000000,0.291321,-0.695340,-0.656989,173.645388,200.048439,-191.851628,-0.000001,-0.001145,-0.000000,0.255279,-0.808052,-0.527065,-0.063930,0.191262,-0.900541,-0.390443,-214.048088,-166.517705,183.128976,1
15730.000000,0.283878,-0.695233,-0.660352,164.918369,200.393340,-196.012458,-0.000000,-0.001145,-0.000000,0.252260,-0.807673,-0.528517,-0.068552,0.191264,-0.900540,-0.390443,-207.919166,-166.363380,186.439611,1
15740.000000,0.275875,-0.694560,-0.664439,155.999302,200.259239,-200.295313,-0.000001,-0.001145,-0.000000,0.249232,-0.807267,-0.529952,-0.073171,0.191266,-0.900540,-0.390443,-201.786434,-166.061308,189.693983,1
15750.000000,0.267595,-0.694985,-0.667374,147.102164,200.122917,-203.297626,-0.000001,-0.001144,-0.000001,0.246196,-0.806836,-0.531369,-0.077788,0.191268,-0.900539,-0.390443,-195.653673,-165.612759,192.890746,1
15760.000000,0.262730,-0.694474,-0.669835,137.891656,199.641008,-206.605168,-0.000000,-0.001145,-0.000000,0.243153,-0.806377,-0.532768,-0.082402,0.191270,-0.900539,-0.390442,-189.524615,-165.019149,196.028660,1
15770.000000,0.253551,-0.693996,-0.673855,128.580381,199.245791,-209.194860,-0.000000,-0.001145,-0.000001,0.240101,-0.805893,-0.534151,-0.087014,0.191272,-0.900539,-0.390442,-183.402921,-164.282028,199.106595,1
15780.000000,0.245245,-0.694025,-0.676892,119.486630,199.482565,-211.709660,-0.000001,-0.001144,-0.000000,0.237042,-0.805382,-0.535515,-0.091622,0.191274,-0.900538,-0.390442,-177.292174,-163.403074,202.123532,1
15790.000000,0.239125,-0.693868,-0.679239,110.379662,199.496700,-214.744883,-0.000001,-0.001145,-0.000001,0.233974,-0.804845,-0.536863,-0.096228,0.191276,-0.900538,-0.390442,-171.195863,-162.384083,205.078564,1
15800.000000,0.228400,-0.695766,-0.680987,101.528653,198.602646,-215.549756,-0.000001,-0.001144,-0.000000,0.230899,-0.804281,-0.538192,-0.100831,0.191278,-0.900538,-0.390442,-165.117375,-161.226957,207.970902,1
15810.000000,0.222359,-0.694219,-0.684556,91.968820,198.248178,-217.729097,-0.000001,-0.001144,-0.000001,0.227817,-0.803691,-0.539504,-0.105430,0.191280,-0.900537,-0.390442,-159.059979,-159.933692,210.799868,1
15820.000000,0.214102,-0.694683,-0.686714,82.584720,198.272960,-218.802494,-0.000001,-0.001145,-0.000001,0.224727,-0.803075,-0.540799,-0.110026,0.191282,-0.900537,-0.390441,-153.026819,-158.506368,213.564900,1
15830.000000,0.205884,-0.695281,-0.688619,73.378622,198.202304,-219.748959,-0.000001,-0.001144,-0.000001,0.221629,-0.802432,-0.542075,-0.114618,0.191284,-0.900537,-0.390441,-147.020906,-156.947132,216.265546,1
15840.000000,0.198745,-0.694420,-0.691579,64.175560,198.733709,-220.247826,-0.000000,-0.001145,-0.000000,0.218525,-0.801763,-0.543334,-0.119206,0.191286,-0.900536,-0.390441,-141.045104,-155.258185,218.901464,1
15850.000000,0.190776,-0.694750,-0.693489,55.340071,197.210861,-220.643298,-0.000001,-0.001145,-0.000000,0.215413,-0.801068,-0.544576,-0.123791,0.191288,-0.900536,-0.390441,-135.102132,-153.441768,221.472416,1
15860.000000,0.183773,-0.694818,-0.695309,45.693640,197.829068,-220.315423,-0.000001,-0.001145,-0.000001,0.212294,-0.800347,-0.545799,-0.128371,0.191290,-0.900535,-0.390441,-129.194551,-151.500146,223.978265,1
15870.000000,0.174994,-0.695246,-0.697145,36.927999,197.631314,-219.538802,-0.000001,-0.001145,-0.000000,0.209169,-0.799600,-0.547004,-0.132948,0.191292,-0.900535,-0.390441,-123.324764,-149.435589,226.418966,1
15880.000000,0.167669,-0.693669,-0.700507,27.488337,197.389681,-219.126537,-0.000001,-0.001144,-0.000000,0.206036,-0.798826,-0.548192,-0.137520,0.191294,-0.900535,-0.390441,-117.495013,-147.250364,228.794565,1
15890.000000,0.158666,-0.694957,-0.701327,18.621644,197.175289,-218.244103,-0.000001,-0.001145,-0.000001,0.202897,-0.798026,-0.549362,-0.142087,0.191296,-0.900534,-0.390440,-111.707379,-144.946714,231.105187,1
15900.000000,0.150460,-0.695750,-0.702348,9.620529,196.942496,-216.826825,-0.000001,-0.001144,-0.000001,0.199751,-0.797200,-0.550513,-0.146650,0.191298,-0.900534,-0.390440,-105.963780,-142.526843,233.351030,1
15910.000000,0.142323,-0.694907,-0.704875,1.132917,197.476114,-214.641516,-0.000000,-0.001144,-0.000001,0.196598,-0.796348,-0.551647,-0.151208,0.191300,-0.900534,-0.390440,-100.265976,-139.992904,235.532355,1
15920.000000,0.135348,-0.695261,-0.705898,-8.432815,197.078311,-213.277659,-0.000000,-0.001144,-0.000001,0.193439,-0.795470,-0.552763,-0.155761,0.191302,-0.900533,-0.390440,-94.615572,-137.346983,237.649477,1
15930.000000,0.127276,-0.694335,-0.708307,-17.072466,196.558702,-210.902096,-0.000000,-0.001144,-0.000000,0.190274,-0.794566,-0.553860,-0.160309,0.191304,-0.900533,-0.390440,-89.014024,-134.591086,239.702755,1
15940.000000,0.118663,-0.694577,-0.709565,-25.217904,196.463928,-208.013162,-0.000001,-0.001145,-0.000000,0.187103,-0.793636,-0.554940,-0.164852,0.191306,-0.900533,-0.390440,-83.462645,-131.727127,241.692583,1
15950.000000,0.110534,-0.693122,-0.712295,-33.470304,196.334367,-205.331775,-0.000000,-0.001144,-0.000000,0.183925,-0.792680,-0.556001,-0.169389,0.191308,-0.900532,-0.390439,-77.962616,-128.756917,243.619374,1
15960.000000,0.100905,-0.695549,-0.711358,-41.981183,196.636059,-201.954280,-0.000000,-0.001145,-0.000000,0.180741,-0.791698,-0.557044,-0.173921,0.191310,-0.900532,-0.390439,-72.514992,-125.682152,245.483557,1
15970.000000,0.094862,-0.694218,-0.713486,-50.236701,196.282639,-199.528466,-0.000001,-0.001145,-0.000001,0.177552,-0.790690,-0.558069,-0.178447,0.191312,-0.900531,-0.390439,-67.120716,-122.504409,247.285559,1
15980.000000,0.083788,-0.695201,-0.713915,-57.735208,196.267362,-195.206113,-0.000000,-0.001145,-0.000001,0.174357,-0.789657,-0.559075,-0.182967,0.191314,-0.900531,-0.390439,-61.780634,-119.225132,249.025798,1
15990.000000,0.075944,-0.694474,-0.715499,-66.224458,195.905395,-191.176862,-0.000001,-0.001145,-0.000000,0.171155,-0.788597,-0.560063,-0.187481,0.191316,-0.900531,-0.390439,-56.495501,-115.845633,250.704668,1
16000.000000,0.068898,-0.693685,-0.716976,-73.494902,195.718578,-187.288731,-0.000001,-0.001144,-0.000001,0.167949,-0.787512,-0.561033,-0.191989,0.191318,-0.900530,-0.390439,-51.266004,-112.367084,252.322532,1
16010.000000,0.060030,-0.694119,-0.717353,-80.696047,196.267557,-182.992253,-0.000000,-0.001145,-0.000001,0.164737,-0.786401,-0.561985,-0.196491,0.191320,-0.900530,-0.390438,-46.092772,-108.790516,253.879710,1
16020.000000,0.053617,-0.694812,-0.717190,-88.523533,195.780193,-178.506288,-0.000001,-0.001144,-0.000000,0.161519,-0.785264,-0.562918,-0.200987,0.191322,-0.900530,-0.390438,-40.976393,-105.116818,255.376466,1
16030.000000,0.046319,-0.694250,-0.718242,-96.092917,196.084307,-173.237503,-0.000000,-0.001145,-0.000000,0.158296,-0.784101,-0.563833,-0.205475,0.191324,-0.900529,-0.390438,-35.917434,-101.346739,256.813005,1
16040.000000,0.035136,-0.693877,-0.719236,-102.115378,195.851923,-167.876933,-0.000000,-0.001145,-0.000001,0.155068,-0.782913,-0.564729,-0.209958,0.191326,-0.900529,-0.390438,-30.916451,-97.480892,258.189456,1
16050.000000,0.030148,-0.693722,-0.719611,-109.919790,195.432686,-162.401236,-0.000000,-0.001145,0.000000,0.151835,-0.781699,-0.565607,-0.214433,0.191328,-0.900529,-0.390438,-25.974013,-93.519756,259.505872,1
16060.000000,0.019148,-0.694514,-0.719225,-116.212336,196.021529,-156.783043,-0.000001,-0.001145,-0.000000,0.148597,-0.780460,-0.566466,-0.218901,0.191330,-0.900528,-0.390438,-21.090715,-89.463687,260.762214,1
16070.000000,0.011344,-0.694857,-0.719059,-122.479314,195.647160,-151.531981,-0.000000,-0.001144,-0.000001,0.145354,-0.779195,-0.567307,-0.223362,0.191332,-0.900528,-0.390438,-16.267196,-85.312922,261.958353,1
16080.000000,0.002755,-0.696106,-0.717933,-128.580156,195.798528,-144.875224,-0.000001,-0.001144,-0.000000,0.142107,-0.777904,-0.568129,-0.227816,0.191334,-0.900528,-0.390437,-11.504156,-81.067593,263.094059,1
16090.000000,-0.005078,-0.694473,-0.719501,-134.978691,195.298041,-138.803732,-0.000001,-0.001145,0.000000,0.138854,-0.776588,-0.568933,-0.232262,0.191336,-0.900527,-0.390437,-6.802370,-76.727737,264.168997,1
16100.000000,-0.012227,-0.693901,-0.719966,-140.559125,195.515791,-132.145832,-0.000001,-0.001145,-0.000000,0.135597,-0.775247,-0.569718,-0.236701,0.191338,-0.900527,-0.390437,-2.162704,-72.293306,265.182728,1
16110.000000,-0.020144,-0.693660,-0.720021,-146.853025,195.661205,-125.644666,-0.000000,-0.001145,-0.000001,0.132336,-0.773880,-0.570484,-0.241132,0.191340,-0.900526,-0.390437,2.413875,-67.764184,266.134703,1
16120.000000,-0.029869,-0.694856,-0.718528,-151.642434,195.635245,-119.064792,-0.000001,-0.001144,-0.000000,0.129070,-0.772488,-0.571232,-0.245555,0.191342,-0.900526,-0.390437,6.926408,-63.140068,267.024290,1
16130.000000,-0.037674,-0.695248,-0.717782,-156.990526,195.577176,-111.466520,-0.000000,-0.001144,-0.000001,0.125801,-0.771071,-0.571961,-0.249970,0.191344,-0.900526,-0.390437,11.373698,-58.420695,267.850629,1
16140.000000,-0.045002,-0.694895,-0.717702,-162.128924,195.356460,-103.601316,-0.000000,-0.001144,-0.000001,0.122527,-0.769628,-0.572671,-0.254377,0.191346,-0.900525,-0.390436,15.754339,-53.605853,268.612723,1
16150.000000,-0.052867,-0.694839,-0.717220,-165.900243,195.922678,-96.872362,-0.000000,-0.001144,-0.000000,0.119249,-0.768160,-0.573363,-0.258775,0.191348,-0.900525,-0.390436,20.066770,-48.695338,269.309469,1
16160.000000,-0.061595,-0.693913,-0.717420,-170.146213,195.534022,-88.563185,-0.000001,-0.001145,-0.000001,0.115967,-0.766667,-0.574036,-0.263165,0.191351,-0.900525,-0.390436,24.309268,-43.688974,269.939668,1
16170.000000,-0.072042,-0.693647,-0.716703,-174.604997,195.597861,-81.786994,-0.000001,-0.001144,-0.000001,0.112681,-0.765149,-0.574690,-0.267547,0.191353,-0.900524,-0.390436,28.479944,-38.586635,270.502029,1
16180.000000,-0.078132,-0.694864,-0.714884,-178.826650,195.754814,-73.203988,-0.000001,-0.001144,-0.000000,0.109392,-0.763606,-0.575325,-0.271919,0.191355,-0.900524,-0.390436,32.576736,-33.388260,270.995173,1
16190.000000,-0.087574,-0.693474,-0.715140,-181.318103,196.208517,-65.325304,-0.000000,-0.001144,-0.000001,0.106099,-0.762038,-0.575941,-0.276283,0.191357,-0.900524,-0.390436,36.597408,-28.093878,271.417640,1
16200.000000,-0.096053,-0.693541,-0.713985,-185.425734,196.253579,-56.742506,-0.000001,-0.001145,-0.000001,0.102802,-0.760445,-0.576539,-0.280638,0.191359,-0.900523,-0.390436,40.539547,-22.703622,271.767899,1
16210.000000,-0.103756,-0.695028,-0.711457,-188.003640,195.966073,-48.478368,-0.000001,-0.001145,-0.000001,0.099503,-0.758828,-0.577117,-0.284983,0.191361,-0.900523,-0.390435,44.400568,-17.217752,272.044358,1
16220.000000,-0.111785,-0.695266,-0.710007,-190.995080,196.279003,-40.299544,-0.000000,-0.001145,-0.000001,0.096200,-0.757185,-0.577677,-0.289320,0.191363,-0.900522,-0.390435,48.177714,-11.636672,272.245368,1
16230.000000,-0.118331,-0.695519,-0.708696,-192.933424,196.199661,-31.496696,-0.000001,-0.001145,-0.000000,0.092893,-0.755517,-0.578218,-0.293646,0.191365,-0.900522,-0.390435,51.868061,-5.960948,272.369240,1
16240.000000,-0.127782,-0.693259,-0.709269,-195.294773,196.145156,-22.723088,-0.000001,-0.001144,0.000000,0.089584,-0.753825,-0.578740,-0.297963,0.191367,-0.900522,-0.390435,55.468525,-0.191327,272.414256,1
16250.000000,-0.134943,-0.695011,-0.706222,-197.282197,196.500991,-13.982583,-0.000000,-0.001144,-0.000001,0.086272,-0.752108,-0.579243,-0.302271,0.191369,-0.900521,-0.390435,58.975866,5.671252,272.378675,1
16260.000000,-0.144053,-0.694878,-0.704552,-198.541852,196.997184,-4.344821,-0.000000,-0.001144,0.000000,0.082957,-0.750367,-0.579727,-0.306568,0.191371,-0.900521,-0.390435,62.386706,11.625637,272.260751,1
16270.000000,-0.152318,-0.693227,-0.704440,-199.693304,196.941153,3.941215,-0.000001,-0.001145,-0.000001,0.079639,-0.748601,-0.580192,-0.310856,0.191373,-0.900521,-0.390434,65.697531,17.670454,272.058744,1
16280.000000,-0.159850,-0.693563,-0.702437,-199.999482,197.036529,13.607512,-0.000001,-0.001145,-0.000001,0.076319,-0.746810,-0.580638,-0.315133,0.191375,-0.900520,-0.390434,68.904709,23.804093,271.770932,1
16290.000000,-0.166615,-0.695312,-0.699129,-200.635246,197.726922,22.681628,-0.000001,-0.001145,-0.000000,0.072996,-0.744995,-0.581065,-0.319400,0.191377,-0.900520,-0.390434,72.004499,30.024697,271.395627,1
16300.000000,-0.174327,-0.694741,-0.697814,-200.815250,196.950976,32.014139,-0.000000,-0.001145,-0.000000,0.069671,-0.743156,-0.581473,-0.323657,0.191379,-0.900520,-0.390434,74.993073,36.330155,270.931184,1
16310.000000,-0.183855,-0.693766,-0.696337,-200.834590,197.351762,40.803012,-0.000001,-0.001145,-0.000001,0.066344,-0.741293,-0.581862,-0.327903,0.191381,-0.900519,-0.390434,77.866525,42.718095,270.376015,1
16320.000000,-0.190886,-0.694504,-0.693705,-200.283125,197.451092,50.864469,-0.000001,-0.001145,-0.000000,0.063014,-0.739405,-0.582232,-0.332138,0.191383,-0.900519,-0.390434,80.620890,49.185877,269.728605,1
16330.000000,-0.199460,-0.695037,-0.690753,-198.846346,197.469775,60.191584,-0.000001,-0.001144,-0.000000,0.059682,-0.737493,-0.582583,-0.336362,0.191385,-0.900518,-0.390433,83.252162,55.730589,268.987519,1
16340.000000,-0.207651,-0.694434,-0.688943,-197.255335,198.457861,69.247645,-0.000001,-0.001145,-0.000000,0.056349,-0.735556,-0.582915,-0.340575,0.191387,-0.900518,-0.390433,85.756312,62.349047,268.151418,1
16350.000000,-0.214219,-0.694060,-0.687306,-196.228148,198.707357,78.901496,-0.000000,-0.001144,-0.000001,0.053013,-0.733596,-0.583228,-0.344778,0.191389,-0.900518,-0.390433,88.129307,69.037794,267.219069,1
16360.000000,-0.222548,-0.694189,-0.684525,-194.289222,198.353960,88.005003,-0.000001,-0.001145,-0.000001,0.049676,-0.731612,-0.583522,-0.348969,0.191391,-0.900517,-0.390433,90.367126,75.793103,266.189354,1
16370.000000,-0.230377,-0.694446,-0.681668,-190.941940,198.149045,97.598300,-0.000000,-0.001145,-0.000000,0.046337,-0.729603,-0.583796,-0.353148,0.191393,-0.900517,-0.390433,92.465780,82.610978,265.061284,1
16380.000000,-0.239679,-0.694592,-0.678303,-188.610025,199.341629,106.640463,-0.000001,-0.001144,-0.000001,0.042997,-0.727571,-0.584052,-0.357316,0.191395,-0.900517,-0.390433,94.421335,89.487160,263.834004,1
16390.000000,-0.246794,-0.694016,-0.676339,-185.692372,198.893845,115.461895,-0.000001,-0.001145,-0.000001,0.039655,-0.725515,-0.584288,-0.361472,0.191397,-0.900516,-0.390433,96.229921,96.417137,262.506802,1
16400.000000,-0.254205,-0.694106,-0.673495,-182.267615,199.682606,125.047142,-0.000001,-0.001145,-0.000001,0.036312,-0.723436,-0.584506,-0.365617,0.191399,-0.900516,-0.390432,97.887759,103.396146,261.079121,1
16410.000000,-0.260338,-0.694561,-0.670678,-177.591961,199.926530,134.079389,-0.000001,-0.001145,-0.000001,0.032967,-0.721332,-0.584704,-0.369749,0.191401,-0.900516,-0.390432,99.391175,110.419187,259.550560,1
16420.000000,-0.270636,-0.695413,-0.665700,-173.207716,199.823504,142.530822,0.000000,-0.001144,-0.000001,0.029622,-0.719205,-0.584883,-0.373869,0.191403,-0.900515,-0.390432,100.736617,117.481033,257.920881,1
16430.000000,-0.278706,-0.693580,-0.664282,-168.470373,199.524932,151.643940,-0.000000,-0.001144,0.000000,0.026276,-0.717055,-0.585043,-0.377978,0.191405,-0.900515,-0.390432,101.920671,124.576242,256.190018,1
16440.000000,-0.284519,-0.694460,-0.660889,-163.788973,200.336324,160.059409,-0.000001,-0.001145,-0.000001,0.022929,-0.714881,-0.585183,-0.382073,0.191407,-0.900515,-0.390432,102.940077,131.699167,254.358075,1
16450.000000,-0.293140,-0.693313,-0.658320,-158.569788,200.723241,168.692033,-0.000001,-0.001144,-0.000000,0.019581,-0.712684,-0.585305,-0.386156,0.191409,-0.900514,-0.390432,103.791743,138.843976,252.425332,1
16460.000000,-0.299814,-0.695189,-0.653318,-152.215539,201.374895,176.750424,-0.000000,-0.001144,-0.000000,0.016232,-0.710463,-0.585407,-0.390227,0.191411,-0.900514,-0.390431,104.472762,146.004660,250.392246,1
16470.000000,-0.306115,-0.694514,-0.651110,-146.393212,201.001926,184.891114,-0.000000,-0.001145,-0.000001,0.012883,-0.708219,-0.585491,-0.394285,0.191413,-0.900513,-0.390431,104.980418,153.175054,248.259452,1
16480.000000,-0.313998,-0.694229,-0.647651,-140.870428,201.333400,192.813138,-0.000000,-0.001144,-0.000000,0.009533,-0.705952,-0.585555,-0.398330,0.191415,-0.900513,-0.390431,105.312204,160.348848,246.027764,1
16490.000000,-0.320600,-0.694958,-0.643622,-133.587988,201.876207,200.667697,-0.000000,-0.001144,-0.000000,0.006184,-0.703662,-0.585600,-0.402362,0.191417,-0.900513,-0.390431,105.465828,167.519605,243.698173,1
16500.000000,-0.330254,-0.694537,-0.639180,-125.755039,201.897722,207.773491,-0.000000,-0.001145,-0.000000,0.002834,-0.701348,-0.585626,-0.406380,0.191419,-0.900512,-0.390431,105.439225,174.680781,241.271846,1
16510.000000,-0.336347,-0.694146,-0.636421,-119.290134,202.378311,214.627246,-0.000000,-0.001145,-0.000001,-0.000517,-0.699012,-0.585632,-0.410386,0.191421,-0.900512,-0.390431,105.230562,181.825733,238.750123,1
16520.000000,-0.344363,-0.694017,-0.632261,-111.296913,202.914632,221.923021,-0.000000,-0.001144,-0.000001,-0.003867,-0.696653,-0.585620,-0.414378,0.191423,-0.900512,-0.390430,104.838249,188.947745,236.134518,1
16530.000000,-0.352223,-0.695095,-0.626723,-103.473904,202.764458,227.973765,-0.000001,-0.001145,-0.000000,-0.007217,-0.694271,-0.585588,-0.418356,0.191425,-0.900511,-0.390430,104.260943,196.040036,233.426709,1
16540.000000,-0.358098,-0.694871,-0.623635,-94.666712,203.376438,234.690308,0.000000,-0.001145,-0.000001,-0.010566,-0.691867,-0.585537,-0.422321,0.191427,-0.900511,-0.390430,103.497551,203.095784,230.628537,1
16550.000000,-0.365041,-0.695003,-0.619448,-86.682681,203.428254,239.555288,-0.000001,-0.001145,-0.000000,-0.013916,-0.689440,-0.585467,-0.426272,0.191429,-0.900511,-0.390430,102.547237,210.108133,227.742005,1
16560.000000,-0.372216,-0.694547,-0.615678,-77.629313,203.573718,246.307599,-0.000000,-0.001144,-0.000000,-0.017265,-0.686990,-0.585378,-0.430209,0.191431,-0.900510,-0.390430,101.409422,217.070216,224.769266,1
16570.000000,-0.379302,-0.694293,-0.611627,-68.779643,204.089593,251.067537,0.000000,-0.001145,-0.000001,-0.020613,-0.684517,-0.585270,-0.434132,0.191433,-0.900510,-0.390430,100.083789,223.975167,221.712624,1
16580.000000,-0.386110,-0.695468,-0.606005,-59.286892,204.082587,255.576253,-0.000000,-0.001145,-0.000001,-0.023961,-0.682023,-0.585142,-0.438041,0.191435,-0.900509,-0.390430,98.570281,230.816134,218.574524,1
16590.000000,-0.393971,-0.693939,-0.602690,-49.359388,204.817771,260.376938,-0.000000,-0.001145,0.000000,-0.027308,-0.679506,-0.584995,-0.441935,0.191437,-0.900509,-0.390429,96.869101,237.586295,215.357550,1
16600.000000,-0.399628,-0.695303,-0.597370,-39.887634,204.803143,264.729070,-0.000001,-0.001145,-0.000000,-0.030654,-0.676967,-0.584830,-0.445815,0.191439,-0.900509,-0.390429,94.980717,244.278870,212.064415,1
16610.000000,-0.407258,-0.694288,-0.593385,-29.984794,205.312674,268.625144,-0.000001,-0.001145,-0.000000,-0.033999,-0.674405,-0.584645,-0.449680,0.191441,-0.900508,-0.390429,92.905853,250.887134,208.697957,1
16620.000000,-0.415077,-0.693600,-0.588752,-20.136299,204.849342,271.797522,-0.000000,-0.001144,-0.000000,-0.037343,-0.671822,-0.584441,-0.453531,0.191443,-0.900508,-0.390429,90.645493,257.404432,205.261135,1
16630.000000,-0.420494,-0.694720,-0.583565,-10.012258,206.049980,275.262739,-0.000001,-0.001144,-0.000000,-0.040685,-0.669216,-0.584217,-0.457366,0.191445,-0.900508,-0.390429,88.200877,263.824185,201.757019,1
16640.000000,-0.426544,-0.695942,-0.577689,0.969608,205.823501,277.630756,-0.000000,-0.001144,-0.000001,-0.044027,-0.666589,-0.583975,-0.461187,0.191448,-0.900507,-0.390429,85.573498,270.139906,198.188786,1
16650.000000,-0.433768,-0.693932,-0.574721,11.561171,206.166107,279.657269,-0.000000,-0.001145,-0.000001,-0.047367,-0.663940,-0.583714,-0.464993,0.191450,-0.900507,-0.390428,82.765099,276.345206,194.559715,1
16660.000000,-0.439370,-0.695024,-0.569119,22.180769,206.854163,281.691528,0.000000,-0.001145,-0.000000,-0.050705,-0.661269,-0.583433,-0.468783,0.191452,-0.900507,-0.390428,79.777671,282.433808,190.873179,1
16670.000000,-0.447136,-0.694272,-0.563964,32.279355,207.472710,282.702847,-0.000000,-0.001145,-0.000001,-0.054042,-0.658577,-0.583134,-0.472559,0.191454,-0.900506,-0.390428,76.613447,288.399555,187.132640,1
16680.000000,-0.454020,-0.693628,-0.559237,43.879236,207.776749,283.436195,-0.000001,-0.001144,-0.000000,-0.057377,-0.655863,-0.582815,-0.476318,0.191456,-0.900506,-0.390428,73.274902,294.236419,183.341646,1
16690.000000,-0.459820,-0.693999,-0.554013,54.633563,207.743472,284.698624,-0.000000,-0.001145,-0.000001,-0.060710,-0.653127,-0.582477,-0.480062,0.191458,-0.900505,-0.390428,69.764713,299.938568,179.503790,1
16700.000000,-0.466600,-0.694197,-0.548065,65.861786,208.454479,284.023747,-0.000000,-0.001144,-0.000000,-0.064041,-0.650370,-0.582120,-0.483791,0.191460,-0.900505,-0.390428,66.085697,305.500381,175.622635,1
16710.000000,-0.472383,-0.694265,-0.543000,76.473440,209.097802,284.193284,-0.000000,-0.001145,-0.000000,-0.067370,-0.647592,-0.581744,-0.487503,0.191462,-0.900505,-0.390428,62.240994,310.916094,171.701888,1
16720.000000,-0.479235,-0.694399,-0.536791,87.436202,208.554475,283.602209,-0.000001,-0.001145,-0.000001,-0.070697,-0.644793,-0.581350,-0.491200,0.191464,-0.900504,-0.390427,58.233992,316.180084,167.745340,1
16730.000000,-0.484649,-0.692856,-0.533916,98.129300,209.039464,282.269598,-0.000000,-0.001145,-0.000001,-0.074021,-0.641972,-0.580936,-0.494880,0.191466,-0.900504,-0.390427,54.068308,321.286896,163.756848,1
16740.000000,-0.491396,-0.694207,-0.525935,108.891493,209.089247,280.089949,-0.000000,-0.001145,0.000000,-0.077343,-0.639131,-0.580503,-0.498545,0.191468,-0.900504,-0.390427,49.747787,326.231260,159.740333,1
16750.000000,-0.495908,-0.695792,-0.519566,119.950103,209.622921,278.052389,-0.000001,-0.001145,-0.000000,-0.080663,-0.636268,-0.580051,-0.502193,0.191470,-0.900503,-0.390427,45.276499,331.008091,155.699771,1
16760.000000,-0.502654,-0.693678,-0.515897,131.237322,209.850685,275.729587,-0.000001,-0.001144,-0.000000,-0.083979,-0.633385,-0.579580,-0.505824,0.191472,-0.900503,-0.390427,40.658729,335.612504,151.639191,1
16770.000000,-0.509117,-0.692848,-0.510648,142.010050,210.140669,272.774836,-0.000000,-0.001145,-0.000001,-0.087294,-0.630481,-0.579090,-0.509439,0.191474,-0.900503,-0.390427,35.898974,340.039818,147.562665,1
16780.000000,-0.513924,-0.695088,-0.502727,151.626487,211.256738,269.266031,0.000000,-0.001145,-0.000001,-0.090605,-0.627557,-0.578581,-0.513038,0.191476,-0.900502,-0.390426,31.001939,344.285568,143.474309,1
16790.000000,-0.519368,-0.695004,-0.497219,162.570141,211.427782,265.815455,-0.000001,-0.001145,-0.000000,-0.093913,-0.624611,-0.578053,-0.516619,0.191478,-0.900502,-0.390426,25.972532,348.345511,139.378270,1
16800.000000,-0.525447,-0.694140,-0.492012,172.726484,211.143688,260.713970,-0.000000,-0.001144,-0.000000,-0.097218,-0.621646,-0.577507,-0.520184,0.191480,-0.900501,-0.390426,20.815857,352.215635,135.278726,1
16810.000000,-0.531331,-0.694480,-0.485165,182.879950,211.749964,256.068032,-0.000001,-0.001145,-0.000000,-0.100520,-0.618660,-0.576941,-0.523731,0.191482,-0.900501,-0.390426,15.537205,355.892169,131.179877,1
16820.000000,-0.535706,-0.694534,-0.480252,193.020552,212.530505,251.516507,-0.000001,-0.001145,-0.000000,-0.103819,-0.615654,-0.576357,-0.527262,0.191484,-0.900501,-0.390426,10.142055,359.371589,127.085942,1
16830.000000,-0.542256,-0.694085,-0.473503,202.203162,212.529536,245.431273,0.000000,-0.001145,-0.000000,-0.107115,-0.612628,-0.575753,-0.530775,0.191486,-0.900500,-0.390426,4.636060,362.650631,123.001149,1
16840.000000,-0.547705,-0.693331,-0.468308,211.716086,213.159946,240.455520,-0.000000,-0.001145,-0.000001,-0.110406,-0.609581,-0.575131,-0.534271,0.191488,-0.900500,-0.390425,-0.974956,365.726294,118.929733,1
16850.000000,-0.552387,-0.694636,-0.460814,221.379859,212.588614,234.029658,-0.000001,-0.001145,-0.000001,-0.113695,-0.606515,-0.574490,-0.537749,0.191490,-0.900500,-0.390425,-6.685008,368.595854,114.875925,1
16860.000000,-0.557884,-0.694729,-0.454001,230.409392,213.510022,227.548476,0.000000,-0.001145,-0.000000,-0.116979,-0.603429,-0.573830,-0.541210,0.191492,-0.900499,-0.390425,-12.487958,371.256868,110.843948,1
16870.000000,-0.562781,-0.694432,-0.448377,239.010298,213.881760,220.583288,-0.000000,-0.001144,-0.000000,-0.120260,-0.600323,-0.573152,-0.544653,0.191494,-0.900499,-0.390425,-18.377521,373.707187,106.838008,1
16880.000000,-0.567682,-0.694739,-0.441673,247.500469,213.788125,212.723062,-0.000001,-0.001144,-0.000001,-0.123537,-0.597197,-0.572454,-0.548078,0.191496,-0.900499,-0.390425,-24.347279,375.944962,102.862288,1
16890.000000,-0.572242,-0.695836,-0.433994,256.022686,214.799886,205.479192,-0.000001,-0.001145,-0.000001,-0.126809,-0.594052,-0.571738,-0.551486,0.191498,-0.900498,-0.390425,-30.390689,377.968649,98.920939,1
16900.000000,-0.577316,-0.695170,-0.428304,263.438998,214.777330,197.328294,-0.000000,-0.001145,0.000000,-0.130078,-0.590888,-0.571004,-0.554875,0.191500,-0.900498,-0.390425,-36.501095,379.777023,95.018071,1
16910.000000,-0.582729,-0.694938,-0.421292,271.134734,214.268206,189.554745,0.000000,-0.001144,-0.000001,-0.133342,-0.587704,-0.570250,-0.558246,0.191502,-0.900498,-0.390424,-42.671739,381.369181,91.157749,1
16920.000000,-0.588182,-0.693497,-0.416058,278.627770,214.800586,180.347026,-0.000001,-0.001145,-0.000001,-0.136602,-0.584501,-0.569478,-0.561599,0.191504,-0.900497,-0.390424,-48.895772,382.744550,87.343976,1
16930.000000,-0.592873,-0.695113,-0.406596,285.381107,215.885292,171.801791,-0.000001,-0.001145,-0.000001,-0.139858,-0.581279,-0.568687,-0.564933,0.191506,-0.900497,-0.390424,-55.166274,383.902892,83.580692,1
16940.000000,-0.595681,-0.695716,-0.401427,292.277645,215.809940,163.558619,-0.000001,-0.001145,-0.000001,-0.143109,-0.578038,-0.567878,-0.568249,0.191508,-0.900496,-0.390424,-61.476259,384.844311,79.871759,1
16950.000000,-0.602566,-0.694563,-0.393061,297.956014,216.445151,153.483720,-0.000000,-0.001145,-0.000000,-0.146355,-0.574777,-0.567050,-0.571547,0.191510,-0.900496,-0.390424,-67.818698,385.569255,76.220956,1
16960.000000,-0.605963,-0.695240,-0.386588,303.741599,216.327349,144.179570,0.000000,-0.001145,-0.000001,-0.149596,-0.571498,-0.566203,-0.574825,0.191512,-0.900496,-0.390424,-74.186529,386.078523,72.631965,1
16970.000000,-0.610831,-0.694622,-0.379981,309.033709,216.763662,133.823222,-0.000000,-0.001145,-0.000000,-0.152833,-0.568201,-0.565338,-0.578085,0.191514,-0.900495,-0.390423,-80.572677,386.373264,69.108364,1
16980.000000,-0.614349,-0.695404,-0.372812,313.989288,216.476484,124.497484,-0.000001,-0.001145,-0.000001,-0.156064,-0.564885,-0.564455,-0.581326,0.191516,-0.900495,-0.390423,-86.970071,386.454981,65.653617,1
16990.000000,-0.618954,-0.694616,-0.366612,319.045125,216.992157,113.939657,-0.000000,-0.001145,-0.000001,-0.159291,-0.561550,-0.563553,-0.584548,0.191518,-0.900495,-0.390423,-93.371661,386.325530,62.271063,1
17000.000000,-0.623630,-0.693560,-0.360639,322.577927,217.312105,104.184402,-0.000001,-0.001145,-0.000000,-0.162512,-0.558197,-0.562632,-0.587751,0.191520,-0.900494,-0.390423,-99.770433,385.987117,58.963907,1
17010.000000,-0.627886,-0.694341,-0.351638,326.682228,218.002366,93.890700,-0.000000,-0.001144,-0.000001,-0.165728,-0.554825,-0.561694,-0.590934,0.191522,-0.900494,-0.390423,-106.159436,385.442299,55.735210,1
17020.000000,-0.631596,-0.694698,-0.344212,329.381948,217.768172,83.386662,-0.000001,-0.001144,-0.000001,-0.168938,-0.551436,-0.560736,-0.594099,0.191524,-0.900494,-0.390423,-112.531791,384.693977,52.587882,1
17030.000000,-0.635038,-0.694556,-0.338111,333.371484,218.182562,72.451082,-0.000001,-0.001144,-0.000001,-0.172143,-0.548028,-0.559761,-0.597243,0.191526,-0.900493,-0.390422,-118.880720,383.745391,49.524669,1
17040.000000,-0.638874,-0.694443,-0.331043,335.878804,218.386444,62.229843,-0.000001,-0.001145,-0.000000,-0.175342,-0.544603,-0.558767,-0.600369,0.191528,-0.900493,-0.390422,-125.199557,382.600114,46.548147,1
17050.000000,-0.642363,-0.695140,-0.322722,338.125350,218.417166,51.159281,-0.000000,-0.001145,-0.000001,-0.178536,-0.541159,-0.557755,-0.603474,0.191530,-0.900492,-0.390422,-131.481775,381.262041,43.660716,1
17060.000000,-0.647477,-0.693793,-0.315317,339.264318,219.181433,40.338365,-0.000000,-0.001145,-0.000000,-0.181724,-0.537698,-0.556724,-0.606560,0.191532,-0.900492,-0.390422,-137.720999,379.735381,40.864587,1
17070.000000,-0.650141,-0.694280,-0.308693,340.865737,219.478293,29.859927,-0.000001,-0.001145,-0.000001,-0.184905,-0.534220,-0.555676,-0.609626,0.191534,-0.900492,-0.390422,-143.911029,378.024641,38.161782,1
17080.000000,-0.653188,-0.694406,-0.301903,341.812986,219.359577,19.358860,-0.000001,-0.001145,-0.000001,-0.188081,-0.530724,-0.554609,-0.612672,0.191536,-0.900491,-0.390422,-150.045859,376.134620,35.554121,1
17090.000000,-0.656879,-0.694189,-0.294298,341.751584,219.653681,7.756041,-0.000001,-0.001145,-0.000000,-0.191251,-0.527210,-0.553524,-0.615698,0.191538,-0.900491,-0.390422,-156.119692,374.070383,33.043223,1
17100.000000,-0.660052,-0.694891,-0.285408,341.835396,219.902937,-2.634325,0.000000,-0.001144,-0.000000,-0.194414,-0.523679,-0.552421,-0.618704,0.191540,-0.900491,-0.390421,-162.126961,371.837255,30.630497,1
17110.000000,-0.663172,-0.694741,-0.278455,341.859462,219.505686,-13.641126,-0.000000,-0.001144,-0.000001,-0.197571,-0.520131,-0.551299,-0.621690,0.191542,-0.900490,-0.390421,-168.062343,369.440796,28.317142,1
17120.000000,-0.666219,-0.695084,-0.270203,341.756196,220.459442,-24.094832,-0.000000,-0.001144,-0.000001,-0.200722,-0.516567,-0.550160,-0.624655,0.191545,-0.900490,-0.390421,-173.920777,366.886784,26.104140,1
17130.000000,-0.670145,-0.694228,-0.262589,340.896803,219.681925,-34.880715,0.000000,-0.001144,-0.000001,-0.203865,-0.512985,-0.549003,-0.627600,0.191547,-0.900490,-0.390421,-179.697477,364.181192,23.992262,1
17140.000000,-0.672133,-0.695119,-0.255042,338.830243,220.164160,-45.648414,-0.000001,-0.001145,-0.000000,-0.207003,-0.509386,-0.547828,-0.630524,0.191549,-0.900489,-0.390421,-185.387947,361.330171,21.982059,1
17150.000000,-0.675034,-0.694947,-0.247746,336.420148,220.476388,-55.834207,-0.000001,-0.001145,-0.000001,-0.210133,-0.505771,-0.546635,-0.633428,0.191551,-0.900489,-0.390421,-190.987993,358.340021,20.073869,1
17160.000000,-0.677935,-0.694449,-0.241133,334.802054,220.952171,-65.532877,-0.000001,-0.001145,-0.000001,-0.213257,-0.502139,-0.545424,-0.636310,0.191553,-0.900488,-0.390420,-196.493730,355.217174,18.267816,1
17170.000000,-0.680173,-0.695131,-0.232717,332.270006,221.112101,-76.558881,-0.000001,-0.001145,-0.000000,-0.216373,-0.498491,-0.544195,-0.639173,0.191555,-0.900488,-0.390420,-201.901598,351.968161,16.563813,1
17180.000000,-0.683310,-0.695139,-0.223314,329.209704,221.013853,-86.018386,-0.000001,-0.001145,-0.000000,-0.219483,-0.494826,-0.542948,-0.642014,0.191557,-0.900488,-0.390420,-207.208363,348.599595,14.961569,1
17190.000000,-0.686203,-0.694047,-0.217773,326.045289,220.965964,-95.677468,-0.000001,-0.001144,-0.000000,-0.222585,-0.491146,-0.541684,-0.644834,0.191559,-0.900487,-0.390420,-212.411128,345.118142,13.460588,1
17200.000000,-0.689018,-0.693930,-0.209081,321.870422,221.704603,-105.180937,-0.000000,-0.001145,-0.000001,-0.225680,-0.487449,-0.540401,-0.647633,0.191561,-0.900487,-0.390420,-217.507333,341.530493,12.060183,1
17210.000000,-0.690785,-0.694728,-0.200422,318.088135,221.513212,-114.975328,0.000000,-0.001145,-0.000000,-0.228768,-0.483736,-0.539102,-0.650411,0.191563,-0.900487,-0.390420,-222.494759,337.843342,10.759478,1
17220.000000,-0.692817,-0.694675,-0.193469,314.600879,222.057087,-123.633157,-0.000000,-0.001145,-0.000001,-0.231848,-0.480007,-0.537784,-0.653167,0.191565,-0.900486,-0.390420,-227.371530,334.063361,9.557416,1
17230.000000,-0.695485,-0.694548,-0.184131,309.812224,222.197238,-132.541514,-0.000000,-0.001145,-0.000000,-0.234921,-0.476263,-0.536449,-0.655903,0.191567,-0.900486,-0.390419,-232.136106,330.197171,8.452773,1
17240.000000,-0.698142,-0.693700,-0.177139,304.643922,222.583736,-141.945434,-0.000000,-0.001145,-0.000001,-0.237986,-0.472503,-0.535096,-0.658616,0.191569,-0.900486,-0.390419,-236.787289,326.251317,7.444163,1
17250.000000,-0.699251,-0.694722,-0.168549,300.024488,222.047193,-150.372945,-0.000000,-0.001145,-0.000000,-0.241043,-0.468728,-0.533726,-0.661308,0.191571,-0.900485,-0.390419,-241.324208,322.232250,6.530051,1
17260.000000,-0.700931,-0.694626,-0.161833,294.615557,222.309698,-158.439818,0.000000,-0.001145,-0.000001,-0.244092,-0.464937,-0.532339,-0.663979,0.191573,-0.900485,-0.390419,-245.746319,318.146298,5.708767,1
17270.000000,-0.703471,-0.694057,-0.153014,289.556783,222.817914,-166.797696,-0.000001,-0.001145,-0.000000,-0.247133,-0.461131,-0.530934,-0.666628,0.191575,-0.900484,-0.390419,-250.053498,313.999552,4.978501,1
17280.000000,-0.704703,-0.694708,-0.144131,283.604932,222.540620,-174.840599,-0.000001,-0.001145,-0.000001,-0.250167,-0.457310,-0.529511,-0.669255,0.191577,-0.900484,-0.390419,-254.245801,309.797888,4.337340,1
17290.000000,-0.706427,-0.694454,-0.136731,277.768004,222.843100,-182.101085,0.000000,-0.001144,-0.000000,-0.253192,-0.453474,-0.528071,-0.671860,0.191579,-0.900484,-0.390418,-258.323436,305.547053,3.783287,1
17300.000000,-0.708118,-0.694210,-0.129004,271.673541,223.187737,-189.950438,-0.000001,-0.001144,-0.000001,-0.256208,-0.449623,-0.526614,-0.674443,0.191581,-0.900483,-0.390418,-262.286895,301.252605,3.314253,1
17310.000000,-0.710198,-0.693581,-0.120687,264.873556,223.296847,-196.908429,-0.000001,-0.001144,-0.000000,-0.259217,-0.445758,-0.525140,-0.677004,0.191583,-0.900483,-0.390418,-266.136944,296.919897,2.928077,1
17320.000000,-0.710981,-0.694057,-0.113098,258.694191,223.785125,-204.314152,-0.000000,-0.001145,-0.000001,-0.262216,-0.441878,-0.523649,-0.679543,0.191585,-0.900483,-0.390418,-269.874597,292.554055,2.622538,1
17330.000000,-0.712136,-0.694261,-0.104231,251.945155,223.519523,-211.015387,0.000000,-0.001145,-0.000001,-0.265208,-0.437983,-0.522140,-0.682060,0.191587,-0.900482,-0.390418,-273.501111,288.159969,2.395366,1
17340.000000,-0.711812,-0.695788,-0.095934,245.347506,224.060015,-217.088836,-0.000000,-0.001145,-0.000001,-0.268190,-0.434074,-0.520614,-0.684554,0.191589,-0.900482,-0.390418,-277.017956,283.742275,2.244261,1
17350.000000,-0.713250,-0.695542,-0.086575,238.722588,223.907439,-223.085143,-0.000001,-0.001145,-0.000001,-0.271164,-0.430151,-0.519072,-0.687026,0.191591,-0.900482,-0.390417,-280.426804,279.305349,2.166904,1
17360.000000,-0.714390,-0.695168,-0.079925,231.139185,223.978724,-228.757153,-0.000001,-0.001145,-0.000001,-0.274129,-0.426214,-0.517512,-0.689475,0.191593,-0.900481,-0.390417,-283.729506,274.853299,2.160973,1
17370.000000,-0.714859,-0.695595,-0.071579,223.774576,224.952015,-234.180172,-0.000000,-0.001145,-0.000001,-0.277085,-0.422263,-0.515935,-0.691902,0.191595,-0.900481,-0.390417,-286.928069,270.389954,2.224154,1
17380.000000,-0.715727,-0.695468,-0.063703,216.461883,224.613664,-240.004006,0.000000,-0.001145,-0.000000,-0.280032,-0.418298,-0.514342,-0.694306,0.191597,-0.900480,-0.390417,-290.024639,265.918862,2.354153,1
17390.000000,-0.718114,-0.693775,-0.054669,208.815377,224.785763,-245.094949,-0.000001,-0.001144,-0.000001,-0.282969,-0.414319,-0.512731,-0.696688,0.191599,-0.900480,-0.390417,-293.021479,261.443292,2.548714,1
17400.000000,-0.717893,-0.694583,-0.046732,200.934105,224.844184,-249.816814,-0.000001,-0.001144,-0.000001,-0.285898,-0.410327,-0.511104,-0.699047,0.191601,-0.900480,-0.390417,-295.920942,256.966225,2.805624,1
17410.000000,-0.718327,-0.694584,-0.039487,193.967040,225.108163,-254.094659,-0.000000,-0.001144,-0.000001,-0.288817,-0.406322,-0.509461,-0.701383,0.191603,-0.900479,-0.390417,-298.725461,252.490366,3.122726,1
17420.000000,-0.718776,-0.694653,-0.028607,185.983504,225.750272,-258.818187,-0.000000,-0.001145,0.000000,-0.291727,-0.402303,-0.507800,-0.703695,0.191605,-0.900479,-0.390416,-301.437515,248.018140,3.497931,1
17430.000000,-0.719140,-0.694504,-0.022420,178.461023,225.427389,-262.642488,-0.000001,-0.001144,-0.000000,-0.294627,-0.398271,-0.506123,-0.705985,0.191607,-0.900479,-0.390416,-304.059620,243.551702,3.929225,1
17440.000000,-0.719240,-0.694601,-0.014941,170.528410,225.588125,-266.488081,-0.000001,-0.001144,-0.000001,-0.297517,-0.394225,-0.504429,-0.708252,0.191609,-0.900478,-0.390416,-306.594304,239.092941,4.414678,1
17450.000000,-0.719783,-0.694159,-0.007475,162.482003,225.954298,-270.288236,-0.000001,-0.001145,-0.000000,-0.300398,-0.390167,-0.502719,-0.710496,0.191611,-0.900478,-0.390416,-309.044086,234.643493,4.952449,1
17460.000000,-0.718788,-0.695225,0.002547,154.771193,225.823938,-273.618626,-0.000001,-0.001145,-0.000000,-0.303269,-0.386097,-0.500992,-0.712716,0.191613,-0.900478,-0.390416,-311.411464,230.204748,5.540796,1
17470.000000,-0.719613,-0.694297,0.010474,146.944658,226.623668,-276.871658,-0.000001,-0.001144,-0.000001,-0.306130,-0.382013,-0.499249,-0.714913,0.191615,-0.900477,-0.390416,-313.698893,225.777863,6.178077,1
17480.000000,-0.718330,-0.695428,0.019539,138.774036,226.565193,-280.197171,0.000000,-0.001144,-0.000000,-0.308981,-0.377917,-0.497490,-0.717087,0.191617,-0.900477,-0.390415,-315.908774,221.363774,6.862758,1
17490.000000,-0.718581,-0.694839,0.028989,130.740338,227.677623,-282.864536,-0.000001,-0.001145,-0.000001,-0.311822,-0.373809,-0.495714,-0.719237,0.191619,-0.900477,-0.390415,-318.043435,216.963211,7.593413,1
17500.000000,-0.719984,-0.693164,0.033857,122.349507,227.497814,-284.122744,-0.000001,-0.001145,-0.000001,-0.314652,-0.369688,-0.493922,-0.721363,0.191621,-0.900476,-0.390415,-320.105118,212.576713,8.368726,1
17510.000000,-0.717832,-0.694869,0.043306,114.978682,227.197226,-286.695957,-0.000001,-0.001145,-0.000000,-0.317473,-0.365556,-0.492114,-0.723466,0.191623,-0.900476,-0.390415,-322.095973,208.204639,9.187495,1
17520.000000,-0.717503,-0.694609,0.052033,106.871067,228.366921,-288.681553,-0.000000,-0.001144,-0.000001,-0.320283,-0.361411,-0.490290,-0.725546,0.191625,-0.900475,-0.390415,-324.018041,203.847190,10.048630,1
17530.000000,-0.716482,-0.695088,0.059214,97.656668,228.037455,-290.585754,-0.000001,-0.001145,-0.000001,-0.323082,-0.357255,-0.488450,-0.727601,0.191627,-0.900475,-0.390415,-325.873248,199.504420,10.951150,1
17540.000000,-0.715010,-0.695730,0.068702,89.721018,228.110723,-292.363083,-0.000001,-0.001144,-0.000001,-0.325871,-0.353087,-0.486594,-0.729633,0.191629,-0.900475,-0.390414,-327.663400,195.176255,11.894188,1
17550.000000,-0.715282,-0.694762,0.075349,82.382594,228.355987,-293.110627,-0.000001,-0.001145,-0.000000,-0.328649,-0.348907,-0.484722,-0.731641,0.191631,-0.900474,-0.390414,-329.390170,190.862507,12.876979,1
17560.000000,-0.714611,-0.694425,0.084293,73.935296,228.907296,-294.396430,-0.000001,-0.001145,-0.000001,-0.331417,-0.344716,-0.482834,-0.733625,0.191633,-0.900474,-0.390414,-331.055103,186.562893,13.898867,1
17570.000000,-0.712330,-0.695563,0.093690,65.762240,229.139392,-295.659152,-0.000001,-0.001145,-0.000001,-0.334173,-0.340514,-0.480930,-0.735585,0.191635,-0.900474,-0.390414,-332.659603,182.277045,14.959294,1
17580.000000,-0.710931,-0.696027,0.100618,58.876763,229.727912,-295.698905,-0.000001,-0.001144,-0.000000,-0.336919,-0.336300,-0.479010,-0.737521,0.191637,-0.900473,-0.390414,-334.204939,178.004533,16.057799,1
17590.000000,-0.710220,-0.695207,0.110788,49.784552,229.791283,-296.491267,-0.000001,-0.001145,-0.000001,-0.339654,-0.332076,-0.477075,-0.739433,0.191639,-0.900473,-0.390414,-335.692240,173.744872,17.194011,1
17600.000000,-0.708905,-0.695668,0.116184,41.682961,230.123338,-296.646691,-0.000001,-0.001145,-0.000000,-0.342377,-0.327840,-0.475124,-0.741320,0.191642,-0.900473,-0.390414,-337.122496,169.497541,18.367646,1
17610.000000,-0.708391,-0.694730,0.124625,34.161232,230.032051,-296.783143,-0.000000,-0.001145,-0.000001,-0.345090,-0.323594,-0.473158,-0.743183,0.191644,-0.900472,-0.390413,-338.496563,165.261994,19.578500,1
17620.000000,-0.706311,-0.695349,0.132718,25.901449,230.486966,-296.994215,-0.000001,-0.001145,-0.000000,-0.347791,-0.319337,-0.471176,-0.745022,0.191646,-0.900472,-0.390413,-339.815160,161.037673,20.826445,1
17630.000000,-0.705056,-0.695018,0.140873,17.861182,230.932278,-296.015027,-0.000001,-0.001145,0.000000,-0.350480,-0.315070,-0.469179,-0.746837,0.191648,-0.900471,-0.390413,-341.078878,156.824019,22.111420,1
17640.000000,-0.704191,-0.693824,0.150740,9.901316,231.900868,-295.178156,-0.000000,-0.001145,-0.000001,-0.353159,-0.310793,-0.467166,-0.748627,0.191650,-0.900471,-0.390413,-342.288180,152.620483,23.433427,1
17650.000000,-0.701215,-0.695196,0.158116,2.309696,231.228154,-294.625821,-0.000001,-0.001145,-0.000001,-0.355825,-0.306505,-0.465138,-0.750393,0.191652,-0.900471,-0.390413,-343.443407,148.426533,24.792525,1
17660.000000,-0.700829,-0.693763,0.165927,-5.150444,231.805919,-293.403792,-0.000000,-0.001145,-0.000001,-0.358480,-0.302208,-0.463095,-0.752134,0.191654,-0.900470,-0.390413,-344.544788,144.241668,26.188825,1
17670.000000,-0.697341,-0.694989,0.175233,-13.498841,232.360979,-292.446282,-0.000001,-0.001144,-0.000000,-0.361124,-0.297900,-0.461037,-0.753850,0.191656,-0.900470,-0.390412,-345.592439,140.065419,27.622479,1
17680.000000,-0.695672,-0.694844,0.182298,-20.769589,232.780091,-291.782126,-0.000000,-0.001145,0.000000,-0.363755,-0.293583,-0.458964,-0.755542,0.191658,-0.900470,-0.390412,-346.586373,135.897361,29.093681,1
17690.000000,-0.694741,-0.693958,0.189098,-28.383754,233.127378,-289.705351,0.000000,-0.001144,-0.000000,-0.366375,-0.289256,-0.456875,-0.757209,0.191660,-0.900469,-0.390412,-347.526505,131.737114,30.602659,1
17700.000000,-0.691909,-0.695240,0.194689,-36.059940,233.215605,-287.807828,-0.000001,-0.001144,-0.000001,-0.368982,-0.284920,-0.454772,-0.758851,0.191662,-0.900469,-0.390412,-348.412661,127.584350,32.149667,1
17710.000000,-0.688740,-0.695366,0.205191,-43.172291,234.770788,-285.577965,-0.000000,-0.001145,-0.000001,-0.371578,-0.280574,-0.452654,-0.760469,0.191664,-0.900469,-0.390412,-349.244582,123.438797,33.734985,1
17720.000000,-0.686988,-0.694849,0.212680,-50.718882,234.734790,-283.329635,-0.000001,-0.001145,-0.000000,-0.374161,-0.276219,-0.450521,-0.762062,0.191666,-0.900468,-0.390412,-350.021931,119.300240,35.358910,1
17730.000000,-0.684555,-0.694322,0.222039,-57.407030,234.242646,-280.966239,-0.000001,-0.001144,-0.000001,-0.376732,-0.271855,-0.448373,-0.763629,0.191668,-0.900468,-0.390412,-350.744300,115.168525,37.021754,1
17740.000000,-0.682353,-0.694533,0.228074,-65.951954,235.220869,-278.966486,-0.000001,-0.001144,-0.000001,-0.379291,-0.267482,-0.446211,-0.765172,0.191670,-0.900467,-0.390411,-351.411216,111.043558,38.723843,1
17750.000000,-0.679704,-0.694158,0.236953,-72.743478,236.222951,-275.712329,-0.000001,-0.001145,-0.000001,-0.381837,-0.263101,-0.444033,-0.766689,0.191672,-0.900467,-0.390411,-352.022143,106.925309,40.465506,1
17760.000000,-0.675552,-0.695453,0.244896,-79.681679,236.270154,-272.926230,-0.000001,-0.001145,-0.000000,-0.384371,-0.258711,-0.441842,-0.768182,0.191674,-0.900467,-0.390411,-352.576494,102.813810,42.247080,1
17770.000000,-0.674261,-0.694140,0.252076,-87.129076,236.665138,-269.916366,0.000000,-0.001144,-0.000000,-0.386892,-0.254312,-0.439636,-0.769649,0.191676,-0.900466,-0.390411,-353.073632,98.709155,44.068902,1
17780.000000,-0.672328,-0.693639,0.258533,-93.740726,237.169067,-266.528677,0.000000,-0.001144,-0.000000,-0.389401,-0.249905,-0.437415,-0.771092,0.191678,-0.900466,-0.390411,-353.512871,94.611501,45.931309,1
17790.000000,-0.668940,-0.693632,0.267197,-100.241370,237.428255,-263.207960,-0.000001,-0.001144,-0.000000,-0.391897,-0.245490,-0.435181,-0.772509,0.191680,-0.900466,-0.390411,-353.893488,90.521067,47.834636,1
17800.000000,-0.665520,-0.694053,0.274544,-107.242840,237.639505,-259.388151,-0.000000,-0.001144,-0.000001,-0.394380,-0.241067,-0.432932,-0.773900,0.191682,-0.900465,-0.390410,-354.214719,86.438130,49.779212,1
17810.000000,-0.661924,-0.694173,0.282809,-113.849105,238.631898,-255.574815,-0.000001,-0.001145,-0.000000,-0.396850,-0.236636,-0.430669,-0.775267,0.191684,-0.900465,-0.390410,-354.475765,82.363030,51.765362,1
17820.000000,-0.658356,-0.695250,0.288435,-120.699488,239.582019,-251.280086,-0.000000,-0.001145,-0.000000,-0.399307,-0.232197,-0.428391,-0.776608,0.191686,-0.900465,-0.390410,-354.675796,78.296162,53.793404,1
17830.000000,-0.653464,-0.695949,0.297725,-126.942915,238.936569,-247.236178,-0.000001,-0.001145,-0.000000,-0.401751,-0.227750,-0.426100,-0.777923,0.191688,-0.900464,-0.390410,-354.813949,74.237982,55.863646,1
17840.000000,-0.650491,-0.695384,0.305455,-133.465031,239.955169,-242.640342,-0.000000,-0.001145,-0.000001,-0.404182,-0.223297,-0.423795,-0.779213,0.191690,-0.900464,-0.390410,-354.889339,70.188987,57.976399,1
17850.000000,-0.649599,-0.693110,0.312441,-139.504179,240.541762,-237.905764,-0.000001,-0.001144,-0.000001,-0.406600,-0.218835,-0.421476,-0.780478,0.191692,-0.900463,-0.390410,-354.901026,66.149618,60.132018,1
17860.000000,-0.643418,-0.695256,0.320364,-145.503091,241.178545,-233.403115,-0.000001,-0.001145,-0.000001,-0.409004,-0.214367,-0.419143,-0.781717,0.191694,-0.900463,-0.390409,-354.847922,62.120474,62.330760,1
17870.000000,-0.642204,-0.693828,0.325847,-151.052421,241.427366,-228.834629,-0.000000,-0.001145,-0.000001,-0.411395,-0.209892,-0.416796,-0.782930,0.191696,-0.900463,-0.390409,-354.728899,58.102242,64.572849,1
17880.000000,-0.636650,-0.694919,0.334312,-156.956224,242.127598,-223.436654,-0.000000,-0.001144,-0.000001,-0.413773,-0.205410,-0.414436,-0.784118,0.191698,-0.900462,-0.390409,-354.542810,54.095672,66.858493,1
17890.000000,-0.632444,-0.695593,0.340829,-162.681112,243.084059,-217.843343,-0.000000,-0.001145,-0.000000,-0.416137,-0.200921,-0.412062,-0.785281,0.191700,-0.900462,-0.390409,-354.288487,50.101577,69.187885,1
17900.000000,-0.629630,-0.693542,0.350092,-168.220894,243.032261,-212.770041,-0.000000,-0.001145,-0.000000,-0.418487,-0.196425,-0.409675,-0.786417,0.191702,-0.900462,-0.390409,-353.964742,46.120833,71.561200,1
17910.000000,-0.624900,-0.694312,0.356975,-173.454670,243.115676,-206.696094,-0.000001,-0.001145,-0.000001,-0.420824,-0.191923,-0.407275,-0.787528,0.191704,-0.900461,-0.390409,-353.570363,42.154382,73.978594,1
17920.000000,-0.619832,-0.695295,0.363831,-178.842856,243.569085,-201.245923,-0.000000,-0.001145,-0.000000,-0.423147,-0.187415,-0.404861,-0.788613,0.191706,-0.900461,-0.390409,-353.104120,38.203232,76.440202,1
17930.000000,-0.616287,-0.695594,0.369242,-183.208845,244.405878,-195.674347,-0.000000,-0.001144,-0.000001,-0.425456,-0.182901,-0.402433,-0.789672,0.191708,-0.900461,-0.390408,-352.564761,34.268460,78.946138,1
17940.000000,-0.612531,-0.694232,0.377951,-187.855010,245.403857,-189.472669,0.000000,-0.001145,-0.000001,-0.427751,-0.178380,-0.399993,-0.790705,0.191710,-0.900460,-0.390408,-351.951012,30.351215,81.496489,1
17950.000000,-0.609283,-0.693618,0.384276,-193.100440,245.973369,-183.221387,-0.000000,-0.001144,-0.000000,-0.430032,-0.173854,-0.397539,-0.791713,0.191712,-0.900460,-0.390408,-351.261582,26.452719,84.091317,1
17960.000000,-0.603227,-0.695126,0.391047,-196.687572,246.590161,-176.748372,-0.000000,-0.001144,-0.000001,-0.432299,-0.169322,-0.395073,-0.792695,0.191714,-0.900460,-0.390408,-350.495156,22.574270,86.730651,1
17970.000000,-0.599422,-0.694129,0.398595,-201.561236,246.819171,-170.638299,-0.000001,-0.001144,-0.000000,-0.434552,-0.164785,-0.392593,-0.793650,0.191716,-0.900459,-0.390408,-349.650405,18.717248,89.414489,1
17980.000000,-0.594159,-0.694617,0.405564,-205.381198,247.035230,-163.809551,-0.000001,-0.001145,-0.000001,-0.436791,-0.160242,-0.390101,-0.794580,0.191718,-0.900459,-0.390408,-348.725983,14.883113,92.142789,1
17990.000000,-0.589781,-0.694511,0.412083,-209.146732,248.427459,-156.762544,-0.000000,-0.001145,-0.000001,-0.439016,-0.155694,-0.387596,-0.795484,0.191720,-0.900458,-0.390407,-347.720530,11.073413,94.915472,1
18000.000000,-0.584450,-0.694804,0.419125,-212.941519,248.778009,-150.212002,-0.000001,-0.001144,0.000000,-0.441226,-0.151141,-0.385078,-0.796361,0.191722,-0.900458,-0.390407,-346.632675,7.289782,97.732409,1
18010.000000,-0.579199,-0.695256,0.425614,-216.315683,249.168899,-143.291963,-0.000001,-0.001144,-0.000001,-0.443421,-0.146583,-0.382548,-0.797213,0.191724,-0.900458,-0.390407,-345.461040,3.533948,100.593425,1
18020.000000,-0.576120,-0.693888,0.431979,-219.811530,250.195352,-136.491218,-0.000000,-0.001144,-0.000001,-0.445602,-0.142020,-0.380005,-0.798038,0.191726,-0.900457,-0.390407,-344.204246,-0.192267,103.498289,1
18030.000000,-0.571096,-0.693798,0.438741,-222.435816,250.722509,-128.978397,-0.000000,-0.001144,-0.000001,-0.447769,-0.137453,-0.377450,-0.798838,0.191728,-0.900457,-0.390407,-342.860912,-3.886945,106.446712,1
18040.000000,-0.564794,-0.695646,0.443941,-224.986673,250.974250,-121.747578,-0.000001,-0.001144,-0.000001,-0.449921,-0.132881,-0.374882,-0.799611,0.191730,-0.900457,-0.390407,-341.429667,-7.548072,109.438338,1
18050.000000,-0.559873,-0.695382,0.450539,-227.125015,251.933486,-114.635469,0.000000,-0.001145,0.000000,-0.452058,-0.128304,-0.372302,-0.800358,0.191732,-0.900456,-0.390406,-339.909153,-11.173530,112.472743,1
18060.000000,-0.553713,-0.696393,0.456552,-229.937717,252.462792,-106.813733,-0.000001,-0.001144,-0.000001,-0.454180,-0.123724,-0.369710,-0.801079,0.191734,-0.900456,-0.390406,-338.298029,-14.761104,115.549428,1
18070.000000,-0.549146,-0.695476,0.463414,-231.517597,253.002620,-98.871469,-0.000000,-0.001145,-0.000001,-0.456288,-0.119139,-0.367106,-0.801773,0.191736,-0.900456,-0.390406,-336.594984,-18.308477,118.667814,1
18080.000000,-0.544536,-0.694732,0.469923,-233.907571,252.987769,-91.843599,-0.000000,-0.001145,-0.000000,-0.458380,-0.114550,-0.364490,-0.802442,0.191739,-0.900455,-0.390406,-334.798739,-21.813232,121.827235,1
18090.000000,-0.539826,-0.693523,0.477088,-235.727884,253.951014,-84.236037,-0.000001,-0.001144,-0.000000,-0.460458,-0.109958,-0.361862,-0.803084,0.191741,-0.900455,-0.390406,-332.908056,-25.272854,125.026934,1
18100.000000,-0.533237,-0.695616,0.481433,-236.846856,254.705758,-76.168152,-0.000000,-0.001145,-0.000001,-0.462520,-0.105362,-0.359222,-0.803700,0.191743,-0.900454,-0.390406,-330.921750,-28.684730,128.266060,1
18110.000000,-0.527346,-0.695363,0.488239,-237.833803,255.851381,-68.351873,-0.000001,-0.001144,-0.000000,-0.464568,-0.100763,-0.356570,-0.804289,0.191745,-0.900454,-0.390406,-328.838692,-32.046154,131.543658,1
18120.000000,-0.522489,-0.694816,0.494202,-238.251591,256.174441,-60.892718,-0.000000,-0.001145,-0.000001,-0.466600,-0.096160,-0.353907,-0.804853,0.191747,-0.900454,-0.390405,-326.657825,-35.354331,134.858672,1
18130.000000,-0.517214,-0.694057,0.500773,-239.348053,256.837717,-52.645507,-0.000001,-0.001144,-0.000000,-0.468617,-0.091555,-0.351232,-0.805390,0.191749,-0.900453,-0.390405,-324.378163,-38.606379,138.209932,1
18140.000000,-0.510491,-0.694804,0.506604,-239.225858,257.179044,-45.183044,-0.000001,-0.001145,-0.000000,-0.470618,-0.086946,-0.348545,-0.805900,0.191751,-0.900453,-0.390405,-321.998811,-41.799339,141.596158,1
18150.000000,-0.504884,-0.693583,0.513844,-239.490413,257.648072,-36.780607,-0.000001,-0.001145,-0.000000,-0.472605,-0.082334,-0.345847,-0.806384,0.191753,-0.900453,-0.390405,-319.518964,-44.930175,145.015952,1
18160.000000,-0.499099,-0.694720,0.517942,-239.682530,258.835484,-28.914937,-0.000000,-0.001145,-0.000000,-0.474575,-0.077720,-0.343138,-0.806842,0.191755,-0.900452,-0.390405,-316.937924,-47.995790,148.467797,1
18170.000000,-0.492703,-0.694922,0.523762,-238.201916,259.476904,-21.050904,-0.000000,-0.001144,-0.000000,-0.476530,-0.073103,-0.340418,-0.807274,0.191757,-0.900452,-0.390405,-314.255103,-50.993025,151.950054,1
18180.000000,-0.488546,-0.693825,0.529084,-237.677767,259.700113,-13.395327,-0.000000,-0.001144,-0.000000,-0.478470,-0.068484,-0.337686,-0.807679,0.191759,-0.900452,-0.390404,-311.470033,-53.918675,155.460962,1
18190.000000,-0.480167,-0.695571,0.534434,-235.942669,260.278631,-5.290309,-0.000001,-0.001145,-0.000000,-0.480394,-0.063863,-0.334943,-0.808057,0.191761,-0.900451,-0.390404,-308.582376,-56.769496,158.998635,1
18200.000000,-0.474095,-0.694373,0.541369,-234.954457,260.897203,2.817929,-0.000001,-0.001145,-0.000000,-0.482302,-0.059239,-0.332190,-0.808409,0.191763,-0.900451,-0.390404,-305.591925,-59.542215,162.561065,1
18210.000000,-0.468087,-0.696138,0.544322,-232.818564,261.660523,10.979953,-0.000001,-0.001145,-0.000000,-0.484194,-0.054614,-0.329425,-0.808735,0.191765,-0.900450,-0.390404,-302.498620,-62.233540,166.146118,1
18220.000000,-0.462433,-0.693753,0.552143,-230.868351,262.625288,18.575318,-0.000000,-0.001145,-0.000000,-0.486071,-0.049986,-0.326650,-0.809034,0.191767,-0.900450,-0.390404,-299.302545,-64.840176,169.751539,1
18230.000000,-0.454457,-0.695015,0.557156,-228.278977,263.001573,25.945309,-0.000001,-0.001145,0.000000,-0.487932,-0.045357,-0.323864,-0.809307,0.191769,-0.900450,-0.390404,-296.003940,-67.358830,173.374952,1
18240.000000,-0.449259,-0.695079,0.561277,-226.566695,263.106623,33.596650,-0.000000,-0.001145,-0.000001,-0.489776,-0.040727,-0.321068,-0.809553,0.191771,-0.900449,-0.390404,-292.603202,-69.786230,177.013866,1
18250.000000,-0.443380,-0.694815,0.566256,-223.884652,264.116100,41.115053,-0.000001,-0.001144,-0.000000,-0.491605,-0.036095,-0.318261,-0.809773,0.191773,-0.900449,-0.390403,-289.100889,-72.119134,180.665674,1
18260.000000,-0.436698,-0.694997,0.571204,-220.149772,264.987721,48.969581,-0.000000,-0.001144,-0.000000,-0.493418,-0.031462,-0.315443,-0.809966,0.191775,-0.900449,-0.390403,-285.497724,-74.354342,184.327659,1
18270.000000,-0.429686,-0.694878,0.576641,-217.170999,265.310282,56.146638,-0.000000,-0.001145,-0.000000,-0.495214,-0.026828,-0.312615,-0.810133,0.191777,-0.900448,-0.390403,-281.794595,-76.488710,187.997003,1
18280.000000,-0.423181,-0.694207,0.582233,-213.505198,265.937674,63.640500,-0.000000,-0.001146,-0.000001,-0.496994,-0.022194,-0.309777,-0.810273,0.191779,-0.900448,-0.390403,-277.992558,-78.519163,191.670785,1
18290.000000,-0.417718,-0.694059,0.586339,-209.313822,266.657761,70.941652,-0.000000,-0.001145,-0.000000,-0.498758,-0.017558,-0.306929,-0.810387,0.191781,-0.900448,-0.390403,-274.092837,-80.442704,195.345996,1
18300.000000,-0.410393,-0.693796,0.591798,-205.125708,266.709126,77.587834,-0.000001,-0.001145,-0.000000,-0.500506,-0.012922,-0.304071,-0.810474,0.191783,-0.900447,-0.390403,-270.096820,-82.256432,199.019538,1
18310.000000,-0.402605,-0.694555,0.596241,-200.680988,267.282196,84.556152,-0.000001,-0.001145,-0.000000,-0.502237,-0.008285,-0.301203,-0.810534,0.191785,-0.900447,-0.390402,-266.006061,-83.957547,202.688239,1
18320.000000,-0.395640,-0.693761,0.601801,-195.741880,267.771688,90.989829,-0.000001,-0.001144,-0.000001,-0.503952,-0.003649,-0.298325,-0.810569,0.191787,-0.900446,-0.390402,-261.822273,-85.543364,206.348855,1
18330.000000,-0.390826,-0.694621,0.603951,-190.838967,268.305249,97.037984,-0.000000,-0.001145,-0.000001,-0.505650,0.000988,-0.295437,-0.810576,0.191789,-0.900446,-0.390402,-257.547326,-87.011324,209.998083,1
18340.000000,-0.381679,-0.694334,0.610099,-186.224614,268.724835,103.719834,-0.000001,-0.001145,-0.000001,-0.507332,0.005625,-0.292540,-0.810557,0.191791,-0.900446,-0.390402,-253.183246,-88.359003,213.632567,1
18350.000000,-0.375332,-0.694633,0.613687,-180.283793,269.227858,109.581745,-0.000000,-0.001144,-0.000001,-0.508997,0.010262,-0.289633,-0.810512,0.191793,-0.900445,-0.390402,-248.732202,-89.584119,217.248912,1
18360.000000,-0.367852,-0.694899,0.617900,-174.877962,269.979407,115.796726,-0.000001,-0.001144,-0.000001,-0.510646,0.014898,-0.286716,-0.810440,0.191795,-0.900445,-0.390402,-244.196506,-90.684543,220.843687,1
18370.000000,-0.361984,-0.694196,0.622141,-169.067164,269.653289,121.657633,0.000000,-0.001144,-0.000000,-0.512278,0.019534,-0.283791,-0.810341,0.191797,-0.900445,-0.390401,-239.578602,-91.658304,224.413440,1
18380.000000,-0.354060,-0.694294,0.626576,-162.589527,270.172897,126.920325,-0.000000,-0.001144,-0.000001,-0.513893,0.024170,-0.280855,-0.810216,0.191799,-0.900444,-0.390401,-234.881062,-92.503594,227.954707,1
18390.000000,-0.346586,-0.694550,0.630459,-156.242642,270.594115,132.722405,-0.000000,-0.001144,-0.000000,-0.515491,0.028804,-0.277911,-0.810065,0.191801,-0.900444,-0.390401,-230.106573,-93.218775,231.464021,1
18400.000000,-0.340979,-0.693151,0.635039,-149.858366,270.987144,136.985716,-0.000000,-0.001145,-0.000001,-0.517072,0.033437,-0.274958,-0.809887,0.191803,-0.900444,-0.390401,-225.257933,-93.802384,234.937924,1
18410.000000,-0.332321,-0.694135,0.638545,-142.779485,271.162043,142.477882,-0.000000,-0.001145,-0.000000,-0.518637,0.038070,-0.271995,-0.809682,0.191805,-0.900443,-0.390401,-220.338042,-94.253131,238.372974,1
18420.000000,-0.325210,-0.693915,0.642434,-135.795371,271.265943,146.361776,-0.000001,-0.001144,-0.000000,-0.520184,0.042701,-0.269024,-0.809451,0.191807,-0.900443,-0.390401,-215.349814,-94.569910,241.765818,1
18430.000000,-0.316724,-0.694689,0.645827,-128.721748,271.905445,150.570198,-0.000001,-0.001144,0.000000,-0.521715,0.047331,-0.266044,-0.809194,0.191809,-0.900442,-0.390401,-210.296148,-94.751767,245.113101,1
18440.000000,-0.311003,-0.694785,0.648499,-121.755312,272.035938,154.845160,-0.000001,-0.001145,-0.000001,-0.523228,0.051959,-0.263055,-0.808910,0.191811,-0.900442,-0.390400,-205.180117,-94.797892,248.411344,1
18450.000000,-0.300888,-0.694318,0.653749,-114.563999,272.400701,158.325132,-0.000001,-0.001145,-0.000000,-0.524724,0.056586,-0.260057,-0.808599,0.191813,-0.900442,-0.390400,-200.004871,-94.707654,251.657119,1
18460.000000,-0.295742,-0.695339,0.655012,-106.772532,272.432005,161.793702,-0.000000,-0.001144,-0.000001,-0.526203,0.061210,-0.257052,-0.808262,0.191815,-0.900441,-0.390400,-194.773627,-94.480604,254.847063,1
18470.000000,-0.286946,-0.694710,0.659575,-99.048894,272.798230,164.746400,0.000000,-0.001144,-0.000000,-0.527665,0.065833,-0.254037,-0.807899,0.191817,-0.900441,-0.390400,-189.489656,-94.116467,257.977888,1
18480.000000,-0.280271,-0.693965,0.663220,-91.022743,272.560606,167.833946,-0.000000,-0.001145,-0.000000,-0.529110,0.070454,-0.251015,-0.807509,0.191819,-0.900441,-0.390400,-184.156275,-93.615138,261.046385,1
18490.000000,-0.272079,-0.694159,0.666421,-82.901306,272.536273,170.841535,-0.000000,-0.001145,-0.000001,-0.530537,0.075072,-0.247984,-0.807093,0.191821,-0.900440,-0.390400,-178.776836,-92.976681,264.049436,1
18500.000000,-0.265152,-0.693819,0.669559,-74.431372,272.940929,172.049297,-0.000001,-0.001145,0.000000,-0.531947,0.079688,-0.244945,-0.806650,0.191823,-0.900440,-0.390399,-173.354717,-92.201315,266.984016,1
18510.000000,-0.257723,-0.693772,0.672502,-66.949536,273.313277,174.200935,0.000000,-0.001145,-0.000001,-0.533339,0.084301,-0.241898,-0.806181,0.191825,-0.900440,-0.390399,-167.893316,-91.289415,269.847204,1
18520.000000,-0.248825,-0.694311,0.675291,-58.779130,272.637917,176.150084,-0.000001,-0.001145,0.000000,-0.534714,0.088911,-0.238843,-0.805686,0.191827,-0.900439,-0.390399,-162.396040,-90.241499,272.636188,1
18530.000000,-0.240955,-0.695381,0.677041,-50.570840,272.846669,177.156124,-0.000001,-0.001145,-0.000001,-0.536072,0.093519,-0.235780,-0.805164,0.191829,-0.900439,-0.390399,-156.866297,-89.058222,275.348265,1
18540.000000,-0.234232,-0.694083,0.680723,-42.449281,273.011893,178.343151,-0.000000,-0.001145,-0.000001,-0.537412,0.098123,-0.232709,-0.804616,0.191831,-0.900438,-0.390399,-151.307494,-87.740366,277.980851,1
18550.000000,-0.226362,-0.694005,0.683460,-33.715563,272.540963,178.753510,-0.000001,-0.001145,0.000000,-0.538734,0.102724,-0.229631,-0.804041,0.191833,-0.900438,-0.390399,-145.723025,-86.288834,280.531481,1
18560.000000,-0.217743,-0.695919,0.684313,-25.512797,272.723904,178.990672,-0.000001,-0.001145,-0.000001,-0.540039,0.107322,-0.226546,-0.803441,0.191836,-0.900438,-0.390398,-140.116271,-84.704635,282.997815,1
18570.000000,-0.210066,-0.693877,0.688772,-16.928296,272.200084,178.722495,-0.000001,-0.001145,-0.000000,-0.541326,0.111916,-0.223453,-0.802813,0.191838,-0.900437,-0.390398,-134.490592,-82.988882,285.377638,1
18580.000000,-0.203101,-0.694160,0.690574,-8.444168,272.421996,178.578894,-0.000000,-0.001145,-0.000001,-0.542596,0.116507,-0.220352,-0.802160,0.191840,-0.900437,-0.390398,-128.849325,-81.142775,287.668859,1
18590.000000,-0.194299,-0.694752,0.692508,-0.709703,271.048318,178.120715,0.000000,-0.001145,-0.000001,-0.543847,0.121094,-0.217245,-0.801480,0.191842,-0.900437,-0.390398,-123.195780,-79.167597,289.869519,1
18600.000000,-0.187120,-0.694252,0.694982,8.275110,270.978030,176.820922,-0.000001,-0.001145,-0.000001,-0.545081,0.125677,-0.214130,-0.800775,0.191844,-0.900436,-0.390398,-117.533240,-77.064703,291.977785,1
18610.000000,-0.177165,-0.695197,0.696645,16.087234,270.922697,176.029471,-0.000000,-0.001144,-0.000001,-0.546297,0.130256,-0.211009,-0.800043,0.191846,-0.900436,-0.390398,-111.864956,-74.835508,293.991953,1
18620.000000,-0.169114,-0.695299,0.698542,24.370151,270.745464,174.127538,-0.000000,-0.001144,-0.000001,-0.547495,0.134830,-0.207880,-0.799284,0.191848,-0.900436,-0.390398,-106.194147,-72.481484,295.910445,1
18630.000000,-0.164409,-0.694190,0.700764,32.581101,270.441204,171.547089,-0.000000,-0.001145,-0.000000,-0.548676,0.139400,-0.204745,-0.798500,0.191850,-0.900435,-0.390397,-100.524003,-70.004148,297.731811,1
18640.000000,-0.154647,-0.695437,0.701750,40.850958,269.966692,169.967248,-0.000001,-0.001145,-0.000000,-0.549838,0.143966,-0.201603,-0.797689,0.191852,-0.900435,-0.390397,-94.857682,-67.405054,299.454725,1
18650.000000,-0.147464,-0.692788,0.705903,48.545093,269.503861,167.966476,-0.000001,-0.001144,-0.000001,-0.550982,0.148527,-0.198454,-0.796853,0.191854,-0.900435,-0.390397,-89.198310,-64.685787,301.077984,1
18660.000000,-0.138289,-0.694838,0.705746,57.215062,268.956891,164.661382,-0.000001,-0.001144,-0.000001,-0.552108,0.153083,-0.195299,-0.795990,0.191856,-0.900434,-0.390397,-83.548986,-61.847957,302.600504,1
18670.000000,-0.130614,-0.694311,0.707723,64.645296,268.184133,161.526948,-0.000000,-0.001145,-0.000001,-0.553217,0.157634,-0.192137,-0.795101,0.191858,-0.900434,-0.390397,-77.912781,-58.893189,304.021321,1
18680.000000,-0.122795,-0.695692,0.707767,72.865039,267.381357,157.018920,-0.000000,-0.001145,-0.000001,-0.554307,0.162179,-0.188969,-0.794187,0.191860,-0.900433,-0.390397,-72.292740,-55.823123,305.339584,1
18690.000000,-0.113573,-0.694464,0.710508,80.792165,266.350921,154.099232,-0.000000,-0.001144,-0.000001,-0.555379,0.166720,-0.185795,-0.793246,0.191862,-0.900433,-0.390396,-66.691886,-52.639405,306.554554,1
18700.000000,-0.106569,-0.693651,0.712385,87.776698,266.075160,150.186987,-0.000001,-0.001145,-0.000000,-0.556432,0.171255,-0.182615,-0.792279,0.191864,-0.900433,-0.390396,-61.113221,-49.343685,307.665603,1
18710.000000,-0.098969,-0.695085,0.712083,94.912923,265.301374,145.742414,-0.000001,-0.001145,-0.000000,-0.557468,0.175784,-0.179429,-0.791287,0.191866,-0.900432,-0.390396,-55.559729,-45.937612,308.672205,1
18720.000000,-0.090075,-0.694661,0.713676,102.390548,263.782041,141.163427,-0.000000,-0.001144,-0.000001,-0.558485,0.180308,-0.176237,-0.790268,0.191868,-0.900432,-0.390396,-50.034378,-42.422834,309.573937,1
18730.000000,-0.083280,-0.696068,0.713130,108.897124,263.414844,135.581295,-0.000001,-0.001145,-0.000001,-0.559484,0.184826,-0.173040,-0.789224,0.191870,-0.900432,-0.390396,-44.540124,-38.800991,310.370474,1
18740.000000,-0.073460,-0.694487,0.715745,116.104775,262.650694,130.719874,-0.000001,-0.001144,-0.000000,-0.560465,0.189338,-0.169836,-0.788154,0.191872,-0.900431,-0.390396,-39.079913,-35.073718,311.061587,1
18750.000000,-0.065248,-0.695046,0.715999,122.752792,261.757527,125.151510,-0.000001,-0.001144,-0.000001,-0.561427,0.193843,-0.166627,-0.787057,0.191874,-0.900431,-0.390395,-33.656683,-31.242645,311.647135,1
18760.000000,-0.056905,-0.695215,0.716546,129.167872,260.349201,119.501607,-0.000000,-0.001145,-0.000001,-0.562371,0.198342,-0.163413,-0.785936,0.191876,-0.900431,-0.390395,-28.273365,-27.309389,312.127069,1
18770.000000,-0.048708,-0.694848,0.717506,135.278934,259.544158,113.489296,-0.000001,-0.001144,-0.000000,-0.563297,0.202835,-0.160193,-0.784788,0.191878,-0.900430,-0.390395,-22.932888,-23.275564,312.501419,1
18780.000000,-0.039024,-0.693687,0.719218,141.243675,258.833679,107.554779,-0.000000,-0.001145,-0.000000,-0.564204,0.207321,-0.156968,-0.783615,0.191880,-0.900430,-0.390395,-17.638180,-19.142775,312.770299,1
18790.000000,-0.031705,-0.694087,0.719193,147.362080,257.690024,101.109288,-0.000000,-0.001145,-0.000001,-0.565093,0.211800,-0.153738,-0.782416,0.191882,-0.900429,-0.390395,-12.392167,-14.912620,312.933898,1
18800.000000,-0.024643,-0.695309,0.718288,153.201084,256.438282,94.565914,-0.000001,-0.001145,-0.000000,-0.565963,0.216273,-0.150503,-0.781192,0.191884,-0.900429,-0.390395,-7.197777,-10.586694,312.992480,1
18810.000000,-0.017087,-0.695252,0.718563,158.272783,255.363801,87.682199,-0.000000,-0.001145,-0.000000,-0.566815,0.220738,-0.147263,-0.779942,0.191886,-0.900429,-0.390395,-2.057938,-6.166588,312.946379,0
18820.000000,-0.007562,-0.694384,0.719565,163.058961,254.257354,80.322486,-0.000001,-0.001145,-0.000000,-0.567648,0.225196,-0.144018,-0.778666,0.191888,-0.900428,-0.390394,3.024419,-1.653893,312.795997,0
18830.000000,0.000052,-0.693695,0.720269,168.502467,252.536823,73.404061,-0.000001,-0.001145,-0.000001,-0.568462,0.229647,-0.140768,-0.777365,0.191890,-0.900428,-0.390394,8.046361,2.949801,312.541798,0
18840.000000,0.009944,-0.695384,0.718570,173.310512,251.992096,65.481048,-0.000000,-0.001145,-0.000000,-0.569258,0.234090,-0.137514,-0.776039,0.191892,-0.900428,-0.390394,13.004953,7.642900,312.184310,0
18850.000000,0.016954,-0.694684,0.719116,177.023323,251.059470,58.519985,-0.000001,-0.001145,-0.000001,-0.570036,0.238526,-0.134256,-0.774687,0.191894,-0.900427,-0.390394,17.897259,12.423804,311.724115,0
18860.000000,0.023993,-0.694675,0.718923,180.565026,248.797759,50.298109,-0.000000,-0.001144,-0.000000,-0.570794,0.242953,-0.130992,-0.773310,0.191896,-0.900427,-0.390394,22.720346,17.290906,311.161854,0
18870.000000,0.033188,-0.694152,0.719063,185.519356,248.175258,41.751833,-0.000001,-0.001145,-0.000001,-0.571534,0.247373,-0.127725,-0.771908,0.191898,-0.900427,-0.390394,27.471277,22.242587,310.498218,0
18880.000000,0.041559,-0.696100,0.716741,188.760674,246.854787,34.039579,-0.000000,-0.001144,-0.000001,-0.572256,0.251785,-0.124454,-0.770480,0.191900,-0.900426,-0.390393,32.147123,27.277219,309.733948,0
18890.000000,0.050003,-0.694966,0.717302,191.404093,245.776300,25.442392,-0.000001,-0.001145,-0.000001,-0.572958,0.256188,-0.121178,-0.769027,0.191902,-0.900426,-0.390393,36.744958,32.393156,308.869830,0
18900.000000,0.057102,-0.694322,0.717396,194.709746,244.053255,17.227044,-0.000000,-0.001144,-0.000000,-0.573642,0.260583,-0.117898,-0.767549,0.191904,-0.900425,-0.390393,41.261861,37.588737,307.906695,0
18910.000000,0.066140,-0.694469,0.716476,197.872276,242.804464,8.642872,-0.000000,-0.001145,-0.000000,-0.574307,0.264970,-0.114615,-0.766046,0.191906,-0.900425,-0.390393,45.694923,42.862283,306.845413,0
18920.000000,0.074802,-0.693629,0.716438,199.669431,241.652032,0.315608,-0.000001,-0.001144,-0.000001,-0.574953,0.269347,-0.111328,-0.764517,0.191908,-0.900425,-0.390393,50.041246,48.212093,305.686895,0
18930.000000,0.082130,-0.694780,0.714518,201.770985,240.144448,-9.107911,-0.000001,-0.001144,-0.000000,-0.575581,0.273717,-0.108037,-0.762964,0.191910,-0.900424,-0.390393,54.297946,53.636445,304.432082,0
18940.000000,0.090016,-0.693618,0.714697,203.543861,239.116430,-17.975784,-0.000001,-0.001144,-0.000000,-0.576190,0.278077,-0.104742,-0.761386,0.191912,-0.900424,-0.390393,58.462156,59.133594,303.081951,0
18950.000000,0.098764,-0.694513,0.712669,204.901986,237.797669,-27.311992,-0.000000,-0.001144,-0.000000,-0.576779,0.282428,-0.101445,-0.759782,0.191914,-0.900424,-0.390392,62.531028,64.701767,301.637506,0
18960.000000,0.106791,-0.695393,0.710651,205.809033,235.882120,-35.864607,-0.000001,-0.001145,-0.000000,-0.577350,0.286769,-0.098143,-0.758154,0.191916,-0.900423,-0.390392,66.501735,70.339170,300.099779,0
18970.000000,0.115995,-0.694322,0.710255,206.332068,234.745961,-45.518905,-0.000000,-0.001144,-0.000000,-0.577902,0.291102,-0.094839,-0.756502,0.191918,-0.900423,-0.390392,70.371477,76.043977,298.469822,0
18980.000000,0.123265,-0.695123,0.708244,207.280013,233.046139,-54.625390,-0.000000,-0.001145,-0.000001,-0.578435,0.295424,-0.091532,-0.754824,0.191920,-0.900423,-0.390392,74.137478,81.814337,296.748711,0
18990.000000,0.130589,-0.695009,0.707043,207.338608,232.162799,-63.785397,-0.000000,-0.001145,0.000000,-0.578949,0.299738,-0.088221,-0.753122,0.191922,-0.900422,-0.390392,77.796999,87.648379,294.937536,0
19000.000000,0.139405,-0.694762,0.705601,207.096741,229.830163,-73.090232,-0.000001,-0.001145,0.000000,-0.579445,0.304041,-0.084908,-0.751395,0.191924,-0.900422,-0.390392,81.347430,93.544367,293.037341,0
19010.000000,0.146831,-0.694443,0.704407,206.943585,228.763482,-83.025878,-0.000000,-0.001145,-0.000001,-0.579921,0.308334,-0.081592,-0.749643,0.191926,-0.900421,-0.390391,84.786066,99.500359,291.049115,0
19020.000000,0.155066,-0.694006,0.703072,205.283523,228.477455,-92.155954,-0.000000,-0.001145,-0.000000,-0.580378,0.312618,-0.078273,-0.747867,0.191928,-0.900421,-0.390391,88.110176,105.514282,288.973864,0
19030.000000,0.162515,-0.694716,0.700684,203.951998,226.339510,-101.535081,-0.000001,-0.001145,-0.000000,-0.580816,0.316891,-0.074952,-0.746066,0.191930,-0.900421,-0.390391,91.317063,111.584020,286.812612,0
19040.000000,0.170465,-0.694630,0.698879,202.584716,225.006848,-110.315573,-0.000001,-0.001145,-0.000001,-0.581236,0.321153,-0.071628,-0.744241,0.191933,-0.900420,-0.390391,94.404070,117.707418,284.566397,0
19050.000000,0.178224,-0.695243,0.696329,200.296612,223.643444,-120.225453,-0.000000,-0.001145,-0.000001,-0.581636,0.325406,-0.068302,-0.742392,0.191935,-0.900420,-0.390391,97.368577,123.882282,282.236270,0
19060.000000,0.187338,-0.694931,0.694244,198.380060,221.906625,-129.667065,-0.000000,-0.001144,-0.000001,-0.582017,0.329647,-0.064973,-0.740518,0.191937,-0.900420,-0.390391,100.208006,130.106374,279.823288,0
19070.000000,0.194774,-0.694656,0.692471,195.797782,220.497995,-138.631170,-0.000001,-0.001145,-0.000001,-0.582379,0.333878,-0.061643,-0.738620,0.191939,-0.900419,-0.390390,102.919820,136.377416,277.328514,0
19080.000000,0.200349,-0.695772,0.689754,192.503530,219.320713,-148.436282,-0.000001,-0.001145,-0.000001,-0.582722,0.338098,-0.058310,-0.736698,0.191941,-0.900419,-0.390390,105.501525,142.693087,274.753015,0
19090.000000,0.211621,-0.694868,0.687295,189.202770,217.990803,-157.701796,-0.000001,-0.001144,0.000000,-0.583046,0.342306,-0.054976,-0.734752,0.191943,-0.900419,-0.390390,107.950670,149.051021,272.097856,0
19100.000000,0.217825,-0.693242,0.686999,185.259730,216.516330,-166.304664,-0.000000,-0.001145,0.000000,-0.583351,0.346504,-0.051640,-0.732782,0.191945,-0.900418,-0.390390,110.264846,155.448805,269.364100,0
19110.000000,0.226613,-0.695244,0.682116,181.131338,214.645048,-175.942849,-0.000000,-0.001144,-0.000000,-0.583637,0.350690,-0.048302,-0.730788,0.191947,-0.900418,-0.390390,112.441688,161.883980,266.552807,0
19120.000000,0.236528,-0.692383,0.681660,176.459856,214.200366,-184.614649,-0.000000,-0.001144,-0.000001,-0.583904,0.354865,-0.044962,-0.728770,0.191949,-0.900417,-0.390390,114.478874,168.354037,263.665030,0
19130.000000,0.243039,-0.694547,0.677153,171.925789,212.445356,-193.022580,-0.000001,-0.001144,-0.000001,-0.584152,0.359028,-0.041621,-0.726728,0.191951,-0.900417,-0.390390,116.374126,174.856413,260.701816,0
19140.000000,0.251037,-0.694350,0.674432,166.508326,211.626600,-201.603350,-0.000001,-0.001145,-0.000001,-0.584380,0.363180,-0.038279,-0.724662,0.191953,-0.900417,-0.390389,118.125208,181.388490,257.664204,0
19150.000000,0.258570,-0.694522,0.671402,161.995644,210.072389,-210.604394,-0.000001,-0.001145,-0.000001,-0.584589,0.367319,-0.034935,-0.722573,0.191955,-0.900416,-0.390389,119.729929,187.947594,254.553224,0
19160.000000,0.264189,-0.694515,0.669219,155.625716,208.838387,-218.830672,-0.000001,-0.001144,0.000000,-0.584780,0.371447,-0.031591,-0.720460,0.191957,-0.900416,-0.390389,121.186137,194.530986,251.369901,0
19170.000000,0.274464,-0.695381,0.664164,149.380029,207.454719,-226.580355,-0.000000,-0.001145,-0.000000,-0.584951,0.375562,-0.028245,-0.718323,0.191959,-0.900416,-0.390389,122.491728,201.135866,248.115249,0
19180.000000,0.279681,-0.695571,0.661785,142.903158,205.950906,-234.777581,-0.000000,-0.001144,-0.000001,-0.585103,0.379665,-0.024898,-0.716163,0.191961,-0.900415,-0.390389,123.644639,207.759361,244.790278,0
19190.000000,0.287461,-0.694971,0.659076,136.749759,205.130297,-242.712792,-0.000001,-0.001145,-0.000001,-0.585236,0.383755,-0.021551,-0.713979,0.191963,-0.900415,-0.390389,124.642852,214.398529,241.395991,0
19200.000000,0.295628,-0.694646,0.655798,129.582135,204.380736,-250.651851,-0.000001,-0.001145,-0.000000,-0.585349,0.387834,-0.018202,-0.711772,0.191965,-0.900415,-0.390388,125.484394,221.050350,237.933390,0
19210.000000,0.303361,-0.694527,0.652383,122.370789,202.431494,-257.733044,-0.000001,-0.001145,-0.000001,-0.585444,0.391899,-0.014854,-0.709542,0.191967,-0.900414,-0.390388,126.167339,227.711724,234.403475,0
19220.000000,0.311878,-0.694653,0.648220,114.777980,202.115434,-265.096209,-0.000000,-0.001144,-0.000001,-0.585519,0.395951,-0.011504,-0.707289,0.191969,-0.900414,-0.390388,126.689809,234.379467,230.807249,0
19230.000000,0.316906,-0.694615,0.645818,106.477961,200.845462,-272.149139,-0.000000,-0.001144,-0.000000,-0.585576,0.399991,-0.008155,-0.705012,0.191971,-0.900413,-0.390388,127.049977,241.050304,227.145719,0
19240.000000,0.327341,-0.694730,0.640467,98.734682,199.592519,-279.556418,-0.000000,-0.001145,-0.000001,-0.585613,0.404018,-0.004805,-0.702712,0.191973,-0.900413,-0.390388,127.246068,247.720872,223.419901,0
19250.000000,0.332381,-0.695580,0.636939,89.796917,198.896987,-285.699165,-0.000000,-0.001144,-0.000001,-0.585631,0.408031,-0.001455,-0.700390,0.191975,-0.900413,-0.390388,127.276365,254.387709,219.630827,0
19260.000000,0.340317,-0.694617,0.633792,81.184131,197.504196,-292.242001,-0.000001,-0.001144,-0.000000,-0.585629,0.412031,0.001895,-0.698044,0.191977,-0.900412,-0.390387,127.139211,261.047257,215.779543,0
19270.000000,0.346734,-0.696292,0.628453,71.351650,196.480040,-298.056674,-0.000001,-0.001144,-0.000000,-0.585609,0.416017,0.005246,-0.695676,0.191979,-0.900412,-0.390387,126.833011,267.695855,211.867118,0
19280.000000,0.354563,-0.693990,0.626628,62.583989,195.746606,-303.762517,-0.000001,-0.001144,-0.000001,-0.585569,0.419990,0.008595,-0.693284,0.191981,-0.900412,-0.390387,126.356241,274.329736,207.894650,0
19290.000000,0.362207,-0.694471,0.621704,52.794757,195.039045,-308.786339,-0.000001,-0.001145,-0.000001,-0.585511,0.423949,0.011945,-0.690870,0.191983,-0.900411,-0.390387,125.707452,280.945031,203.863266,0
19300.000000,0.370069,-0.694601,0.616910,42.882911,194.073162,-314.120790,-0.000001,-0.001145,-0.000000,-0.585433,0.427894,0.015294,-0.688434,0.191985,-0.900411,-0.390387,124.885273,287.537760,199.774133,0
19310.000000,0.375523,-0.694064,0.614213,32.388718,193.277110,-318.663145,-0.000001,-0.001144,-0.000001,-0.585336,0.431825,0.018643,-0.685975,0.191987,-0.900411,-0.390387,123.888421,294.103838,195.628461,0
19320.000000,0.382332,-0.695056,0.608867,22.184285,192.853320,-323.326001,-0.000000,-0.001145,-0.000000,-0.585219,0.435742,0.021991,-0.683493,0.191989,-0.900410,-0.390387,122.715705,300.639069,191.427505,0
19330.000000,0.390901,-0.694467,0.604080,12.194214,191.884712,-327.472797,-0.000000,-0.001144,-0.000000,-0.585084,0.439645,0.025339,-0.680990,0.191991,-0.900410,-0.390386,121.366036,307.139152,187.172577,0
19340.000000,0.397027,-0.694365,0.600190,1.460645,191.344832,-332.007540,-0.000000,-0.001144,-0.000000,-0.584929,0.443534,0.028685,-0.678463,0.191993,-0.900409,-0.390386,119.838432,313.599679,182.865048,0
19350.000000,0.403539,-0.695275,0.594768,-9.788630,190.823906,-334.923031,-0.000001,-0.001145,-0.000001,-0.584756,0.447408,0.032031,-0.675915,0.191995,-0.900409,-0.390386,118.132027,320.016140,178.506350,0
19360.000000,0.410697,-0.694037,0.591304,-20.759405,188.828156,-337.142264,-0.000001,-0.001144,-0.000001,-0.584563,0.451267,0.035375,-0.673345,0.191997,-0.900409,-0.390386,116.246079,326.383925,174.097987,0
19370.000000,0.417684,-0.694188,0.586211,-31.521637,188.442394,-340.461705,-0.000000,-0.001144,-0.000001,-0.584351,0.455111,0.038719,-0.670752,0.191999,-0.900408,-0.390386,114.179979,332.698329,169.641535,0
19380.000000,0.423307,-0.694886,0.581330,-43.291988,187.998940,-342.958278,-0.000001,-0.001144,-0.000001,-0.584120,0.458941,0.042061,-0.668138,0.192001,-0.900408,-0.390386,111.933257,338.954554,165.138649,0
19390.000000,0.429564,-0.696103,0.575252,-54.834255,187.839308,-344.801830,-0.000001,-0.001145,-0.000000,-0.583870,0.462756,0.045402,-0.665501,0.192003,-0.900408,-0.390385,109.505594,345.147721,160.591065,0
19400.000000,0.436998,-0.693643,0.572619,-66.252473,187.051322,-346.763415,-0.000000,-0.001144,0.000000,-0.583601,0.466555,0.048741,-0.662843,0.192005,-0.900407,-0.390385,106.896828,351.272873,156.000604,0
19410.000000,0.443861,-0.694880,0.565799,-77.914754,186.729760,-347.119594,-0.000000,-0.001144,-0.000001,-0.583312,0.470339,0.052079,-0.660163,0.192007,-0.900407,-0.390385,104.106963,357.324984,151.369177,0
19420.000000,0.448563,-0.695495,0.561319,-90.620286,185.890321,-348.244443,-0.000001,-0.001144,-0.000001,-0.583005,0.474108,0.055415,-0.657462,0.192009,-0.900407,-0.390385,101.136175,363.298967,146.698784,0
19430.000000,0.455176,-0.696213,0.555069,-101.763402,185.015657,-348.301457,-0.000001,-0.001144,-0.000001,-0.582678,0.477861,0.058749,-0.654739,0.192011,-0.900406,-0.390385,97.984825,369.189687,141.991517,0
19440.000000,0.462475,-0.695143,0.550358,-114.359504,184.662764,-347.782225,0.000000,-0.001145,-0.000000,-0.582333,0.481599,0.062081,-0.651995,0.192013,-0.900406,-0.390385,94.653460,374.991966,137.249561,0
19450.000000,0.467163,-0.696180,0.545062,-126.646461,184.270782,-347.104128,-0.000000,-0.001144,-0.000001,-0.581968,0.485321,0.065411,-0.649229,0.192015,-0.900405,-0.390384,91.142823,380.700602,132.475198,0
19460.000000,0.475615,-0.694706,0.539605,-138.267167,183.776799,-347.092617,-0.000001,-0.001145,-0.000001,-0.581584,0.489027,0.068739,-0.646442,0.192017,-0.900405,-0.390384,87.453860,386.310372,127.670799,0
19470.000000,0.481381,-0.693975,0.535417,-150.790738,183.472279,-344.624010,-0.000001,-0.001145,-0.000000,-0.581181,0.492717,0.072065,-0.643634,0.192019,-0.900405,-0.390384,83.587722,391.816052,122.838831,0
19480.000000,0.487587,-0.694762,0.528738,-163.334529,183.208499,-342.941398,-0.000001,-0.001145,-0.000001,-0.580760,0.496391,0.075389,-0.640805,0.192021,-0.900404,-0.390384,79.545773,397.212429,117.981851,0
19490.000000,0.492215,-0.694606,0.524640,-175.544781,182.592777,-341.282581,-0.000000,-0.001145,-0.000000,-0.580319,0.500048,0.078710,-0.637955,0.192023,-0.900404,-0.390384,75.329594,402.494310,113.102503,0
19500.000000,0.500315,-0.694474,0.517099,-187.872032,182.935450,-338.994476,0.000000,-0.001145,-0.000001,-0.579859,0.503689,0.082028,-0.635084,0.192025,-0.900404,-0.390384,70.940984,407.656543,108.203519,0
19510.000000,0.506048,-0.694276,0.511758,-200.124800,182.477218,-334.904660,-0.000001,-0.001144,-0.000001,-0.579380,0.507314,0.085344,-0.632192,0.192027,-0.900403,-0.390384,66.381961,412.694024,103.287710,0
19520.000000,0.511094,-0.694301,0.506685,-211.756683,182.049318,-331.717212,-0.000001,-0.001145,-0.000001,-0.578883,0.510922,0.088657,-0.629280,0.192029,-0.900403,-0.390383,61.654769,417.601717,98.357965,0
19530.000000,0.517764,-0.694911,0.499018,-224.019344,181.827783,-327.050762,-0.000000,-0.001144,-0.000001,-0.578366,0.514514,0.091967,-0.626347,0.192032,-0.900403,-0.390383,56.761871,422.374667,93.417246,0
19540.000000,0.522317,-0.694631,0.494644,-236.816637,181.692946,-323.130764,-0.000001,-0.001145,-0.000000,-0.577831,0.518088,0.095274,-0.623393,0.192034,-0.900402,-0.390383,51.705953,427.008013,88.468578,0
19550.000000,0.527459,-0.694806,0.488908,-247.864365,181.676920,-317.991192,-0.000001,-0.001145,-0.000000,-0.577276,0.521646,0.098578,-0.620419,0.192036,-0.900402,-0.390383,46.489919,431.497004,83.515049,0
19560.000000,0.534408,-0.694232,0.482130,-259.368464,181.710850,-312.246581,-0.000001,-0.001145,-0.000000,-0.576703,0.525187,0.101879,-0.617425,0.192038,-0.900402,-0.390383,41.116890,435.837010,78.559796,0
19570.000000,0.538925,-0.694812,0.476231,-270.895678,181.396763,-306.611213,-0.000000,-0.001145,-0.000000,-0.576111,0.528710,0.105176,-0.614411,0.192040,-0.900401,-0.390383,35.590146,440.023589,73.605958,0
19580.000000,0.543553,-0.695794,0.469490,-282.592286,181.241023,-300.151668,-0.000001,-0.001145,-0.000001,-0.575499,0.532216,0.108470,-0.611376,0.192042,-0.900401,-0.390382,29.913037,444.052447,68.656601,0
19590.000000,0.550842,-0.694207,0.463304,-293.960714,181.117204,-293.416830,-0.000001,-0.001145,-0.000001,-0.574870,0.535705,0.111760,-0.608322,0.192044,-0.900400,-0.390382,24.089300,447.919154,63.714988,0
19600.000000,0.556176,-0.693637,0.457752,-304.726676,181.141300,-286.113118,-0.000001,-0.001145,-0.000000,-0.574221,0.539176,0.115047,-0.605247,0.192046,-0.900400,-0.390382,18.122896,451.619438,58.784424,0
19610.000000,0.561595,-0.694310,0.450050,-315.840634,181.467298,-277.888255,-0.000000,-0.001144,-0.000000,-0.573553,0.542629,0.118330,-0.602153,0.192048,-0.900400,-0.390382,12.017989,455.149221,53.868237,0
19620.000000,0.565120,-0.695345,0.444000,-326.114529,181.677155,-270.680961,-0.000000,-0.001145,-0.000001,-0.572867,0.546065,0.121609,-0.599039,0.192050,-0.900399,-0.390382,5.778928,458.504625,48.969761,0
19630.000000,0.570579,-0.694898,0.437672,-337.243329,181.769802,-262.226206,-0.000001,-0.001145,-0.000001,-0.572162,0.549483,0.124884,-0.595905,0.192052,-0.900399,-0.390382,-0.589754,461.681983,44.092331,0
19640.000000,0.576309,-0.694038,0.431485,-346.608626,181.286950,-254.570698,-0.000000,-0.001145,-0.000001,-0.571438,0.552883,0.128155,-0.592752,0.192054,-0.900399,-0.390381,-7.083358,464.677848,39.239273,0
19650.000000,0.580567,-0.694431,0.425097,-356.118053,181.146633,-244.064952,-0.000000,-0.001144,-0.000001,-0.570696,0.556265,0.131422,-0.589580,0.192056,-0.900398,-0.390381,-13.697029,467.488999,34.413893,0
19660.000000,0.583498,-0.696587,0.417489,-365.921063,182.108559,-235.459576,-0.000001,-0.001145,-0.000000,-0.569935,0.559628,0.134685,-0.586388,0.192058,-0.900398,-0.390381,-20.425768,470.112449,29.619469,0
19670.000000,0.589191,-0.694617,0.412748,-375.211014,181.871753,-225.160587,-0.000001,-0.001145,-0.000001,-0.569155,0.562974,0.137943,-0.583177,0.192060,-0.900398,-0.390381,-27.264446,472.545444,24.859241,0
19680.000000,0.595818,-0.693420,0.405178,-384.538806,182.394021,-215.117108,-0.000000,-0.001145,-0.000001,-0.568356,0.566301,0.141196,-0.579947,0.192062,-0.900397,-0.390381,-34.207818,474.785473,20.136403,0
19690.000000,0.600238,-0.694607,0.396530,-393.039920,182.427929,-204.600427,-0.000000,-0.001145,-0.000001,-0.567539,0.569609,0.144445,-0.576698,0.192064,-0.900397,-0.390381,-41.250535,476.830265,15.454095,0
19700.000000,0.603255,-0.695338,0.390625,-400.722406,182.747074,-193.073540,-0.000001,-0.001145,-0.000000,-0.566704,0.572899,0.147690,-0.573430,0.192066,-0.900396,-0.390381,-48.387160,478.677791,10.815397,0
19710.000000,0.608986,-0.694823,0.382567,-409.136530,182.731855,-182.093994,-0.000001,-0.001144,-0.000001,-0.565850,0.576169,0.150929,-0.570143,0.192068,-0.900396,-0.390380,-55.612180,480.326265,6.223318,0
19720.000000,0.612784,-0.694461,0.377121,-417.022852,182.703939,-170.463324,-0.000000,-0.001144,-0.000000,-0.564977,0.579422,0.154163,-0.566838,0.192070,-0.900396,-0.390380,-62.920024,481.774141,1.680793,0
19730.000000,0.616515,-0.694109,0.371647,-423.897370,182.070800,-159.137577,-0.000001,-0.001145,-0.000001,-0.564086,0.582655,0.157393,-0.563514,0.192072,-0.900395,-0.390380,-70.305072,483.020109,-2.809323,0
19740.000000,0.620786,-0.694881,0.362995,-430.071055,183.223154,-146.389218,-0.000001,-0.001144,-0.000001,-0.563176,0.585869,0.160617,-0.560172,0.192074,-0.900395,-0.390380,-77.761669,484.063093,-7.244263,0
19750.000000,0.625391,-0.694206,0.356319,-436.659815,183.677326,-135.057482,-0.000000,-0.001144,-0.000000,-0.562248,0.589064,0.163836,-0.556811,0.192076,-0.900395,-0.390380,-85.284142,484.902245,-11.621348,0
19760.000000,0.629591,-0.694675,0.347910,-442.458791,183.594863,-122.139475,-0.000000,-0.001145,-0.000001,-0.561302,0.592239,0.167050,-0.553432,0.192078,-0.900394,-0.390380,-92.866810,485.536938,-15.937993,0
19770.000000,0.633082,-0.695066,0.340720,-447.892096,184.149504,-109.384672,-0.000000,-0.001145,-0.000001,-0.560337,0.595395,0.170258,-0.550035,0.192080,-0.900394,-0.390379,-100.503996,485.966763,-20.191710,0
19780.000000,0.636557,-0.695015,0.334288,-452.551838,184.489122,-96.460029,-0.000001,-0.001145,-0.000001,-0.559354,0.598532,0.173461,-0.546620,0.192082,-0.900394,-0.390379,-108.190038,486.191517,-24.380109,0
19790.000000,0.640523,-0.694463,0.327798,-457.534732,185.126649,-83.294601,-0.000001,-0.001145,-0.000001,-0.558352,0.601649,0.176658,-0.543188,0.192084,-0.900393,-0.390379,-115.919302,486.211196,-28.500900,0
19800.000000,0.645049,-0.693983,0.319842,-462.617734,185.319586,-69.093759,-0.000000,-0.001144,-0.000001,-0.557333,0.604747,0.179849,-0.539737,0.192086,-0.900393,-0.390379,-123.686189,486.025988,-32.551892,0
19810.000000,0.647816,-0.694349,0.313390,-465.233998,186.369664,-55.995332,-0.000001,-0.001144,-0.000001,-0.556295,0.607825,0.183034,-0.536269,0.192088,-0.900392,-0.390379,-131.485148,485.636262,-36.530995,0
19820.000000,0.651762,-0.694710,0.304275,-468.498874,186.322639,-42.149409,-0.000001,-0.001145,-0.000001,-0.555239,0.610882,0.186213,-0.532783,0.192090,-0.900392,-0.390379,-139.310679,485.042559,-40.436218,0
19830.000000,0.655798,-0.693350,0.298655,-471.859071,186.266236,-28.647478,-0.000001,-0.001144,-0.000001,-0.554164,0.613920,0.189387,-0.529279,0.192092,-0.900392,-0.390379,-147.157345,484.245583,-44.265664,0
19840.000000,0.658722,-0.694821,0.288632,-474.253064,186.638376,-14.709359,0.000000,-0.001144,-0.000000,-0.553072,0.616938,0.192554,-0.525759,0.192094,-0.900391,-0.390378,-155.019775,483.246190,-48.017536,0
19850.000000,0.661173,-0.695203,0.282033,-475.630707,187.406630,-0.267611,-0.000001,-0.001145,-0.000000,-0.551961,0.619935,0.195714,-0.522221,0.192096,-0.900391,-0.390378,-162.892673,482.045377,-51.690123,0
19860.000000,0.664013,-0.695409,0.274760,-477.486157,187.649898,13.225203,-0.000001,-0.001145,-0.000000,-0.550833,0.622913,0.198869,-0.518666,0.192098,-0.900391,-0.390378,-170.770819,480.644277,-55.281807,0
19870.000000,0.666078,-0.695800,0.268705,-478.388395,188.258721,27.492380,-0.000000,-0.001145,-0.000001,-0.549686,0.625869,0.202016,-0.515094,0.192100,-0.900390,-0.390378,-178.649075,479.044141,-58.791053,0
19880.000000,0.670130,-0.695486,0.259278,-478.300994,188.657777,41.575089,-0.000001,-0.001145,-0.000000,-0.548521,0.628806,0.205158,-0.511506,0.192102,-0.900390,-0.390378,-186.522384,477.246339,-62.216406,0
19890.000000,0.673130,-0.695224,0.252112,-478.614016,188.601084,55.789776,-0.000000,-0.001145,-0.000001,-0.547339,0.631722,0.208292,-0.507900,0.192104,-0.900390,-0.390378,-194.385778,475.252342,-65.556485,0
19900.000000,0.675650,-0.695276,0.245127,-477.634948,189.396401,70.151812,-0.000001,-0.001145,-0.000001,-0.546138,0.634617,0.211420,-0.504278,0.192106,-0.900389,-0.390377,-202.234372,473.063719,-68.809983,0
19910.000000,0.678375,-0.695207,0.237684,-477.464142,189.867518,84.270995,-0.000000,-0.001144,-0.000000,-0.544920,0.637491,0.214540,-0.500639,0.192108,-0.900389,-0.390377,-210.063370,470.682127,-71.975654,0
19920.000000,0.682517,-0.694306,0.228275,-475.942315,189.752855,98.147040,-0.000000,-0.001145,-0.000000,-0.543684,0.640345,0.217654,-0.496984,0.192110,-0.900388,-0.390377,-217.868059,468.109305,-75.052316,0
19930.000000,0.684680,-0.695071,0.219294,-473.337530,190.499073,113.124382,-0.000000,-0.001145,-0.000001,-0.542430,0.643177,0.220761,-0.493313,0.192112,-0.900388,-0.390377,-225.643812,465.347064,-78.038839,0
19940.000000,0.686233,-0.695154,0.214113,-471.647874,190.912711,126.968086,-0.000001,-0.001145,-0.000001,-0.541158,0.645989,0.223860,-0.489626,0.192114,-0.900388,-0.390377,-233.386085,462.397288,-80.934143,0
19950.000000,0.688404,-0.695601,0.205521,-469.016028,190.467895,140.716297,-0.000001,-0.001145,-0.000001,-0.539869,0.648779,0.226952,-0.485922,0.192116,-0.900387,-0.390377,-241.090411,459.261919,-83.737190,0
19960.000000,0.691994,-0.694379,0.197441,-465.484491,191.600237,155.285346,-0.000000,-0.001145,0.000000,-0.538561,0.651548,0.230037,-0.482203,0.192118,-0.900387,-0.390376,-248.752402,455.942963,-86.446984,0
19970.000000,0.695890,-0.692875,0.188840,-461.415949,192.469045,168.867197,-0.000000,-0.001144,-0.000001,-0.537237,0.654296,0.233114,-0.478468,0.192120,-0.900387,-0.390376,-256.367742,452.442478,-89.062558,0
19980.000000,0.695435,-0.695623,0.180220,-457.096235,192.076235,182.044550,-0.000001,-0.001145,-0.000001,-0.535894,0.657022,0.236183,-0.474717,0.192122,-0.900386,-0.390376,-263.932188,448.762576,-91.582977,0
19990.000000,0.698607,-0.694369,0.172624,-452.448171,192.992151,195.978296,-0.000001,-0.001144,-0.000000,-0.534534,0.659727,0.239245,-0.470951,0.192124,-0.900386,-0.390376,-271.441558,444.905419,-94.007328,0
20000.000000,0.699858,-0.695029,0.164725,-447.525069,193.315233,209.624582,-0.000001,-0.001144,-0.000001,-0.533157,0.662410,0.242299,-0.467169,0.192126,-0.900386,-0.390376,-278.891735,440.873218,-96.334719,0
20010.000000,0.702371,-0.694346,0.156709,-442.040560,193.641132,223.114731,-0.000001,-0.001145,-0.000000,-0.531762,0.665072,0.245345,-0.463372,0.192129,-0.900385,-0.390376,-286.278659,436.668234,-98.564273,0
20020.000000,0.702632,-0.695621,0.149732,-435.345855,193.713071,235.765930,-0.000001,-0.001145,-0.000001,-0.530350,0.667712,0.248383,-0.459560,0.192131,-0.900385,-0.390376,-293.598324,432.292777,-100.695126,0
20030.000000,0.704699,-0.695177,0.141875,-428.514155,194.651243,248.956097,-0.000001,-0.001144,-0.000000,-0.528921,0.670330,0.251413,-0.455733,0.192133,-0.900384,-0.390375,-300.846772,427.749204,-102.726424,0
20040.000000,0.706817,-0.694422,0.134858,-421.653701,195.153535,261.122732,-0.000001,-0.001144,-0.000000,-0.527474,0.672926,0.254434,-0.451891,0.192135,-0.900384,-0.390375,-308.020092,423.039928,-104.657320,0
20050.000000,0.708647,-0.694508,0.124408,-414.327829,195.663412,273.993035,-0.000000,-0.001145,0.000000,-0.526010,0.675500,0.257448,-0.448034,0.192137,-0.900384,-0.390375,-315.114416,418.167413,-106.486973,0
20060.000000,0.709390,-0.695248,0.115744,-407.373606,195.605581,286.428834,-0.000000,-0.001145,-0.000000,-0.524528,0.678052,0.260452,-0.444163,0.192139,-0.900383,-0.390375,-322.125914,413.134178,-108.214545,0
20070.000000,0.712052,-0.693480,0.109848,-399.013890,196.320799,298.243812,-0.000000,-0.001144,-0.000000,-0.523030,0.680582,0.263449,-0.440277,0.192141,-0.900383,-0.390375,-329.050791,407.942804,-109.839203,0
20080.000000,0.712144,-0.694827,0.100331,-390.678897,196.579980,310.009451,-0.000001,-0.001144,-0.000001,-0.521514,0.683089,0.266436,-0.436376,0.192143,-0.900383,-0.390375,-335.885289,402.595933,-111.360115,0
20090.000000,0.713733,-0.694405,0.091584,-381.737295,196.703919,321.063054,-0.000001,-0.001144,-0.000000,-0.519981,0.685574,0.269415,-0.432461,0.192145,-0.900382,-0.390374,-342.625677,397.096275,-112.776454,0
20100.000000,0.714069,-0.694960,0.084469,-372.584673,197.378237,333.313835,-0.000001,-0.001145,0.000000,-0.518432,0.688037,0.272385,-0.428532,0.192147,-0.900382,-0.390374,-349.268258,391.446609,-114.087396,0
20110.000000,0.715193,-0.694777,0.076058,-362.865835,197.642276,343.994785,-0.000000,-0.001145,-0.000001,-0.516865,0.690477,0.275347,-0.424589,0.192149,-0.900382,-0.390374,-355.809363,385.649790,-115.292122,0
20120.000000,0.715440,-0.695406,0.067501,-352.508875,197.720596,353.747408,-0.000000,-0.001144,-0.000000,-0.515281,0.692895,0.278299,-0.420633,0.192151,-0.900381,-0.390374,-362.245349,379.708750,-116.389823,0
20130.000000,0.716516,-0.695002,0.059809,-342.316212,197.378843,364.294757,-0.000001,-0.001145,-0.000001,-0.513681,0.695289,0.281242,-0.416662,0.192153,-0.900381,-0.390374,-368.572607,373.626508,-117.379694,0
20140.000000,0.717636,-0.694508,0.051546,-332.184846,198.886727,374.105804,-0.000001,-0.001144,-0.000000,-0.512064,0.697662,0.284176,-0.412678,0.192155,-0.900380,-0.390374,-374.787552,367.406167,-118.260947,0
20150.000000,0.717363,-0.695404,0.042460,-320.689427,198.975639,383.827615,-0.000000,-0.001145,0.000000,-0.510430,0.700011,0.287101,-0.408680,0.192157,-0.900380,-0.390373,-380.886788,361.050767,-119.032824,0
20160.000000,0.717716,-0.695449,0.035142,-308.662907,199.198609,392.986780,-0.000000,-0.001144,-0.000001,-0.508779,0.702337,0.290016,-0.404669,0.192159,-0.900380,-0.390373,-386.866754,354.563373,-119.694527,0
20170.000000,0.718512,-0.695037,0.025766,-297.859817,199.123268,401.816752,-0.000000,-0.001145,-0.000001,-0.507112,0.704641,0.292922,-0.400645,0.192161,-0.900379,-0.390373,-392.723719,347.947258,-120.245245,0
20180.000000,0.718899,-0.694878,0.018133,-285.802722,199.404285,409.854537,-0.000001,-0.001145,-0.000000,-0.505428,0.706921,0.295818,-0.396607,0.192163,-0.900379,-0.390373,-398.453989,341.205817,-120.684195,0
20190.000000,0.719125,-0.694814,0.009669,-274.396302,200.114471,417.681746,-0.000000,-0.001145,-0.000001,-0.503727,0.709178,0.298704,-0.392557,0.192165,-0.900379,-0.390373,-404.053915,334.342569,-121.010633,0
20200.000000,0.718910,-0.695101,0.001854,-261.581317,200.495103,425.856028,-0.000000,-0.001145,-0.000001,-0.502010,0.711412,0.301581,-0.388493,0.192167,-0.900378,-0.390373,-409.519899,327.361157,-121.223855,0
20210.000000,0.719500,-0.694471,-0.005521,-248.800174,200.346996,433.039967,-0.000000,-0.001145,-0.000000,-0.500277,0.713623,0.304448,-0.384417,0.192169,-0.900378,-0.390373,-414.848394,320.265349,-121.323197,0
20220.000000,0.719767,-0.694044,-0.015447,-235.696049,200.843021,439.695445,-0.000000,-0.001145,-0.000000,-0.498527,0.715811,0.307305,-0.380329,0.192171,-0.900378,-0.390372,-420.035911,313.059041,-121.308051,0
20230.000000,0.719396,-0.694224,-0.022862,-222.361500,201.233779,446.538447,-0.000001,-0.001144,-0.000000,-0.496761,0.717975,0.310151,-0.376228,0.192173,-0.900377,-0.390372,-425.079025,305.746252,-121.177856,0
20240.000000,0.718958,-0.694378,-0.030618,-209.778030,201.300667,452.215759,-0.000001,-0.001145,-0.000001,-0.494979,0.720115,0.312988,-0.372114,0.192175,-0.900377,-0.390372,-429.974381,298.331127,-120.932115,1
20250.000000,0.718049,-0.694932,-0.038409,-195.882585,201.459439,457.079450,-0.000000,-0.001145,-0.000001,-0.493180,0.722232,0.315814,-0.367989,0.192177,-0.900376,-0.390372,-434.718698,290.817936,-120.570389,1
20260.000000,0.717894,-0.694627,-0.046046,-182.311480,200.935040,462.815122,-0.000001,-0.001145,-0.000000,-0.491365,0.724325,0.318631,-0.363851,0.192179,-0.900376,-0.390372,-439.308775,283.211067,-120.092309,1
20270.000000,0.716706,-0.695068,-0.056679,-168.482752,202.030295,467.311786,-0.000001,-0.001145,-0.000000,-0.489535,0.726395,0.321436,-0.359702,0.192181,-0.900376,-0.390372,-443.741499,275.515031,-119.497576,1
20280.000000,0.715724,-0.695495,-0.063448,-154.168155,201.596960,471.600367,-0.000001,-0.001145,-0.000001,-0.487688,0.728441,0.324231,-0.355541,0.192183,-0.900375,-0.390371,-448.013848,267.734453,-118.785967,1
20290.000000,0.716039,-0.694552,-0.069895,-139.745810,202.024901,474.724066,-0.000001,-0.001145,-0.000001,-0.485825,0.730462,0.327016,-0.351368,0.192185,-0.900375,-0.390371,-452.122901,259.874070,-117.957338,1
20300.000000,0.715460,-0.694092,-0.079703,-125.830508,202.058779,478.055890,-0.000000,-0.001144,-0.000000,-0.483946,0.732461,0.329790,-0.347183,0.192187,-0.900375,-0.390371,-456.065839,251.938731,-117.011627,1
20310.000000,0.714529,-0.694097,-0.087624,-111.472655,202.305965,480.434670,-0.000000,-0.001145,-0.000000,-0.482052,0.734435,0.332553,-0.342988,0.192189,-0.900374,-0.390371,-459.839955,243.933385,-115.948858,1
20320.000000,0.712620,-0.694897,-0.096389,-96.963919,201.985616,483.171694,-0.000000,-0.001145,-0.000000,-0.480142,0.736385,0.335305,-0.338781,0.192191,-0.900374,-0.390371,-463.442659,235.863083,-114.769145,1
20330.000000,0.711274,-0.694984,-0.105293,-82.582924,202.365907,484.645491,-0.000001,-0.001144,-0.000000,-0.478216,0.738311,0.338046,-0.334563,0.192193,-0.900374,-0.390371,-466.871481,227.732967,-113.472693,1
20340.000000,0.710419,-0.694766,-0.112271,-68.809693,202.769308,485.541808,-0.000001,-0.001144,-0.000000,-0.476274,0.740212,0.340776,-0.330334,0.192195,-0.900373,-0.390370,-470.124080,219.548271,-112.059800,1
20350.000000,0.709492,-0.694347,-0.120429,-53.939677,203.170416,486.416611,-0.000001,-0.001145,-0.000000,-0.474317,0.742090,0.343495,-0.326094,0.192197,-0.900373,-0.390370,-473.198246,211.314304,-110.530862,1
20360.000000,0.707152,-0.695316,-0.128340,-39.407736,203.432245,486.848794,-0.000001,-0.001145,-0.000000,-0.472344,0.743943,0.346203,-0.321843,0.192199,-0.900372,-0.390370,-476.091909,203.036455,-108.886371,1
20370.000000,0.704843,-0.696065,-0.136711,-24.256029,202.948351,486.756375,-0.000001,-0.001145,-0.000001,-0.470356,0.745772,0.348899,-0.317582,0.192201,-0.900372,-0.390370,-478.803136,194.720178,-107.126918,1
20380.000000,0.705159,-0.694483,-0.142982,-10.270855,203.376933,485.668476,0.000000,-0.001145,-0.000001,-0.468352,0.747577,0.351584,-0.313311,0.192203,-0.900372,-0.390370,-481.330145,186.370989,-105.253196,1
20390.000000,0.702808,-0.694670,-0.153282,3.868522,203.766386,484.799976,-0.000001,-0.001144,-0.000001,-0.466333,0.749357,0.354258,-0.309029,0.192205,-0.900371,-0.390370,-483.671302,177.994454,-103.265995,1
20400.000000,0.701515,-0.694565,-0.159550,18.273675,203.535992,482.909581,-0.000001,-0.001145,-0.000000,-0.464299,0.751112,0.356919,-0.304738,0.192207,-0.900371,-0.390370,-485.825124,169.596188,-101.166208,1
20410.000000,0.697719,-0.696163,-0.168956,31.782090,203.885417,481.074308,-0.000000,-0.001145,-0.000001,-0.462250,0.752843,0.359570,-0.300436,0.192209,-0.900371,-0.390369,-487.790289,161.181841,-98.954829,1
20420.000000,0.696457,-0.695401,-0.177101,45.832388,203.484131,478.404819,-0.000000,-0.001145,-0.000000,-0.460185,0.754550,0.362208,-0.296124,0.192211,-0.900370,-0.390369,-489.565629,152.757093,-96.632952,1
20430.000000,0.695114,-0.694337,-0.186312,60.433660,203.724321,475.273108,-0.000000,-0.001144,-0.000000,-0.458106,0.756231,0.364835,-0.291803,0.192213,-0.900370,-0.390369,-491.150142,144.327646,-94.201769,1
20440.000000,0.691892,-0.695857,-0.192533,74.807230,204.342163,471.575621,-0.000000,-0.001145,-0.000000,-0.456011,0.757888,0.367449,-0.287472,0.192215,-0.900370,-0.390369,-492.542987,135.899216,-91.662573,1
20450.000000,0.689610,-0.695813,-0.200706,88.312129,203.505373,467.370271,-0.000000,-0.001144,-0.000001,-0.453902,0.759520,0.370052,-0.283132,0.192217,-0.900369,-0.390369,-493.743486,127.477524,-89.016753,1
20460.000000,0.687643,-0.695080,-0.209789,101.644805,204.065380,462.651466,-0.000001,-0.001144,-0.000001,-0.451778,0.761127,0.372642,-0.278782,0.192219,-0.900369,-0.390369,-494.751129,119.068288,-86.265794,1
20470.000000,0.686216,-0.694713,-0.215596,115.056131,204.298842,457.847453,-0.000001,-0.001145,-0.000001,-0.449638,0.762710,0.375221,-0.274424,0.192221,-0.900368,-0.390368,-495.565572,110.677216,-83.411277,1
20480.000000,0.683355,-0.694888,-0.223954,128.813242,203.775548,452.328160,-0.000001,-0.001145,-0.000001,-0.447485,0.764267,0.377787,-0.270056,0.192223,-0.900368,-0.390368,-496.186635,102.309999,-80.454873,1
20490.000000,0.680897,-0.694102,-0.233669,141.573146,204.760683,447.265502,-0.000001,-0.001144,-0.000001,-0.445316,0.765800,0.380340,-0.265680,0.192225,-0.900368,-0.390368,-496.614308,93.972300,-77.398345,1
20500.000000,0.677593,-0.695169,-0.240015,153.790449,204.619027,440.368687,-0.000000,-0.001145,-0.000001,-0.443133,0.767307,0.382882,-0.261295,0.192228,-0.900367,-0.390368,-496.848744,85.669749,-74.243541,1
20510.000000,0.674701,-0.695741,-0.246421,166.266808,204.905073,433.983789,-0.000000,-0.001145,-0.000001,-0.440936,0.768789,0.385410,-0.256901,0.192230,-0.900367,-0.390368,-496.890260,77.407938,-70.992399,1
20520.000000,0.672887,-0.694081,-0.255878,178.595635,204.651767,427.396662,-0.000001,-0.001144,-0.000001,-0.438724,0.770246,0.387926,-0.252499,0.192232,-0.900367,-0.390368,-496.739338,69.192406,-67.646935,1
20530.000000,0.669396,-0.694692,-0.263271,190.629864,205.093689,419.767576,-0.000000,-0.001145,-0.000000,-0.436497,0.771678,0.390430,-0.248089,0.192234,-0.900366,-0.390367,-496.396622,61.028641,-64.209248,1
20540.000000,0.666295,-0.694505,-0.271502,201.771940,204.905972,411.342354,-0.000001,-0.001144,-0.000001,-0.434257,0.773084,0.392920,-0.243670,0.192236,-0.900366,-0.390367,-495.862914,52.922067,-60.681513,1
20550.000000,0.662973,-0.694858,-0.278639,212.653693,204.679044,403.118204,-0.000001,-0.001144,-0.000000,-0.432002,0.774466,0.395398,-0.239244,0.192238,-0.900366,-0.390367,-495.139174,44.878040,-57.065981,1
20560.000000,0.659980,-0.695030,-0.285238,224.333489,204.812022,394.634723,-0.000000,-0.001144,-0.000001,-0.429733,0.775822,0.397863,-0.234809,0.192240,-0.900365,-0.390367,-494.226517,36.901841,-53.364974,1
20570.000000,0.656670,-0.694074,-0.295034,235.847880,205.431793,386.123069,-0.000001,-0.001144,-0.000001,-0.427450,0.777152,0.400315,-0.230368,0.192242,-0.900365,-0.390367,-493.126211,28.998670,-49.580880,1
20580.000000,0.652743,-0.694933,-0.301653,245.354578,205.454170,376.865909,-0.000000,-0.001145,-0.000001,-0.425153,0.778457,0.402753,-0.225918,0.192244,-0.900364,-0.390367,-491.839670,21.173640,-45.716156,1
20590.000000,0.649552,-0.693975,-0.310612,255.966723,205.383459,367.030404,-0.000001,-0.001145,-0.000000,-0.422842,0.779737,0.405179,-0.221461,0.192246,-0.900364,-0.390367,-490.368456,13.431772,-41.773319,1
20600.000000,0.645315,-0.695285,-0.316461,265.532621,205.440078,357.159379,-0.000001,-0.001145,-0.000000,-0.420517,0.780991,0.407591,-0.216997,0.192248,-0.900364,-0.390366,-488.714271,5.777989,-37.754947,1
20610.000000,0.642363,-0.694798,-0.323459,274.663199,205.484934,347.584544,-0.000001,-0.001145,-0.000001,-0.418179,0.782220,0.409990,-0.212526,0.192250,-0.900363,-0.390366,-486.878958,-1.782889,-33.663673,1
20620.000000,0.638546,-0.694527,-0.331500,283.288487,205.448925,336.727467,-0.000000,-0.001145,-0.000001,-0.415827,0.783423,0.412376,-0.208048,0.192252,-0.900363,-0.390366,-484.864489,-9.246151,-29.502183,1
20630.000000,0.634234,-0.694682,-0.339360,291.809895,206.157079,326.058110,-0.000000,-0.001145,-0.000001,-0.413461,0.784600,0.414748,-0.203563,0.192254,-0.900363,-0.390366,-482.672971,-16.607197,-25.273215,1
20640.000000,0.632410,-0.693961,-0.344203,299.614058,206.047868,315.451153,-0.000001,-0.001145,-0.000001,-0.411081,0.785751,0.417106,-0.199071,0.192256,-0.900362,-0.390366,-480.306634,-23.861544,-20.979552,1
20650.000000,0.625671,-0.695693,-0.352912,307.292974,205.535453,304.071561,-0.000001,-0.001145,-0.000000,-0.408689,0.786877,0.419451,-0.194573,0.192258,-0.900362,-0.390366,-477.767828,-31.004829,-16.624022,1
20660.000000,0.624118,-0.694370,-0.358229,315.069018,205.584765,292.161308,-0.000000,-0.001144,-0.000001,-0.406282,0.787978,0.421782,-0.190068,0.192260,-0.900362,-0.390365,-475.059021,-38.032814,-12.209494,1
20670.000000,0.619330,-0.693752,-0.367611,321.997016,206.448640,280.794937,-0.000000,-0.001145,-0.000000,-0.403863,0.789052,0.424099,-0.185558,0.192262,-0.900361,-0.390365,-472.182792,-44.941390,-7.738874,1
20680.000000,0.613909,-0.695240,-0.373841,328.788785,206.302506,269.762248,-0.000001,-0.001144,-0.000000,-0.401430,0.790101,0.426402,-0.181041,0.192264,-0.900361,-0.390365,-469.141827,-51.726578,-3.215106,1
20690.000000,0.608363,-0.695820,-0.381744,333.988686,206.292634,257.365330,-0.000000,-0.001145,-0.000001,-0.398985,0.791123,0.428692,-0.176518,0.192266,-0.900360,-0.390365,-465.938915,-58.384532,1.358839,1
20700.000000,0.604759,-0.695614,-0.387799,339.907247,206.683644,245.630630,-0.000001,-0.001145,-0.000000,-0.396526,0.792120,0.430967,-0.171989,0.192268,-0.900360,-0.390365,-462.576940,-64.911545,5.979955,1
20710.000000,0.601267,-0.694367,-0.395390,345.314069,206.086181,233.225978,-0.000001,-0.001145,-0.000000,-0.394054,0.793091,0.433228,-0.167455,0.192270,-0.900360,-0.390365,-459.058880,-71.304048,10.645216,1
20720.000000,0.595497,-0.694685,-0.403481,350.181764,206.714232,220.006141,-0.000000,-0.001145,-0.000001,-0.391569,0.794036,0.435476,-0.162916,0.192272,-0.900359,-0.390364,-455.387784,-77.558641,15.351589,1
20730.000000,0.593175,-0.694243,-0.407641,353.552189,207.098790,207.981757,-0.000001,-0.001145,-0.000001,-0.389072,0.794955,0.437708,-0.158371,0.192274,-0.900359,-0.390364,-451.566631,-83.672228,20.096160,1
20740.000000,0.586954,-0.695374,-0.414657,357.106278,206.423806,195.853111,-0.000001,-0.001144,-0.000001,-0.386561,0.795848,0.439927,-0.153821,0.192276,-0.900359,-0.390364,-447.598438,-89.641611,24.875832,1
20750.000000,0.582223,-0.695328,-0.421350,360.842405,207.225493,182.709908,-0.000001,-0.001145,-0.000001,-0.384038,0.796715,0.442131,-0.149265,0.192278,-0.900358,-0.390364,-443.486322,-95.463678,29.687449,1
20760.000000,0.577035,-0.695303,-0.428468,363.944721,207.285099,170.631566,-0.000000,-0.001145,-0.000000,-0.381503,0.797556,0.444321,-0.144705,0.192280,-0.900358,-0.390364,-439.233485,-101.135465,34.527831,1
20770.000000,0.572534,-0.695026,-0.434906,366.140164,207.072177,157.927851,-0.000001,-0.001144,-0.000001,-0.378955,0.798370,0.446496,-0.140141,0.192282,-0.900358,-0.390364,-434.843207,-106.654153,39.393786,1
20780.000000,0.567125,-0.693930,-0.443655,368.473863,207.240115,145.016324,-0.000001,-0.001145,-0.000001,-0.376394,0.799159,0.448656,-0.135571,0.192284,-0.900357,-0.390364,-430.318840,-112.017074,44.282107,1
20790.000000,0.562705,-0.694773,-0.447943,369.343705,208.313801,131.842718,-0.000000,-0.001145,-0.000000,-0.373822,0.799921,0.450802,-0.130997,0.192286,-0.900357,-0.390363,-425.663802,-117.221704,49.189579,1
20800.000000,0.556515,-0.695228,-0.454917,371.204149,207.608951,119.934731,-0.000000,-0.001144,-0.000001,-0.371237,0.800658,0.452933,-0.126419,0.192288,-0.900356,-0.390363,-420.881573,-122.265674,54.112977,1
20810.000000,0.553001,-0.694945,-0.459611,371.802128,208.287940,106.470965,-0.000001,-0.001144,-0.000000,-0.368640,0.801368,0.455050,-0.121837,0.192290,-0.900356,-0.390363,-415.975687,-127.146759,59.049077,1
20820.000000,0.546283,-0.695238,-0.467139,371.860598,208.459618,94.174039,-0.000001,-0.001145,-0.000001,-0.366031,0.802052,0.457151,-0.117251,0.192292,-0.900356,-0.390363,-410.949726,-131.862886,63.994652,1
20830.000000,0.542154,-0.694953,-0.472344,371.854868,208.864714,80.916539,-0.000001,-0.001145,-0.000001,-0.363409,0.802709,0.459237,-0.112661,0.192294,-0.900355,-0.390363,-405.807318,-136.412129,68.946480,1
20840.000000,0.537019,-0.693159,-0.480772,370.984532,208.303143,68.081813,-0.000000,-0.001145,-0.000001,-0.360776,0.803341,0.461309,-0.108067,0.192296,-0.900355,-0.390363,-400.552130,-140.792708,73.901344,1
20850.000000,0.530911,-0.692507,-0.488433,369.839924,208.474672,56.705626,-0.000001,-0.001145,-0.000000,-0.358132,0.803946,0.463365,-0.103470,0.192298,-0.900355,-0.390362,-395.187863,-145.002990,78.856037,1
20860.000000,0.524450,-0.694576,-0.492460,367.748887,208.295572,44.122449,-0.000001,-0.001145,-0.000000,-0.355475,0.804524,0.465406,-0.098869,0.192300,-0.900354,-0.390362,-389.718246,-149.041485,83.807363,1
20870.000000,0.519462,-0.694385,-0.497984,365.947777,208.665475,31.808436,-0.000001,-0.001144,-0.000000,-0.352807,0.805077,0.467432,-0.094265,0.192302,-0.900354,-0.390362,-384.147036,-152.906843,88.752142,1
20880.000000,0.513178,-0.694935,-0.503700,363.423602,209.061227,20.162222,-0.000000,-0.001144,-0.000001,-0.350127,0.805603,0.469443,-0.089658,0.192304,-0.900354,-0.390362,-378.478009,-156.597856,93.687209,1
20890.000000,0.508809,-0.694840,-0.508243,360.639204,209.488251,7.565584,-0.000001,-0.001145,-0.000001,-0.347436,0.806103,0.471438,-0.085048,0.192306,-0.900353,-0.390362,-372.714961,-160.113452,98.609424,1
20900.000000,0.501157,-0.694269,-0.516559,357.936473,209.697649,-4.727691,-0.000000,-0.001145,-0.000000,-0.344733,0.806576,0.473418,-0.080435,0.192308,-0.900353,-0.390362,-366.861700,-163.452693,103.515665,1
20910.000000,0.495638,-0.695099,-0.520750,354.268673,209.520716,-15.824604,-0.000000,-0.001145,-0.000001,-0.342020,0.807023,0.475382,-0.075820,0.192310,-0.900352,-0.390362,-360.922048,-166.614774,108.402839,1
20920.000000,0.489018,-0.696266,-0.525429,350.284060,209.688049,-27.280081,-0.000001,-0.001145,-0.000001,-0.339295,0.807443,0.477331,-0.071202,0.192312,-0.900352,-0.390361,-354.899834,-169.599016,113.267880,1
20930.000000,0.484414,-0.694936,-0.531419,346.233797,209.595986,-38.787467,-0.000000,-0.001144,-0.000000,-0.336558,0.807838,0.479264,-0.066582,0.192314,-0.900352,-0.390361,-348.798893,-172.404870,118.107753,1
20940.000000,0.477936,-0.695521,-0.536496,341.350020,210.397893,-49.448141,-0.000000,-0.001144,-0.000000,-0.333811,0.808205,0.481181,-0.061960,0.192316,-0.900351,-0.390361,-342.623065,-175.031905,122.919456,1
20950.000000,0.471414,-0.694721,-0.543260,336.267634,210.519003,-60.252380,-0.000001,-0.001144,-0.000001,-0.331053,0.808546,0.483083,-0.057335,0.192318,-0.900351,-0.390361,-336.376194,-177.479812,127.700024,1
20960.000000,0.466279,-0.694547,-0.547894,330.990614,210.524982,-71.615262,-0.000001,-0.001144,-0.000001,-0.328284,0.808861,0.484969,-0.052709,0.192320,-0.900351,-0.390361,-330.062123,-179.748400,132.446529,1
20970.000000,0.458763,-0.695201,-0.553382,324.941083,210.918330,-81.003798,-0.000001,-0.001144,-0.000000,-0.325505,0.809149,0.486839,-0.048081,0.192322,-0.900350,-0.390361,-323.684695,-181.837589,137.156084,1
20980.000000,0.452780,-0.694950,-0.558601,318.692297,210.781483,-91.309691,-0.000001,-0.001145,-0.000001,-0.322714,0.809411,0.488693,-0.043452,0.192325,-0.900350,-0.390360,-317.247753,-183.747411,141.825844,1
20990.000000,0.446107,-0.694064,-0.565034,312.585104,211.485825,-101.168146,-0.000001,-0.001145,-0.000000,-0.319913,0.809647,0.490531,-0.038821,0.192327,-0.900350,-0.390360,-310.755139,-185.478006,146.453011,1
21000.000000,0.440643,-0.694752,-0.568466,305.730817,211.095179,-110.812269,-0.000001,-0.001144,-0.000000,-0.317102,0.809855,0.492353,-0.034188,0.192329,-0.900349,-0.390360,-304.210692,-187.029617,151.034834,1
21010.000000,0.432597,-0.694943,-0.574382,299.351463,211.562734,-119.607553,-0.000000,-0.001144,-0.000000,-0.314280,0.810038,0.494159,-0.029555,0.192331,-0.900349,-0.390360,-297.618250,-188.402593,155.568613,1
21020.000000,0.428093,-0.694184,-0.578658,291.487300,211.584357,-128.818213,-0.000000,-0.001144,0.000000,-0.311448,0.810194,0.495949,-0.024921,0.192333,-0.900349,-0.390360,-290.981647,-189.597381,160.051699,1
21030.000000,0.420618,-0.694524,-0.583710,283.691102,212.190305,-137.382854,-0.000001,-0.001145,-0.000000,-0.308606,0.810323,0.497722,-0.020286,0.192335,-0.900348,-0.390360,-284.304716,-190.614525,164.481499,1
21040.000000,0.413688,-0.694733,-0.588395,276.091216,210.645552,-146.211297,-0.000001,-0.001145,-0.000000,-0.305754,0.810426,0.499480,-0.015650,0.192337,-0.900348,-0.390359,-277.591288,-191.454668,168.855477,1
21050.000000,0.406988,-0.694959,-0.592783,268.548435,211.199161,-153.768108,-0.000001,-0.001145,-0.000001,-0.302892,0.810502,0.501220,-0.011013,0.192339,-0.900347,-0.390359,-270.845191,-192.118543,173.171158,1
21060.000000,0.400782,-0.694205,-0.597874,260.178096,212.061871,-162.101599,-0.000001,-0.001144,-0.000000,-0.300020,0.810552,0.502945,-0.006377,0.192341,-0.900347,-0.390359,-264.070253,-192.606980,177.426128,1
21070.000000,0.393586,-0.695344,-0.601321,250.838722,212.168895,-168.623395,-0.000001,-0.001144,-0.000001,-0.297138,0.810575,0.504653,-0.001740,0.192343,-0.900347,-0.390359,-257.270298,-192.920896,181.618038,1
21080.000000,0.387487,-0.693911,-0.606911,242.412139,211.647624,-175.295669,-0.000000,-0.001145,-0.000000,-0.294246,0.810572,0.506344,0.002897,0.192345,-0.900346,-0.390359,-250.449151,-193.061301,185.744608,1
21090.000000,0.379137,-0.694708,-0.611257,233.488073,210.767074,-182.156477,-0.000001,-0.001145,-0.000000,-0.291344,0.810542,0.508019,0.007534,0.192347,-0.900346,-0.390359,-243.610632,-193.029291,189.803624,1
21100.000000,0.371385,-0.695510,-0.615092,224.929575,211.705710,-188.039807,-0.000000,-0.001145,-0.000001,-0.288434,0.810485,0.509678,0.012170,0.192349,-0.900346,-0.390359,-236.758561,-192.826053,193.792950,1
21110.000000,0.366696,-0.695601,-0.617797,215.018095,212.267331,-194.664842,-0.000001,-0.001144,-0.000001,-0.285513,0.810403,0.511319,0.016807,0.192351,-0.900345,-0.390358,-229.896756,-192.452858,197.710521,1
21120.000000,0.357238,-0.694881,-0.624117,206.032189,211.810572,-199.780627,-0.000001,-0.001145,-0.000001,-0.282583,0.810293,0.512944,0.021442,0.192353,-0.900345,-0.390358,-223.029030,-191.911068,201.554351,1
21130.000000,0.350859,-0.695338,-0.627218,195.762509,212.386051,-205.515906,-0.000001,-0.001145,-0.000000,-0.279645,0.810157,0.514552,0.026077,0.192355,-0.900345,-0.390358,-216.159191,-191.202126,205.322535,1
21140.000000,0.343341,-0.694733,-0.632030,185.947554,212.240491,-210.060391,-0.000000,-0.001145,-0.000000,-0.276696,0.809995,0.516144,0.030711,0.192357,-0.900344,-0.390358,-209.291044,-190.327567,209.013249,1
21150.000000,0.337841,-0.695054,-0.634636,176.575079,211.611213,-214.535606,-0.000000,-0.001145,-0.000000,-0.273739,0.809806,0.517718,0.035344,0.192359,-0.900344,-0.390358,-202.428384,-189.289008,212.624758,1
21160.000000,0.328122,-0.695781,-0.638924,166.126906,211.383912,-218.957215,-0.000001,-0.001144,0.000000,-0.270773,0.809590,0.519276,0.039976,0.192361,-0.900343,-0.390358,-195.574999,-188.088152,216.155410,1
21170.000000,0.320751,-0.695778,-0.642660,155.956948,212.110125,-222.347984,-0.000001,-0.001145,-0.000000,-0.267798,0.809348,0.520816,0.044607,0.192363,-0.900343,-0.390357,-188.734662,-186.726789,219.603650,1
21180.000000,0.315514,-0.693402,-0.647800,145.671940,212.115455,-225.802915,-0.000000,-0.001145,-0.000001,-0.264815,0.809080,0.522340,0.049236,0.192365,-0.900343,-0.390357,-181.911134,-185.206792,222.968010,1
21190.000000,0.307212,-0.696232,-0.648754,135.606126,211.625659,-228.509105,-0.000001,-0.001144,0.000000,-0.261822,0.808785,0.523846,0.053864,0.192367,-0.900342,-0.390357,-175.108157,-183.530120,226.247121,1
21200.000000,0.300334,-0.694773,-0.653521,125.282295,211.101678,-230.913275,-0.000001,-0.001145,-0.000001,-0.258821,0.808464,0.525335,0.058489,0.192369,-0.900342,-0.390357,-168.329451,-181.698815,229.439710,1
21210.000000,0.289720,-0.694412,-0.658676,115.523562,211.743011,-233.391903,-0.000000,-0.001145,-0.000000,-0.255812,0.808116,0.526807,0.063113,0.192371,-0.900342,-0.390357,-161.578710,-179.715003,232.544605,1
21220.000000,0.284671,-0.694975,-0.660282,104.514299,211.722467,-235.353523,-0.000001,-0.001144,-0.000000,-0.252794,0.807742,0.528262,0.067735,0.192373,-0.900341,-0.390357,-154.859600,-177.580892,235.560734,1
21230.000000,0.277000,-0.694955,-0.663557,94.479676,211.329879,-236.501339,-0.000000,-0.001144,-0.000001,-0.249768,0.807341,0.529699,0.072355,0.192375,-0.900341,-0.390356,-148.175749,-175.298769,238.487131,1
21240.000000,0.267926,-0.695962,-0.666223,84.082177,211.138080,-237.207692,-0.000001,-0.001144,-0.000000,-0.246734,0.806914,0.531119,0.076972,0.192377,-0.900341,-0.390356,-141.530748,-172.871003,241.322931,1
21250.000000,0.260674,-0.694972,-0.670122,72.889190,210.832777,-238.240525,-0.000000,-0.001144,-0.000000,-0.243691,0.806460,0.532522,0.081587,0.192379,-0.900340,-0.390356,-134.928139,-170.300037,244.067378,1
21260.000000,0.253376,-0.695631,-0.672233,63.802406,211.984145,-238.594135,-0.000000,-0.001144,-0.000000,-0.240641,0.805980,0.533907,0.086199,0.192381,-0.900340,-0.390356,-128.371415,-167.588392,246.719822,1
21270.000000,0.245162,-0.695863,-0.675033,53.528921,211.429829,-238.125359,-0.000001,-0.001145,-0.000001,-0.237583,0.805474,0.535275,0.090808,0.192383,-0.900339,-0.390356,-121.864010,-164.738658,249.279723,1
21280.000000,0.237634,-0.694900,-0.678707,42.963450,210.836134,-238.114797,-0.000000,-0.001145,-0.000000,-0.234517,0.804942,0.536626,0.095414,0.192385,-0.900339,-0.390356,-115.409296,-161.753496,251.746644,1
21290.000000,0.230642,-0.694903,-0.681112,32.192074,210.655338,-237.046936,-0.000000,-0.001145,-0.000000,-0.231443,0.804383,0.537958,0.100017,0.192387,-0.900339,-0.390356,-109.010572,-158.635630,254.120263,1
21300.000000,0.223691,-0.694722,-0.683610,22.663255,210.106877,-236.249025,-0.000000,-0.001145,-0.000000,-0.228362,0.803797,0.539274,0.104617,0.192389,-0.900338,-0.390355,-102.670962,-155.387795,256.400401,1
21310.000000,0.215556,-0.695562,-0.685368,13.191883,210.190711,-234.231472,-0.000000,-0.001144,-0.000000,-0.225274,0.803186,0.540571,0.109214,0.192391,-0.900338,-0.390355,-96.393431,-152.012704,258.586936,1
21320.000000,0.206808,-0.695155,-0.688469,3.432051,209.881266,-232.397978,0.000000,-0.001145,-0.000001,-0.222177,0.802548,0.541851,0.113806,0.192393,-0.900338,-0.390355,-90.181043,-148.513200,260.679718,1
21330.000000,0.200273,-0.694741,-0.690816,-6.669243,209.601229,-230.146129,-0.000000,-0.001145,-0.000001,-0.219074,0.801884,0.543113,0.118396,0.192395,-0.900337,-0.390355,-84.036782,-144.892185,262.678703,1
21340.000000,0.191204,-0.694758,-0.693363,-15.721377,210.049676,-227.585724,-0.000001,-0.001145,-0.000000,-0.215964,0.801193,0.544357,0.122981,0.192397,-0.900337,-0.390355,-77.963534,-141.152608,264.583956,1
21350.000000,0.183994,-0.694699,-0.695370,-25.590545,209.841329,-223.821576,-0.000001,-0.001145,-0.000000,-0.212846,0.800476,0.545584,0.127562,0.192399,-0.900337,-0.390355,-71.964082,-137.297462,266.395643,1
21360.000000,0.174924,-0.695500,-0.696908,-34.773941,209.358894,-221.301817,0.000000,-0.001145,-0.000001,-0.209722,0.799734,0.546793,0.132139,0.192401,-0.900336,-0.390354,-66.041103,-133.329775,268.114034,1
21370.000000,0.167663,-0.695169,-0.699020,-44.310414,209.097543,-217.353267,-0.000001,-0.001144,-0.000001,-0.206590,0.798965,0.547983,0.136712,0.192403,-0.900336,-0.390354,-60.197157,-129.252603,269.739497,1
21380.000000,0.159736,-0.694519,-0.701518,-52.341951,208.932761,-213.885369,-0.000001,-0.001145,-0.000000,-0.203452,0.798170,0.549156,0.141280,0.192405,-0.900335,-0.390354,-54.434683,-125.069016,271.272491,1
21390.000000,0.151562,-0.695165,-0.702691,-61.545064,208.664997,-209.634032,-0.000001,-0.001144,-0.000001,-0.200307,0.797348,0.550311,0.145844,0.192407,-0.900335,-0.390354,-48.755997,-120.782097,272.713566,1
21400.000000,0.143795,-0.694975,-0.704509,-70.697598,208.722921,-205.293696,-0.000001,-0.001144,-0.000000,-0.197156,0.796501,0.551448,0.150403,0.192409,-0.900335,-0.390354,-43.163284,-116.394928,274.063351,1
21410.000000,0.135598,-0.694220,-0.706875,-79.353983,208.735854,-200.092311,-0.000001,-0.001145,-0.000000,-0.193998,0.795628,0.552567,0.154956,0.192411,-0.900334,-0.390354,-37.658597,-111.910580,275.322556,1
21420.000000,0.127784,-0.693353,-0.709178,-86.593622,208.206338,-195.071572,-0.000000,-0.001145,-0.000000,-0.190834,0.794728,0.553667,0.159505,0.192413,-0.900334,-0.390353,-32.243856,-107.332107,276.491958,1
21430.000000,0.117546,-0.695205,-0.709136,-94.574071,208.114322,-189.523823,-0.000001,-0.001144,-0.000000,-0.187664,0.793803,0.554750,0.164049,0.192415,-0.900334,-0.390353,-26.920842,-102.662536,277.572402,1
21440.000000,0.110841,-0.695613,-0.709815,-102.222337,207.773266,-184.230388,-0.000000,-0.001144,-0.000000,-0.184487,0.792851,0.555815,0.168587,0.192417,-0.900333,-0.390353,-21.691201,-97.904855,278.564784,1
21450.000000,0.101365,-0.695757,-0.711089,-109.935613,207.678843,-178.540037,-0.000001,-0.001145,-0.000000,-0.181305,0.791874,0.556861,0.173120,0.192419,-0.900333,-0.390353,-16.556442,-93.062006,279.470054,1
21460.000000,0.095491,-0.695302,-0.712346,-117.040258,207.419247,-172.644186,-0.000000,-0.001144,-0.000001,-0.178116,0.790871,0.557889,0.177647,0.192421,-0.900333,-0.390353,-11.517939,-88.136876,280.289200,1
21470.000000,0.084410,-0.695337,-0.713710,-124.097932,207.704132,-166.213404,-0.000001,-0.001144,-0.000000,-0.174922,0.789841,0.558899,0.182168,0.192424,-0.900332,-0.390353,-6.576931,-83.132287,281.023243,1
21480.000000,0.076895,-0.695074,-0.714814,-130.763559,206.972781,-159.191485,-0.000001,-0.001144,-0.000001,-0.171722,0.788786,0.559890,0.186684,0.192426,-0.900332,-0.390353,-1.734532,-78.050990,281.673228,1
21490.000000,0.070200,-0.694896,-0.715675,-136.985295,206.841431,-152.382352,-0.000000,-0.001144,-0.000001,-0.168516,0.787705,0.560863,0.191193,0.192428,-0.900331,-0.390352,3.008274,-72.895657,282.240218,1
21500.000000,0.064383,-0.694803,-0.716313,-143.379557,206.683161,-145.666958,-0.000001,-0.001144,-0.000000,-0.165305,0.786599,0.561818,0.195696,0.192430,-0.900331,-0.390352,7.650620,-67.668870,282.725280,1
21510.000000,0.052150,-0.694159,-0.717930,-149.677319,206.315270,-138.588053,-0.000001,-0.001144,-0.000001,-0.162088,0.785467,0.562755,0.200192,0.192432,-0.900331,-0.390352,12.191751,-62.373122,283.129481,1
21520.000000,0.045313,-0.694161,-0.718392,-155.306574,205.941303,-131.116613,-0.000001,-0.001145,-0.000001,-0.158866,0.784308,0.563673,0.204682,0.192434,-0.900330,-0.390352,16.631022,-57.010804,283.453877,1
21530.000000,0.038589,-0.694576,-0.718384,-160.095491,205.539258,-123.691136,-0.000001,-0.001145,-0.000001,-0.155639,0.783125,0.564572,0.209166,0.192436,-0.900330,-0.390352,20.967884,-51.584204,283.699506,1
21540.000000,0.029145,-0.695358,-0.718073,-166.273778,205.613050,-116.409817,-0.000001,-0.001144,-0.000000,-0.152407,0.781915,0.565453,0.213642,0.192438,-0.900330,-0.390352,25.201876,-46.095505,283.867379,1
21550.000000,0.019740,-0.694990,-0.718748,-170.477694,205.852508,-108.254390,-0.000000,-0.001145,-0.000001,-0.149170,0.780680,0.566316,0.218112,0.192440,-0.900329,-0.390351,29.332619,-40.546775,283.958469,1
21560.000000,0.013627,-0.694772,-0.719101,-175.044275,205.753867,-100.183353,-0.000000,-0.001145,-0.000000,-0.145928,0.779420,0.567160,0.222574,0.192442,-0.900329,-0.390351,33.359801,-34.939973,283.973710,1
21570.000000,0.003177,-0.694551,-0.719437,-179.466794,205.315391,-91.807348,-0.000001,-0.001145,-0.000001,-0.142681,0.778134,0.567985,0.227029,0.192444,-0.900329,-0.390351,37.283169,-29.276945,283.913981,1
21580.000000,-0.002669,-0.694043,-0.719928,-183.616799,205.293997,-84.024412,-0.000002,-0.001145,0.000000,-0.139430,0.776823,0.568792,0.231477,0.192446,-0.900328,-0.390351,41.102517,-23.559422,283.780107,1
21590.000000,-0.012313,-0.695717,-0.718211,-186.908550,205.989317,-75.457505,-0.000001,-0.001145,-0.000001,-0.136173,0.775486,0.569581,0.235917,0.192448,-0.900328,-0.390351,44.817674,-17.789024,283.572847,1
21600.000000,-0.020364,-0.695306,-0.718425,-190.167087,205.307575,-66.589799,-0.000000,-0.001145,-0.000001,-0.132913,0.774123,0.570350,0.240349,0.192450,-0.900327,-0.390351,48.428490,-11.967264,283.292890,1
21610.000000,-0.027585,-0.695920,-0.717590,-192.849051,204.466577,-58.211645,-0.000000,-0.001144,-0.000000,-0.129648,0.772736,0.571101,0.244773,0.192452,-0.900327,-0.390350,51.934827,-6.095547,282.940850,1
21620.000000,-0.037171,-0.694173,-0.718847,-196.290264,205.315722,-49.826226,-0.000000,-0.001144,-0.000000,-0.126379,0.771323,0.571834,0.249190,0.192454,-0.900327,-0.390350,55.336544,-0.175179,282.517263,1
21630.000000,-0.044611,-0.695424,-0.717213,-198.889107,205.346321,-41.109743,-0.000001,-0.001145,-0.000000,-0.123106,0.769885,0.572547,0.253598,0.192456,-0.900326,-0.390350,58.633485,5.792630,282.022579,1
21640.000000,-0.054229,-0.695314,-0.716657,-200.766406,204.252494,-31.894361,-0.000001,-0.001144,-0.000001,-0.119828,0.768422,0.573242,0.257998,0.192458,-0.900326,-0.390350,61.825468,11.806757,281.457161,1
21650.000000,-0.061549,-0.694746,-0.716616,-202.422199,204.492639,-22.772207,-0.000001,-0.001145,-0.000001,-0.116547,0.766933,0.573918,0.262390,0.192460,-0.900326,-0.390350,64.912272,17.866159,280.821284,1
21660.000000,-0.069988,-0.695454,-0.715154,-204.620113,204.284273,-13.526855,-0.000000,-0.001144,-0.000000,-0.113262,0.765420,0.574575,0.266773,0.192462,-0.900325,-0.390350,67.893624,23.969863,280.115132,1
21670.000000,-0.078503,-0.695300,-0.714419,-205.163369,203.728510,-5.282896,-0.000001,-0.001145,-0.000000,-0.109973,0.763881,0.575214,0.271147,0.192464,-0.900325,-0.390350,70.769191,30.116958,279.338798,1
21680.000000,-0.086641,-0.694929,-0.713840,-205.991752,204.073844,4.376721,-0.000000,-0.001144,-0.000001,-0.106681,0.762317,0.575834,0.275512,0.192466,-0.900325,-0.390349,73.538566,36.306581,278.492285,1
21690.000000,-0.094477,-0.694582,-0.713183,-206.900511,204.257061,13.407613,-0.000000,-0.001145,-0.000001,-0.103385,0.760729,0.576435,0.279869,0.192468,-0.900324,-0.390349,76.201261,42.537908,277.575503,1
21700.000000,-0.102795,-0.693475,-0.713110,-207.168633,203.939547,22.859239,-0.000000,-0.001145,-0.000001,-0.100086,0.759115,0.577017,0.284216,0.192470,-0.900324,-0.390349,78.756696,48.810141,276.588278,1
21710.000000,-0.111000,-0.694185,-0.711187,-207.029317,203.910014,31.395193,-0.000001,-0.001145,-0.000001,-0.096784,0.757477,0.577580,0.288554,0.192472,-0.900323,-0.390349,81.204191,55.122495,275.530347,1
21720.000000,-0.120011,-0.693759,-0.710138,-206.959697,204.052674,41.262908,-0.000001,-0.001145,-0.000001,-0.093478,0.755814,0.578124,0.292882,0.192474,-0.900323,-0.390349,83.542960,61.474182,274.401369,1
21730.000000,-0.126636,-0.695520,-0.707259,-206.100965,203.993720,50.280655,-0.000001,-0.001145,-0.000001,-0.090169,0.754126,0.578649,0.297201,0.192476,-0.900323,-0.390349,85.772103,67.864403,273.200925,1
21740.000000,-0.133617,-0.695159,-0.706328,-204.854773,203.602156,59.753046,-0.000001,-0.001145,-0.000000,-0.086858,0.752414,0.579155,0.301510,0.192478,-0.900322,-0.390348,87.890604,74.292327,271.928525,1
21750.000000,-0.141622,-0.695565,-0.704367,-203.861894,204.090730,68.276077,-0.000001,-0.001144,-0.000001,-0.083543,0.750677,0.579643,0.305809,0.192480,-0.900322,-0.390348,89.897322,80.757081,270.583613,1
21760.000000,-0.150951,-0.694808,-0.703176,-202.458169,204.237085,77.933660,-0.000001,-0.001145,-0.000001,-0.080226,0.748915,0.580111,0.310099,0.192482,-0.900322,-0.390348,91.790995,87.257734,269.165574,1
21770.000000,-0.158463,-0.695337,-0.700996,-199.715851,204.015593,87.427812,-0.000001,-0.001145,-0.000000,-0.076906,0.747129,0.580561,0.314378,0.192484,-0.900321,-0.390348,93.570232,93.793283,267.673744,1
21780.000000,-0.167213,-0.694897,-0.699398,-197.738621,203.739664,96.039078,0.000000,-0.001145,-0.000001,-0.073584,0.745318,0.580991,0.318647,0.192486,-0.900321,-0.390348,95.233517,100.362639,266.107415,1
21790.000000,-0.176232,-0.695513,-0.696566,-194.903524,203.885330,105.331797,-0.000000,-0.001144,-0.000001,-0.070259,0.743483,0.581403,0.322905,0.192488,-0.900321,-0.390348,96.779210,106.964610,264.465845,1
21800.000000,-0.184343,-0.694622,-0.695355,-192.128462,203.365128,115.013059,-0.000001,-0.001145,-0.000001,-0.066932,0.741624,0.581795,0.327153,0.192490,-0.900320,-0.390347,98.205547,113.597895,262.748267,1
21810.000000,-0.190262,-0.695962,-0.692414,-189.304900,204.338766,123.197318,-0.000000,-0.001145,-0.000000,-0.063603,0.739740,0.582168,0.331390,0.192492,-0.900320,-0.390347,99.510647,120.261062,260.953899,1
21820.000000,-0.198690,-0.695297,-0.690713,-184.923285,203.602058,132.101947,-0.000001,-0.001145,-0.000001,-0.060271,0.737832,0.582523,0.335616,0.192494,-0.900319,-0.390347,100.692514,126.952541,259.081953,1
21830.000000,-0.206761,-0.694550,-0.689094,-181.519036,203.763628,140.777539,-0.000001,-0.001145,-0.000001,-0.056938,0.735900,0.582858,0.339831,0.192496,-0.900319,-0.390347,101.749047,133.670611,257.131646,1
21840.000000,-0.214585,-0.695802,-0.685429,-177.494995,203.394252,149.581974,-0.000001,-0.001145,-0.000001,-0.053603,0.733944,0.583174,0.344036,0.192498,-0.900319,-0.390347,102.678042,140.413391,255.102211,1
21850.000000,-0.224190,-0.694804,-0.683364,-172.942932,204.187680,157.989898,-0.000000,-0.001145,-0.000001,-0.050266,0.731964,0.583471,0.348229,0.192500,-0.900318,-0.390347,103.477206,147.178825,252.992907,1
21860.000000,-0.230626,-0.694587,-0.681440,-167.822956,203.992017,167.468902,-0.000000,-0.001144,-0.000001,-0.046927,0.729960,0.583749,0.352410,0.192502,-0.900318,-0.390347,104.144166,153.964679,250.803028,1
21870.000000,-0.238914,-0.695289,-0.677859,-162.387627,203.610798,174.768978,-0.000001,-0.001144,-0.000001,-0.043587,0.727932,0.584008,0.356580,0.192504,-0.900318,-0.390346,104.676477,160.768540,248.531913,1
21880.000000,-0.245645,-0.693999,-0.676775,-156.921628,204.592213,182.825364,-0.000001,-0.001145,0.000001,-0.040246,0.725881,0.584248,0.360738,0.192506,-0.900317,-0.390346,105.071643,167.587995,246.178885,1
21890.000000,-0.253436,-0.694866,-0.673002,-151.361381,203.593762,190.975321,-0.000001,-0.001144,-0.000000,-0.036903,0.723805,0.584469,0.364885,0.192508,-0.900317,-0.390346,105.327066,174.420215,243.743292,1
21900.000000,-0.259485,-0.695042,-0.670510,-145.127507,204.471091,199.035245,-0.000001,-0.001145,-0.000000,-0.033559,0.721706,0.584670,0.369019,0.192510,-0.900317,-0.390346,105.440100,181.262042,241.224582,1
21910.000000,-0.269443,-0.695924,-0.665650,-138.179511,204.041342,206.321603,-0.000001,-0.001144,-0.000000,-0.030214,0.719583,0.584853,0.373142,0.192512,-0.900316,-0.390346,105.408087,188.110104,238.622299,1
21920.000000,-0.278280,-0.694648,-0.663344,-131.926569,204.358096,214.260537,-0.000001,-0.001145,-0.000000,-0.026867,0.717437,0.585016,0.377252,0.192514,-0.900316,-0.390346,105.228367,194.960815,235.936090,1
21930.000000,-0.284286,-0.694295,-0.661163,-124.717010,204.291878,221.611573,-0.000000,-0.001144,-0.000000,-0.023520,0.715267,0.585160,0.381350,0.192516,-0.900315,-0.390345,104.898294,201.810368,233.165717,1
21940.000000,-0.292674,-0.693993,-0.657811,-116.661001,203.951791,227.881407,-0.000001,-0.001145,-0.000002,-0.020173,0.713074,0.585285,0.385436,0.192518,-0.900315,-0.390345,104.415255,208.654744,230.311063,1
21950.000000,-0.298455,-0.695336,-0.653783,-109.995758,204.266606,234.976023,-0.000000,-0.001145,-0.000000,-0.016824,0.710857,0.585391,0.389508,0.192520,-0.900315,-0.390345,103.776681,215.489707,227.372141,1
21960.000000,-0.307969,-0.694081,-0.650697,-101.427654,204.267095,241.534752,-0.000000,-0.001145,-0.000000,-0.013475,0.708617,0.585477,0.393569,0.192523,-0.900314,-0.390345,102.980068,222.310813,224.349098,1
21970.000000,-0.312890,-0.695660,-0.646651,-93.435858,203.945272,248.120757,-0.000001,-0.001145,-0.000001,-0.010126,0.706354,0.585545,0.397616,0.192525,-0.900314,-0.390345,102.022990,229.113412,221.242224,1
21980.000000,-0.322030,-0.695272,-0.642568,-84.617704,203.830631,254.020573,-0.000001,-0.001144,-0.000000,-0.006776,0.704068,0.585593,0.401650,0.192527,-0.900314,-0.390345,100.903112,235.892656,218.051955,1
21990.000000,-0.329334,-0.695209,-0.638924,-75.462273,204.445361,260.139636,-0.000000,-0.001145,-0.000001,-0.003426,0.701759,0.585622,0.405671,0.192529,-0.900313,-0.390344,99.618214,242.643503,214.778882,1
22000.000000,-0.337069,-0.694701,-0.635432,-66.629973,204.149220,265.463016,-0.000001,-0.001145,-0.000001,-0.000076,0.699427,0.585632,0.409679,0.192531,-0.900313,-0.390344,98.166196,249.360727,211.423748,1
22010.000000,-0.344278,-0.694572,-0.631698,-57.043594,204.626452,269.913152,-0.000001,-0.001145,-0.000001,0.003274,0.697072,0.585623,0.413673,0.192533,-0.900313,-0.390344,96.545102,256.038927,207.987460,1
22020.000000,-0.350567,-0.695775,-0.626897,-48.135504,204.372598,275.171924,-0.000001,-0.001145,-0.000001,0.006624,0.694694,0.585595,0.417654,0.192535,-0.900312,-0.390344,94.753127,262.672535,204.471083,1
22030.000000,-0.357060,-0.694592,-0.624540,-37.675753,204.507431,279.175931,-0.000000,-0.001145,-0.000000,0.009974,0.692293,0.585547,0.421621,0.192537,-0.900312,-0.390344,92.788639,269.255831,200.875848,1
22040.000000,-0.365443,-0.694857,-0.619375,-28.120126,204.762001,283.521745,-0.000000,-0.001145,-0.000000,0.013324,0.689870,0.585481,0.425575,0.192539,-0.900311,-0.390344,90.650182,275.782950,197.203152,1
22050.000000,-0.371969,-0.695059,-0.615249,-17.933217,205.011553,287.309571,-0.000001,-0.001144,-0.000001,0.016673,0.687424,0.585395,0.429514,0.192541,-0.900311,-0.390344,88.336500,282.247897,193.454554,1
22060.000000,-0.378448,-0.695597,-0.610673,-6.757875,204.293911,290.490219,-0.000001,-0.001144,-0.000001,0.020021,0.684956,0.585290,0.433439,0.192543,-0.900311,-0.390343,85.846538,288.644558,189.631781,1
22070.000000,-0.385825,-0.694900,-0.606838,3.031817,204.687239,294.078245,-0.000000,-0.001145,-0.000001,0.023369,0.682465,0.585166,0.437351,0.192545,-0.900310,-0.390343,83.179461,294.966716,185.736724,1
22080.000000,-0.392907,-0.694951,-0.602219,14.003263,205.038398,296.499089,-0.000000,-0.001145,-0.000000,0.026716,0.679952,0.585023,0.441248,0.192547,-0.900310,-0.390343,80.334661,301.208060,181.771437,1
22090.000000,-0.399514,-0.694714,-0.598131,25.107727,205.544241,299.235891,-0.000000,-0.001145,-0.000001,0.030062,0.677417,0.584860,0.445130,0.192549,-0.900310,-0.390343,77.311767,307.362206,177.738135,1
22100.000000,-0.404744,-0.695462,-0.593730,36.261146,205.466294,301.387424,0.000000,-0.001145,-0.000001,0.033408,0.674860,0.584679,0.448998,0.192551,-0.900309,-0.390343,74.110651,313.422705,173.639190,1
22110.000000,-0.413705,-0.694799,-0.588304,47.498252,205.245594,302.132718,-0.000000,-0.001145,-0.000001,0.036752,0.672280,0.584478,0.452851,0.192553,-0.900309,-0.390343,70.731441,319.383061,169.477132,1
22120.000000,-0.420924,-0.694172,-0.583908,58.985400,205.333576,303.171297,-0.000000,-0.001145,-0.000001,0.040095,0.669679,0.584258,0.456689,0.192555,-0.900309,-0.390342,67.174523,325.236747,165.254640,1
22130.000000,-0.427662,-0.694218,-0.578935,70.307625,205.344521,304.454376,-0.000001,-0.001145,-0.000000,0.043436,0.667055,0.584019,0.460513,0.192557,-0.900308,-0.390342,63.440548,330.977215,160.974543,1
22140.000000,-0.434662,-0.694384,-0.573498,81.602774,205.683767,304.070637,-0.000001,-0.001145,-0.000001,0.046776,0.664410,0.583761,0.464321,0.192559,-0.900308,-0.390342,59.530438,336.597916,156.639813,1
22150.000000,-0.439521,-0.695531,-0.568382,93.163362,205.530595,304.104206,-0.000001,-0.001145,-0.000001,0.050115,0.661743,0.583484,0.468114,0.192561,-0.900307,-0.390342,55.445390,342.092313,152.253560,1
22160.000000,-0.446212,-0.694002,-0.565027,104.805773,205.342814,303.178742,-0.000001,-0.001144,-0.000001,0.053452,0.659054,0.583188,0.471892,0.192563,-0.900307,-0.390342,51.186879,347.453896,147.819031,1
22170.000000,-0.452445,-0.695902,-0.557687,116.022535,205.578385,301.995729,-0.000000,-0.001144,-0.000000,0.056787,0.656344,0.582873,0.475655,0.192565,-0.900307,-0.390342,46.756658,352.676195,143.339601,1
22180.000000,-0.458548,-0.695772,-0.552844,128.172433,205.810852,300.972031,-0.000001,-0.001145,-0.000000,0.060121,0.653612,0.582538,0.479402,0.192567,-0.900306,-0.390341,42.156765,357.752799,138.818767,1
22190.000000,-0.463371,-0.696440,-0.547959,139.892783,205.136348,298.389779,-0.000001,-0.001145,-0.000001,0.063452,0.650859,0.582185,0.483133,0.192569,-0.900306,-0.390341,37.389519,362.677364,134.260148,1
22200.000000,-0.472761,-0.694688,-0.542130,152.087283,205.633520,295.837594,-0.000000,-0.001145,-0.000000,0.066781,0.648085,0.581812,0.486848,0.192571,-0.900306,-0.390341,32.457523,367.443635,129.667474,1
22210.000000,-0.476849,-0.695912,-0.536955,163.164751,205.992197,292.596356,-0.000001,-0.001145,-0.000001,0.070109,0.645289,0.581421,0.490547,0.192573,-0.900305,-0.390341,27.363660,372.045455,125.044584,1
22220.000000,-0.484302,-0.694837,-0.531652,174.725638,206.298768,289.557205,-0.000001,-0.001144,-0.000001,0.073434,0.642472,0.581010,0.494231,0.192575,-0.900305,-0.390341,22.111097,376.476778,120.395416,1
22230.000000,-0.491938,-0.693705,-0.526089,185.556411,205.961118,285.565671,-0.000001,-0.001145,0.000000,0.076756,0.639634,0.580581,0.497898,0.192577,-0.900305,-0.390341,16.703279,380.731688,115.724007,1
22240.000000,-0.496067,-0.695024,-0.520441,196.996198,206.023126,281.451260,-0.000001,-0.001144,-0.000000,0.080076,0.636776,0.580132,0.501549,0.192579,-0.900304,-0.390341,11.143927,384.804408,111.034484,1
22250.000000,-0.502032,-0.694160,-0.515854,207.769018,207.041109,276.641311,-0.000000,-0.001145,-0.000000,0.083393,0.633896,0.579664,0.505183,0.192581,-0.900304,-0.390340,5.437037,388.689316,106.331055,1
22260.000000,-0.508108,-0.695145,-0.508527,219.620309,206.490513,270.910280,-0.000001,-0.001144,-0.000000,0.086708,0.630996,0.579178,0.508801,0.192583,-0.900303,-0.390340,-0.413126,392.380955,101.618009,1
22270.000000,-0.514333,-0.694731,-0.502802,230.026425,206.192360,265.579764,-0.000001,-0.001145,-0.000001,0.090020,0.628075,0.578672,0.512403,0.192585,-0.900303,-0.390340,-6.402032,395.874050,96.899708,1
22280.000000,-0.519912,-0.695603,-0.495810,240.666981,207.351684,259.447699,-0.000001,-0.001146,-0.000001,0.093329,0.625134,0.578148,0.515987,0.192587,-0.900303,-0.390340,-12.524889,399.163517,92.180580,1
22290.000000,-0.525017,-0.695386,-0.490710,251.307257,207.011517,252.642863,-0.000000,-0.001144,-0.000001,0.096634,0.622172,0.577605,0.519555,0.192589,-0.900302,-0.390340,-18.776650,402.244479,87.465111,1
22300.000000,-0.531058,-0.694622,-0.485261,261.603237,207.234341,245.943167,-0.000001,-0.001144,-0.000000,0.099937,0.619189,0.577042,0.523105,0.192591,-0.900302,-0.390340,-25.152021,405.112277,82.757844,1
22310.000000,-0.535619,-0.694965,-0.479724,271.727933,207.226502,238.059545,-0.000000,-0.001144,-0.000000,0.103236,0.616187,0.576461,0.526639,0.192593,-0.900302,-0.390339,-31.645460,407.762481,78.063370,1
22320.000000,-0.541108,-0.694726,-0.473876,281.172693,207.289734,229.924307,-0.000000,-0.001145,-0.000000,0.106532,0.613164,0.575861,0.530155,0.192595,-0.900301,-0.390339,-38.251194,410.190902,73.386320,1
22330.000000,-0.546937,-0.695823,-0.465500,290.786397,207.550565,222.145353,-0.000001,-0.001145,-0.000000,0.109825,0.610121,0.575242,0.533654,0.192597,-0.900301,-0.390339,-44.963218,412.393610,68.731362,1
22340.000000,-0.552697,-0.693781,-0.461730,300.048502,207.240235,213.656249,-0.000000,-0.001145,-0.000001,0.113114,0.607058,0.574605,0.537136,0.192599,-0.900301,-0.390339,-51.775309,414.366936,64.103193,1
22350.000000,-0.557033,-0.695361,-0.454078,308.626328,207.913313,204.089469,-0.000001,-0.001144,-0.000001,0.116399,0.603976,0.573948,0.540600,0.192601,-0.900300,-0.390339,-58.681029,416.107491,59.506531,1
22360.000000,-0.563209,-0.695117,-0.446775,316.571450,207.527456,195.490147,-0.000000,-0.001145,-0.000001,0.119680,0.600873,0.573273,0.544046,0.192603,-0.900300,-0.390339,-65.673742,417.612176,54.946110,1
22370.000000,-0.567124,-0.694761,-0.442354,325.436028,207.433006,185.770926,-0.000001,-0.001145,-0.000001,0.122958,0.597751,0.572579,0.547474,0.192605,-0.900299,-0.390338,-72.746614,418.878189,50.426672,1
22380.000000,-0.571776,-0.695313,-0.435444,332.996969,207.913642,174.972773,-0.000001,-0.001145,-0.000000,0.126231,0.594610,0.571866,0.550885,0.192607,-0.900299,-0.390338,-79.892631,419.903042,45.952960,1
22390.000000,-0.577832,-0.694577,-0.428571,340.313199,207.898634,164.604152,-0.000000,-0.001145,-0.000000,0.129500,0.591449,0.571135,0.554277,0.192609,-0.900299,-0.390338,-87.104609,420.684567,41.529710,1
22400.000000,-0.583121,-0.694679,-0.421177,347.110254,208.377301,153.997374,-0.000001,-0.001145,-0.000000,0.132765,0.588268,0.570385,0.557651,0.192611,-0.900298,-0.390338,-94.375200,421.220929,37.161643,1
22410.000000,-0.587252,-0.694860,-0.415096,354.227157,207.704451,142.959980,-0.000001,-0.001145,-0.000001,0.136026,0.585069,0.569616,0.561008,0.192613,-0.900298,-0.390338,-101.696914,421.510634,32.853457,1
22420.000000,-0.591890,-0.694181,-0.409609,359.547522,207.979994,131.955594,-0.000001,-0.001145,-0.000000,0.139282,0.581850,0.568828,0.564345,0.192615,-0.900298,-0.390338,-109.062121,421.552540,28.609821,1
22430.000000,-0.597596,-0.694493,-0.400697,365.784770,208.413395,120.368844,-0.000000,-0.001144,-0.000001,0.142534,0.578612,0.568022,0.567665,0.192617,-0.900297,-0.390338,-116.463075,421.345863,24.435360,1
22440.000000,-0.600638,-0.695470,-0.394406,371.333632,208.467073,109.239647,-0.000000,-0.001144,-0.000000,0.145781,0.575355,0.567198,0.570965,0.192619,-0.900297,-0.390337,-123.891919,420.890189,20.334654,1
22450.000000,-0.605805,-0.694801,-0.387624,375.740447,208.510235,96.695099,0.000000,-0.001144,0.000000,0.149024,0.572079,0.566354,0.574247,0.192622,-0.900297,-0.390337,-131.340783,420.185479,16.312184,1
22460.000000,-0.608456,-0.696155,-0.380984,379.649413,208.245947,84.733057,-0.000001,-0.001145,-0.000000,0.152261,0.568785,0.565493,0.577510,0.192624,-0.900296,-0.390337,-138.801853,419.231971,12.372285,1
22470.000000,-0.614335,-0.695607,-0.372456,383.969743,208.307942,72.247430,-0.000001,-0.001145,-0.000000,0.155493,0.565472,0.564612,0.580755,0.192626,-0.900296,-0.390337,-146.266944,418.030185,8.519360,1
22480.000000,-0.618220,-0.694439,-0.368184,387.137816,208.808336,59.965410,-0.000001,-0.001145,-0.000000,0.158721,0.562141,0.563714,0.583980,0.192628,-0.900295,-0.390337,-153.727789,416.581047,4.757740,1
22490.000000,-0.621542,-0.696758,-0.358069,390.888506,208.891143,47.417172,-0.000001,-0.001144,-0.000000,0.161943,0.558791,0.562796,0.587186,0.192630,-0.900295,-0.390337,-161.176091,414.885899,1.091663,1
22500.000000,-0.627797,-0.694561,-0.351363,392.539821,209.102956,34.225489,-0.000001,-0.001145,-0.000001,0.165160,0.555423,0.561861,0.590373,0.192632,-0.900295,-0.390336,-168.603535,412.946500,-2.474742,1
22510.000000,-0.629930,-0.695353,-0.345938,394.582166,208.817990,21.228090,-0.000000,-0.001145,-0.000000,0.168371,0.552036,0.560907,0.593541,0.192634,-0.900294,-0.390336,-176.001816,410.765033,-5.937463,1
22520.000000,-0.635123,-0.694284,-0.338509,396.207827,208.295647,8.295304,-0.000001,-0.001144,-0.000000,0.171577,0.548632,0.559935,0.596689,0.192636,-0.900294,-0.390336,-183.362654,408.344098,-9.292617,1
22530.000000,-0.637715,-0.695295,-0.331488,396.965662,208.565261,-4.097004,-0.000000,-0.001145,-0.000001,0.174777,0.545210,0.558944,0.599818,0.192638,-0.900294,-0.390336,-190.677818,405.686718,-12.536464,1
22540.000000,-0.641565,-0.695276,-0.324015,397.135946,208.732602,-16.831435,-0.000001,-0.001145,-0.000001,0.177972,0.541769,0.557935,0.602927,0.192640,-0.900293,-0.390336,-197.939145,402.796332,-15.665413,1
22550.000000,-0.644887,-0.695356,-0.317175,397.506109,208.958041,-30.249173,-0.000001,-0.001144,-0.000001,0.181161,0.538311,0.556908,0.606016,0.192642,-0.900293,-0.390336,-205.138565,399.676789,-18.676039,1
22560.000000,-0.650137,-0.694722,-0.307707,396.463831,208.518581,-43.474629,-0.000001,-0.001145,-0.000000,0.184343,0.534836,0.555862,0.609086,0.192644,-0.900293,-0.390335,-212.268122,396.332349,-21.565091,1
22570.000000,-0.653056,-0.694725,-0.301454,395.512078,208.764422,-55.122384,-0.000000,-0.001145,-0.000001,0.187520,0.531343,0.554799,0.612135,0.192646,-0.900292,-0.390335,-219.319995,392.767667,-24.329502,1
22580.000000,-0.656375,-0.694639,-0.294362,393.676731,208.461262,-68.882267,-0.000000,-0.001144,-0.000000,0.190691,0.527832,0.553717,0.615165,0.192648,-0.900292,-0.390335,-226.286519,388.987792,-26.966398,1
22590.000000,-0.658864,-0.695095,-0.287648,391.133100,208.672566,-81.787766,-0.000000,-0.001145,-0.000001,0.193855,0.524305,0.552617,0.618174,0.192650,-0.900291,-0.390335,-233.160209,384.998149,-29.473113,1
22600.000000,-0.662678,-0.695145,-0.278625,388.555970,208.543736,-93.889564,-0.000001,-0.001144,-0.000000,0.197013,0.520760,0.551499,0.621163,0.192652,-0.900291,-0.390335,-239.933783,380.804533,-31.847190,1
22610.000000,-0.665349,-0.695366,-0.271618,385.792591,208.752890,-106.528292,-0.000000,-0.001145,-0.000000,0.200165,0.517198,0.550363,0.624132,0.192654,-0.900291,-0.390335,-246.600177,376.413086,-34.086396,1
22620.000000,-0.668583,-0.694928,-0.264710,381.691204,208.164387,-119.047906,-0.000001,-0.001144,-0.000000,0.203310,0.513619,0.549209,0.627081,0.192656,-0.900290,-0.390335,-253.152573,371.830293,-36.188727,1
22630.000000,-0.672584,-0.695140,-0.253793,378.249120,208.416660,-130.862760,-0.000001,-0.001145,-0.000000,0.206449,0.510024,0.548037,0.630008,0.192658,-0.900290,-0.390334,-259.584414,367.062951,-38.152415,1
22640.000000,-0.674984,-0.695146,-0.247323,373.611749,208.754296,-142.589750,-0.000000,-0.001145,-0.000000,0.209580,0.506411,0.546847,0.632916,0.192660,-0.900290,-0.390334,-265.889426,362.118162,-39.975932,1
22650.000000,-0.677771,-0.694713,-0.240832,368.691743,208.611185,-154.775006,-0.000000,-0.001144,-0.000001,0.212705,0.502782,0.545639,0.635802,0.192662,-0.900289,-0.390334,-272.061634,357.003303,-41.658000,1
22660.000000,-0.679082,-0.696037,-0.233194,363.101495,208.307612,-166.328582,-0.000000,-0.001144,-0.000000,0.215823,0.499137,0.544413,0.638668,0.192664,-0.900289,-0.390334,-278.095381,351.726010,-43.197588,1
22670.000000,-0.682945,-0.695568,-0.223096,357.548220,208.598342,-177.578310,-0.000000,-0.001145,-0.000000,0.218934,0.495475,0.543170,0.641513,0.192666,-0.900289,-0.390334,-283.985344,346.294151,-44.593923,1
22680.000000,-0.686414,-0.693639,-0.218405,350.759107,208.571053,-188.468134,-0.000000,-0.001144,-0.000001,0.222037,0.491797,0.541908,0.644337,0.192668,-0.900288,-0.390334,-289.726548,340.715802,-45.846484,1
22690.000000,-0.686949,-0.696061,-0.208804,344.437528,208.551694,-198.602741,-0.000000,-0.001144,-0.000000,0.225134,0.488103,0.540629,0.647140,0.192670,-0.900288,-0.390333,-295.314379,334.999222,-46.955007,1
22700.000000,-0.689550,-0.695864,-0.200732,337.623686,208.551122,-209.179928,-0.000001,-0.001145,-0.000000,0.228223,0.484393,0.539333,0.649921,0.192672,-0.900287,-0.390333,-300.744598,329.152824,-47.919486,1
22710.000000,-0.692499,-0.694852,-0.193974,329.848998,208.719747,-219.508440,-0.000000,-0.001145,-0.000001,0.231304,0.480668,0.538018,0.652682,0.192674,-0.900287,-0.390333,-306.013351,323.185151,-48.740166,1
22720.000000,-0.695960,-0.693431,-0.186529,322.287939,208.358417,-229.266684,-0.000000,-0.001145,0.000000,0.234378,0.476926,0.536686,0.655421,0.192676,-0.900287,-0.390333,-311.117173,317.104845,-49.417545,1
22730.000000,-0.696029,-0.695612,-0.177953,313.782653,208.342481,-238.520359,-0.000001,-0.001144,-0.000000,0.237445,0.473169,0.535337,0.658138,0.192678,-0.900286,-0.390333,-316.053002,310.920616,-49.952367,1
22740.000000,-0.699243,-0.694403,-0.169889,305.568323,208.089938,-248.078941,-0.000001,-0.001145,-0.000000,0.240503,0.469396,0.533970,0.660834,0.192680,-0.900286,-0.390333,-320.818178,304.641216,-50.345619,1
22750.000000,-0.699750,-0.695170,-0.164583,296.412777,208.601713,-256.868321,-0.000001,-0.001145,-0.000001,0.243554,0.465608,0.532585,0.663509,0.192682,-0.900286,-0.390332,-325.410450,298.275410,-50.598522,1
22760.000000,-0.702890,-0.694708,-0.152730,287.572416,208.023624,-264.437611,0.000000,-0.001145,-0.000000,0.246596,0.461805,0.531183,0.666161,0.192684,-0.900285,-0.390332,-329.827973,291.831942,-50.712524,1
22770.000000,-0.703433,-0.695938,-0.144401,278.584063,208.029155,-273.099757,-0.000001,-0.001145,-0.000001,0.249631,0.457987,0.529764,0.668792,0.192686,-0.900285,-0.390332,-334.069312,285.319511,-50.689292,1
22780.000000,-0.705165,-0.695875,-0.136016,268.662302,208.932331,-280.525100,-0.000000,-0.001145,-0.000000,0.252657,0.454153,0.528327,0.671401,0.192688,-0.900284,-0.390332,-338.133434,278.746738,-50.530702,1
22790.000000,-0.707374,-0.694914,-0.129293,258.947227,208.454747,-287.434779,-0.000001,-0.001144,0.000000,0.255676,0.450305,0.526873,0.673988,0.192690,-0.900284,-0.390332,-342.019707,272.122141,-50.238828,1
22800.000000,-0.708644,-0.695181,-0.120611,249.511590,208.502955,-294.654341,-0.000000,-0.001144,-0.000001,0.258685,0.446442,0.525402,0.676553,0.192692,-0.900284,-0.390332,-345.727888,265.454102,-49.815928,1
22810.000000,-0.709466,-0.695711,-0.112445,239.356063,208.310608,-300.971091,-0.000001,-0.001144,-0.000000,0.261687,0.442565,0.523914,0.679096,0.192694,-0.900283,-0.390332,-349.258121,258.750847,-49.264435,1
22820.000000,-0.711934,-0.694778,-0.102140,228.771362,208.605987,-306.380321,-0.000000,-0.001145,-0.000000,0.264679,0.438673,0.522408,0.681616,0.192696,-0.900283,-0.390331,-352.610920,252.020417,-48.586941,1
22830.000000,-0.714113,-0.693354,-0.096452,218.990758,208.777727,-312.870446,-0.000000,-0.001145,-0.000000,0.267664,0.434766,0.520885,0.684115,0.192698,-0.900283,-0.390331,-355.787159,245.270642,-47.786181,1
22840.000000,-0.714779,-0.693757,-0.088273,208.106120,209.132264,-317.731934,-0.000001,-0.001145,-0.000001,0.270639,0.430846,0.519346,0.686591,0.192700,-0.900282,-0.390331,-358.788058,238.509122,-46.865025,1
22850.000000,-0.713811,-0.695888,-0.078831,197.830951,208.985679,-322.004415,-0.000001,-0.001144,-0.000001,0.273605,0.426911,0.517789,0.689044,0.192702,-0.900282,-0.390331,-361.615164,231.743203,-45.826453,1
22860.000000,-0.715256,-0.694968,-0.073676,187.829844,208.935610,-326.601582,-0.000001,-0.001144,-0.000000,0.276563,0.422962,0.516215,0.691475,0.192704,-0.900282,-0.390331,-364.270336,224.979960,-44.673548,1
22870.000000,-0.715603,-0.695426,-0.065537,176.191207,209.001129,-330.767923,-0.000001,-0.001145,-0.000001,0.279512,0.419000,0.514625,0.693883,0.192706,-0.900281,-0.390331,-366.755725,218.226176,-43.409474,1
22880.000000,-0.716582,-0.695256,-0.055938,165.504409,209.478244,-333.930961,-0.000000,-0.001146,-0.000000,0.282451,0.415024,0.513017,0.696269,0.192708,-0.900281,-0.390330,-369.073753,211.488329,-42.037465,1
22890.000000,-0.717883,-0.694680,-0.045431,153.972648,209.405527,-337.291351,-0.000001,-0.001144,-0.000001,0.285381,0.411034,0.511393,0.698631,0.192710,-0.900280,-0.390330,-371.227092,204.772579,-40.560803,1
22900.000000,-0.716746,-0.696304,-0.037902,143.552993,209.565747,-339.334751,-0.000001,-0.001144,-0.000001,0.288302,0.407031,0.509752,0.700971,0.192712,-0.900280,-0.390330,-373.218639,198.084754,-38.982807,1
22910.000000,-0.718351,-0.695025,-0.030202,132.093752,209.420178,-342.381964,-0.000000,-0.001144,-0.000001,0.291213,0.403014,0.508095,0.703288,0.192714,-0.900280,-0.390330,-375.051498,191.430343,-37.306816,1
22920.000000,-0.718399,-0.695292,-0.021728,121.446431,209.516892,-344.101856,-0.000001,-0.001144,-0.000001,0.294115,0.398984,0.506421,0.705582,0.192716,-0.900279,-0.390330,-376.728950,184.814488,-35.536172,1
22930.000000,-0.719667,-0.694171,-0.014364,110.645786,209.821572,-345.929720,-0.000001,-0.001145,-0.000001,0.297007,0.394941,0.504730,0.707853,0.192718,-0.900279,-0.390330,-378.254431,178.241981,-33.674206,1
22940.000000,-0.718342,-0.695664,-0.006011,99.395723,210.134717,-347.472886,-0.000000,-0.001145,-0.000001,0.299889,0.390886,0.503022,0.710101,0.192721,-0.900279,-0.390329,-379.631507,171.717258,-31.724224,1
22950.000000,-0.718493,-0.695534,0.000878,88.562941,209.440862,-348.378640,-0.000000,-0.001144,-0.000000,0.302762,0.386817,0.501299,0.712325,0.192723,-0.900278,-0.390329,-380.863849,165.244406,-29.689492,1
22960.000000,-0.718872,-0.695073,0.009835,78.098674,210.907261,-348.408566,-0.000000,-0.001145,-0.000000,0.305625,0.382736,0.499559,0.714526,0.192725,-0.900278,-0.390329,-381.955210,158.827156,-27.573224,1
22970.000000,-0.718947,-0.694825,0.018229,67.577834,211.446550,-349.113715,-0.000000,-0.001145,0.000000,0.308478,0.378642,0.497802,0.716704,0.192727,-0.900278,-0.390329,-382.909395,152.468895,-25.378572,1
22980.000000,-0.718877,-0.694613,0.027013,56.690156,211.065590,-348.666253,-0.000000,-0.001145,0.000000,0.311320,0.374536,0.496029,0.718858,0.192729,-0.900277,-0.390329,-383.730242,146.172668,-23.108610,1
22990.000000,-0.718696,-0.694438,0.035096,45.699202,211.633767,-347.985464,-0.000000,-0.001145,-0.000000,0.314153,0.370418,0.494240,0.720989,0.192731,-0.900277,-0.390329,-384.421597,139.941189,-20.766328,1
23000.000000,-0.717530,-0.695188,0.043181,35.257064,211.696601,-347.134133,-0.000000,-0.001144,0.000000,0.316975,0.366287,0.492435,0.723096,0.192733,-0.900276,-0.390329,-384.987291,133.776849,-18.354620,1
23010.000000,-0.716513,-0.695726,0.050743,24.741744,212.355612,-345.449461,-0.000001,-0.001145,-0.000001,0.319787,0.362145,0.490614,0.725180,0.192735,-0.900276,-0.390328,-385.431118,127.681730,-15.876278,1
23020.000000,-0.716116,-0.695363,0.060397,14.528231,212.734562,-344.581433,-0.000001,-0.001144,-0.000001,0.322588,0.357990,0.488776,0.727240,0.192737,-0.900276,-0.390328,-385.756815,121.657617,-13.333986,1
23030.000000,-0.715645,-0.695225,0.067188,5.086417,212.937305,-341.963986,-0.000000,-0.001144,-0.000001,0.325379,0.353824,0.486923,0.729276,0.192739,-0.900275,-0.390328,-385.968046,115.705872,-10.730246,1
23040.000000,-0.714508,-0.695494,0.075929,-5.003563,213.300376,-340.544361,-0.000000,-0.001144,-0.000001,0.328159,0.349647,0.485054,0.731288,0.192741,-0.900275,-0.390328,-386.068250,109.827625,-8.067461,1
23050.000000,-0.715007,-0.694038,0.084120,-15.232782,214.014520,-337.856224,-0.000001,-0.001145,-0.000001,0.330928,0.345458,0.483169,0.733276,0.192743,-0.900275,-0.390328,-386.060705,104.023890,-5.347982,1
23060.000000,-0.713275,-0.694886,0.091499,-24.430012,213.621264,-335.001379,-0.000001,-0.001145,-0.000001,0.333687,0.341257,0.481268,0.735240,0.192745,-0.900274,-0.390328,-385.948570,98.295460,-2.574040,1
23070.000000,-0.712897,-0.694148,0.099684,-34.201474,214.318783,-332.066176,-0.000000,-0.001145,-0.000001,0.336434,0.337046,0.479351,0.737180,0.192747,-0.900274,-0.390327,-385.734877,92.642922,0.252251,1
23080.000000,-0.711278,-0.694574,0.107938,-43.095977,214.978656,-329.249524,-0.000001,-0.001145,-0.000000,0.339171,0.332823,0.477418,0.739096,0.192749,-0.900274,-0.390327,-385.422517,87.066674,3.128897,1
23090.000000,-0.709314,-0.695447,0.115007,-53.356867,215.871201,-324.783543,-0.000000,-0.001145,-0.000000,0.341897,0.328590,0.475470,0.740988,0.192751,-0.900273,-0.390327,-385.014228,81.566949,6.054024,1
23100.000000,-0.709723,-0.693377,0.124586,-61.653372,215.974563,-321.458948,-0.000001,-0.001145,-0.000000,0.344611,0.324346,0.473507,0.742856,0.192753,-0.900273,-0.390327,-384.512586,76.143834,9.025869,1
23110.000000,-0.706401,-0.695182,0.133115,-71.217154,216.685422,-317.124234,-0.000001,-0.001144,-0.000001,0.347314,0.320091,0.471528,0.744699,0.192755,-0.900272,-0.390327,-383.919999,70.797286,12.042788,1
23120.000000,-0.704958,-0.694885,0.142020,-79.711977,217.354711,-312.982329,-0.000001,-0.001144,-0.000001,0.350006,0.315825,0.469533,0.746518,0.192757,-0.900272,-0.390327,-383.238701,65.527157,15.103239,1
23130.000000,-0.703128,-0.695272,0.149022,-87.681241,217.372359,-308.756484,-0.000001,-0.001145,-0.000000,0.352686,0.311550,0.467523,0.748312,0.192759,-0.900272,-0.390326,-382.470749,60.333208,18.205787,1
23140.000000,-0.702225,-0.694694,0.155820,-96.270089,217.651556,-304.086985,-0.000000,-0.001145,-0.000001,0.355355,0.307264,0.465498,0.750082,0.192761,-0.900271,-0.390326,-381.618019,55.215135,21.349094,1
23150.000000,-0.699582,-0.695234,0.165029,-104.220463,218.551241,-298.826735,-0.000000,-0.001144,-0.000001,0.358012,0.302968,0.463458,0.751828,0.192763,-0.900271,-0.390326,-380.682211,50.172581,24.531909,1
23160.000000,-0.698091,-0.694720,0.173301,-112.614952,219.769139,-293.930819,-0.000001,-0.001145,-0.000000,0.360657,0.298662,0.461402,0.753549,0.192765,-0.900271,-0.390326,-379.664845,45.205158,27.753068,1
23170.000000,-0.696112,-0.694999,0.180012,-119.514347,220.028476,-288.208782,-0.000001,-0.001144,-0.000000,0.363291,0.294347,0.459331,0.755245,0.192767,-0.900270,-0.390326,-378.567269,40.312461,31.011479,1
23180.000000,-0.693942,-0.695116,0.187771,-127.590240,220.561607,-282.700724,-0.000000,-0.001144,0.000000,0.365912,0.290021,0.457246,0.756916,0.192769,-0.900270,-0.390326,-377.390658,35.494087,34.306119,1
23190.000000,-0.691991,-0.694722,0.196239,-134.101247,221.512300,-277.529955,-0.000001,-0.001144,-0.000000,0.368522,0.285687,0.455145,0.758563,0.192771,-0.900270,-0.390326,-376.136028,30.749646,37.636022,1
23200.000000,-0.690513,-0.693918,0.204131,-142.173906,222.141271,-271.791775,-0.000000,-0.001145,-0.000001,0.371120,0.281343,0.453029,0.760185,0.192773,-0.900269,-0.390325,-374.804236,26.078777,41.000273,1
23210.000000,-0.686640,-0.695146,0.212833,-149.312525,222.633376,-264.883081,-0.000001,-0.001145,-0.000001,0.373705,0.276989,0.450899,0.761782,0.192775,-0.900269,-0.390325,-373.395990,21.481158,44.397998,1
23220.000000,-0.685528,-0.694020,0.219972,-155.677531,222.978347,-258.876074,-0.000001,-0.001144,-0.000001,0.376278,0.272627,0.448754,0.763354,0.192777,-0.900268,-0.390325,-371.911863,16.956517,47.828353,1
23230.000000,-0.681166,-0.695573,0.228453,-161.815010,224.116251,-252.253393,-0.000000,-0.001145,-0.000000,0.378839,0.268256,0.446594,0.764901,0.192779,-0.900268,-0.390325,-370.352297,12.504643,51.290520,1
23240.000000,-0.679293,-0.694933,0.235858,-167.755033,224.443451,-245.854421,-0.000001,-0.001145,-0.000000,0.381388,0.263876,0.444419,0.766423,0.192781,-0.900268,-0.390325,-368.717614,8.125393,54.783695,1
23250.000000,-0.675921,-0.695413,0.243993,-174.295358,224.977580,-239.178572,-0.000000,-0.001144,-0.000000,0.383924,0.259487,0.442230,0.767920,0.192783,-0.900267,-0.390325,-367.008034,3.818694,58.307083,1
23260.000000,-0.673003,-0.694987,0.253101,-179.192765,224.690998,-232.443278,-0.000001,-0.001144,-0.000001,0.386447,0.255090,0.440027,0.769392,0.192785,-0.900267,-0.390324,-365.223676,-0.415445,61.859888,1
23270.000000,-0.670932,-0.694780,0.259096,-185.388021,226.355371,-225.247406,-0.000001,-0.001144,-0.000000,0.388958,0.250685,0.437809,0.770838,0.192787,-0.900267,-0.390324,-363.364578,-4.576934,65.441306,1
23280.000000,-0.667658,-0.694959,0.266956,-190.440359,227.202130,-217.860347,-0.000001,-0.001145,-0.000001,0.391456,0.246271,0.435577,0.772260,0.192789,-0.900266,-0.390324,-361.430705,-8.665599,69.050521,1
23290.000000,-0.664781,-0.694648,0.274829,-195.890635,227.276314,-210.186980,-0.000001,-0.001144,-0.000001,0.393942,0.241849,0.433330,0.773656,0.192791,-0.900266,-0.390324,-359.421961,-12.681180,72.686694,1
23300.000000,-0.660821,-0.695490,0.282152,-200.058586,228.874120,-202.630668,-0.000001,-0.001144,-0.000001,0.396414,0.237419,0.431070,0.775027,0.192793,-0.900266,-0.390324,-357.338199,-16.623334,76.348965,1
23310.000000,-0.658005,-0.694837,0.290226,-205.386250,229.380371,-195.788411,-0.000001,-0.001144,-0.000001,0.398874,0.232982,0.428795,0.776372,0.192795,-0.900265,-0.390324,-355.179234,-20.491632,80.036442,1
23320.000000,-0.654656,-0.695208,0.296836,-209.129443,230.559142,-187.975896,-0.000001,-0.001145,-0.000001,0.401320,0.228537,0.426506,0.777692,0.192797,-0.900265,-0.390323,-352.944850,-24.285564,83.748199,1
23330.000000,-0.650816,-0.694880,0.305909,-213.160186,231.636139,-180.491295,-0.000000,-0.001145,-0.000000,0.403753,0.224084,0.424203,0.778987,0.192799,-0.900264,-0.390323,-350.634816,-28.004542,87.483274,1
23340.000000,-0.647764,-0.694960,0.312141,-217.013236,232.157850,-171.997603,-0.000000,-0.001145,0.000000,0.406173,0.219625,0.421887,0.780256,0.192801,-0.900264,-0.390323,-348.248887,-31.647901,91.240667,1
23350.000000,-0.644394,-0.694158,0.320782,-220.188651,232.677177,-164.313644,-0.000001,-0.001145,-0.000001,0.408580,0.215157,0.419556,0.781500,0.192803,-0.900264,-0.390323,-345.786817,-35.214908,95.019334,1
23360.000000,-0.639302,-0.696196,0.326504,-224.168955,233.010977,-155.809285,-0.000001,-0.001145,-0.000000,0.410974,0.210683,0.417212,0.782718,0.192805,-0.900263,-0.390323,-343.248368,-38.704760,98.818190,1
23370.000000,-0.635561,-0.695823,0.334504,-225.947176,233.952689,-147.904275,-0.000001,-0.001145,-0.000001,0.413354,0.206202,0.414854,0.783910,0.192807,-0.900263,-0.390323,-340.633313,-42.116597,102.636107,1
23380.000000,-0.632792,-0.694776,0.341848,-229.828225,234.807384,-139.725061,-0.000001,-0.001145,-0.000000,0.415720,0.201715,0.412483,0.785077,0.192809,-0.900263,-0.390323,-337.941442,-45.449500,106.471915,1
23390.000000,-0.629006,-0.694611,0.349095,-231.818400,236.447955,-131.627705,-0.000000,-0.001144,-0.000000,0.418073,0.197220,0.410098,0.786218,0.192811,-0.900262,-0.390322,-335.172573,-48.702499,110.324399,1
23400.000000,-0.626172,-0.694163,0.355031,-234.287601,236.499860,-123.621767,-0.000001,-0.001144,-0.000001,0.420412,0.192719,0.407700,0.787333,0.192813,-0.900262,-0.390322,-332.326547,-51.874579,114.192306,1
23410.000000,-0.621704,-0.694465,0.362220,-236.453096,237.512504,-114.396125,-0.000000,-0.001145,-0.000001,0.422737,0.188212,0.405288,0.788423,0.192815,-0.900262,-0.390322,-329.403239,-54.964682,118.074340,1
23420.000000,-0.616639,-0.694955,0.369856,-238.059345,238.289216,-106.382056,-0.000001,-0.001145,-0.000001,0.425049,0.183699,0.402863,0.789487,0.192817,-0.900261,-0.390322,-326.402558,-57.971717,121.969168,1
23430.000000,-0.612432,-0.694795,0.377077,-239.103924,239.432779,-97.583395,-0.000001,-0.001145,-0.000000,0.427346,0.179180,0.400425,0.790525,0.192820,-0.900261,-0.390322,-323.324448,-60.894556,125.875422,1
23440.000000,-0.606892,-0.695573,0.384527,-240.536232,240.064108,-89.785280,-0.000001,-0.001144,-0.000000,0.429630,0.174655,0.397974,0.791537,0.192822,-0.900260,-0.390322,-320.168891,-63.732046,129.791699,1
23450.000000,-0.603383,-0.694825,0.391341,-240.628395,240.318999,-80.881590,-0.000000,-0.001145,-0.000000,0.431900,0.170124,0.395510,0.792523,0.192824,-0.900260,-0.390321,-316.935908,-66.483006,133.716563,1
23460.000000,-0.598595,-0.694608,0.399003,-241.681889,241.956756,-72.447712,-0.000001,-0.001145,-0.000000,0.434155,0.165587,0.393033,0.793483,0.192826,-0.900260,-0.390321,-313.625556,-69.146234,137.648552,1
23470.000000,-0.592398,-0.695959,0.405840,-242.255055,241.845407,-64.238392,-0.000001,-0.001144,-0.000001,0.436396,0.161046,0.390543,0.794417,0.192828,-0.900259,-0.390321,-310.237933,-71.720504,141.586173,1
23480.000000,-0.588827,-0.695755,0.411348,-242.056058,243.457778,-55.022365,-0.000001,-0.001145,-0.000001,0.438623,0.156498,0.388040,0.795326,0.192830,-0.900259,-0.390321,-306.773174,-74.204573,145.527912,1
23490.000000,-0.583376,-0.695903,0.418798,-241.610580,243.824321,-47.513600,-0.000000,-0.001145,0.000000,0.440836,0.151946,0.385524,0.796208,0.192832,-0.900259,-0.390321,-303.231451,-76.597178,149.472230,1
23500.000000,-0.579824,-0.695919,0.423675,-241.176546,244.585203,-38.415336,-0.000001,-0.001145,-0.000001,0.443034,0.147389,0.382996,0.797064,0.192834,-0.900258,-0.390321,-299.612975,-78.897036,153.417567,1
23510.000000,-0.575908,-0.694326,0.431557,-240.053323,245.318595,-30.201988,-0.000001,-0.001145,-0.000000,0.445218,0.142827,0.380456,0.797894,0.192836,-0.900258,-0.390320,-295.917990,-81.102845,157.362343,1
23520.000000,-0.571473,-0.694655,0.436891,-239.184505,246.696029,-22.138880,-0.000001,-0.001144,-0.000000,0.447387,0.138260,0.377902,0.798698,0.192838,-0.900258,-0.390320,-292.146780,-83.213283,161.304961,1
23530.000000,-0.565196,-0.694981,0.444471,-237.525833,247.315436,-14.096507,-0.000000,-0.001144,-0.000001,0.449541,0.133689,0.375337,0.799476,0.192840,-0.900257,-0.390320,-288.299662,-85.227003,165.243803,1
23540.000000,-0.560831,-0.695099,0.449785,-235.536836,247.546057,-5.157015,-0.000000,-0.001145,-0.000001,0.451681,0.129113,0.372759,0.800228,0.192842,-0.900257,-0.390320,-284.376990,-87.142635,169.177236,1
23550.000000,-0.554959,-0.695062,0.457065,-234.034086,248.360683,2.171182,-0.000001,-0.001144,-0.000000,0.453806,0.124534,0.370169,0.800953,0.192844,-0.900256,-0.390320,-280.379155,-88.958782,173.103604,1
23560.000000,-0.550797,-0.693821,0.463935,-231.666790,248.679075,10.954354,-0.000000,-0.001145,-0.000001,0.455916,0.119950,0.367567,0.801653,0.192846,-0.900256,-0.390320,-276.306584,-90.674017,177.021236,1
23570.000000,-0.544338,-0.695304,0.469307,-228.626889,249.692003,18.885340,-0.000001,-0.001144,-0.000001,0.458012,0.115362,0.364953,0.802326,0.192848,-0.900256,-0.390320,-272.159746,-92.286879,180.928438,1
23580.000000,-0.538661,-0.695929,0.474898,-226.601924,250.791710,27.059211,-0.000000,-0.001145,-0.000000,0.460092,0.110770,0.362327,0.802972,0.192850,-0.900255,-0.390319,-267.939149,-93.795875,184.823493,1
23590.000000,-0.533488,-0.695120,0.481870,-223.227922,251.304717,34.634305,-0.000000,-0.001145,-0.000000,0.462157,0.106175,0.359689,0.803593,0.192852,-0.900255,-0.390319,-263.645349,-95.199469,188.704658,1
23600.000000,-0.527212,-0.695461,0.488244,-219.487263,251.637738,42.027041,-0.000000,-0.001144,-0.000001,0.464207,0.101576,0.357040,0.804187,0.192854,-0.900255,-0.390319,-259.278931,-96.496093,192.570184,1
23610.000000,-0.521882,-0.694913,0.494707,-216.631887,252.679551,49.966789,-0.000001,-0.001145,-0.000001,0.466242,0.096974,0.354378,0.804755,0.192856,-0.900254,-0.390319,-254.840381,-97.684157,196.418374,1
23620.000000,-0.515311,-0.695909,0.500166,-212.793699,252.716548,57.092267,-0.000000,-0.001144,-0.000001,0.468261,0.092369,0.351705,0.805297,0.192858,-0.900254,-0.390319,-250.330299,-98.761952,200.247290,1
23630.000000,-0.510811,-0.695061,0.505927,-208.741550,253.870513,65.110700,-0.000001,-0.001144,-0.000000,0.470266,0.087761,0.349021,0.805812,0.192860,-0.900254,-0.390319,-245.749382,-99.727710,204.054914,1
23640.000000,-0.504991,-0.694835,0.512044,-204.173416,254.293588,71.827110,-0.000001,-0.001144,-0.000001,0.472255,0.083150,0.346325,0.806301,0.192862,-0.900253,-0.390318,-241.098410,-100.579624,207.839179,1
23650.000000,-0.499906,-0.695225,0.516485,-199.226932,254.455744,78.637283,-0.000001,-0.001144,0.000001,0.474228,0.078536,0.343618,0.806763,0.192864,-0.900253,-0.390318,-236.378255,-101.315843,211.597971,1
23660.000000,-0.493227,-0.695368,0.522676,-194.930932,255.183184,85.817806,-0.000000,-0.001145,0.000000,0.476186,0.073920,0.340899,0.807199,0.192866,-0.900252,-0.390318,-231.589886,-101.934476,215.329118,1
23670.000000,-0.487292,-0.694978,0.528727,-189.676590,256.177046,92.389219,-0.000000,-0.001144,-0.000000,0.478128,0.069301,0.338170,0.807609,0.192868,-0.900252,-0.390318,-226.734376,-102.433597,219.030390,1
23680.000000,-0.481395,-0.694626,0.534560,-184.176075,256.478222,98.518004,-0.000000,-0.001145,-0.000000,0.480055,0.064680,0.335429,0.807992,0.192870,-0.900252,-0.390318,-221.812916,-102.811242,222.699492,1
23690.000000,-0.475055,-0.694528,0.540327,-178.133233,257.204544,105.393108,-0.000001,-0.001144,-0.000000,0.481966,0.060057,0.332677,0.808349,0.192872,-0.900251,-0.390318,-216.826819,-103.065423,226.334061,1
23700.000000,-0.468789,-0.694558,0.545735,-171.818490,257.831750,111.763344,-0.000001,-0.001144,-0.000001,0.483861,0.055431,0.329915,0.808679,0.192874,-0.900251,-0.390317,-211.777529,-103.194130,229.931659,1
23710.000000,-0.461428,-0.695497,0.550789,-166.076147,258.305495,117.241556,-0.000000,-0.001145,-0.000000,0.485740,0.050804,0.327141,0.808983,0.192876,-0.900251,-0.390317,-206.666636,-103.195336,233.489772,1
23720.000000,-0.455894,-0.694552,0.556559,-159.894690,258.645095,123.153101,-0.000001,-0.001145,-0.000001,0.487604,0.046176,0.324357,0.809260,0.192878,-0.900250,-0.390317,-201.495879,-103.067014,237.005808,1
23730.000000,-0.449779,-0.695525,0.560308,-153.203253,258.916825,127.997273,-0.000001,-0.001145,-0.000000,0.489451,0.041546,0.321563,0.809511,0.192880,-0.900250,-0.390317,-196.267160,-102.807140,240.477089,1
23740.000000,-0.442929,-0.695255,0.566069,-145.748542,259.605359,132.887352,-0.000001,-0.001144,-0.000001,0.491283,0.036914,0.318758,0.809736,0.192882,-0.900250,-0.390317,-190.982549,-102.413710,243.900852,1
23750.000000,-0.436981,-0.695435,0.570454,-139.402885,259.281370,138.518243,-0.000001,-0.001145,0.000000,0.493098,0.032281,0.315942,0.809934,0.192884,-0.900249,-0.390317,-185.644297,-101.884749,247.274250,1
23760.000000,-0.429835,-0.695705,0.575531,-132.258098,259.569752,142.702369,-0.000001,-0.001145,-0.000001,0.494898,0.027648,0.313116,0.810105,0.192886,-0.900249,-0.390317,-180.254839,-101.218332,250.594345,1
23770.000000,-0.422274,-0.694994,0.581953,-124.892336,260.615586,147.571518,-0.000001,-0.001145,-0.000000,0.496681,0.023013,0.310280,0.810250,0.192888,-0.900248,-0.390316,-174.816807,-100.412591,253.858116,1
23780.000000,-0.417672,-0.695877,0.584213,-117.923717,260.694516,151.426177,-0.000000,-0.001144,-0.000001,0.498448,0.018378,0.307433,0.810368,0.192890,-0.900248,-0.390316,-169.333029,-99.465740,257.062455,1
23790.000000,-0.408868,-0.694920,0.591534,-110.496307,260.544925,155.338606,-0.000001,-0.001145,-0.000000,0.500198,0.013741,0.304577,0.810460,0.192892,-0.900248,-0.390316,-163.806540,-98.376088,260.204170,1
23800.000000,-0.403110,-0.695726,0.594532,-102.558424,261.087823,159.018621,-0.000000,-0.001145,-0.000000,0.501932,0.009105,0.301711,0.810526,0.192894,-0.900247,-0.390316,-158.240583,-97.142060,263.279993,1
23810.000000,-0.396727,-0.694763,0.599927,-93.599874,261.699120,161.871325,-0.000000,-0.001145,0.000000,0.503650,0.004468,0.298834,0.810564,0.192896,-0.900247,-0.390316,-152.638615,-95.762213,266.286580,1
23820.000000,-0.389287,-0.694908,0.604614,-85.957038,261.281367,165.259530,-0.000001,-0.001145,-0.000000,0.505351,-0.000169,0.295948,0.810577,0.192898,-0.900247,-0.390316,-147.004301,-94.235262,269.220520,1
23830.000000,-0.383157,-0.694089,0.609451,-77.795049,261.737949,168.332219,-0.000001,-0.001145,-0.000000,0.507036,-0.004806,0.293053,0.810563,0.192900,-0.900246,-0.390315,-141.341520,-92.560092,272.078340,1
23840.000000,-0.375152,-0.695825,0.612445,-69.317546,261.368778,169.955730,-0.000000,-0.001145,-0.000001,0.508704,-0.009442,0.290147,0.810522,0.192902,-0.900246,-0.390315,-135.654362,-90.735786,274.856516,1
23850.000000,-0.369353,-0.694201,0.617789,-60.742594,261.847966,171.817273,-0.000000,-0.001144,-0.000001,0.510356,-0.014079,0.287233,0.810454,0.192904,-0.900246,-0.390315,-129.947119,-88.761638,277.551482,1
23860.000000,-0.360452,-0.696142,0.620855,-51.987040,261.732914,173.360067,-0.000001,-0.001144,-0.000001,0.511990,-0.018715,0.284308,0.810361,0.192906,-0.900245,-0.390315,-124.224286,-86.637180,280.159640,1
23870.000000,-0.354531,-0.695318,0.625172,-44.011605,261.689364,174.513036,-0.000001,-0.001145,-0.000001,0.513608,-0.023350,0.281375,0.810240,0.192908,-0.900245,-0.390315,-118.490547,-84.362195,282.677373,1
23880.000000,-0.348588,-0.694213,0.629726,-34.931933,261.751661,174.934673,-0.000001,-0.001145,-0.000001,0.515210,-0.027985,0.278432,0.810094,0.192910,-0.900244,-0.390315,-112.750768,-81.936740,285.101059,1
23890.000000,-0.340758,-0.694553,0.633624,-26.009564,261.789808,176.363033,-0.000001,-0.001145,-0.000001,0.516794,-0.032618,0.275480,0.809920,0.192912,-0.900244,-0.390314,-107.009988,-79.361159,287.427082,1
23900.000000,-0.332876,-0.695399,0.636877,-17.823513,261.506921,176.770812,-0.000001,-0.001145,-0.000001,0.518361,-0.037251,0.272520,0.809720,0.192914,-0.900244,-0.390314,-101.273401,-76.636104,289.651853,1
23910.000000,-0.326252,-0.694392,0.641389,-9.343768,261.608608,176.456033,-0.000000,-0.001144,-0.000000,0.519912,-0.041883,0.269550,0.809494,0.192916,-0.900243,-0.390314,-95.546342,-73.762546,291.771820,1
23920.000000,-0.317988,-0.694660,0.645238,0.094376,261.373139,176.100591,-0.000000,-0.001145,-0.000001,0.521445,-0.046513,0.266571,0.809241,0.192919,-0.900243,-0.390314,-89.834270,-70.741792,293.783487,1
23930.000000,-0.310850,-0.695173,0.648156,8.812621,261.114441,174.616481,-0.000001,-0.001144,-0.000000,0.522962,-0.051141,0.263584,0.808962,0.192921,-0.900243,-0.390314,-84.142753,-67.575492,295.683433,1
23940.000000,-0.303487,-0.694662,0.652181,18.264458,260.432441,173.512860,-0.000001,-0.001144,-0.000000,0.524461,-0.055768,0.260588,0.808656,0.192923,-0.900242,-0.390314,-78.477439,-64.265650,297.468329,1
23950.000000,-0.295957,-0.695265,0.654993,26.132405,261.129560,172.553413,-0.000001,-0.001144,-0.000001,0.525943,-0.060393,0.257584,0.808324,0.192925,-0.900242,-0.390314,-72.844044,-60.814634,299.134952,1
23960.000000,-0.287276,-0.695413,0.658690,34.745936,260.149085,169.922849,-0.000000,-0.001144,-0.000001,0.527408,-0.065016,0.254571,0.807965,0.192927,-0.900242,-0.390313,-67.248320,-57.225175,300.680211,1
23970.000000,-0.281552,-0.695016,0.661575,43.116796,260.021090,168.629874,-0.000001,-0.001144,-0.000001,0.528856,-0.069637,0.251549,0.807580,0.192929,-0.900241,-0.390313,-61.696037,-53.500373,302.101159,1
23980.000000,-0.273490,-0.695777,0.664152,52.058758,260.021614,165.869003,-0.000001,-0.001145,0.000000,0.530286,-0.074256,0.248520,0.807168,0.192931,-0.900241,-0.390313,-56.192954,-49.643698,303.395012,1
23990.000000,-0.265079,-0.694356,0.669032,60.041695,259.348198,162.700568,0.000000,-0.001145,-0.000000,0.531699,-0.078872,0.245482,0.806730,0.192933,-0.900240,-0.390313,-50.744796,-45.658981,304.559170,1
24000.000000,-0.258915,-0.695289,0.670474,68.699562,259.107872,159.058627,-0.000001,-0.001145,-0.000000,0.533094,-0.083485,0.242437,0.806266,0.192935,-0.900240,-0.390313,-45.357223,-41.550414,305.591232,1
24010.000000,-0.250638,-0.695400,0.673498,76.367177,258.311374,155.851343,-0.000000,-0.001145,-0.000001,0.534473,-0.088096,0.239383,0.805775,0.192937,-0.900240,-0.390313,-40.035806,-37.322538,306.489012,1
24020.000000,-0.241829,-0.695181,0.676935,84.428521,257.813325,151.800853,-0.000000,-0.001145,-0.000001,0.535833,-0.092704,0.236322,0.805258,0.192939,-0.900239,-0.390312,-34.786002,-32.980232,307.250558,1
24030.000000,-0.235526,-0.694926,0.679416,91.773331,256.950430,147.496856,-0.000000,-0.001144,0.000000,0.537176,-0.097309,0.233253,0.804715,0.192941,-0.900239,-0.390312,-29.613120,-28.528701,307.874162,1
24040.000000,-0.226679,-0.694578,0.682772,99.381367,257.048974,142.855587,-0.000000,-0.001145,-0.000000,0.538502,-0.101911,0.230176,0.804145,0.192943,-0.900239,-0.390312,-24.522303,-23.973454,308.358381,1
24050.000000,-0.218762,-0.695020,0.684902,106.498266,256.566689,137.926588,-0.000001,-0.001145,-0.000000,0.539810,-0.106510,0.227092,0.803549,0.192945,-0.900238,-0.390312,-19.518493,-19.320289,308.702042,1
24060.000000,-0.211885,-0.695070,0.687010,113.539820,255.095458,133.015527,-0.000001,-0.001145,-0.000000,0.541100,-0.111104,0.224000,0.802926,0.192947,-0.900238,-0.390312,-14.606414,-14.575268,308.904258,1
24070.000000,-0.202938,-0.693950,0.690832,120.009149,254.819029,127.233793,-0.000000,-0.001145,-0.000000,0.542373,-0.115696,0.220901,0.802277,0.192949,-0.900238,-0.390312,-9.790543,-9.744692,308.964438,1
24080.000000,-0.193459,-0.696057,0.691432,126.777003,253.882095,121.816902,-0.000001,-0.001145,-0.000000,0.543627,-0.120283,0.217795,0.801603,0.192951,-0.900237,-0.390311,-5.075088,-4.835077,308.882291,1
24090.000000,-0.187684,-0.694953,0.694129,133.648326,253.423373,115.794471,-0.000001,-0.001144,-0.000000,0.544864,-0.124867,0.214681,0.800901,0.192953,-0.900237,-0.390311,-0.463967,0.146882,308.657837,1
24100.000000,-0.179847,-0.693782,0.697368,139.557031,252.614024,109.693033,0.000000,-0.001145,-0.000001,0.546084,-0.129446,0.211561,0.800174,0.192955,-0.900236,-0.390311,4.039210,5.194333,308.291411,1
24110.000000,-0.169493,-0.695291,0.698458,145.193128,251.071039,103.026544,-0.000001,-0.001144,-0.000000,0.547285,-0.134022,0.208434,0.799420,0.192957,-0.900236,-0.390311,8.431162,10.300308,307.783661,1
24120.000000,-0.163650,-0.694783,0.700354,151.435954,250.602610,96.711267,-0.000001,-0.001145,-0.000001,0.548468,-0.138593,0.205299,0.798641,0.192959,-0.900236,-0.390311,12.708950,15.457753,307.135556,1
24130.000000,-0.155141,-0.694441,0.702626,156.532048,249.088772,89.269862,-0.000000,-0.001144,-0.000000,0.549634,-0.143159,0.202159,0.797835,0.192961,-0.900235,-0.390311,16.869990,20.659565,306.348378,1
24140.000000,-0.146843,-0.695367,0.703493,161.088967,248.564152,82.474299,-0.000001,-0.001144,-0.000000,0.550781,-0.147721,0.199011,0.797003,0.192963,-0.900235,-0.390311,20.912066,25.898629,305.423727,1
24150.000000,-0.139958,-0.695031,0.705226,166.148795,246.982260,74.516544,-0.000001,-0.001145,-0.000000,0.551911,-0.152278,0.195857,0.796145,0.192965,-0.900235,-0.390310,24.833335,31.167854,304.363505,1
24160.000000,-0.131733,-0.694971,0.706868,169.842478,246.107765,67.475227,-0.000001,-0.001145,-0.000000,0.553022,-0.156829,0.192697,0.795260,0.192967,-0.900234,-0.390310,28.632338,36.460210,303.169921,1
24170.000000,-0.123265,-0.695356,0.708015,174.812415,244.501175,59.481289,-0.000000,-0.001144,-0.000000,0.554115,-0.161376,0.189530,0.794350,0.192969,-0.900234,-0.390310,32.307995,41.768768,301.845473,1
24180.000000,-0.114356,-0.694146,0.710693,177.894166,243.174694,52.231482,-0.000001,-0.001144,-0.000000,0.555190,-0.165918,0.186357,0.793414,0.192971,-0.900233,-0.390310,35.859671,47.086822,300.392919,1
24190.000000,-0.105618,-0.694589,0.711612,181.488338,241.650595,44.514025,-0.000000,-0.001145,-0.000000,0.556247,-0.170454,0.183178,0.792452,0.192973,-0.900233,-0.390310,39.287114,52.407860,298.815178,1
24200.000000,-0.098971,-0.696064,0.711126,184.475957,240.721557,36.683278,-0.000000,-0.001144,-0.000000,0.557286,-0.174984,0.179993,0.791464,0.192975,-0.900233,-0.390310,42.590319,57.725369,297.115402,1
24210.000000,-0.089564,-0.695288,0.713129,186.833047,239.779202,28.548187,-0.000000,-0.001145,-0.000000,0.558307,-0.179509,0.176802,0.790450,0.192977,-0.900232,-0.390309,45.769646,63.033071,295.296999,1
24220.000000,-0.083735,-0.695537,0.713594,189.769445,238.363141,21.204812,-0.000001,-0.001144,-0.000000,0.559309,-0.184028,0.173605,0.789410,0.192979,-0.900232,-0.390309,48.825814,68.324957,293.363611,1
24230.000000,-0.076620,-0.694573,0.715331,191.715104,237.331927,12.457952,-0.000001,-0.001145,-0.000001,0.560293,-0.188541,0.170403,0.788345,0.192981,-0.900232,-0.390309,51.759887,73.595322,291.319099,1
24240.000000,-0.064469,-0.695264,0.715857,193.062119,235.566729,4.501216,-0.000000,-0.001145,-0.000001,0.561259,-0.193047,0.167195,0.787253,0.192983,-0.900231,-0.390309,54.573261,78.838793,289.167520,1
24250.000000,-0.058723,-0.694083,0.717496,194.806782,234.248891,-3.514013,-0.000001,-0.001144,0.000000,0.562206,-0.197548,0.163982,0.786136,0.192985,-0.900231,-0.390309,57.267643,84.050360,286.913105,1
24260.000000,-0.049322,-0.696180,0.716171,195.507632,232.507636,-11.537953,-0.000001,-0.001144,0.000000,0.563135,-0.202041,0.160763,0.784993,0.192987,-0.900231,-0.390309,59.845030,89.225399,284.560236,1
24270.000000,-0.040497,-0.693926,0.718907,196.601354,230.346401,-20.480169,-0.000001,-0.001145,0.000000,0.564045,-0.206529,0.157539,0.783824,0.192989,-0.900230,-0.390308,62.307690,94.359699,282.113423,1
24280.000000,-0.032666,-0.696374,0.716935,196.754469,229.196245,-28.462735,-0.000000,-0.001144,-0.000000,0.564937,-0.211009,0.154310,0.782630,0.192991,-0.900230,-0.390308,64.658135,99.449477,279.577277,1
24290.000000,-0.026037,-0.694228,0.719284,197.254266,227.115930,-36.765791,-0.000001,-0.001145,-0.000000,0.565811,-0.215483,0.151075,0.781410,0.192993,-0.900229,-0.390308,66.899091,104.491400,276.956488,1
24300.000000,-0.016700,-0.695029,0.718788,197.309054,225.574638,-44.906791,-0.000001,-0.001144,-0.000000,0.566666,-0.219949,0.147836,0.780165,0.192995,-0.900229,-0.390308,69.033476,109.482592,274.255800,0
24310.000000,-0.008663,-0.694616,0.719328,197.346537,224.457052,-52.173666,-0.000001,-0.001145,-0.000001,0.567502,-0.224409,0.144592,0.778894,0.192997,-0.900229,-0.390308,71.064367,114.420651,271.479982,0
24320.000000,0.000280,-0.695365,0.718656,196.341341,222.639745,-60.487052,-0.000001,-0.001145,-0.000001,0.568320,-0.228861,0.141343,0.777597,0.192999,-0.900228,-0.390308,72.994969,119.303649,268.633807,0
24330.000000,0.008048,-0.694990,0.718974,195.249793,221.017088,-68.291727,-0.000001,-0.001144,-0.000000,0.569119,-0.233305,0.138090,0.776275,0.193001,-0.900228,-0.390308,74.828586,124.130139,265.722024,0
24340.000000,0.014285,-0.695028,0.718841,194.328433,218.972225,-76.029427,-0.000000,-0.001144,-0.000001,0.569900,-0.237742,0.134832,0.774928,0.193003,-0.900228,-0.390307,76.568587,128.899154,262.749339,0
24350.000000,0.024484,-0.694927,0.718664,192.563200,217.010766,-83.018632,-0.000000,-0.001145,-0.000000,0.570662,-0.242171,0.131570,0.773555,0.193005,-0.900227,-0.390307,78.218375,133.610201,259.720383,0
24360.000000,0.032748,-0.695607,0.717676,191.052269,215.481369,-91.236100,-0.000001,-0.001144,-0.000000,0.571405,-0.246592,0.128303,0.772157,0.193007,-0.900227,-0.390307,79.781356,138.263255,256.639699,0
24370.000000,0.040337,-0.694825,0.718046,189.812451,213.638507,-98.940942,-0.000000,-0.001145,-0.000001,0.572130,-0.251005,0.125032,0.770734,0.193009,-0.900227,-0.390307,81.260905,142.858749,253.511713,0
24380.000000,0.050613,-0.694151,0.718048,187.241911,211.186686,-106.643408,-0.000001,-0.001144,-0.000001,0.572835,-0.255410,0.121757,0.769286,0.193011,-0.900226,-0.390307,82.660339,147.397555,250.340715,0
24390.000000,0.057245,-0.694780,0.716940,184.598857,209.807506,-113.856907,-0.000000,-0.001145,-0.000001,0.573523,-0.259807,0.118478,0.767812,0.193013,-0.900226,-0.390307,83.982882,151.880975,247.130845,0
24400.000000,0.065070,-0.695334,0.715735,182.229178,208.186710,-121.339064,-0.000001,-0.001144,-0.000000,0.574191,-0.264195,0.115196,0.766313,0.193015,-0.900225,-0.390306,85.231638,156.310712,243.886069,0
24410.000000,0.073317,-0.696369,0.713929,179.268940,206.552204,-128.031169,-0.000000,-0.001145,-0.000000,0.574841,-0.268574,0.111909,0.764789,0.193017,-0.900225,-0.390306,86.409567,160.688853,240.610164,0
24420.000000,0.081259,-0.695345,0.714068,176.263081,204.592818,-135.274578,-0.000001,-0.001145,-0.000000,0.575471,-0.272945,0.108619,0.763240,0.193020,-0.900225,-0.390306,87.519452,165.017844,237.306707,0
24430.000000,0.089559,-0.693917,0.714464,173.216946,202.928970,-142.332423,-0.000001,-0.001144,-0.000000,0.576083,-0.277307,0.105325,0.761666,0.193022,-0.900224,-0.390306,88.563880,169.300456,233.979059,0
24440.000000,0.100015,-0.695299,0.711728,169.764578,200.514862,-149.243406,-0.000001,-0.001144,-0.000001,0.576676,-0.281659,0.102028,0.760068,0.193024,-0.900224,-0.390306,89.545216,173.539764,230.630353,0
24450.000000,0.104837,-0.694635,0.711682,166.372956,198.172360,-155.822889,0.000000,-0.001145,-0.000000,0.577251,-0.286002,0.098727,0.758444,0.193026,-0.900224,-0.390306,90.465586,177.739107,227.263489,0
24460.000000,0.114512,-0.695167,0.709669,163.055241,196.744832,-162.561787,-0.000001,-0.001144,-0.000001,0.577806,-0.290336,0.095423,0.756795,0.193028,-0.900223,-0.390305,91.326854,181.902062,223.881123,0
24470.000000,0.121456,-0.695420,0.708265,158.565635,194.436869,-169.371946,-0.000001,-0.001145,-0.000001,0.578342,-0.294661,0.092116,0.755122,0.193030,-0.900223,-0.390305,92.130612,186.032407,220.485659,0
24480.000000,0.129974,-0.695267,0.706902,154.451154,192.506633,-175.426623,-0.000000,-0.001145,-0.000001,0.578860,-0.298976,0.088807,0.753424,0.193032,-0.900223,-0.390305,92.878160,190.134084,217.079253,0
24490.000000,0.139451,-0.696265,0.704108,150.551485,191.099348,-182.445027,-0.000000,-0.001145,-0.000000,0.579358,-0.303281,0.085494,0.751702,0.193034,-0.900222,-0.390305,93.570501,194.211169,213.663803,0
24500.000000,0.146632,-0.694632,0.704262,146.103732,189.268780,-187.938205,-0.000000,-0.001144,-0.000001,0.579838,-0.307576,0.082178,0.749954,0.193036,-0.900222,-0.390305,94.208327,198.267828,210.240953,0
24510.000000,0.153887,-0.694940,0.702408,141.441165,187.424261,-194.033997,-0.000000,-0.001145,-0.000001,0.580299,-0.311861,0.078860,0.748183,0.193038,-0.900221,-0.390305,94.792015,202.308289,206.812092,0
24520.000000,0.163647,-0.695819,0.699325,136.517468,185.823067,-199.635158,-0.000001,-0.001144,-0.000001,0.580740,-0.316136,0.075539,0.746386,0.193040,-0.900221,-0.390305,95.321626,206.336801,203.378361,0
24530.000000,0.171450,-0.694390,0.698876,131.251707,184.035886,-205.850589,-0.000001,-0.001144,-0.000001,0.581163,-0.320401,0.072216,0.744566,0.193042,-0.900221,-0.390304,95.796898,210.357598,199.940651,0
24540.000000,0.178527,-0.693738,0.697750,126.719994,182.152179,-211.255444,-0.000000,-0.001145,-0.000000,0.581566,-0.324655,0.068890,0.742721,0.193044,-0.900220,-0.390304,96.217252,214.374870,196.499617,0
24550.000000,0.188527,-0.694574,0.694280,121.201422,180.009191,-217.108343,-0.000001,-0.001144,-0.000000,0.581951,-0.328898,0.065562,0.740851,0.193046,-0.900220,-0.390304,96.581793,218.392720,193.055680,0
24560.000000,0.195062,-0.694915,0.692130,115.942200,179.164188,-222.355521,-0.000001,-0.001145,-0.000001,0.582317,-0.333131,0.062232,0.738958,0.193048,-0.900220,-0.390304,96.889318,222.415143,189.609037,0
24570.000000,0.203918,-0.694995,0.689492,110.203047,177.273147,-227.635165,-0.000001,-0.001144,-0.000000,0.582663,-0.337353,0.058899,0.737040,0.193050,-0.900219,-0.390304,97.138320,226.445983,186.159673,0
24580.000000,0.209989,-0.694891,0.687773,104.774128,174.997812,-233.136184,-0.000001,-0.001145,-0.000000,0.582990,-0.341563,0.055565,0.735098,0.193052,-0.900219,-0.390304,97.327001,230.488911,182.707369,0
24590.000000,0.218717,-0.695108,0.684827,98.691448,174.512901,-238.584997,-0.000000,-0.001145,-0.000001,0.583299,-0.345763,0.052229,0.733132,0.193054,-0.900219,-0.390303,97.453285,234.547394,179.251719,0
24600.000000,0.226392,-0.694639,0.682806,92.575098,172.855785,-242.738636,-0.000000,-0.001144,-0.000000,0.583588,-0.349951,0.048892,0.731142,0.193056,-0.900218,-0.390303,97.514826,238.624671,175.792137,0
24610.000000,0.234623,-0.694902,0.679752,86.133305,170.612455,-247.959781,-0.000000,-0.001144,-0.000000,0.583858,-0.354128,0.045553,0.729128,0.193058,-0.900218,-0.390303,97.509028,242.723726,172.327876,0
24620.000000,0.239586,-0.696418,0.676461,79.889723,168.908375,-253.080873,-0.000001,-0.001145,-0.000000,0.584109,-0.358293,0.042212,0.727091,0.193060,-0.900217,-0.390303,97.433060,246.847267,168.858040,0
24630.000000,0.250234,-0.693872,0.675222,74.220397,167.317226,-257.506890,-0.000001,-0.001145,-0.000001,0.584341,-0.362447,0.038870,0.725029,0.193062,-0.900217,-0.390303,97.283873,250.997708,165.381599,0
24640.000000,0.256296,-0.695417,0.671347,67.639761,165.765297,-261.749639,-0.000001,-0.001145,-0.000000,0.584554,-0.366588,0.035526,0.722944,0.193064,-0.900217,-0.390303,97.058219,255.177149,161.897405,0
24650.000000,0.264720,-0.695461,0.668024,59.849484,164.760386,-266.652628,-0.000000,-0.001145,-0.000000,0.584748,-0.370718,0.032182,0.720835,0.193066,-0.900216,-0.390302,96.752671,259.387361,158.404207,0
24660.000000,0.272829,-0.694284,0.665983,53.101624,163.207464,-270.769180,-0.000001,-0.001144,-0.000000,0.584922,-0.374835,0.028836,0.718702,0.193068,-0.900216,-0.390302,96.363644,263.629775,154.900667,0
24670.000000,0.279785,-0.695055,0.662283,45.961857,161.865180,-274.666684,-0.000000,-0.001144,-0.000001,0.585077,-0.378940,0.025490,0.716546,0.193070,-0.900216,-0.390302,95.887413,267.905469,151.385377,0
24680.000000,0.288799,-0.694239,0.659263,38.446340,160.722415,-278.916981,0.000000,-0.001144,-0.000000,0.585214,-0.383033,0.022142,0.714367,0.193072,-0.900215,-0.390302,95.320138,272.215161,147.856874,0
24690.000000,0.295581,-0.694030,0.656471,31.590101,159.529682,-281.986366,-0.000001,-0.001144,-0.000001,0.585331,-0.387114,0.018794,0.712164,0.193074,-0.900215,-0.390302,94.657883,276.559200,144.313654,0
24700.000000,0.303345,-0.695159,0.651718,23.494528,157.977915,-286.384384,-0.000000,-0.001144,-0.000001,0.585429,-0.391181,0.015446,0.709938,0.193076,-0.900215,-0.390302,93.896639,280.937566,140.754191,0
24710.000000,0.310421,-0.695354,0.648168,15.252496,157.084713,-289.609057,-0.000000,-0.001144,-0.000001,0.585507,-0.395236,0.012096,0.707689,0.193078,-0.900214,-0.390302,93.032343,285.349866,137.176951,0
24720.000000,0.316994,-0.694669,0.645716,7.001167,156.877182,-293.025443,-0.000001,-0.001145,-0.000001,0.585567,-0.399278,0.008747,0.705416,0.193080,-0.900214,-0.390301,92.060903,289.795334,133.580404,0
24730.000000,0.326793,-0.694462,0.641038,-0.834358,155.774836,-296.667673,-0.000001,-0.001144,-0.000001,0.585608,-0.403307,0.005397,0.703120,0.193082,-0.900213,-0.390301,90.978214,294.272832,129.963044,0
24740.000000,0.331508,-0.695951,0.636989,-9.255332,154.203499,-298.843998,0.000000,-0.001144,-0.000000,0.585629,-0.407322,0.002047,0.700802,0.193084,-0.900213,-0.390301,89.780185,298.780857,126.323399,0
24750.000000,0.340478,-0.694349,0.633998,-18.272289,152.529378,-301.638025,-0.000001,-0.001145,-0.000001,0.585631,-0.411325,-0.001303,0.698460,0.193086,-0.900213,-0.390301,88.462750,303.317551,122.660039,0
24760.000000,0.346700,-0.696679,0.628042,-26.414953,151.729496,-304.099672,-0.000000,-0.001144,-0.000000,0.585614,-0.415313,-0.004653,0.696096,0.193088,-0.900212,-0.390301,87.021845,307.880828,118.971483,0
24770.000000,0.354319,-0.694371,0.626344,-35.526556,151.693474,-307.059383,-0.000001,-0.001145,-0.000000,0.585578,-0.419289,-0.008003,0.693709,0.193090,-0.900212,-0.390301,85.453460,312.468035,115.256387,0
24780.000000,0.360123,-0.695650,0.621597,-44.239014,150.477271,-308.778706,0.000000,-0.001145,-0.000001,0.585522,-0.423250,-0.011353,0.691299,0.193092,-0.900212,-0.390300,83.753686,317.076087,111.513544,0
24790.000000,0.367512,-0.694964,0.618029,-53.960943,149.883527,-310.084299,-0.000000,-0.001144,-0.000001,0.585448,-0.427198,-0.014702,0.688866,0.193094,-0.900211,-0.390300,81.918721,321.701572,107.741852,0
24800.000000,0.375496,-0.695336,0.612789,-63.150540,149.748220,-311.939854,-0.000001,-0.001145,0.000000,0.585354,-0.431132,-0.018051,0.686411,0.193096,-0.900211,-0.390300,79.944889,326.340763,103.940320,0
24810.000000,0.382421,-0.695322,0.608508,-73.068310,148.801416,-313.383010,-0.000000,-0.001145,-0.000000,0.585241,-0.435051,-0.021399,0.683934,0.193098,-0.900211,-0.390300,77.828653,330.989630,100.108082,0
24820.000000,0.388458,-0.695381,0.604604,-82.584453,148.188131,-315.153289,-0.000001,-0.001145,-0.000000,0.585109,-0.438956,-0.024747,0.681434,0.193100,-0.900210,-0.390300,75.566629,335.643857,96.244398,0
24830.000000,0.397176,-0.694142,0.600348,-92.082846,147.183239,-314.948754,-0.000001,-0.001145,-0.000001,0.584958,-0.442847,-0.028094,0.678912,0.193102,-0.900210,-0.390300,73.155605,340.298853,92.348670,0
24840.000000,0.401173,-0.695109,0.596561,-102.016751,147.204263,-315.856942,-0.000001,-0.001145,-0.000000,0.584788,-0.446724,-0.031439,0.676367,0.193104,-0.900209,-0.390299,70.592544,344.949768,88.420446,0
24850.000000,0.408304,-0.696243,0.590367,-112.535007,146.472616,-315.840287,-0.000001,-0.001145,-0.000000,0.584598,-0.450586,-0.034784,0.673801,0.193106,-0.900209,-0.390299,67.874607,349.591512,84.459424,0
24860.000000,0.415847,-0.695121,0.586411,-122.037697,146.137815,-315.774107,-0.000000,-0.001144,0.000000,0.584390,-0.454433,-0.038128,0.671212,0.193108,-0.900209,-0.390299,64.999155,354.218766,80.465462,0
24870.000000,0.423917,-0.694304,0.581580,-133.177803,145.413594,-315.342076,-0.000001,-0.001144,-0.000001,0.584162,-0.458265,-0.041470,0.668601,0.193110,-0.900208,-0.390299,61.963761,358.826003,76.438582,0
24880.000000,0.429377,-0.695415,0.576223,-143.217596,145.392452,-314.872770,-0.000001,-0.001144,-0.000000,0.583915,-0.462082,-0.044811,0.665969,0.193112,-0.900208,-0.390299,58.766223,363.407502,72.378971,0
24890.000000,0.436844,-0.695093,0.570976,-154.071407,145.184066,-313.770270,-0.000000,-0.001145,-0.000000,0.583650,-0.465884,-0.048151,0.663315,0.193114,-0.900208,-0.390299,55.404566,367.957367,68.286991,0
24900.000000,0.442701,-0.695635,0.565781,-164.866896,144.594808,-312.029274,-0.000000,-0.001144,-0.000000,0.583365,-0.469671,-0.051489,0.660639,0.193116,-0.900207,-0.390299,51.877055,372.469543,64.163176,0
24910.000000,0.450413,-0.694278,0.561343,-174.903526,144.616127,-310.149862,-0.000001,-0.001144,-0.000000,0.583060,-0.473443,-0.054825,0.657941,0.193119,-0.900207,-0.390298,48.182198,376.937831,60.008240,0
24920.000000,0.453812,-0.696897,0.555328,-186.115820,143.971102,-308.298519,-0.000000,-0.001145,-0.000001,0.582737,-0.477199,-0.058160,0.655222,0.193121,-0.900207,-0.390298,44.318754,381.355909,55.823073,0
24930.000000,0.460210,-0.694612,0.552921,-197.070715,144.430413,-305.867498,-0.000001,-0.001144,-0.000001,0.582395,-0.480939,-0.061492,0.652481,0.193123,-0.900206,-0.390298,40.285736,385.717345,51.608748,0
24940.000000,0.467999,-0.694548,0.546425,-207.862017,143.995704,-302.767361,-0.000001,-0.001144,-0.000000,0.582034,-0.484664,-0.064823,0.649720,0.193125,-0.900206,-0.390298,36.082419,390.015617,47.366518,0
24950.000000,0.473998,-0.695187,0.540408,-218.542035,143.750319,-299.799651,-0.000001,-0.001145,-0.000000,0.581653,-0.488373,-0.068151,0.646936,0.193127,-0.900205,-0.390298,31.708344,394.244128,43.097815,0
24960.000000,0.480956,-0.694348,0.535315,-229.475873,143.577831,-295.790586,-0.000001,-0.001144,-0.000000,0.581254,-0.492066,-0.071478,0.644132,0.193129,-0.900205,-0.390298,27.163317,398.396222,38.804253,0
24970.000000,0.486621,-0.695467,0.528702,-240.274371,143.958516,-291.683710,-0.000001,-0.001145,-0.000001,0.580836,-0.495742,-0.074801,0.641307,0.193131,-0.900205,-0.390297,22.447419,402.465202,34.487625,0
24980.000000,0.492857,-0.695198,0.523251,-251.134369,143.935510,-287.568304,-0.000001,-0.001145,-0.000001,0.580398,-0.499403,-0.078123,0.638460,0.193133,-0.900204,-0.390297,17.561005,406.444344,30.149898,0
24990.000000,0.498137,-0.695684,0.517574,-262.117145,144.136774,-282.872061,-0.000001,-0.001144,-0.000000,0.579942,-0.503047,-0.081442,0.635593,0.193135,-0.900204,-0.390297,12.504707,410.326915,25.793217,0
25000.000000,0.503691,-0.695754,0.512076,-272.520072,143.973221,-277.346313,-0.000001,-0.001145,-0.000001,0.579466,-0.506675,-0.084758,0.632705,0.193137,-0.900204,-0.390297,7.279437,414.106187,21.419896,0
25010.000000,0.508877,-0.696419,0.506009,-283.578981,144.366516,-271.817656,-0.000001,-0.001145,-0.000000,0.578972,-0.510286,-0.088071,0.629796,0.193139,-0.900203,-0.390297,1.886386,417.775454,17.032416,0
25020.000000,0.516697,-0.695485,0.499324,-293.673301,144.811306,-265.897450,-0.000000,-0.001145,-0.000000,0.578459,-0.513880,-0.091382,0.626867,0.193141,-0.900203,-0.390297,-3.672969,421.328049,12.633424,0
25030.000000,0.522161,-0.695025,0.494255,-303.995283,144.980480,-259.568584,-0.000001,-0.001145,-0.000000,0.577927,-0.517458,-0.094690,0.623917,0.193143,-0.900203,-0.390296,-9.396870,424.757353,8.225722,0
25040.000000,0.528521,-0.694651,0.487982,-314.188469,144.500600,-252.295303,-0.000001,-0.001145,-0.000000,0.577376,-0.521018,-0.097994,0.620946,0.193145,-0.900202,-0.390296,-15.283275,428.056820,3.812267,0
25050.000000,0.532846,-0.694095,0.484053,-324.132892,145.327721,-245.537370,-0.000000,-0.001144,-0.000001,0.576805,-0.524562,-0.101295,0.617956,0.193147,-0.900202,-0.390296,-21.329855,431.219981,-0.603837,0
25060.000000,0.537976,-0.695448,0.476375,-334.713704,145.848735,-236.719468,-0.000001,-0.001144,-0.000001,0.576217,-0.528088,-0.104593,0.614945,0.193149,-0.900201,-0.390296,-27.534002,434.240469,-5.019347,0
25070.000000,0.544077,-0.695252,0.469686,-344.496436,145.572904,-229.745295,-0.000000,-0.001145,-0.000000,0.575609,-0.531598,-0.107888,0.611914,0.193151,-0.900201,-0.390296,-33.892820,437.112027,-9.430883,0
25080.000000,0.549149,-0.695606,0.463214,-353.096615,146.196296,-220.902827,-0.000000,-0.001145,0.000000,0.574982,-0.535089,-0.111179,0.608863,0.193153,-0.900201,-0.390296,-40.403132,439.828526,-13.834944,0
25090.000000,0.554634,-0.695387,0.456967,-362.239793,146.669733,-212.430304,-0.000000,-0.001145,-0.000001,0.574337,-0.538564,-0.114466,0.605792,0.193155,-0.900200,-0.390296,-47.061483,442.383977,-18.227909,0
25100.000000,0.558573,-0.695836,0.451452,-371.888769,146.800948,-203.035374,-0.000000,-0.001145,-0.000000,0.573673,-0.542020,-0.117750,0.602701,0.193157,-0.900200,-0.390295,-53.864138,444.772548,-22.606048,0
25110.000000,0.563216,-0.695595,0.446021,-381.191152,147.427712,-193.745952,-0.000000,-0.001145,-0.000001,0.572990,-0.545459,-0.121030,0.599591,0.193159,-0.900200,-0.390295,-60.807085,446.988577,-26.965533,0
25120.000000,0.568870,-0.694958,0.439796,-389.428399,148.150398,-182.872847,-0.000000,-0.001145,-0.000001,0.572288,-0.548880,-0.124306,0.596461,0.193161,-0.900199,-0.390295,-67.886044,449.026585,-31.302444,0
25130.000000,0.573704,-0.695873,0.432001,-397.841816,148.434004,-172.246812,-0.000001,-0.001145,-0.000000,0.571567,-0.552283,-0.127577,0.593311,0.193163,-0.900199,-0.390295,-75.096464,450.881290,-35.612784,0
25140.000000,0.579755,-0.695349,0.424705,-406.506907,148.932830,-162.029021,-0.000000,-0.001144,-0.000001,0.570828,-0.555668,-0.130845,0.590142,0.193165,-0.900198,-0.390295,-82.433533,452.547622,-39.892484,0
25150.000000,0.584269,-0.695612,0.418036,-413.528429,148.978124,-150.877031,-0.000001,-0.001144,-0.000000,0.570070,-0.559035,-0.134108,0.586954,0.193167,-0.900198,-0.390295,-89.892182,454.020733,-44.137419,0
25160.000000,0.589644,-0.695432,0.410724,-420.907319,150.111575,-139.495125,-0.000001,-0.001144,-0.000001,0.569294,-0.562384,-0.137367,0.583746,0.193169,-0.900198,-0.390294,-97.467090,455.296015,-48.343416,0
25170.000000,0.594474,-0.694610,0.405115,-427.698818,150.812720,-127.990448,-0.000000,-0.001144,-0.000001,0.568499,-0.565714,-0.140621,0.580519,0.193171,-0.900197,-0.390294,-105.152695,456.369105,-52.506268,0
25180.000000,0.598538,-0.695114,0.398207,-434.398862,151.489348,-115.561124,-0.000000,-0.001145,-0.000001,0.567685,-0.569025,-0.143871,0.577274,0.193173,-0.900197,-0.390294,-112.943196,457.235902,-56.621743,0
25190.000000,0.603040,-0.695795,0.390145,-441.680543,152.201607,-103.332458,-0.000000,-0.001144,-0.000000,0.566853,-0.572318,-0.147116,0.574009,0.193175,-0.900197,-0.390294,-120.832571,457.892577,-60.685600,0
25200.000000,0.608226,-0.694499,0.384359,-446.769652,152.766890,-90.250435,-0.000000,-0.001145,-0.000000,0.566002,-0.575593,-0.150357,0.570726,0.193177,-0.900196,-0.390294,-128.814576,458.335584,-64.693597,0
25210.000000,0.612153,-0.694101,0.378803,-452.253989,153.463250,-77.761107,-0.000001,-0.001144,-0.000001,0.565133,-0.578848,-0.153592,0.567424,0.193179,-0.900196,-0.390294,-136.882764,458.561666,-68.641506,0
25220.000000,0.615951,-0.695459,0.370055,-457.004454,153.948226,-65.241128,-0.000001,-0.001144,-0.000000,0.564245,-0.582085,-0.156822,0.564103,0.193181,-0.900196,-0.390293,-145.030495,458.567871,-72.525127,0
25230.000000,0.619494,-0.695919,0.363212,-461.833753,154.314258,-51.118971,-0.000001,-0.001144,0.000000,0.563338,-0.585302,-0.160048,0.560764,0.193183,-0.900195,-0.390293,-153.250945,458.351556,-76.340295,0
25240.000000,0.623608,-0.695808,0.356319,-465.410889,155.104115,-37.393395,-0.000001,-0.001144,-0.000000,0.562414,-0.588500,-0.163268,0.557407,0.193185,-0.900195,-0.390293,-161.537123,457.910393,-80.082898,0
25250.000000,0.628176,-0.695615,0.348589,-469.196344,156.570409,-23.306117,-0.000001,-0.001145,-0.000000,0.561470,-0.591679,-0.166482,0.554031,0.193187,-0.900194,-0.390293,-169.881882,457.242380,-83.748887,0
25260.000000,0.631855,-0.695469,0.342172,-471.854031,157.056243,-9.382175,-0.000001,-0.001145,-0.000001,0.560509,-0.594839,-0.169691,0.550637,0.193189,-0.900194,-0.390293,-178.277938,456.345845,-87.334286,0
25270.000000,0.636592,-0.693999,0.336327,-474.864381,158.252861,4.074163,-0.000001,-0.001144,-0.000001,0.559529,-0.597979,-0.172895,0.547225,0.193191,-0.900194,-0.390293,-186.717882,455.219446,-90.835206,0
25280.000000,0.640899,-0.694867,0.326203,-476.608087,158.702726,19.313189,-0.000001,-0.001145,-0.000000,0.558531,-0.601100,-0.176093,0.543796,0.193193,-0.900193,-0.390293,-195.194196,453.862183,-94.247858,0
25290.000000,0.644233,-0.694753,0.319815,-478.826222,160.239621,33.293989,-0.000000,-0.001144,-0.000001,0.557514,-0.604201,-0.179285,0.540348,0.193195,-0.900193,-0.390292,-203.699272,452.273393,-97.568559,0
25300.000000,0.648343,-0.694404,0.312175,-480.098494,160.727026,47.841954,-0.000001,-0.001144,-0.000000,0.556480,-0.607282,-0.182471,0.536883,0.193197,-0.900193,-0.390292,-212.225429,450.452753,-100.793746,0
25310.000000,0.652294,-0.694086,0.304561,-480.422513,161.342809,62.510926,-0.000001,-0.001144,-0.000001,0.555427,-0.610343,-0.185652,0.533400,0.193199,-0.900192,-0.390292,-220.764929,448.400282,-103.919983,0
25320.000000,0.655710,-0.694411,0.296373,-480.018640,162.147235,77.947479,-0.000001,-0.001144,-0.000001,0.554355,-0.613385,-0.188826,0.529900,0.193201,-0.900192,-0.390292,-229.309996,446.116338,-106.943974,0
25330.000000,0.657403,-0.694976,0.291256,-479.410273,163.350465,92.097008,-0.000001,-0.001144,-0.000001,0.553266,-0.616406,-0.191994,0.526382,0.193203,-0.900192,-0.390292,-237.852924,443.601594,-109.862598,0
25340.000000,0.662529,-0.693675,0.282612,-478.962620,164.159869,107.440529,-0.000000,-0.001144,-0.000000,0.552159,-0.619407,-0.195156,0.522848,0.193205,-0.900191,-0.390292,-246.386145,440.856893,-112.672915,0
25350.000000,0.663505,-0.695199,0.276514,-476.804969,165.527352,121.287583,0.000000,-0.001145,-0.000000,0.551033,-0.622388,-0.198312,0.519296,0.193207,-0.900191,-0.390291,-254.901713,437.883363,-115.371989,0
25360.000000,0.667119,-0.695149,0.267806,-475.270240,166.465684,136.407041,-0.000001,-0.001145,-0.000000,0.549890,-0.625348,-0.201460,0.515727,0.193209,-0.900190,-0.390291,-263.391672,434.682476,-117.957040,0
25370.000000,0.669812,-0.695481,0.260113,-472.625716,166.998669,151.253776,-0.000001,-0.001144,-0.000000,0.548729,-0.628288,-0.204603,0.512141,0.193211,-0.900190,-0.390291,-271.848109,431.256038,-120.425465,0
25380.000000,0.673281,-0.695041,0.252211,-469.646681,168.820674,166.331535,-0.000001,-0.001145,-0.000001,0.547549,-0.631208,-0.207738,0.508539,0.193213,-0.900190,-0.390291,-280.263174,427.606181,-122.774839,0
25390.000000,0.676647,-0.694822,0.243661,-466.093400,168.639135,180.654164,-0.000000,-0.001144,-0.000000,0.546352,-0.634106,-0.210867,0.504920,0.193215,-0.900189,-0.390291,-288.629097,423.735354,-125.002921,0
25400.000000,0.678111,-0.695648,0.237146,-461.688104,170.033170,196.023001,-0.000000,-0.001145,-0.000001,0.545137,-0.636984,-0.213989,0.501284,0.193217,-0.900189,-0.390291,-296.938207,419.646309,-127.107658,0
25410.000000,0.681934,-0.694671,0.228906,-456.911147,170.698000,210.072991,-0.000001,-0.001145,-0.000000,0.543904,-0.639842,-0.217104,0.497632,0.193220,-0.900189,-0.390290,-305.182948,415.342089,-129.087185,0
25420.000000,0.684460,-0.695050,0.220044,-451.943244,172.974403,224.345623,-0.000001,-0.001144,-0.000001,0.542653,-0.642678,-0.220212,0.493963,0.193222,-0.900188,-0.390290,-313.355896,410.826019,-130.939823,0
25430.000000,0.687261,-0.694496,0.212950,-446.973136,172.566757,238.317646,-0.000000,-0.001144,-0.000001,0.541384,-0.645493,-0.223313,0.490279,0.193224,-0.900188,-0.390290,-321.449777,406.101686,-132.664085,0
25440.000000,0.689155,-0.695068,0.204808,-439.297701,173.778819,252.324518,-0.000001,-0.001144,-0.000000,0.540098,-0.648287,-0.226406,0.486578,0.193226,-0.900188,-0.390290,-329.457475,401.172928,-134.258668,0
25450.000000,0.690810,-0.695628,0.197187,-433.511323,174.832017,265.611662,-0.000000,-0.001144,-0.000001,0.538794,-0.651060,-0.229492,0.482862,0.193228,-0.900187,-0.390290,-337.372050,396.043821,-135.722454,0
25460.000000,0.693645,-0.695148,0.188751,-425.436472,176.264876,279.880076,-0.000000,-0.001144,-0.000000,0.537472,-0.653812,-0.232570,0.479129,0.193230,-0.900187,-0.390290,-345.186752,390.718655,-137.054508,0
25470.000000,0.695078,-0.695255,0.182995,-418.016312,177.296282,292.301264,-0.000001,-0.001145,-0.000000,0.536133,-0.656542,-0.235641,0.475381,0.193232,-0.900186,-0.390290,-352.895023,385.201928,-138.254069,0
25480.000000,0.697657,-0.695173,0.173232,-410.960683,178.718251,305.632620,-0.000001,-0.001145,-0.000001,0.534776,-0.659250,-0.238704,0.471618,0.193234,-0.900186,-0.390289,-360.490518,379.498322,-139.320549,0
25490.000000,0.699908,-0.694726,0.165785,-401.535758,179.109305,318.413706,-0.000000,-0.001145,-0.000000,0.533402,-0.661938,-0.241760,0.467839,0.193236,-0.900186,-0.390289,-367.967104,373.612690,-140.253525,0
25500.000000,0.701839,-0.694953,0.156403,-392.386249,180.258407,330.445696,-0.000001,-0.001145,-0.000001,0.532010,-0.664603,-0.244807,0.464045,0.193238,-0.900185,-0.390289,-375.318870,367.550041,-141.052734,0
25510.000000,0.702493,-0.695967,0.148773,-382.714600,180.804282,342.353643,-0.000001,-0.001144,0.000000,0.530601,-0.667247,-0.247846,0.460235,0.193240,-0.900185,-0.390289,-382.540135,361.315521,-141.718065,0
25520.000000,0.704222,-0.695771,0.141330,-372.841316,181.770828,354.693880,-0.000000,-0.001145,-0.000000,0.529175,-0.669869,-0.250878,0.456411,0.193242,-0.900185,-0.390289,-389.625447,354.914398,-142.249551,0
25530.000000,0.707383,-0.693968,0.134229,-362.502123,182.376069,365.968631,-0.000001,-0.001145,-0.000000,0.527731,-0.672469,-0.253901,0.452571,0.193244,-0.900184,-0.390289,-396.569591,348.352048,-142.647359,0
25540.000000,0.708004,-0.695145,0.124517,-351.848128,183.987277,377.314227,-0.000001,-0.001145,-0.000001,0.526270,-0.675046,-0.256915,0.448717,0.193246,-0.900184,-0.390288,-403.367586,341.633937,-142.911785,0
25550.000000,0.708249,-0.696260,0.116640,-340.690756,184.984091,388.089541,-0.000000,-0.001145,-0.000001,0.524791,-0.677602,-0.259922,0.444848,0.193248,-0.900184,-0.390288,-410.014689,334.765612,-143.043245,0
25560.000000,0.710021,-0.695549,0.109917,-328.822201,185.230025,397.787350,-0.000001,-0.001145,-0.000001,0.523296,-0.680136,-0.262920,0.440965,0.193250,-0.900183,-0.390288,-416.506393,327.752681,-143.042261,0
25570.000000,0.712137,-0.694767,0.100794,-317.330274,186.649693,408.546392,-0.000001,-0.001145,-0.000000,0.521783,-0.682647,-0.265909,0.437067,0.193252,-0.900183,-0.390288,-422.838422,320.600805,-142.909457,0
25580.000000,0.713519,-0.694502,0.092509,-305.362135,187.501720,417.309915,-0.000000,-0.001144,-0.000001,0.520254,-0.685136,-0.268889,0.433154,0.193254,-0.900182,-0.390288,-429.006733,313.315684,-142.645549,0
25590.000000,0.713706,-0.695247,0.085178,-292.811267,187.809985,426.495581,-0.000001,-0.001144,-0.000000,0.518707,-0.687603,-0.271861,0.429228,0.193256,-0.900182,-0.390288,-435.007508,305.903046,-142.251333,0
25600.000000,0.715354,-0.694641,0.075782,-279.827073,189.254089,435.346802,-0.000001,-0.001145,-0.000001,0.517143,-0.690047,-0.274824,0.425287,0.193258,-0.900182,-0.390287,-440.837152,298.368637,-141.727680,0
25610.000000,0.714601,-0.696227,0.067922,-266.944388,190.180317,443.605458,-0.000000,-0.001144,-0.000001,0.515563,-0.692469,-0.277778,0.421333,0.193260,-0.900181,-0.390287,-446.492284,290.718213,-141.075524,0
25620.000000,0.717618,-0.693852,0.059948,-253.818762,190.366356,450.515645,-0.000001,-0.001145,-0.000000,0.513965,-0.694868,-0.280722,0.417365,0.193262,-0.900181,-0.390287,-451.969734,282.957528,-140.295856,0
25630.000000,0.716826,-0.695230,0.053060,-240.289758,191.800301,458.125952,-0.000001,-0.001145,-0.000001,0.512351,-0.697244,-0.283658,0.413383,0.193264,-0.900181,-0.390287,-457.266535,275.092334,-139.389716,0
25640.000000,0.718065,-0.694708,0.041990,-226.050357,192.321684,464.420473,-0.000001,-0.001145,-0.000000,0.510720,-0.699597,-0.286584,0.409388,0.193266,-0.900180,-0.390287,-462.379914,267.128367,-138.358183,0
25650.000000,0.718843,-0.694339,0.034031,-211.792998,192.982909,471.635204,-0.000001,-0.001144,-0.000000,0.509072,-0.701928,-0.289501,0.405379,0.193268,-0.900180,-0.390287,-467.307287,259.071348,-137.202372,0
25660.000000,0.717095,-0.696432,0.027505,-197.442423,194.285288,476.845603,-0.000000,-0.001145,-0.000001,0.507408,-0.704235,-0.292409,0.401357,0.193270,-0.900180,-0.390287,-472.046250,250.926974,-135.923424,0
25670.000000,0.718802,-0.694977,0.018200,-183.131585,194.656093,482.749023,-0.000001,-0.001145,-0.000001,0.505727,-0.706520,-0.295306,0.397322,0.193272,-0.900179,-0.390286,-476.594568,242.700919,-134.522504,0
25680.000000,0.718209,-0.695739,0.011111,-169.026874,195.185084,487.057183,-0.000001,-0.001145,-0.000001,0.504029,-0.708781,-0.298195,0.393274,0.193274,-0.900179,-0.390286,-480.950172,234.398832,-133.000792,0
25690.000000,0.719515,-0.694468,0.003507,-153.822797,195.902867,490.912447,-0.000000,-0.001144,-0.000001,0.502315,-0.711019,-0.301073,0.389213,0.193276,-0.900178,-0.390286,-485.111150,226.026329,-131.359482,0
25700.000000,0.718929,-0.695054,-0.006381,-139.505135,197.616806,495.218538,-0.000001,-0.001145,-0.000001,0.500584,-0.713234,-0.303942,0.385139,0.193278,-0.900178,-0.390286,-489.075734,217.589000,-129.599777,0
25710.000000,0.719555,-0.694293,-0.014027,-124.269111,197.167037,497.593934,-0.000001,-0.001144,-0.000000,0.498838,-0.715426,-0.306800,0.381052,0.193280,-0.900178,-0.390286,-492.842300,209.092407,-127.722884,0
25720.000000,0.718307,-0.695348,-0.022929,-109.575699,199.028511,501.311422,-0.000000,-0.001144,-0.000001,0.497074,-0.717594,-0.309649,0.376954,0.193282,-0.900177,-0.390286,-496.409353,200.542081,-125.730017,0
25730.000000,0.717573,-0.695803,-0.030763,-93.637376,199.033712,503.404838,-0.000000,-0.001145,-0.000001,0.495295,-0.719738,-0.312487,0.372842,0.193284,-0.900177,-0.390285,-499.775527,191.943530,-123.622390,1
25740.000000,0.717874,-0.695177,-0.037212,-78.715116,199.213247,505.549502,-0.000001,-0.001145,-0.000000,0.493499,-0.721859,-0.315316,0.368719,0.193286,-0.900177,-0.390285,-502.939574,183.302232,-121.401220,1
25750.000000,0.717028,-0.695431,-0.047407,-63.350992,200.315942,505.937278,-0.000001,-0.001144,-0.000001,0.491687,-0.723957,-0.318133,0.364584,0.193288,-0.900176,-0.390285,-505.900362,174.623647,-119.067725,1
25760.000000,0.716619,-0.695313,-0.054746,-48.429539,200.951902,507.201665,-0.000000,-0.001145,-0.000001,0.489859,-0.726031,-0.320941,0.360436,0.193290,-0.900176,-0.390285,-508.656863,165.913211,-116.623125,1
25770.000000,0.715673,-0.695494,-0.064033,-33.063961,200.979345,507.585179,-0.000001,-0.001145,-0.000001,0.488015,-0.728081,-0.323738,0.356277,0.193292,-0.900175,-0.390285,-511.208158,157.176345,-114.068643,1
25780.000000,0.716020,-0.694410,-0.071485,-18.261909,202.027825,506.790839,-0.000000,-0.001145,-0.000001,0.486155,-0.730107,-0.326524,0.352106,0.193294,-0.900175,-0.390285,-513.553423,148.418451,-111.405507,1
25790.000000,0.714331,-0.695207,-0.080114,-3.150171,202.370825,506.038762,-0.000001,-0.001145,0.000000,0.484280,-0.732109,-0.329300,0.347924,0.193296,-0.900175,-0.390284,-515.691934,139.644924,-108.634953,1
25800.000000,0.713626,-0.695117,-0.086892,12.055986,203.021639,504.822388,-0.000001,-0.001145,-0.000000,0.482388,-0.734087,-0.332065,0.343730,0.193298,-0.900174,-0.390284,-517.623058,130.861144,-105.758225,1
25810.000000,0.712311,-0.695115,-0.097099,27.958009,203.466079,503.216023,-0.000001,-0.001145,0.000000,0.480480,-0.736042,-0.334819,0.339525,0.193300,-0.900174,-0.390284,-519.346254,122.072489,-102.776580,1
25820.000000,0.711619,-0.694704,-0.104804,42.487554,203.717210,500.577211,-0.000001,-0.001145,-0.000000,0.478557,-0.737972,-0.337562,0.335309,0.193302,-0.900174,-0.390284,-520.861072,113.284329,-99.691294,1
25830.000000,0.709136,-0.696007,-0.112699,57.134515,203.852507,497.527972,-0.000001,-0.001144,0.000000,0.476618,-0.739878,-0.340294,0.331082,0.193304,-0.900173,-0.390284,-522.167149,104.502033,-96.503658,1
25840.000000,0.708158,-0.695692,-0.120525,71.806069,204.955592,494.513161,-0.000001,-0.001145,-0.000000,0.474664,-0.741760,-0.343015,0.326844,0.193306,-0.900173,-0.390284,-523.264212,95.730971,-93.214993,1
25850.000000,0.707614,-0.694849,-0.128324,86.223476,205.339760,490.546123,-0.000000,-0.001145,-0.000000,0.472694,-0.743617,-0.345725,0.322595,0.193308,-0.900173,-0.390283,-524.152078,86.976511,-89.826643,1
25860.000000,0.706451,-0.694517,-0.136281,101.356342,205.476826,485.978218,-0.000001,-0.001144,-0.000001,0.470708,-0.745451,-0.348423,0.318336,0.193310,-0.900172,-0.390283,-524.830652,78.244025,-86.339987,1
25870.000000,0.703892,-0.695716,-0.143232,115.508206,206.151406,481.472505,-0.000000,-0.001145,-0.000000,0.468708,-0.747260,-0.351110,0.314067,0.193312,-0.900172,-0.390283,-525.299934,69.538887,-82.756440,1
25880.000000,0.702066,-0.695350,-0.153596,129.404806,206.459206,476.195055,-0.000001,-0.001144,-0.000001,0.466691,-0.749044,-0.353786,0.309787,0.193314,-0.900171,-0.390283,-525.560012,60.866473,-79.077458,1
25890.000000,0.699207,-0.696862,-0.159664,143.248055,206.764683,470.577966,-0.000001,-0.001144,-0.000001,0.464660,-0.750804,-0.356450,0.305497,0.193316,-0.900171,-0.390283,-525.611073,52.232163,-75.304542,1
25900.000000,0.699462,-0.694424,-0.168902,157.122827,207.698462,464.254479,-0.000000,-0.001145,0.000000,0.462613,-0.752539,-0.359102,0.301197,0.193319,-0.900171,-0.390283,-525.453400,43.641335,-71.439243,1
25910.000000,0.696541,-0.695253,-0.177352,170.451953,207.771706,457.568011,-0.000001,-0.001145,-0.000000,0.460551,-0.754250,-0.361743,0.296887,0.193321,-0.900170,-0.390283,-525.087358,35.099148,-67.483059,1
25920.000000,0.693807,-0.696380,-0.183536,183.671418,208.224094,451.627787,-0.000001,-0.001145,-0.000000,0.458475,-0.755936,-0.364371,0.292568,0.193323,-0.900170,-0.390282,-524.513216,26.610837,-63.437549,1
25930.000000,0.692900,-0.694864,-0.192493,195.781191,208.589918,443.287784,-0.000001,-0.001145,-0.000000,0.456383,-0.757597,-0.366988,0.288238,0.193325,-0.900170,-0.390282,-523.731293,18.181851,-59.304428,1
25940.000000,0.690020,-0.695584,-0.200090,208.450398,209.329820,434.762312,0.000000,-0.001145,-0.000001,0.454276,-0.759234,-0.369593,0.283900,0.193327,-0.900169,-0.390282,-522.742033,9.817644,-55.085484,1
25950.000000,0.687911,-0.695293,-0.208196,221.261125,209.291020,426.945555,-0.000001,-0.001145,-0.000000,0.452154,-0.760845,-0.372185,0.279552,0.193329,-0.900169,-0.390282,-521.546009,1.523666,-50.782582,1
25960.000000,0.686490,-0.693889,-0.217370,233.168488,209.957811,417.925699,-0.000001,-0.001145,-0.000000,0.450018,-0.762432,-0.374766,0.275195,0.193331,-0.900169,-0.390282,-520.143926,-6.694637,-46.397663,1
25970.000000,0.683621,-0.695207,-0.222148,244.777891,210.410367,408.330937,-0.000000,-0.001144,0.000000,0.447866,-0.763994,-0.377334,0.270829,0.193333,-0.900168,-0.390282,-518.536622,-14.831832,-41.932750,1
25980.000000,0.680048,-0.695147,-0.233036,255.754598,210.177559,399.049731,-0.000001,-0.001144,-0.000001,0.445701,-0.765530,-0.379890,0.266454,0.193335,-0.900168,-0.390281,-516.725073,-22.882507,-37.389946,1
25990.000000,0.678869,-0.694358,-0.238754,266.696284,210.961787,389.231424,-0.000001,-0.001144,-0.000001,0.443520,-0.767042,-0.382433,0.262070,0.193337,-0.900167,-0.390281,-514.710389,-30.841272,-32.771436,1
26000.000000,0.674443,-0.695465,-0.247901,277.055595,210.995433,379.315699,-0.000001,-0.001144,-0.000000,0.441325,-0.768529,-0.384964,0.257678,0.193339,-0.900167,-0.390281,-512.493823,-38.702768,-28.079487,1
26010.000000,0.672532,-0.694954,-0.254442,287.292777,211.183724,368.276089,0.000000,-0.001144,-0.000000,0.439116,-0.769990,-0.387483,0.253278,0.193341,-0.900167,-0.390281,-510.076766,-46.461674,-23.316449,1
26020.000000,0.667323,-0.696646,-0.263369,297.470848,211.131246,357.863421,-0.000001,-0.001144,-0.000000,0.436892,-0.771427,-0.389988,0.248869,0.193343,-0.900166,-0.390281,-507.460752,-54.112712,-18.484754,1
26030.000000,0.666571,-0.694834,-0.269979,306.498493,212.255589,346.171860,-0.000000,-0.001144,-0.000001,0.434654,-0.772838,-0.392481,0.244452,0.193345,-0.900166,-0.390281,-504.647457,-61.650654,-13.586915,1
26040.000000,0.662087,-0.695534,-0.279058,315.408515,212.241406,334.821452,-0.000000,-0.001145,-0.000000,0.432402,-0.774223,-0.394961,0.240027,0.193347,-0.900166,-0.390280,-501.638700,-69.070330,-8.625526,1
26050.000000,0.658458,-0.695612,-0.287327,323.958539,212.382867,322.873067,-0.000000,-0.001144,-0.000000,0.430135,-0.775584,-0.397428,0.235594,0.193349,-0.900165,-0.390280,-498.436442,-76.366632,-3.603262,1
26060.000000,0.655203,-0.696297,-0.293053,331.400498,212.934732,310.971870,-0.000000,-0.001145,-0.000000,0.427855,-0.776919,-0.399882,0.231153,0.193351,-0.900165,-0.390280,-495.042787,-83.534522,1.477127,1
26070.000000,0.653273,-0.694842,-0.300715,340.127455,213.046894,298.784576,-0.000000,-0.001144,-0.000001,0.425560,-0.778228,-0.402323,0.226705,0.193353,-0.900165,-0.390280,-491.459982,-90.569037,6.612813,1
26080.000000,0.650184,-0.694683,-0.307696,346.513718,212.876866,286.098852,-0.000000,-0.001145,-0.000000,0.423252,-0.779513,-0.404751,0.222250,0.193355,-0.900164,-0.390280,-487.690414,-97.465296,11.800894,1
26090.000000,0.645011,-0.695676,-0.316221,354.010449,213.570860,273.320827,-0.000000,-0.001145,-0.000000,0.420929,-0.780771,-0.407166,0.217787,0.193357,-0.900164,-0.390280,-483.736610,-104.218507,17.038396,1
26100.000000,0.642693,-0.695402,-0.321499,359.587084,213.765938,260.719945,-0.000000,-0.001145,0.000000,0.418593,-0.782004,-0.409567,0.213317,0.193359,-0.900163,-0.390280,-479.601237,-110.823970,22.322276,1
26110.000000,0.638813,-0.694852,-0.330301,365.533863,214.074816,247.112983,-0.000001,-0.001144,-0.000000,0.416243,-0.783212,-0.411955,0.208840,0.193361,-0.900163,-0.390279,-475.287098,-117.277084,27.649424,1
26120.000000,0.633776,-0.695966,-0.337578,370.458462,214.318976,233.985264,-0.000001,-0.001145,-0.000000,0.413880,-0.784394,-0.414329,0.204356,0.193363,-0.900163,-0.390279,-470.797134,-123.573353,33.016665,1
26130.000000,0.631156,-0.694913,-0.344584,375.864011,214.280408,220.447516,-0.000001,-0.001145,-0.000000,0.411503,-0.785550,-0.416690,0.199865,0.193365,-0.900162,-0.390279,-466.134415,-129.708388,38.420761,1
26140.000000,0.627529,-0.694465,-0.352031,379.694085,215.049074,206.881327,-0.000001,-0.001144,-0.000001,0.409113,-0.786680,-0.419037,0.195368,0.193367,-0.900162,-0.390279,-461.302145,-135.677917,43.858418,1
26150.000000,0.622379,-0.695152,-0.359733,383.449547,215.333622,193.322521,-0.000000,-0.001145,-0.000001,0.406709,-0.787785,-0.421371,0.190865,0.193369,-0.900162,-0.390279,-456.303659,-141.477784,49.326283,1
26160.000000,0.618349,-0.696428,-0.364187,386.896538,214.812055,179.567485,-0.000001,-0.001145,-0.000001,0.404292,-0.788864,-0.423690,0.186355,0.193371,-0.900161,-0.390279,-451.142415,-147.103956,54.820951,1
26170.000000,0.614356,-0.694349,-0.374762,389.840323,215.543333,166.179251,0.000000,-0.001144,-0.000001,0.401861,-0.789917,-0.425996,0.181840,0.193373,-0.900161,-0.390278,-445.821998,-152.552527,60.338966,1
26180.000000,0.609706,-0.695982,-0.379300,391.472611,215.964040,152.254342,-0.000001,-0.001144,-0.000000,0.399418,-0.790944,-0.428288,0.177318,0.193375,-0.900161,-0.390278,-440.346113,-157.819721,65.876824,1
26190.000000,0.607528,-0.694361,-0.385710,393.144496,216.496833,138.217658,-0.000001,-0.001144,-0.000000,0.396961,-0.791946,-0.430566,0.172790,0.193377,-0.900160,-0.390278,-434.718586,-162.901897,71.430975,1
26200.000000,0.600827,-0.695077,-0.394809,395.027870,216.463158,124.462556,-0.000000,-0.001145,-0.000000,0.394492,-0.792921,-0.432830,0.168257,0.193379,-0.900160,-0.390278,-428.943361,-167.795553,76.997829,1
26210.000000,0.596464,-0.695650,-0.400378,395.657537,215.867993,110.572361,-0.000001,-0.001144,-0.000001,0.392009,-0.793871,-0.435079,0.163719,0.193381,-0.900159,-0.390278,-423.024494,-172.497327,82.573753,1
26220.000000,0.592431,-0.694708,-0.407929,395.297661,217.044696,96.380794,-0.000000,-0.001145,-0.000000,0.389514,-0.794794,-0.437315,0.159175,0.193383,-0.900159,-0.390278,-416.966156,-177.004001,88.155080,1
26230.000000,0.587162,-0.695660,-0.413882,395.858705,217.096807,83.036322,-0.000001,-0.001145,-0.000000,0.387006,-0.795692,-0.439536,0.154625,0.193385,-0.900159,-0.390277,-410.772624,-181.312509,93.738107,1
26240.000000,0.583306,-0.695058,-0.420296,394.640540,217.627096,68.795972,0.000000,-0.001144,-0.000000,0.384485,-0.796563,-0.441742,0.150071,0.193387,-0.900158,-0.390277,-404.448288,-185.419933,99.319099,1
26250.000000,0.577731,-0.695492,-0.427221,393.718774,217.471542,55.207756,-0.000001,-0.001144,-0.000000,0.381952,-0.797409,-0.443935,0.145512,0.193389,-0.900158,-0.390277,-397.997638,-189.323513,104.894294,1
26260.000000,0.571396,-0.694869,-0.436651,392.183268,217.617444,41.984400,-0.000001,-0.001145,-0.000000,0.379406,-0.798228,-0.446112,0.140948,0.193391,-0.900158,-0.390277,-391.425270,-193.020644,110.459901,1
26270.000000,0.567110,-0.695462,-0.441270,389.885626,217.668274,27.849635,-0.000001,-0.001145,-0.000000,0.376848,-0.799022,-0.448276,0.136379,0.193393,-0.900157,-0.390277,-384.735878,-196.508886,116.012107,1
26280.000000,0.563700,-0.695185,-0.446049,386.695537,218.011162,15.051469,-0.000000,-0.001145,-0.000000,0.374277,-0.799789,-0.450424,0.131806,0.193395,-0.900157,-0.390277,-377.934258,-199.785964,121.547078,1
26290.000000,0.558451,-0.694610,-0.453487,383.695860,218.057113,1.600193,-0.000000,-0.001145,-0.000001,0.371695,-0.800530,-0.452558,0.127229,0.193397,-0.900156,-0.390277,-371.025299,-202.849771,127.060962,1
26300.000000,0.553431,-0.693660,-0.461031,380.327119,218.275080,-11.732512,-0.000001,-0.001145,-0.000001,0.369100,-0.801244,-0.454677,0.122647,0.193399,-0.900156,-0.390276,-364.013984,-205.698375,132.549892,1
26310.000000,0.546610,-0.696145,-0.465403,376.302061,218.687291,-23.402933,-0.000000,-0.001144,-0.000000,0.366493,-0.801933,-0.456781,0.118062,0.193401,-0.900156,-0.390276,-356.905387,-208.330019,138.009991,1
26320.000000,0.541837,-0.694861,-0.472843,371.537448,219.120535,-36.641250,-0.000001,-0.001144,-0.000001,0.363874,-0.802595,-0.458870,0.113472,0.193403,-0.900155,-0.390276,-349.704670,-210.743127,143.437370,1
26330.000000,0.535775,-0.695165,-0.479260,366.804713,219.193232,-49.285088,-0.000001,-0.001145,-0.000000,0.361243,-0.803231,-0.460944,0.108879,0.193405,-0.900155,-0.390276,-342.417082,-212.936308,148.828140,1
26340.000000,0.530421,-0.695650,-0.484483,361.172317,219.815413,-61.651261,-0.000001,-0.001145,-0.000001,0.358600,-0.803841,-0.463003,0.104283,0.193407,-0.900155,-0.390276,-335.047954,-214.908362,154.178408,1
26350.000000,0.524441,-0.695539,-0.491109,355.175141,220.148214,-73.031514,-0.000001,-0.001144,-0.000000,0.355945,-0.804424,-0.465046,0.099682,0.193409,-0.900154,-0.390276,-327.602695,-216.658280,159.484285,1
26360.000000,0.520441,-0.694399,-0.496941,348.512283,219.832712,-84.210204,-0.000001,-0.001144,-0.000000,0.353279,-0.804981,-0.467075,0.095079,0.193411,-0.900154,-0.390275,-320.086792,-218.185252,164.741890,1
26370.000000,0.512556,-0.696317,-0.502423,342.124701,219.881559,-95.757587,-0.000001,-0.001144,-0.000000,0.350602,-0.805512,-0.469088,0.090473,0.193413,-0.900154,-0.390275,-312.505802,-219.488669,169.947355,1
26380.000000,0.509374,-0.694039,-0.508771,335.181987,220.176275,-107.345029,-0.000001,-0.001144,-0.000000,0.347913,-0.806016,-0.471086,0.085863,0.193415,-0.900153,-0.390275,-304.865352,-220.568131,175.096828,1
26390.000000,0.501168,-0.695991,-0.514225,327.813944,220.653407,-117.591653,-0.000001,-0.001145,-0.000001,0.345212,-0.806494,-0.473069,0.081251,0.193417,-0.900153,-0.390275,-297.171131,-221.423445,180.186480,1
26400.000000,0.496030,-0.695055,-0.520435,319.672339,221.298424,-128.295720,-0.000000,-0.001145,-0.000002,0.342500,-0.806946,-0.475036,0.076636,0.193420,-0.900152,-0.390275,-289.428888,-222.054635,185.212510,1
26410.000000,0.490791,-0.694656,-0.525907,311.473664,221.045299,-137.936846,-0.000001,-0.001144,-0.000001,0.339777,-0.807371,-0.476987,0.072019,0.193422,-0.900152,-0.390275,-281.644423,-222.461943,190.171152,1
26420.000000,0.482365,-0.695625,-0.532382,303.332772,221.121498,-147.820002,-0.000000,-0.001145,-0.000001,0.337043,-0.807770,-0.478923,0.067399,0.193424,-0.900152,-0.390274,-273.823584,-222.645835,195.058679,1
26430.000000,0.479232,-0.694256,-0.536977,294.561800,221.631815,-156.730534,0.000000,-0.001145,-0.000001,0.334298,-0.808142,-0.480843,0.062777,0.193426,-0.900151,-0.390274,-265.972262,-222.607001,199.871413,1
26440.000000,0.470780,-0.695389,-0.542954,285.055711,221.230780,-165.969057,-0.000000,-0.001144,-0.000000,0.331542,-0.808488,-0.482748,0.058153,0.193428,-0.900151,-0.390274,-258.096379,-222.346362,204.605729,1
26450.000000,0.464746,-0.695307,-0.548232,275.409737,222.314345,-174.330620,-0.000001,-0.001145,-0.000001,0.328775,-0.808807,-0.484637,0.053527,0.193430,-0.900151,-0.390274,-250.201885,-221.865068,209.258063,1
26460.000000,0.459398,-0.695168,-0.552898,265.932256,222.034824,-183.045577,-0.000001,-0.001145,-0.000001,0.325997,-0.809100,-0.486509,0.048899,0.193432,-0.900150,-0.390274,-242.294749,-221.164505,213.824919,1
26470.000000,0.453815,-0.695063,-0.557619,256.038045,222.373281,-189.990749,-0.000000,-0.001144,-0.000000,0.323208,-0.809367,-0.488366,0.044270,0.193434,-0.900150,-0.390274,-234.380950,-220.246295,218.302880,1
26480.000000,0.445840,-0.695681,-0.563254,245.977700,222.214905,-197.499930,-0.000001,-0.001145,-0.000000,0.320409,-0.809607,-0.490207,0.039639,0.193436,-0.900150,-0.390274,-226.466433,-219.112290,222.688633,1
26490.000000,0.438938,-0.695068,-0.569398,234.393319,223.523174,-204.725421,-0.000000,-0.001145,-0.000001,0.317600,-0.809820,-0.492032,0.035007,0.193438,-0.900149,-0.390273,-218.556877,-217.764505,226.979052,1
26500.000000,0.434831,-0.694642,-0.573057,225.211554,222.253343,-210.735893,-0.000000,-0.001145,-0.000001,0.314780,-0.810007,-0.493841,0.030374,0.193440,-0.900149,-0.390273,-210.658147,-216.205150,231.170872,1
26510.000000,0.426752,-0.695470,-0.578104,213.435380,222.819352,-217.260408,-0.000001,-0.001144,-0.000001,0.311950,-0.810168,-0.495634,0.025740,0.193442,-0.900148,-0.390273,-202.776158,-214.436682,235.260891,1
26520.000000,0.421128,-0.694846,-0.582958,202.738161,221.910966,-222.378203,-0.000000,-0.001145,0.000000,0.309109,-0.810302,-0.497410,0.021105,0.193444,-0.900148,-0.390273,-194.916800,-212.461811,239.246026,1
26530.000000,0.414575,-0.695689,-0.586638,191.411752,223.488421,-227.817119,-0.000000,-0.001144,-0.000000,0.306259,-0.810409,-0.499170,0.016469,0.193446,-0.900148,-0.390273,-187.085928,-210.283489,243.123317,1
26540.000000,0.407098,-0.695000,-0.592661,180.398831,222.529182,-232.397920,-0.000000,-0.001144,-0.000001,0.303398,-0.810490,-0.500914,0.011833,0.193448,-0.900147,-0.390273,-179.289350,-207.904910,246.889944,1
26550.000000,0.399422,-0.694860,-0.598023,168.879580,222.979630,-236.905572,-0.000000,-0.001145,-0.000000,0.300528,-0.810545,-0.502641,0.007196,0.193450,-0.900147,-0.390272,-171.532811,-205.329502,250.543227,1
26560.000000,0.392322,-0.695149,-0.602371,157.947572,222.955375,-240.059894,-0.000001,-0.001144,0.000000,0.297648,-0.810573,-0.504352,0.002560,0.193452,-0.900147,-0.390272,-163.821982,-202.560925,254.080638,1
26570.000000,0.384676,-0.694797,-0.607685,146.732181,223.298587,-243.326661,-0.000001,-0.001145,-0.000001,0.294758,-0.810574,-0.506047,-0.002077,0.193454,-0.900146,-0.390272,-156.162447,-199.603059,257.499811,1
26580.000000,0.379557,-0.695345,-0.610272,134.450937,222.989781,-246.353569,-0.000000,-0.001144,0.000000,0.291858,-0.810549,-0.507725,-0.006714,0.193456,-0.900146,-0.390272,-148.559691,-196.459994,260.798544,1
26590.000000,0.372786,-0.694719,-0.615139,122.895852,223.368117,-248.684960,-0.000000,-0.001144,-0.000001,0.288949,-0.810497,-0.509386,-0.011351,0.193458,-0.900146,-0.390272,-141.019086,-193.136028,263.974808,1
26600.000000,0.364774,-0.695733,-0.618786,111.092695,223.127306,-250.739721,-0.000001,-0.001145,-0.000001,0.286030,-0.810419,-0.511030,-0.015987,0.193460,-0.900145,-0.390272,-133.545879,-189.635649,267.026754,1
26610.000000,0.356812,-0.695279,-0.623917,100.033132,223.056427,-252.017390,-0.000001,-0.001145,-0.000000,0.283102,-0.810314,-0.512658,-0.020623,0.193462,-0.900145,-0.390271,-126.145180,-185.963525,269.952718,1
26620.000000,0.352844,-0.694888,-0.626603,87.847434,222.730442,-253.364707,-0.000000,-0.001145,-0.000000,0.280165,-0.810183,-0.514269,-0.025258,0.193464,-0.900144,-0.390271,-118.821952,-182.124495,272.751224,1
26630.000000,0.344977,-0.694994,-0.630852,76.593720,223.155271,-254.020305,-0.000000,-0.001145,-0.000001,0.277218,-0.810025,-0.515864,-0.029892,0.193466,-0.900144,-0.390271,-111.580999,-178.123549,275.420989,1
26640.000000,0.336739,-0.694402,-0.635935,64.832507,223.778511,-253.406361,-0.000001,-0.001145,-0.000001,0.274263,-0.809841,-0.517441,-0.034525,0.193468,-0.900144,-0.390271,-104.426954,-173.965820,277.960929,1
26650.000000,0.328994,-0.695211,-0.639096,53.519689,223.388668,-253.550745,-0.000001,-0.001145,-0.000000,0.271298,-0.809630,-0.519002,-0.039158,0.193470,-0.900143,-0.390271,-97.364274,-169.656566,280.370158,1
26660.000000,0.322187,-0.695529,-0.642211,42.358886,223.061113,-252.347987,-0.000001,-0.001145,-0.000001,0.268325,-0.809393,-0.520545,-0.043788,0.193472,-0.900143,-0.390271,-90.397226,-165.201156,282.647989,1
26670.000000,0.315094,-0.695330,-0.645936,31.205607,222.965652,-251.197724,-0.000001,-0.001145,0.000000,0.265343,-0.809129,-0.522071,-0.048418,0.193474,-0.900143,-0.390271,-83.529882,-160.605048,284.793939,1
26680.000000,0.308508,-0.694498,-0.649997,19.452720,222.944995,-249.825791,-0.000001,-0.001144,-0.000000,0.262352,-0.808839,-0.523581,-0.053046,0.193476,-0.900142,-0.390270,-76.766111,-155.873782,286.807724,1
26690.000000,0.299369,-0.695351,-0.653349,8.523147,222.814264,-247.326720,-0.000001,-0.001145,-0.000001,0.259352,-0.808523,-0.525073,-0.057672,0.193478,-0.900142,-0.390270,-70.109575,-151.012956,288.689262,1
26700.000000,0.290215,-0.695214,-0.657611,-2.241408,221.978339,-245.280465,-0.000000,-0.001145,-0.000001,0.256344,-0.808179,-0.526548,-0.062296,0.193480,-0.900142,-0.390270,-63.563720,-146.028208,290.438668,1
26710.000000,0.285348,-0.695221,-0.659731,-12.927214,222.146455,-242.594901,-0.000000,-0.001145,-0.000000,0.253328,-0.807810,-0.528006,-0.066918,0.193482,-0.900141,-0.390270,-57.131774,-140.925205,292.056252,1
26720.000000,0.274482,-0.695206,-0.664341,-23.040838,223.269054,-239.099969,-0.000001,-0.001145,-0.000000,0.250303,-0.807414,-0.529446,-0.071538,0.193484,-0.900141,-0.390270,-50.816745,-135.709621,293.542518,1
26730.000000,0.269265,-0.695256,-0.666420,-33.709181,221.844070,-235.317646,-0.000000,-0.001145,-0.000000,0.247271,-0.806991,-0.530870,-0.076156,0.193486,-0.900140,-0.390270,-44.621417,-130.387117,294.898156,1
26740.000000,0.262274,-0.695127,-0.669336,-43.902031,222.027593,-231.935321,-0.000000,-0.001145,-0.000000,0.244230,-0.806542,-0.532275,-0.080771,0.193488,-0.900140,-0.390269,-38.548351,-124.963332,296.124037,1
26750.000000,0.255917,-0.695063,-0.671859,-54.252675,221.209698,-227.297227,-0.000001,-0.001145,-0.000001,0.241181,-0.806067,-0.533664,-0.085384,0.193490,-0.900140,-0.390269,-32.599883,-119.443860,297.221208,1
26760.000000,0.246708,-0.695233,-0.675119,-63.316321,221.413152,-223.119112,-0.000001,-0.001144,-0.000000,0.238124,-0.805566,-0.535035,-0.089993,0.193492,-0.900139,-0.390269,-26.778128,-113.834233,298.190885,1
26770.000000,0.238419,-0.695873,-0.677434,-72.491457,221.463743,-217.942605,-0.000000,-0.001144,-0.000001,0.235060,-0.805038,-0.536388,-0.094600,0.193494,-0.900139,-0.390269,-21.084980,-108.139912,299.034444,1
26780.000000,0.230638,-0.695257,-0.680752,-81.531747,220.686090,-212.519841,-0.000001,-0.001144,-0.000000,0.231987,-0.804483,-0.537724,-0.099204,0.193496,-0.900139,-0.390269,-15.522116,-102.366264,299.753417,1
26790.000000,0.222529,-0.695393,-0.683308,-90.497581,220.290724,-207.208084,-0.000000,-0.001145,-0.000000,0.228907,-0.803903,-0.539042,-0.103804,0.193498,-0.900138,-0.390269,-10.091002,-96.518552,300.349474,1
26800.000000,0.215618,-0.695351,-0.685563,-99.552186,220.358174,-200.568777,-0.000000,-0.001144,-0.000001,0.225820,-0.803296,-0.540343,-0.108401,0.193500,-0.900138,-0.390268,-4.792898,-90.601923,300.824425,1
26810.000000,0.207410,-0.695703,-0.687735,-107.964653,219.675895,-195.209526,-0.000001,-0.001145,-0.000001,0.222725,-0.802662,-0.541626,-0.112995,0.193502,-0.900137,-0.390268,0.371140,-84.621389,301.180200,1
26820.000000,0.200119,-0.695192,-0.690406,-115.408552,219.274986,-188.082516,-0.000001,-0.001145,-0.000000,0.219623,-0.802003,-0.542891,-0.117585,0.193504,-0.900137,-0.390268,5.400245,-78.581823,301.418845,1
26830.000000,0.192426,-0.695496,-0.692284,-124.385146,219.189027,-181.900073,-0.000000,-0.001145,-0.000001,0.216514,-0.801317,-0.544139,-0.122171,0.193506,-0.900137,-0.390268,10.293739,-72.487943,301.542507,1
26840.000000,0.183105,-0.695668,-0.694636,-130.730930,218.763993,-174.190393,-0.000000,-0.001145,0.000000,0.213398,-0.800605,-0.545368,-0.126752,0.193508,-0.900136,-0.390268,15.051118,-66.344306,301.553428,1
26850.000000,0.176403,-0.695494,-0.696541,-138.241563,218.829559,-167.281546,-0.000001,-0.001144,-0.000001,0.210275,-0.799867,-0.546580,-0.131330,0.193510,-0.900136,-0.390268,19.672048,-60.155297,301.453929,1
26860.000000,0.166179,-0.694675,-0.699865,-145.455325,217.973003,-159.477567,-0.000001,-0.001144,-0.000001,0.207144,-0.799103,-0.547774,-0.135904,0.193512,-0.900136,-0.390267,24.156349,-53.925123,301.246400,1
26870.000000,0.160581,-0.694653,-0.701193,-151.570312,218.287886,-152.457290,-0.000001,-0.001145,-0.000001,0.204007,-0.798312,-0.548950,-0.140473,0.193514,-0.900135,-0.390267,28.503991,-47.657810,300.933291,1
26880.000000,0.151054,-0.696493,-0.701484,-158.223067,216.929142,-143.923159,-0.000000,-0.001144,-0.000001,0.200864,-0.797495,-0.550108,-0.145037,0.193516,-0.900135,-0.390267,32.715080,-41.357192,300.517095,1
26890.000000,0.143982,-0.696408,-0.703054,-163.555364,217.090502,-136.462220,-0.000001,-0.001145,-0.000000,0.197714,-0.796653,-0.551248,-0.149597,0.193518,-0.900135,-0.390267,36.789845,-35.026913,300.000345,1
26900.000000,0.134634,-0.695895,-0.705411,-168.986133,216.988811,-127.881216,-0.000000,-0.001145,-0.000001,0.194557,-0.795784,-0.552370,-0.154152,0.193521,-0.900134,-0.390267,40.728632,-28.670424,299.385594,1
26910.000000,0.127211,-0.695638,-0.707039,-174.284681,216.199315,-119.506400,-0.000001,-0.001145,-0.000000,0.191394,-0.794889,-0.553474,-0.158702,0.193523,-0.900134,-0.390267,44.531888,-22.290980,298.675409,1
26920.000000,0.119436,-0.695312,-0.708715,-179.789413,215.692199,-111.194387,-0.000001,-0.001145,-0.000001,0.188225,-0.793968,-0.554560,-0.163246,0.193525,-0.900133,-0.390267,48.200149,-15.891641,297.872362,1
26930.000000,0.109494,-0.694571,-0.711043,-184.625928,215.014249,-102.480555,-0.000000,-0.001145,-0.000000,0.185049,-0.793021,-0.555628,-0.167785,0.193527,-0.900133,-0.390266,51.734034,-9.475276,296.979014,1
26940.000000,0.102707,-0.694612,-0.712016,-188.911123,214.873937,-93.982738,-0.000001,-0.001144,-0.000000,0.181868,-0.792048,-0.556677,-0.172319,0.193529,-0.900133,-0.390266,55.134226,-3.044559,295.997908,1
26950.000000,0.094242,-0.694683,-0.713116,-192.924954,215.252801,-84.869772,-0.000001,-0.001145,-0.000001,0.178680,-0.791050,-0.557708,-0.176847,0.193531,-0.900132,-0.390266,58.401469,3.398018,294.931562,1
26960.000000,0.087162,-0.695148,-0.713563,-196.426611,214.016373,-76.585056,-0.000001,-0.001145,-0.000000,0.175487,-0.790025,-0.558721,-0.181370,0.193533,-0.900132,-0.390266,61.536548,9.850151,293.782454,1
26970.000000,0.078565,-0.694938,-0.714765,-200.185865,213.928299,-67.260176,-0.000001,-0.001145,-0.000000,0.172288,-0.788975,-0.559716,-0.185886,0.193535,-0.900132,-0.390266,64.540286,16.309710,292.553020,1
26980.000000,0.070231,-0.695939,-0.714658,-202.357769,213.146533,-57.906811,-0.000001,-0.001145,-0.000000,0.169083,-0.787898,-0.560693,-0.190396,0.193537,-0.900131,-0.390266,67.413528,22.774738,291.245640,1
26990.000000,0.063723,-0.695210,-0.715977,-204.925588,213.362646,-48.039004,-0.000000,-0.001145,-0.000001,0.165873,-0.786796,-0.561651,-0.194900,0.193539,-0.900131,-0.390265,70.157137,29.243441,289.862634,1
27000.000000,0.054780,-0.695285,-0.716643,-207.458577,212.420021,-40.003487,0.000000,-0.001145,-0.000001,0.162657,-0.785669,-0.562590,-0.199398,0.193541,-0.900131,-0.390265,72.771976,35.714183,288.406255,1
27010.000000,0.045187,-0.694555,-0.718019,-209.614283,212.097992,-29.616113,-0.000001,-0.001145,-0.000001,0.159436,-0.784515,-0.563512,-0.203889,0.193543,-0.900130,-0.390265,75.258909,42.185473,286.878682,1
27020.000000,0.036565,-0.694870,-0.718205,-210.982930,211.897813,-20.910046,-0.000001,-0.001145,-0.000001,0.156210,-0.783336,-0.564414,-0.208374,0.193545,-0.900130,-0.390265,77.618782,48.655961,285.282015,1
27030.000000,0.029342,-0.694918,-0.718490,-212.472320,211.199018,-11.272460,-0.000000,-0.001144,-0.000001,0.152979,-0.782131,-0.565299,-0.212851,0.193547,-0.900129,-0.390265,79.852426,55.124429,283.618267,1
27040.000000,0.021588,-0.695533,-0.718170,-213.360303,210.498836,-2.117132,-0.000001,-0.001144,-0.000001,0.149743,-0.780901,-0.566165,-0.217322,0.193549,-0.900129,-0.390265,81.960639,61.589774,281.889365,1
27050.000000,0.013584,-0.694562,-0.719305,-213.738927,210.777739,7.740773,-0.000001,-0.001144,-0.000001,0.146501,-0.779645,-0.567012,-0.221786,0.193551,-0.900129,-0.390264,83.944188,68.051006,280.097142,1
27060.000000,0.004234,-0.694349,-0.719626,-214.050388,209.931239,16.545429,-0.000000,-0.001144,-0.000001,0.143255,-0.778363,-0.567841,-0.226242,0.193553,-0.900128,-0.390264,85.803826,74.507344,278.243307,1
27070.000000,-0.003685,-0.695055,-0.718947,-214.622763,209.932500,26.002233,-0.000000,-0.001144,-0.000001,0.140005,-0.777056,-0.568651,-0.230691,0.193555,-0.900128,-0.390264,87.540250,80.958126,276.329373,1
27080.000000,-0.011756,-0.694497,-0.719400,-213.626594,209.904819,35.335613,-0.000001,-0.001145,-0.000001,0.136749,-0.775724,-0.569443,-0.235132,0.193557,-0.900128,-0.390264,89.154020,87.402527,274.356767,1
27090.000000,-0.020512,-0.695071,-0.718648,-213.456180,209.058127,44.902271,-0.000001,-0.001144,-0.000000,0.133490,-0.774366,-0.570216,-0.239566,0.193559,-0.900127,-0.390264,90.645643,93.839781,272.326823,1
27100.000000,-0.027835,-0.696003,-0.717500,-212.674386,208.814096,53.774117,-0.000001,-0.001144,-0.000000,0.130226,-0.772983,-0.570970,-0.243992,0.193561,-0.900127,-0.390264,92.015571,100.269172,270.240783,1
27110.000000,-0.037757,-0.696694,-0.716374,-211.824172,208.491906,63.388189,-0.000000,-0.001144,-0.000000,0.126957,-0.771575,-0.571706,-0.248410,0.193563,-0.900127,-0.390264,93.264197,106.690029,268.099797,1
27120.000000,-0.045463,-0.694880,-0.717687,-209.859468,207.915384,72.265201,-0.000001,-0.001145,-0.000001,0.123685,-0.770141,-0.572422,-0.252820,0.193565,-0.900126,-0.390263,94.391852,113.101713,265.904918,1
27130.000000,-0.053062,-0.695120,-0.716933,-207.538799,207.560312,81.570545,-0.000000,-0.001144,-0.000000,0.120408,-0.768682,-0.573121,-0.257221,0.193567,-0.900126,-0.390263,95.398802,119.503606,263.657109,1
27140.000000,-0.061143,-0.695560,-0.715861,-205.548895,207.011901,90.742969,-0.000001,-0.001144,-0.000000,0.117128,-0.767198,-0.573800,-0.261614,0.193569,-0.900125,-0.390263,96.285248,125.895106,261.357238,1
27150.000000,-0.070286,-0.694629,-0.715926,-203.372897,207.104408,99.929612,-0.000000,-0.001145,-0.000001,0.113843,-0.765689,-0.574461,-0.265999,0.193571,-0.900125,-0.390263,97.051323,132.275612,259.006082,1
27160.000000,-0.076343,-0.696075,-0.713899,-199.694148,206.770072,108.830727,-0.000001,-0.001144,-0.000001,0.110555,-0.764155,-0.575103,-0.270374,0.193573,-0.900125,-0.390263,97.697092,138.644518,256.604330,1
27170.000000,-0.086514,-0.694685,-0.714092,-196.383930,206.727829,118.030425,-0.000001,-0.001145,-0.000000,0.107263,-0.762596,-0.575726,-0.274741,0.193575,-0.900124,-0.390263,98.222551,145.001202,254.152580,1
27180.000000,-0.093841,-0.695238,-0.712628,-193.496949,206.167205,126.172076,-0.000000,-0.001144,-0.000001,0.103968,-0.761011,-0.576330,-0.279099,0.193577,-0.900124,-0.390262,98.627626,151.345018,251.651349,1
27190.000000,-0.103194,-0.695373,-0.711201,-189.616554,206.134541,134.749747,-0.000001,-0.001144,0.000000,0.100670,-0.759402,-0.576915,-0.283448,0.193579,-0.900124,-0.390262,98.912173,157.675289,249.101069,1
27200.000000,-0.111370,-0.696414,-0.708946,-185.303314,205.220508,143.476414,-0.000000,-0.001144,-0.000001,0.097368,-0.757768,-0.577481,-0.287788,0.193581,-0.900123,-0.390262,99.075983,163.991296,246.502096,1
27210.000000,-0.117441,-0.695310,-0.709050,-181.553475,205.582231,151.723341,-0.000001,-0.001145,-0.000001,0.094063,-0.756110,-0.578029,-0.292118,0.193583,-0.900123,-0.390262,99.118776,170.292271,243.854709,1
27220.000000,-0.124869,-0.695811,-0.707287,-177.015517,205.449872,160.245552,-0.000000,-0.001145,-0.000000,0.090754,-0.754426,-0.578558,-0.296438,0.193585,-0.900123,-0.390262,99.040207,176.577389,241.159119,1
27230.000000,-0.134251,-0.695299,-0.706071,-171.734542,205.107468,168.091354,-0.000000,-0.001144,-0.000000,0.087443,-0.752718,-0.579067,-0.300749,0.193587,-0.900122,-0.390262,98.839864,182.845763,238.415469,1
27240.000000,-0.141610,-0.695081,-0.704847,-166.783771,205.225570,175.663172,-0.000001,-0.001144,-0.000001,0.084129,-0.750985,-0.579558,-0.305050,0.193589,-0.900122,-0.390261,98.517274,189.096433,235.623844,1
27250.000000,-0.150083,-0.696034,-0.702148,-161.427729,204.547946,183.909713,-0.000001,-0.001145,-0.000001,0.080813,-0.749228,-0.580030,-0.309341,0.193591,-0.900121,-0.390261,98.071900,195.328361,232.784270,1
27260.000000,-0.158807,-0.694970,-0.701282,-155.697668,204.497521,191.879679,-0.000000,-0.001144,-0.000000,0.077493,-0.747446,-0.580483,-0.313622,0.193593,-0.900121,-0.390261,97.503147,201.540427,229.896723,1
27270.000000,-0.166424,-0.694958,-0.699526,-149.547362,204.373482,199.801997,-0.000001,-0.001145,-0.000000,0.074171,-0.745640,-0.580916,-0.317893,0.193595,-0.900121,-0.390261,96.810363,207.731417,226.961134,1
27280.000000,-0.175548,-0.694359,-0.697889,-142.991001,204.375335,206.743439,-0.000001,-0.001144,-0.000000,0.070847,-0.743809,-0.581331,-0.322153,0.193597,-0.900120,-0.390261,95.992842,213.900024,223.977395,1
27290.000000,-0.181262,-0.694890,-0.695896,-136.644779,204.823104,213.676898,-0.000001,-0.001145,-0.000001,0.067520,-0.741954,-0.581727,-0.326403,0.193599,-0.900120,-0.390261,95.049828,220.044836,220.945365,1
27300.000000,-0.189459,-0.695076,-0.693523,-129.611694,204.523190,221.127276,-0.000000,-0.001144,0.000000,0.064191,-0.740075,-0.582104,-0.330642,0.193601,-0.900120,-0.390261,93.980514,226.164335,217.864875,1
27310.000000,-0.199100,-0.695152,-0.690741,-122.585928,204.668764,227.698369,-0.000001,-0.001144,-0.000000,0.060860,-0.738171,-0.582461,-0.334870,0.193603,-0.900119,-0.390260,92.784054,232.256889,214.735735,1
27320.000000,-0.205093,-0.694129,-0.690015,-115.568784,203.732266,235.056503,-0.000001,-0.001144,0.000000,0.057527,-0.736244,-0.582800,-0.339087,0.193605,-0.900119,-0.390260,91.459556,238.320749,211.557741,1
27330.000000,-0.213808,-0.694580,-0.686910,-108.217878,204.236034,240.323189,-0.000001,-0.001145,0.000000,0.054193,-0.734292,-0.583120,-0.343293,0.193607,-0.900118,-0.390260,90.006098,244.354044,208.330681,1
27340.000000,-0.221917,-0.694785,-0.684124,-100.488241,204.701915,246.293981,-0.000001,-0.001145,-0.000000,0.050856,-0.732316,-0.583420,-0.347488,0.193609,-0.900118,-0.390260,88.422721,250.354776,205.054344,1
27350.000000,-0.229100,-0.695052,-0.681480,-92.101689,204.271842,251.865850,0.000000,-0.001145,-0.000001,0.047518,-0.730316,-0.583701,-0.351672,0.193611,-0.900118,-0.390260,86.708444,256.320815,201.728522,1
27360.000000,-0.236888,-0.694831,-0.679039,-83.685340,204.420247,257.843124,-0.000001,-0.001145,-0.000001,0.044178,-0.728292,-0.583964,-0.355844,0.193613,-0.900117,-0.390260,84.862263,262.249898,198.353022,1
27370.000000,-0.245996,-0.695808,-0.674787,-75.342495,203.625755,263.682310,-0.000001,-0.001144,-0.000001,0.040836,-0.726245,-0.584207,-0.360004,0.193615,-0.900117,-0.390259,82.883158,268.139624,194.927671,1
27380.000000,-0.253647,-0.694727,-0.673066,-66.576070,204.237087,268.465441,-0.000001,-0.001145,-0.000001,0.037494,-0.724174,-0.584431,-0.364153,0.193617,-0.900117,-0.390259,80.770098,273.987449,191.452324,1
27390.000000,-0.260090,-0.694945,-0.670376,-58.035815,204.505296,272.840292,-0.000000,-0.001144,-0.000001,0.034150,-0.722079,-0.584636,-0.368289,0.193619,-0.900116,-0.390259,78.522053,279.790689,187.926869,1
27400.000000,-0.269853,-0.695245,-0.666193,-48.916012,204.490198,277.803702,-0.000000,-0.001145,-0.000001,0.030805,-0.719960,-0.584822,-0.372414,0.193622,-0.900116,-0.390259,76.137992,285.546508,184.351237,1
27410.000000,-0.276757,-0.694817,-0.663803,-39.987899,204.203872,282.681939,-0.000001,-0.001145,-0.000001,0.027459,-0.717818,-0.584988,-0.376527,0.193624,-0.900116,-0.390259,73.616897,291.251926,180.725407,1
27420.000000,-0.283473,-0.695567,-0.660174,-29.264238,204.153936,286.436726,-0.000001,-0.001144,-0.000001,0.024112,-0.715652,-0.585136,-0.380627,0.193626,-0.900115,-0.390259,70.957768,296.903811,177.049417,1
27430.000000,-0.291649,-0.694384,-0.657854,-20.325097,204.428465,290.094573,-0.000001,-0.001145,-0.000000,0.020764,-0.713463,-0.585264,-0.384714,0.193628,-0.900115,-0.390258,68.159631,302.498880,173.323367,1
27440.000000,-0.298129,-0.695841,-0.653395,-10.009675,204.367606,293.743862,-0.000000,-0.001144,-0.000001,0.017416,-0.711251,-0.585373,-0.388789,0.193630,-0.900114,-0.390258,65.221546,308.033699,169.547426,1
27450.000000,-0.306929,-0.695729,-0.649427,0.340886,204.909337,296.703187,-0.000001,-0.001145,-0.000001,0.014067,-0.709015,-0.585463,-0.392852,0.193632,-0.900114,-0.390258,62.142619,313.504680,165.721844,1
27460.000000,-0.313493,-0.695625,-0.646396,10.241553,204.491146,299.658073,-0.000001,-0.001145,-0.000001,0.010718,-0.706756,-0.585534,-0.396901,0.193634,-0.900114,-0.390258,58.922006,318.908087,161.846955,1
27470.000000,-0.320895,-0.695021,-0.643406,20.151012,204.222155,301.525971,-0.000000,-0.001144,-0.000000,0.007368,-0.704474,-0.585586,-0.400938,0.193636,-0.900113,-0.390258,55.558926,324.240029,157.923184,1
27480.000000,-0.327714,-0.695793,-0.639121,30.626956,204.494857,303.425435,-0.000000,-0.001145,-0.000001,0.004018,-0.702169,-0.585619,-0.404961,0.193638,-0.900113,-0.390258,52.052672,329.496471,153.951054,1
27490.000000,-0.335361,-0.695923,-0.635000,42.232390,204.629396,305.428139,-0.000000,-0.001145,-0.000001,0.000668,-0.699841,-0.585632,-0.408971,0.193640,-0.900113,-0.390258,48.402617,334.673229,149.931196,1
27500.000000,-0.341373,-0.695368,-0.632399,52.366439,205.004923,306.545727,-0.000001,-0.001144,-0.000000,-0.002682,-0.697490,-0.585626,-0.412968,0.193642,-0.900112,-0.390257,44.608228,339.765976,145.864349,1
27510.000000,-0.349073,-0.695451,-0.628089,63.650496,204.891943,307.434553,-0.000000,-0.001145,0.000000,-0.006032,-0.695116,-0.585601,-0.416951,0.193644,-0.900112,-0.390257,40.669075,344.770247,141.751370,1
27520.000000,-0.358407,-0.695229,-0.623058,74.857959,205.106831,308.604825,-0.000001,-0.001145,-0.000000,-0.009382,-0.692719,-0.585557,-0.420921,0.193646,-0.900112,-0.390257,36.584844,349.681442,137.593240,1
27530.000000,-0.365053,-0.695290,-0.619119,86.076449,205.851503,308.087903,-0.000000,-0.001145,-0.000000,-0.012732,-0.690300,-0.585494,-0.424877,0.193648,-0.900111,-0.390257,32.355345,354.494833,133.391066,1
27540.000000,-0.372300,-0.695113,-0.614988,96.961336,205.512802,308.615099,-0.000001,-0.001145,-0.000000,-0.016081,-0.687858,-0.585412,-0.428819,0.193650,-0.900111,-0.390257,27.980524,359.205567,129.146091,1
27550.000000,-0.378583,-0.695548,-0.610645,108.258687,205.514114,307.635479,-0.000000,-0.001144,-0.000000,-0.019429,-0.685394,-0.585310,-0.432747,0.193652,-0.900110,-0.390257,23.460478,363.808678,124.859692,1
27560.000000,-0.383684,-0.695539,-0.607463,119.414055,205.805378,306.759634,-0.000000,-0.001145,-0.000001,-0.022777,-0.682907,-0.585189,-0.436660,0.193654,-0.900110,-0.390256,18.795458,368.299090,120.533392,1
27570.000000,-0.392565,-0.694930,-0.602465,130.779551,205.970095,305.677161,-0.000001,-0.001145,-0.000000,-0.026125,-0.680398,-0.585049,-0.440560,0.193656,-0.900110,-0.390256,13.985890,372.671630,116.168856,1
27580.000000,-0.399136,-0.695170,-0.597853,141.947850,205.797657,303.035607,0.000000,-0.001146,-0.000000,-0.029471,-0.677867,-0.584890,-0.444445,0.193658,-0.900109,-0.390256,9.032377,376.921037,111.767899,1
27590.000000,-0.405166,-0.696196,-0.592581,153.281776,205.471327,301.102733,-0.000001,-0.001145,-0.000000,-0.032816,-0.675313,-0.584712,-0.448315,0.193660,-0.900109,-0.390256,3.935714,381.041968,107.332489,1
27600.000000,-0.412163,-0.695903,-0.588083,164.747009,205.604158,298.935227,-0.000001,-0.001145,-0.000000,-0.036161,-0.672738,-0.584515,-0.452171,0.193662,-0.900109,-0.390256,-1.303102,385.029018,102.864744,1
27610.000000,-0.419413,-0.694735,-0.584325,175.993488,206.045792,295.682780,0.000000,-0.001145,-0.000001,-0.039504,-0.670140,-0.584299,-0.456012,0.193664,-0.900108,-0.390256,-6.682861,388.876722,98.366940,1
27620.000000,-0.427260,-0.695823,-0.577304,187.442475,206.276587,292.688461,0.000000,-0.001145,-0.000001,-0.042846,-0.667520,-0.584063,-0.459838,0.193666,-0.900108,-0.390255,-12.202136,392.579576,93.841507,1
27630.000000,-0.432303,-0.695440,-0.574001,198.816716,205.986190,288.447594,-0.000000,-0.001144,-0.000000,-0.046186,-0.664879,-0.583808,-0.463649,0.193668,-0.900108,-0.390255,-17.859276,396.132055,89.291026,1
27640.000000,-0.439344,-0.695403,-0.568675,209.819195,206.139835,283.964489,-0.000000,-0.001145,-0.000000,-0.049525,-0.662216,-0.583535,-0.467445,0.193670,-0.900107,-0.390255,-23.652571,399.528699,84.718089,1
27650.000000,-0.445254,-0.694897,-0.564683,221.154880,206.400826,279.428983,-0.000000,-0.001145,-0.000000,-0.052862,-0.659531,-0.583242,-0.471226,0.193672,-0.900107,-0.390255,-29.579924,402.763804,80.125524,1
27660.000000,-0.452234,-0.695099,-0.558858,231.782783,206.351947,274.371392,-0.000001,-0.001145,-0.000001,-0.056198,-0.656825,-0.582930,-0.474991,0.193674,-0.900106,-0.390255,-35.638891,405.831604,75.516386,1
27670.000000,-0.457487,-0.695187,-0.554456,243.085892,206.288715,269.199869,-0.000001,-0.001144,-0.000001,-0.059532,-0.654097,-0.582599,-0.478740,0.193676,-0.900106,-0.390255,-41.826753,408.726368,70.893886,1
27680.000000,-0.463370,-0.695252,-0.549466,253.102027,206.603134,262.968892,-0.000001,-0.001145,-0.000000,-0.062863,-0.651347,-0.582249,-0.482474,0.193678,-0.900106,-0.390254,-48.140516,411.442422,66.261395,1
27690.000000,-0.469550,-0.695771,-0.543530,263.991293,206.091892,256.687519,-0.000000,-0.001145,-0.000001,-0.066193,-0.648577,-0.581880,-0.486192,0.193680,-0.900105,-0.390254,-54.576905,413.974168,61.622435,1
27700.000000,-0.476999,-0.694552,-0.538582,273.919648,207.421012,248.990495,-0.000000,-0.001145,-0.000000,-0.069521,-0.645785,-0.581491,-0.489895,0.193682,-0.900105,-0.390254,-61.132362,416.316097,56.980677,1
27710.000000,-0.484716,-0.693943,-0.532441,284.256325,206.707466,241.978046,-0.000000,-0.001144,-0.000001,-0.072846,-0.642972,-0.581084,-0.493581,0.193684,-0.900105,-0.390254,-67.803043,418.462810,52.339931,1
27720.000000,-0.488241,-0.695532,-0.527120,294.165702,207.225851,233.839590,-0.000000,-0.001145,-0.000001,-0.076169,-0.640138,-0.580658,-0.497251,0.193686,-0.900104,-0.390254,-74.584818,420.409035,47.704147,1
27730.000000,-0.496211,-0.694789,-0.520618,304.319992,206.626893,226.434285,-0.000001,-0.001144,-0.000001,-0.079489,-0.637283,-0.580213,-0.500905,0.193688,-0.900104,-0.390254,-81.473268,422.149650,43.077401,1
27740.000000,-0.500471,-0.694883,-0.516398,313.557078,206.948635,218.538625,-0.000002,-0.001144,-0.000001,-0.082807,-0.634407,-0.579748,-0.504542,0.193690,-0.900103,-0.390254,-88.463692,423.679695,38.463893,1
27750.000000,-0.507844,-0.695167,-0.508761,322.624335,207.320173,209.318899,-0.000000,-0.001145,-0.000001,-0.086122,-0.631510,-0.579265,-0.508163,0.193692,-0.900103,-0.390253,-95.551103,424.994394,33.867937,1
27760.000000,-0.512115,-0.695778,-0.503618,331.804951,206.827544,199.840629,-0.000001,-0.001144,-0.000001,-0.089434,-0.628593,-0.578763,-0.511767,0.193694,-0.900103,-0.390253,-102.730237,426.089171,29.293951,1
27770.000000,-0.518370,-0.696110,-0.496712,340.374339,207.113611,189.258122,-0.000000,-0.001144,-0.000000,-0.092744,-0.625655,-0.578242,-0.515355,0.193696,-0.900102,-0.390253,-109.995552,426.959672,24.746454,1
27780.000000,-0.524318,-0.695526,-0.491258,348.559166,207.184436,180.513205,-0.000001,-0.001144,-0.000000,-0.096050,-0.622697,-0.577702,-0.518925,0.193698,-0.900102,-0.390253,-117.341240,427.601776,20.230049,1
27790.000000,-0.530731,-0.694113,-0.486346,356.260151,207.291112,170.247235,-0.000001,-0.001144,-0.000000,-0.099353,-0.619718,-0.577143,-0.522479,0.193700,-0.900102,-0.390253,-124.761228,428.011618,15.749417,1
27800.000000,-0.535808,-0.695438,-0.478828,364.423822,207.147340,160.118253,-0.000001,-0.001144,-0.000001,-0.102653,-0.616719,-0.576565,-0.526016,0.193702,-0.900101,-0.390253,-132.249189,428.185603,11.309310,1
27810.000000,-0.540847,-0.695820,-0.472565,371.478289,207.108650,148.616927,-0.000000,-0.001144,-0.000001,-0.105950,-0.613700,-0.575969,-0.529535,0.193704,-0.900101,-0.390252,-139.798553,428.120420,6.914535,1
27820.000000,-0.545984,-0.695067,-0.467742,378.448886,207.064178,136.857905,-0.000001,-0.001145,0.000000,-0.109243,-0.610661,-0.575353,-0.533037,0.193706,-0.900101,-0.390252,-147.402511,427.813062,2.569946,1
27830.000000,-0.551176,-0.695209,-0.461398,385.078380,207.157100,125.777965,-0.000000,-0.001145,-0.000001,-0.112533,-0.607601,-0.574719,-0.536522,0.193708,-0.900100,-0.390252,-155.054032,427.260836,-1.719568,1
27840.000000,-0.556656,-0.694931,-0.455199,390.304970,207.008554,112.904030,-0.000000,-0.001145,-0.000001,-0.115818,-0.604522,-0.574066,-0.539989,0.193710,-0.900100,-0.390252,-162.745873,426.461381,-5.949093,1
27850.000000,-0.562174,-0.695351,-0.447713,396.320810,206.565008,100.679905,-0.000000,-0.001144,-0.000000,-0.119100,-0.601423,-0.573394,-0.543438,0.193712,-0.900099,-0.390252,-170.470591,425.412676,-10.113702,1
27860.000000,-0.566908,-0.694955,-0.442327,400.988631,207.403184,88.668528,-0.000000,-0.001145,-0.000000,-0.122379,-0.598305,-0.572703,-0.546869,0.193714,-0.900099,-0.390252,-178.220557,424.113058,-14.208470,1
27870.000000,-0.570556,-0.696873,-0.434551,405.921313,207.185028,76.084982,-0.000000,-0.001144,0.000000,-0.125653,-0.595166,-0.571994,-0.550283,0.193716,-0.900099,-0.390251,-185.987974,422.561228,-18.228479,1
27880.000000,-0.575816,-0.695641,-0.429557,410.217303,207.369401,63.071126,-0.000001,-0.001144,-0.000000,-0.128923,-0.592009,-0.571265,-0.553679,0.193718,-0.900098,-0.390251,-193.764888,420.756264,-22.168836,1
27890.000000,-0.583201,-0.694453,-0.421441,413.458021,206.845169,49.682307,-0.000000,-0.001145,-0.000001,-0.132189,-0.588832,-0.570519,-0.557056,0.193720,-0.900098,-0.390251,-201.543208,418.697631,-26.024682,1
27900.000000,-0.585376,-0.696166,-0.415557,416.682164,206.965611,36.408534,-0.000000,-0.001145,-0.000000,-0.135450,-0.585636,-0.569753,-0.560416,0.193723,-0.900098,-0.390251,-209.314719,416.385185,-29.791207,1
27910.000000,-0.591747,-0.694817,-0.408736,419.836743,206.397916,23.428213,-0.000000,-0.001145,-0.000000,-0.138707,-0.582420,-0.568969,-0.563757,0.193725,-0.900097,-0.390251,-217.071106,413.819185,-33.463655,1
27920.000000,-0.596271,-0.694613,-0.402460,421.970313,206.383688,9.316064,-0.000001,-0.001145,-0.000000,-0.141960,-0.579186,-0.568166,-0.567079,0.193727,-0.900097,-0.390251,-224.803964,411.000294,-37.037346,1
27930.000000,-0.600689,-0.694785,-0.395533,423.872409,206.416147,-4.054120,-0.000001,-0.001144,-0.000000,-0.145208,-0.575932,-0.567345,-0.570383,0.193729,-0.900097,-0.390251,-232.504824,407.929590,-40.507678,1
27940.000000,-0.604520,-0.696081,-0.387333,424.168580,206.665949,-18.226851,-0.000001,-0.001145,-0.000000,-0.148451,-0.572660,-0.566505,-0.573668,0.193731,-0.900096,-0.390250,-240.165167,404.608563,-43.870147,1
27950.000000,-0.610613,-0.694459,-0.380630,425.491338,206.089886,-31.451467,-0.000001,-0.001145,-0.000000,-0.151689,-0.569369,-0.565646,-0.576935,0.193733,-0.900096,-0.390250,-247.776448,401.039120,-47.120350,1
27960.000000,-0.612894,-0.696079,-0.373944,425.523223,206.073049,-45.824815,-0.000001,-0.001145,-0.000000,-0.154922,-0.566059,-0.564769,-0.580183,0.193735,-0.900095,-0.390250,-255.330110,397.223589,-50.254005,1
27970.000000,-0.618178,-0.694717,-0.367729,425.331577,206.200421,-59.004599,-0.000001,-0.001144,-0.000000,-0.158151,-0.562731,-0.563874,-0.583411,0.193737,-0.900095,-0.390250,-262.817612,393.164713,-53.266957,1
27980.000000,-0.622044,-0.694347,-0.361863,423.856392,206.147444,-73.445843,-0.000000,-0.001145,-0.000001,-0.161374,-0.559384,-0.562960,-0.586621,0.193739,-0.900095,-0.390250,-270.230440,388.865654,-56.155188,1
27990.000000,-0.625063,-0.696840,-0.351725,422.351668,205.699184,-87.009982,-0.000001,-0.001145,-0.000001,-0.164591,-0.556019,-0.562028,-0.589811,0.193741,-0.900094,-0.390250,-277.560138,384.329987,-58.914831,1
28000.000000,-0.630116,-0.695233,-0.345839,420.187672,205.426468,-101.301122,-0.000000,-0.001145,-0.000000,-0.167804,-0.552636,-0.561077,-0.592982,0.193743,-0.900094,-0.390249,-284.798318,379.561700,-61.542180,1
28010.000000,-0.632947,-0.695143,-0.340815,417.248224,205.277567,-114.788956,-0.000000,-0.001145,-0.000001,-0.171011,-0.549235,-0.560108,-0.596134,0.193745,-0.900094,-0.390249,-291.936688,374.565182,-64.033695,1
28020.000000,-0.637882,-0.695533,-0.330668,414.471955,204.953470,-128.510901,-0.000000,-0.001145,-0.000001,-0.174212,-0.545816,-0.559120,-0.599266,0.193747,-0.900093,-0.390249,-298.967071,369.345226,-66.386017,1
28030.000000,-0.642275,-0.694672,-0.323904,410.160009,204.608100,-141.364861,-0.000000,-0.001144,-0.000000,-0.177408,-0.542379,-0.558115,-0.602379,0.193749,-0.900093,-0.390249,-305.881423,363.907012,-68.595976,1
28040.000000,-0.646306,-0.694857,-0.315375,406.081528,204.942056,-155.143682,-0.000000,-0.001144,-0.000001,-0.180597,-0.538924,-0.557091,-0.605471,0.193751,-0.900093,-0.390249,-312.671855,358.256105,-70.660598,1
28050.000000,-0.647957,-0.696495,-0.308296,401.577814,203.611617,-168.763795,-0.000001,-0.001144,-0.000000,-0.183781,-0.535452,-0.556048,-0.608544,0.193753,-0.900092,-0.390249,-319.330654,352.398441,-72.577112,1
28060.000000,-0.653014,-0.694678,-0.301654,396.443871,204.285850,-181.353948,-0.000001,-0.001144,-0.000001,-0.186959,-0.531962,-0.554988,-0.611598,0.193755,-0.900092,-0.390248,-325.850299,346.340319,-74.342962,1
28070.000000,-0.656197,-0.695687,-0.292277,390.658181,204.278483,-194.316295,-0.000000,-0.001145,0.000000,-0.190131,-0.528454,-0.553909,-0.614631,0.193757,-0.900091,-0.390248,-332.223487,340.088384,-75.955811,1
28080.000000,-0.658643,-0.695740,-0.286592,384.201127,203.714817,-207.126870,-0.000001,-0.001144,-0.000001,-0.193296,-0.524930,-0.552813,-0.617644,0.193759,-0.900091,-0.390248,-338.443144,333.649616,-77.413546,1
28090.000000,-0.662057,-0.695684,-0.278754,377.921026,203.280241,-218.771772,-0.000001,-0.001144,-0.000000,-0.196456,-0.521388,-0.551698,-0.620636,0.193761,-0.900091,-0.390248,-344.502449,327.031316,-78.714289,1
28100.000000,-0.665730,-0.695280,-0.270905,370.512009,203.242919,-231.175860,-0.000001,-0.001145,-0.000001,-0.199608,-0.517829,-0.550565,-0.623609,0.193763,-0.900090,-0.390248,-350.394848,320.241086,-79.856396,1
28110.000000,-0.669152,-0.695072,-0.262890,362.100304,203.191129,-242.396264,-0.000000,-0.001144,-0.000000,-0.202755,-0.514253,-0.549414,-0.626561,0.193765,-0.900090,-0.390248,-356.114075,313.286816,-80.838466,1
28120.000000,-0.671192,-0.695368,-0.256836,354.555961,203.233768,-254.310666,-0.000000,-0.001145,-0.000001,-0.205894,-0.510660,-0.548245,-0.629492,0.193767,-0.900090,-0.390248,-361.654166,306.176663,-81.659343,1
28130.000000,-0.673638,-0.696413,-0.247428,345.702508,202.549808,-265.086081,-0.000001,-0.001144,-0.000000,-0.209027,-0.507051,-0.547058,-0.632403,0.193769,-0.900089,-0.390247,-367.009473,298.919032,-82.318121,1
28140.000000,-0.677166,-0.695069,-0.241508,337.080942,202.459369,-276.302823,-0.000000,-0.001145,-0.000000,-0.212153,-0.503425,-0.545854,-0.635294,0.193771,-0.900089,-0.390247,-372.174683,291.522557,-82.814142,1
28150.000000,-0.680593,-0.695054,-0.231719,327.251940,202.569851,-286.208264,-0.000001,-0.001145,-0.000000,-0.215272,-0.499783,-0.544631,-0.638163,0.193773,-0.900088,-0.390247,-377.144826,283.996075,-83.147000,1
28160.000000,-0.682263,-0.695728,-0.224680,317.262677,201.810847,-296.215126,-0.000000,-0.001144,-0.000001,-0.218384,-0.496124,-0.543391,-0.641012,0.193775,-0.900088,-0.390247,-381.915293,276.348612,-83.316544,1
28170.000000,-0.684421,-0.696023,-0.217070,307.195395,201.322424,-305.114337,-0.000000,-0.001144,-0.000000,-0.221489,-0.492449,-0.542133,-0.643839,0.193777,-0.900088,-0.390247,-386.481845,268.589351,-83.322874,1
28180.000000,-0.687645,-0.695448,-0.208558,297.161256,201.155061,-315.467979,-0.000001,-0.001145,-0.000001,-0.224587,-0.488758,-0.540857,-0.646646,0.193779,-0.900087,-0.390247,-390.840622,260.727613,-83.166340,1
28190.000000,-0.689906,-0.695338,-0.201331,285.685644,201.399400,-323.689502,-0.000001,-0.001145,-0.000000,-0.227677,-0.485050,-0.539563,-0.649431,0.193781,-0.900087,-0.390246,-394.988155,252.772834,-82.847542,1
28200.000000,-0.691603,-0.695884,-0.193470,273.814609,200.515050,-332.237994,-0.000001,-0.001145,-0.000000,-0.230760,-0.481327,-0.538252,-0.652195,0.193783,-0.900087,-0.390246,-398.921371,244.734533,-82.367326,1
28210.000000,-0.693845,-0.695428,-0.186974,262.511569,200.809694,-338.998950,-0.000001,-0.001145,-0.000000,-0.233835,-0.477589,-0.536923,-0.654938,0.193785,-0.900086,-0.390246,-402.637639,236.622217,-81.726774,1
28220.000000,-0.696813,-0.695105,-0.176866,251.044922,199.887826,-346.771497,-0.000001,-0.001144,-0.000001,-0.236903,-0.473834,-0.535577,-0.657659,0.193787,-0.900086,-0.390246,-406.134716,228.445196,-80.927158,1
28230.000000,-0.698060,-0.695491,-0.170309,238.978113,200.387747,-354.276437,-0.000001,-0.001145,-0.000001,-0.239963,-0.470064,-0.534213,-0.660359,0.193789,-0.900086,-0.390246,-409.410504,220.213041,-79.969978,1
28240.000000,-0.700990,-0.694471,-0.162244,226.981014,199.928055,-360.142517,-0.000001,-0.001145,0.000000,-0.243015,-0.466279,-0.532831,-0.663037,0.193791,-0.900085,-0.390246,-412.463313,211.935352,-78.856970,1
28250.000000,-0.700817,-0.696769,-0.152865,214.715660,199.619655,-365.703944,-0.000001,-0.001145,-0.000001,-0.246059,-0.462479,-0.531432,-0.665694,0.193793,-0.900085,-0.390245,-415.291873,203.621709,-77.590096,1
28260.000000,-0.703054,-0.696189,-0.145039,202.065469,199.199737,-371.682490,-0.000001,-0.001144,-0.000001,-0.249095,-0.458663,-0.530016,-0.668329,0.193795,-0.900084,-0.390245,-417.895343,195.281638,-76.171536,1
28270.000000,-0.705595,-0.695147,-0.137505,189.069810,199.314009,-376.379483,-0.000001,-0.001145,-0.000001,-0.252123,-0.454832,-0.528582,-0.670941,0.193797,-0.900084,-0.390245,-420.273301,186.924586,-74.603681,1
28280.000000,-0.706571,-0.695816,-0.128834,176.613992,198.689764,-380.141241,-0.000000,-0.001145,-0.000000,-0.255143,-0.450987,-0.527131,-0.673532,0.193799,-0.900084,-0.390245,-422.425739,178.559896,-72.889117,1
28290.000000,-0.708670,-0.695096,-0.120947,164.026174,198.993747,-384.819395,-0.000001,-0.001144,-0.000000,-0.258154,-0.447126,-0.525663,-0.676101,0.193801,-0.900083,-0.390245,-424.353060,170.196775,-71.030621,1
28300.000000,-0.709182,-0.695761,-0.113918,150.636174,198.528065,-387.794946,-0.000001,-0.001145,-0.000001,-0.261157,-0.443251,-0.524178,-0.678648,0.193803,-0.900083,-0.390245,-426.056067,161.844271,-69.031143,1
28310.000000,-0.711442,-0.694705,-0.105991,137.300907,198.118688,-389.858839,-0.000000,-0.001144,-0.000000,-0.264151,-0.439362,-0.522675,-0.681172,0.193805,-0.900083,-0.390244,-427.535953,153.511247,-66.893795,1
28320.000000,-0.712307,-0.695156,-0.096837,124.530594,198.742418,-392.297077,-0.000001,-0.001145,-0.000001,-0.267137,-0.435458,-0.521156,-0.683675,0.193807,-0.900082,-0.390244,-428.794288,145.206357,-64.621839,1
28330.000000,-0.713019,-0.695425,-0.089377,111.237407,198.735403,-394.778657,-0.000001,-0.001145,-0.000001,-0.270114,-0.431540,-0.519619,-0.686155,0.193809,-0.900082,-0.390244,-429.833005,136.938023,-62.218672,1
28340.000000,-0.713243,-0.696067,-0.082310,98.211791,197.816703,-395.433230,-0.000000,-0.001145,-0.000001,-0.273082,-0.427608,-0.518065,-0.688612,0.193811,-0.900082,-0.390244,-430.654383,128.714413,-59.687810,1
28350.000000,-0.715202,-0.695085,-0.073097,85.131259,198.233709,-396.657653,-0.000001,-0.001144,-0.000001,-0.276041,-0.423661,-0.516495,-0.691047,0.193813,-0.900081,-0.390244,-431.261033,120.543422,-57.032875,1
28360.000000,-0.714810,-0.696211,-0.065853,71.241607,197.927852,-397.076435,-0.000000,-0.001145,-0.000001,-0.278991,-0.419701,-0.514907,-0.693459,0.193815,-0.900081,-0.390244,-431.655875,112.432654,-54.257580,1
28370.000000,-0.716177,-0.695546,-0.057503,59.080240,197.485698,-397.109631,-0.000001,-0.001144,-0.000000,-0.281932,-0.415728,-0.513303,-0.695849,0.193817,-0.900080,-0.390244,-431.842120,104.389405,-51.365713,1
28380.000000,-0.717747,-0.694633,-0.048213,46.026359,197.528813,-395.841799,-0.000001,-0.001145,-0.000000,-0.284864,-0.411740,-0.511682,-0.698215,0.193819,-0.900080,-0.390243,-431.823246,96.420649,-48.361119,1
28390.000000,-0.717327,-0.695575,-0.040225,32.902648,198.095981,-394.596971,-0.000001,-0.001144,-0.000000,-0.287786,-0.407739,-0.510044,-0.700559,0.193821,-0.900080,-0.390243,-431.602979,88.533025,-45.247689,1
28400.000000,-0.718291,-0.695051,-0.031021,20.523093,198.551515,-393.398513,-0.000001,-0.001144,-0.000001,-0.290699,-0.403725,-0.508389,-0.702880,0.193824,-0.900079,-0.390243,-431.185265,80.732827,-42.029343,1
28410.000000,-0.717453,-0.696216,-0.023332,7.856203,197.654345,-391.158865,-0.000001,-0.001144,-0.000001,-0.293603,-0.399698,-0.506718,-0.705178,0.193826,-0.900079,-0.390243,-430.574249,73.025996,-38.710015,1
28420.000000,-0.719155,-0.694675,-0.015554,-4.528300,197.629874,-388.683864,-0.000000,-0.001145,-0.000000,-0.296496,-0.395657,-0.505030,-0.707453,0.193828,-0.900079,-0.390243,-429.774244,65.418115,-35.293636,1
28430.000000,-0.718470,-0.695530,-0.006213,-17.393679,198.072861,-385.587979,-0.000000,-0.001144,-0.000001,-0.299381,-0.391604,-0.503325,-0.709705,0.193830,-0.900078,-0.390243,-428.789713,57.914404,-31.784126,1
28440.000000,-0.718406,-0.695623,0.001034,-29.257936,198.855124,-381.888441,-0.000001,-0.001144,-0.000001,-0.302255,-0.387537,-0.501605,-0.711934,0.193832,-0.900078,-0.390242,-427.625238,50.519718,-28.185373,1
28450.000000,-0.717866,-0.696122,0.009135,-41.152081,198.095246,-378.229878,-0.000001,-0.001145,-0.000000,-0.305120,-0.383458,-0.499867,-0.714139,0.193834,-0.900077,-0.390242,-426.285492,43.238551,-24.501229,1
28460.000000,-0.719213,-0.694572,0.017373,-52.930372,197.822486,-373.520903,-0.000001,-0.001144,-0.000001,-0.307974,-0.379367,-0.498114,-0.716321,0.193836,-0.900077,-0.390242,-424.775218,36.075036,-20.735489,1
28470.000000,-0.718251,-0.695253,0.027169,-64.125440,198.500487,-369.286398,-0.000001,-0.001144,-0.000000,-0.310818,-0.375263,-0.496344,-0.718479,0.193838,-0.900077,-0.390242,-423.099200,29.032954,-16.891887,1
28480.000000,-0.717660,-0.695581,0.033628,-75.105363,197.698250,-364.854521,-0.000001,-0.001145,-0.000000,-0.313653,-0.371147,-0.494558,-0.720614,0.193840,-0.900076,-0.390242,-421.262238,22.115738,-12.974083,1
28490.000000,-0.715783,-0.697079,0.041662,-85.922853,198.914634,-359.361706,-0.000001,-0.001145,-0.000000,-0.316477,-0.367018,-0.492755,-0.722726,0.193842,-0.900076,-0.390242,-419.269123,15.326483,-8.985656,1
28500.000000,-0.717233,-0.695045,0.049894,-96.713258,198.289042,-353.818096,-0.000000,-0.001145,-0.000001,-0.319290,-0.362878,-0.490937,-0.724813,0.193844,-0.900076,-0.390241,-417.124615,8.667962,-4.930095,1
28510.000000,-0.716239,-0.695426,0.058175,-107.385318,198.958357,-347.365804,-0.000001,-0.001145,-0.000000,-0.322094,-0.358726,-0.489102,-0.726877,0.193846,-0.900075,-0.390241,-414.833417,2.142634,-0.810793,1
28520.000000,-0.716402,-0.694485,0.066781,-117.904664,199.196016,-341.315896,-0.000001,-0.001145,-0.000001,-0.324886,-0.354562,-0.487252,-0.728917,0.193848,-0.900075,-0.390241,-412.400157,-4.247338,3.368959,1
28530.000000,-0.714991,-0.695073,0.075237,-127.488297,199.609997,-334.233838,-0.000001,-0.001145,-0.000001,-0.327668,-0.350386,-0.485385,-0.730934,0.193850,-0.900075,-0.390241,-409.829366,-10.500069,7.605973,1
28540.000000,-0.713040,-0.696184,0.083080,-136.876111,200.321537,-327.043674,-0.000001,-0.001145,-0.000000,-0.330440,-0.346199,-0.483503,-0.732926,0.193852,-0.900074,-0.390241,-407.125457,-16.613937,11.897168,1
28550.000000,-0.712801,-0.695518,0.090389,-146.250349,200.690824,-320.187251,-0.000000,-0.001145,-0.000000,-0.333200,-0.342001,-0.481605,-0.734895,0.193854,-0.900074,-0.390241,-404.292713,-22.587562,16.239572,1
28560.000000,-0.711825,-0.695210,0.099942,-155.184234,200.180310,-312.884097,-0.000000,-0.001145,-0.000000,-0.335950,-0.337791,-0.479691,-0.736839,0.193856,-0.900073,-0.390241,-401.335269,-28.419783,20.630321,1
28570.000000,-0.711308,-0.694538,0.107969,-164.102318,200.566002,-304.986081,-0.000000,-0.001145,-0.000001,-0.338688,-0.333570,-0.477761,-0.738759,0.193858,-0.900073,-0.390240,-398.257100,-34.109641,25.066656,1
28580.000000,-0.709645,-0.695147,0.114786,-172.675522,201.256532,-297.429251,-0.000000,-0.001144,-0.000001,-0.341416,-0.329339,-0.475816,-0.740656,0.193860,-0.900073,-0.390240,-395.062008,-39.656356,29.545922,1
28590.000000,-0.707512,-0.695667,0.124396,-180.202979,201.316034,-288.829220,-0.000001,-0.001144,-0.000000,-0.344132,-0.325097,-0.473855,-0.742527,0.193862,-0.900072,-0.390240,-391.753615,-45.059302,34.065561,1
28600.000000,-0.706314,-0.695289,0.133016,-187.574443,202.229336,-280.492742,-0.000001,-0.001145,-0.000001,-0.346837,-0.320844,-0.471879,-0.744375,0.193864,-0.900072,-0.390240,-388.335355,-50.317988,38.623111,1
28610.000000,-0.704652,-0.695610,0.139971,-195.107948,202.044818,-272.057009,-0.000000,-0.001145,-0.000000,-0.349531,-0.316580,-0.469887,-0.746198,0.193866,-0.900072,-0.390240,-384.810470,-55.432035,43.216194,1
28620.000000,-0.702528,-0.696054,0.148200,-201.932673,203.037463,-263.304770,-0.000001,-0.001145,-0.000001,-0.352213,-0.312306,-0.467880,-0.747997,0.193868,-0.900071,-0.390240,-381.182008,-60.401151,47.842514,1
28630.000000,-0.701981,-0.694800,0.156449,-208.729441,203.784410,-253.910682,-0.000001,-0.001145,-0.000001,-0.354884,-0.308022,-0.465857,-0.749771,0.193870,-0.900071,-0.390239,-377.452823,-65.225113,52.499843,1
28640.000000,-0.699867,-0.695247,0.163761,-214.810999,203.703921,-244.172982,-0.000000,-0.001145,-0.000000,-0.357543,-0.303728,-0.463819,-0.751521,0.193872,-0.900071,-0.390239,-373.625576,-69.903746,57.186016,1
28650.000000,-0.696714,-0.696226,0.172794,-220.534293,204.833113,-235.443892,-0.000000,-0.001144,-0.000000,-0.360190,-0.299424,-0.461766,-0.753246,0.193874,-0.900070,-0.390239,-369.702738,-74.436902,61.898919,1
28660.000000,-0.695364,-0.695508,0.180935,-226.832858,205.383912,-225.953481,-0.000000,-0.001144,0.000000,-0.362826,-0.295110,-0.459698,-0.754947,0.193876,-0.900070,-0.390239,-365.686601,-78.824441,66.636476,1
28670.000000,-0.692624,-0.696713,0.186715,-232.066636,205.648619,-216.286679,-0.000001,-0.001145,-0.000001,-0.365450,-0.290787,-0.457615,-0.756623,0.193878,-0.900069,-0.390239,-361.579280,-83.066215,71.396644,1
28680.000000,-0.690224,-0.696242,0.197071,-236.895017,206.284680,-206.323550,-0.000001,-0.001144,-0.000001,-0.368062,-0.286454,-0.455517,-0.758274,0.193880,-0.900069,-0.390239,-357.382729,-87.162050,76.177393,1
28690.000000,-0.688738,-0.695472,0.204839,-240.742808,207.261058,-195.805051,-0.000000,-0.001145,-0.000001,-0.370661,-0.282111,-0.453404,-0.759900,0.193882,-0.900069,-0.390238,-353.098749,-91.111735,80.976704,1
28700.000000,-0.687575,-0.694589,0.211630,-244.959253,207.641226,-186.036393,-0.000000,-0.001145,-0.000001,-0.373249,-0.277760,-0.451277,-0.761501,0.193884,-0.900068,-0.390238,-348.729001,-94.915010,85.792547,1
28710.000000,-0.684090,-0.694973,0.221436,-249.178351,208.574794,-175.838803,-0.000000,-0.001144,0.000000,-0.375824,-0.273399,-0.449134,-0.763078,0.193886,-0.900068,-0.390238,-344.275023,-98.571549,90.622878,1
28720.000000,-0.681851,-0.695368,0.227030,-252.244664,209.038493,-166.185197,-0.000000,-0.001145,-0.000000,-0.378388,-0.269029,-0.446977,-0.764629,0.193888,-0.900068,-0.390238,-339.738246,-102.080961,95.465624,1
28730.000000,-0.679005,-0.695334,0.235508,-255.771347,209.660898,-155.703762,-0.000001,-0.001145,-0.000000,-0.380938,-0.264651,-0.444805,-0.766156,0.193890,-0.900067,-0.390238,-335.120009,-105.442776,100.318670,1
28740.000000,-0.675830,-0.695312,0.244532,-258.089541,210.226803,-145.188247,-0.000001,-0.001145,-0.000000,-0.383477,-0.260264,-0.442618,-0.767657,0.193892,-0.900067,-0.390238,-330.421576,-108.656444,105.179855,1
28750.000000,-0.672562,-0.695887,0.251796,-259.691911,211.882174,-134.918796,-0.000001,-0.001145,-0.000000,-0.386002,-0.255868,-0.440417,-0.769133,0.193894,-0.900067,-0.390238,-325.644159,-111.721335,110.046954,1
28760.000000,-0.670317,-0.695817,0.257902,-262.307641,212.109862,-124.350243,-0.000001,-0.001145,-0.000000,-0.388515,-0.251464,-0.438202,-0.770585,0.193896,-0.900066,-0.390237,-320.788931,-114.636733,114.917676,1
28770.000000,-0.666825,-0.696054,0.266182,-263.597329,213.075234,-113.688541,-0.000001,-0.001145,-0.000000,-0.391016,-0.247052,-0.435972,-0.772010,0.193898,-0.900066,-0.390237,-315.857049,-117.401845,119.789654,1
28780.000000,-0.663982,-0.695790,0.273869,-264.855803,213.451727,-103.256907,-0.000001,-0.001145,-0.000000,-0.393503,-0.242631,-0.433728,-0.773411,0.193900,-0.900065,-0.390237,-310.849670,-120.015800,124.660436,1
28790.000000,-0.659698,-0.696561,0.282138,-265.833972,214.600763,-92.530501,-0.000001,-0.001145,-0.000000,-0.395978,-0.238203,-0.431470,-0.774786,0.193902,-0.900065,-0.390237,-305.767645,-122.477484,129.527252,1
28800.000000,-0.657392,-0.695891,0.289085,-266.514431,215.273473,-82.765692,-0.000001,-0.001146,-0.000000,-0.398440,-0.233767,-0.429198,-0.776136,0.193904,-0.900065,-0.390237,-300.611905,-124.785726,134.387222,1
